2026-07-29 09:37:55,183 [INFO] Activator:176 - 


2026-07-29 09:37:55,190 [INFO] Activator:177 - !SESSION log4j initialized
2026-07-29 09:38:02,840 [INFO] LogOutputStream:77 - [STDOUT_REDIRECT] 
2026-07-29 09:38:09,003 [INFO] ApplicationProperties:184 - Using Application install path: C:\ST\STM32CubeIDE_1.19.0\STM32CubeIDE\plugins\com.st.stm32cube.common.mx_6.15.0.202507011659
2026-07-29 09:38:09,031 [INFO] DbMcusXml:78 - Set database path to: C:\ST\STM32CubeIDE_1.19.0\STM32CubeIDE\plugins\com.st.stm32cube.common.mx_6.15.0.202507011659\\db\/mcu/
2026-07-29 09:38:09,031 [INFO] ApiDb:274 - Set plugin database path to: C:\ST\STM32CubeIDE_1.19.0\STM32CubeIDE\plugins\com.st.stm32cube.common.mx_6.15.0.202507011659\\db\/plugins/boardmanager/
2026-07-29 09:38:09,032 [WARN] ApiDb:259 - Overriding images path with different value:  => C:\ST\STM32CubeIDE_1.19.0\STM32CubeIDE\plugins\com.st.stm32cube.common.mx_6.15.0.202507011659\\db\/plugins/mcufinder/images/
2026-07-29 09:38:09,040 [INFO] ApiDb:250 - Set database path to: C:\Users\ADMIN\.stmcufinder\plugins\mcufinder//mcu/
2026-07-29 09:38:09,044 [INFO] DbMcusAds:125 - Set database path to: C:\Users\ADMIN\.stmcufinder\plugins\mcufinder//mcu/
2026-07-29 09:38:09,049 [INFO] CrossReferenceDbSqlite:203 - Set database path to: C:\Users\ADMIN\.stmcufinder\plugins\mcufinder//mcu/cs/
2026-07-29 09:38:09,209 [INFO] RulesReader:64 - Compatibility file has been processed (317 Rules)
2026-07-29 09:38:09,341 [INFO] DbMcusXml:78 - Set database path to: C:\ST\STM32CubeIDE_1.19.0\STM32CubeIDE\plugins\com.st.stm32cube.common.mx_6.15.0.202507011659\\db\/mcu/
2026-07-29 09:38:09,341 [INFO] ApiDb:274 - Set plugin database path to: C:\ST\STM32CubeIDE_1.19.0\STM32CubeIDE\plugins\com.st.stm32cube.common.mx_6.15.0.202507011659\\db\/plugins/boardmanager/
2026-07-29 09:38:09,342 [INFO] ApiDb:261 - Set plugin images path to: C:\ST\STM32CubeIDE_1.19.0\STM32CubeIDE\plugins\com.st.stm32cube.common.mx_6.15.0.202507011659\\db\/plugins/mcufinder/images/
2026-07-29 09:38:09,342 [WARN] DbFile:41 - Overriding database path with different value: C:\Users\ADMIN\.stmcufinder\plugins\mcufinder/ => C:\Users\ADMIN\.stmcufinder\plugins\mcufinder
2026-07-29 09:38:09,342 [INFO] ApiDb:250 - Set database path to: C:\Users\ADMIN\.stmcufinder\plugins\mcufinder//mcu/
2026-07-29 09:38:09,342 [WARN] DbFile:41 - Overriding database path with different value: C:\Users\ADMIN\.stmcufinder\plugins\mcufinder/ => C:\Users\ADMIN\.stmcufinder\plugins\mcufinder
2026-07-29 09:38:09,342 [INFO] DbMcusAds:125 - Set database path to: C:\Users\ADMIN\.stmcufinder\plugins\mcufinder//mcu/
2026-07-29 09:38:09,342 [WARN] DbFile:41 - Overriding database path with different value: C:\Users\ADMIN\.stmcufinder\plugins\mcufinder/ => C:\Users\ADMIN\.stmcufinder\plugins\mcufinder
2026-07-29 09:38:09,342 [WARN] DbFile:41 - Overriding database path with different value: C:\Users\ADMIN\.stmcufinder\plugins\mcufinder/ => C:\Users\ADMIN\.stmcufinder\plugins\mcufinder
2026-07-29 09:38:09,343 [INFO] CrossReferenceDbSqlite:203 - Set database path to: C:\Users\ADMIN\.stmcufinder\plugins\mcufinder//mcu/cs/
2026-07-29 09:38:09,437 [INFO] MainPanel:274 - HeapMemory: 268435456
2026-07-29 09:38:09,592 [INFO] DbMcusXml:78 - Set database path to: C:\ST\STM32CubeIDE_1.19.0\STM32CubeIDE\plugins\com.st.stm32cube.common.mx_6.15.0.202507011659\\db\/mcu/
2026-07-29 09:38:09,592 [INFO] ApiDb:274 - Set plugin database path to: C:\ST\STM32CubeIDE_1.19.0\STM32CubeIDE\plugins\com.st.stm32cube.common.mx_6.15.0.202507011659\\db\/plugins/boardmanager/
2026-07-29 09:38:09,593 [INFO] ApiDb:261 - Set plugin images path to: C:\ST\STM32CubeIDE_1.19.0\STM32CubeIDE\plugins\com.st.stm32cube.common.mx_6.15.0.202507011659\\db\/plugins/mcufinder/images/
2026-07-29 09:38:09,593 [WARN] DbFile:41 - Overriding database path with different value: C:\Users\ADMIN\.stmcufinder\plugins\mcufinder/ => C:\Users\ADMIN\.stmcufinder\plugins\mcufinder
2026-07-29 09:38:09,593 [INFO] ApiDb:250 - Set database path to: C:\Users\ADMIN\.stmcufinder\plugins\mcufinder//mcu/
2026-07-29 09:38:09,593 [WARN] DbFile:41 - Overriding database path with different value: C:\Users\ADMIN\.stmcufinder\plugins\mcufinder/ => C:\Users\ADMIN\.stmcufinder\plugins\mcufinder
2026-07-29 09:38:09,593 [INFO] DbMcusAds:125 - Set database path to: C:\Users\ADMIN\.stmcufinder\plugins\mcufinder//mcu/
2026-07-29 09:38:09,593 [WARN] DbFile:41 - Overriding database path with different value: C:\Users\ADMIN\.stmcufinder\plugins\mcufinder/ => C:\Users\ADMIN\.stmcufinder\plugins\mcufinder
2026-07-29 09:38:09,594 [WARN] DbFile:41 - Overriding database path with different value: C:\Users\ADMIN\.stmcufinder\plugins\mcufinder/ => C:\Users\ADMIN\.stmcufinder\plugins\mcufinder
2026-07-29 09:38:09,594 [INFO] CrossReferenceDbSqlite:203 - Set database path to: C:\Users\ADMIN\.stmcufinder\plugins\mcufinder//mcu/cs/
2026-07-29 09:38:09,619 [INFO] ApplicationProperties:184 - Using Application install path: C:\ST\STM32CubeIDE_1.19.0\STM32CubeIDE\plugins\com.st.stm32cube.common.mx_6.15.0.202507011659
2026-07-29 09:38:09,621 [INFO] PluginManage:196 - Search for loadable plugins [exclusion list=, ]
2026-07-29 09:38:09,623 [INFO] PluginManage:310 - Check plugin analytics
2026-07-29 09:38:14,914 [INFO] AnalyticsPlugin:253 - Accepted Software Licenses: 
2026-07-29 09:38:14,914 [INFO] AnalyticsPlugin:255 - Accepted CMSIS Pack Licenses: 
2026-07-29 09:38:14,915 [INFO] AnalyticsPlugin:257 - Accepted Firmware Licenses: FW.L4.1.18.0
2026-07-29 09:38:14,919 [INFO] PluginManage:359 - Loaded plugin analytics (category:tool,tabindex:-1)
2026-07-29 09:38:14,919 [INFO] PluginManage:310 - Check plugin cadmodel
2026-07-29 09:38:14,928 [INFO] CADModel:105 - Init CAD model plugin
2026-07-29 09:38:14,928 [INFO] PluginManage:359 - Loaded plugin cadmodel (category:power,tabindex:5)
2026-07-29 09:38:14,929 [INFO] PluginManage:310 - Check plugin clock
2026-07-29 09:38:14,944 [INFO] PluginManage:359 - Loaded plugin clock (category:base,tabindex:2)
2026-07-29 09:38:14,944 [INFO] PluginManage:310 - Check plugin ddr
2026-07-29 09:38:14,947 [INFO] PluginManage:359 - Loaded plugin ddr (category:tool,tabindex:6)
2026-07-29 09:38:14,947 [INFO] PluginManage:310 - Check plugin filemanager
2026-07-29 09:38:15,169 [INFO] PluginManage:359 - Loaded plugin filemanager (category:base,tabindex:10)
2026-07-29 09:38:15,170 [INFO] PluginManage:310 - Check plugin ipmanager
2026-07-29 09:38:15,178 [INFO] PluginManage:359 - Loaded plugin ipmanager (category:base,tabindex:5)
2026-07-29 09:38:15,179 [INFO] PluginManage:310 - Check plugin lpbam
2026-07-29 09:38:15,190 [INFO] PluginManage:359 - Loaded plugin lpbam (category:base,tabindex:0)
2026-07-29 09:38:15,190 [INFO] PluginManage:310 - Check plugin memorymap
2026-07-29 09:38:15,209 [INFO] PluginManage:359 - Loaded plugin memorymap (category:base,tabindex:4)
2026-07-29 09:38:15,209 [INFO] PluginManage:310 - Check plugin pinoutandconfiguration
2026-07-29 09:38:15,224 [INFO] PluginManage:359 - Loaded plugin pinoutandconfiguration (category:base,tabindex:1)
2026-07-29 09:38:15,224 [INFO] PluginManage:310 - Check plugin pinoutconfig
2026-07-29 09:38:15,351 [WARN] SupportedApi:132 - Cannot load RTOS API schema: s4s-elt-must-match.1: The content of 'definitions' must match (annotation?, (simpleType | complexType)?, (unique | key | keyref)*)). A problem was found starting at: attribute.
2026-07-29 09:38:15,545 [INFO] PluginManage:359 - Loaded plugin pinoutconfig (category:base,tabindex:0)
2026-07-29 09:38:15,545 [INFO] PluginManage:310 - Check plugin power
2026-07-29 09:38:15,558 [INFO] PluginManage:359 - Loaded plugin power (category:power,tabindex:4)
2026-07-29 09:38:15,559 [INFO] PluginManage:310 - Check plugin projectmanager
2026-07-29 09:38:15,584 [INFO] PluginManage:359 - Loaded plugin projectmanager (category:projectmanager,tabindex:4)
2026-07-29 09:38:15,585 [INFO] PluginManage:310 - Check plugin rif
2026-07-29 09:38:15,601 [INFO] PluginManage:359 - Loaded plugin rif (category:base,tabindex:3)
2026-07-29 09:38:15,602 [INFO] PluginManage:310 - Check plugin thirdparty
2026-07-29 09:38:15,807 [INFO] PluginManage:359 - Loaded plugin thirdparty (category:base,tabindex:-1)
2026-07-29 09:38:15,807 [WARN] IntegrityCheckThread:84 - waiting for thirdparty lock release [integrity check]
2026-07-29 09:38:15,808 [INFO] PluginManage:310 - Check plugin tools
2026-07-29 09:38:15,808 [INFO] IntegrityCheckThread:86 - entering critical section [integrity check]
2026-07-29 09:38:15,808 [INFO] ThirdPartyUpdaterWithRetryManager:70 - Updater plugin not ready yet. [1/15]
2026-07-29 09:38:15,812 [INFO] PluginManage:359 - Loaded plugin tools (category:base,tabindex:7)
2026-07-29 09:38:15,812 [INFO] PluginManage:310 - Check plugin tutovideos
2026-07-29 09:38:16,115 [INFO] PluginManage:359 - Loaded plugin tutovideos (category:base,tabindex:-1)
2026-07-29 09:38:16,116 [INFO] PluginManage:310 - Check plugin updater
2026-07-29 09:38:16,145 [INFO] PluginManage:359 - Loaded plugin updater (category:base,tabindex:12)
2026-07-29 09:38:16,145 [INFO] PluginManage:310 - Check plugin userauth
2026-07-29 09:38:16,151 [INFO] UserAuth:118 - Init User Auth plugin
2026-07-29 09:38:16,152 [INFO] PluginManage:359 - Loaded plugin userauth (category:base,tabindex:14)
2026-07-29 09:38:16,152 [INFO] PluginManage:283 - PluginManage : Loaded plugins [18]
2026-07-29 09:38:16,455 [INFO] PinOutPanel:1589 - setPackage(No Configuration,No Configuration)
2026-07-29 09:38:16,569 [INFO] CADModel:165 - CPN selected for project level
2026-07-29 09:38:16,569 [INFO] CADModel:114 - Register for checkConnection events
2026-07-29 09:38:16,593 [INFO] IPUIPlugin:80 - create IPUIPlugin
2026-07-29 09:38:16,593 [INFO] PluginManager:220 - loadIPPluginJar : add adc
2026-07-29 09:38:16,598 [INFO] IPUIPlugin:80 - create IPUIPlugin
2026-07-29 09:38:16,598 [INFO] PluginManager:220 - loadIPPluginJar : add aes
2026-07-29 09:38:16,601 [INFO] IPUIPlugin:80 - create IPUIPlugin
2026-07-29 09:38:16,601 [INFO] PluginManager:220 - loadIPPluginJar : add can
2026-07-29 09:38:16,605 [INFO] IPUIPlugin:80 - create IPUIPlugin
2026-07-29 09:38:16,605 [INFO] PluginManager:220 - loadIPPluginJar : add comp
2026-07-29 09:38:16,608 [INFO] IPUIPlugin:80 - create IPUIPlugin
2026-07-29 09:38:16,609 [INFO] PluginManager:220 - loadIPPluginJar : add cryp
2026-07-29 09:38:16,612 [INFO] IPUIPlugin:80 - create IPUIPlugin
2026-07-29 09:38:16,613 [INFO] PluginManager:220 - loadIPPluginJar : add ddr_ctrl_phy
2026-07-29 09:38:16,616 [INFO] IPUIPlugin:80 - create IPUIPlugin
2026-07-29 09:38:16,617 [INFO] PluginManager:220 - loadIPPluginJar : add dfsdm
2026-07-29 09:38:16,625 [INFO] IPUIPlugin:80 - create IPUIPlugin
2026-07-29 09:38:16,625 [INFO] PluginManager:220 - loadIPPluginJar : add dma
2026-07-29 09:38:16,628 [INFO] IPUIPlugin:80 - create IPUIPlugin
2026-07-29 09:38:16,629 [INFO] PluginManager:220 - loadIPPluginJar : add dma3
2026-07-29 09:38:16,632 [INFO] IPUIPlugin:80 - create IPUIPlugin
2026-07-29 09:38:16,632 [INFO] PluginManager:220 - loadIPPluginJar : add extmemmanager
2026-07-29 09:38:16,634 [INFO] IPUIPlugin:80 - create IPUIPlugin
2026-07-29 09:38:16,635 [INFO] PluginManager:220 - loadIPPluginJar : add fatfs
2026-07-29 09:38:16,640 [INFO] IPUIPlugin:80 - create IPUIPlugin
2026-07-29 09:38:16,641 [INFO] PluginManager:220 - loadIPPluginJar : add fmc
2026-07-29 09:38:16,648 [INFO] IPUIPlugin:80 - create IPUIPlugin
2026-07-29 09:38:16,649 [INFO] PluginManager:220 - loadIPPluginJar : add freertos
2026-07-29 09:38:16,650 [INFO] IPUIPlugin:80 - create IPUIPlugin
2026-07-29 09:38:16,651 [INFO] PluginManager:220 - loadIPPluginJar : add genericplugin
2026-07-29 09:38:16,653 [INFO] IPUIPlugin:80 - create IPUIPlugin
2026-07-29 09:38:16,653 [INFO] PluginManager:220 - loadIPPluginJar : add gfxmmu
2026-07-29 09:38:16,660 [INFO] IPUIPlugin:80 - create IPUIPlugin
2026-07-29 09:38:16,660 [INFO] PluginManager:220 - loadIPPluginJar : add gic
2026-07-29 09:38:16,665 [INFO] IPUIPlugin:80 - create IPUIPlugin
2026-07-29 09:38:16,665 [INFO] PluginManager:220 - loadIPPluginJar : add gpio
2026-07-29 09:38:16,668 [INFO] IPUIPlugin:80 - create IPUIPlugin
2026-07-29 09:38:16,669 [INFO] PluginManager:220 - loadIPPluginJar : add gtzc
2026-07-29 09:38:16,672 [INFO] IPUIPlugin:80 - create IPUIPlugin
2026-07-29 09:38:16,672 [INFO] PluginManager:220 - loadIPPluginJar : add hash
2026-07-29 09:38:16,676 [INFO] IPUIPlugin:80 - create IPUIPlugin
2026-07-29 09:38:16,676 [INFO] PluginManager:220 - loadIPPluginJar : add i2c
2026-07-29 09:38:16,679 [INFO] IPUIPlugin:80 - create IPUIPlugin
2026-07-29 09:38:16,679 [INFO] PluginManager:220 - loadIPPluginJar : add i2s
2026-07-29 09:38:16,683 [INFO] IPUIPlugin:80 - create IPUIPlugin
2026-07-29 09:38:16,683 [INFO] PluginManager:220 - loadIPPluginJar : add i3c
2026-07-29 09:38:16,687 [INFO] IPUIPlugin:80 - create IPUIPlugin
2026-07-29 09:38:16,687 [INFO] PluginManager:220 - loadIPPluginJar : add ipddr
2026-07-29 09:38:16,696 [INFO] IPUIPlugin:80 - create IPUIPlugin
2026-07-29 09:38:16,697 [INFO] PluginManager:220 - loadIPPluginJar : add linkedlist
2026-07-29 09:38:16,703 [INFO] IPUIPlugin:80 - create IPUIPlugin
2026-07-29 09:38:16,703 [INFO] PluginManager:220 - loadIPPluginJar : add lorawan
2026-07-29 09:38:16,704 [INFO] IPUIPlugin:80 - create IPUIPlugin
2026-07-29 09:38:16,705 [INFO] PluginManager:220 - loadIPPluginJar : add ltdc
2026-07-29 09:38:16,715 [INFO] IPUIPlugin:80 - create IPUIPlugin
2026-07-29 09:38:16,715 [INFO] PluginManager:220 - loadIPPluginJar : add mdma
2026-07-29 09:38:16,719 [INFO] IPUIPlugin:80 - create IPUIPlugin
2026-07-29 09:38:16,719 [INFO] PluginManager:220 - loadIPPluginJar : add nvic
2026-07-29 09:38:16,723 [INFO] IPUIPlugin:80 - create IPUIPlugin
2026-07-29 09:38:16,724 [INFO] PluginManager:220 - loadIPPluginJar : add opamp
2026-07-29 09:38:16,727 [INFO] IPUIPlugin:80 - create IPUIPlugin
2026-07-29 09:38:16,728 [INFO] PluginManager:220 - loadIPPluginJar : add openamp
2026-07-29 09:38:16,731 [INFO] IPUIPlugin:80 - create IPUIPlugin
2026-07-29 09:38:16,732 [INFO] PluginManager:220 - loadIPPluginJar : add pdm2pcm
2026-07-29 09:38:16,740 [INFO] IPUIPlugin:80 - create IPUIPlugin
2026-07-29 09:38:16,742 [INFO] PluginManager:220 - loadIPPluginJar : add plateformsettings
2026-07-29 09:38:16,745 [INFO] IPUIPlugin:80 - create IPUIPlugin
2026-07-29 09:38:16,745 [INFO] PluginManager:220 - loadIPPluginJar : add quadspi
2026-07-29 09:38:16,748 [INFO] IPUIPlugin:80 - create IPUIPlugin
2026-07-29 09:38:16,749 [INFO] PluginManager:220 - loadIPPluginJar : add radio
2026-07-29 09:38:16,754 [INFO] IPUIPlugin:80 - create IPUIPlugin
2026-07-29 09:38:16,754 [INFO] PluginManager:220 - loadIPPluginJar : add resmgrutility
2026-07-29 09:38:16,758 [INFO] IPUIPlugin:80 - create IPUIPlugin
2026-07-29 09:38:16,758 [INFO] PluginManager:220 - loadIPPluginJar : add sai
2026-07-29 09:38:16,761 [INFO] IPUIPlugin:80 - create IPUIPlugin
2026-07-29 09:38:16,761 [INFO] PluginManager:220 - loadIPPluginJar : add spi
2026-07-29 09:38:16,769 [INFO] IPUIPlugin:80 - create IPUIPlugin
2026-07-29 09:38:16,769 [INFO] PluginManager:220 - loadIPPluginJar : add stm32_wpan
2026-07-29 09:38:16,772 [INFO] IPUIPlugin:80 - create IPUIPlugin
2026-07-29 09:38:16,772 [INFO] PluginManager:220 - loadIPPluginJar : add tim
2026-07-29 09:38:16,776 [INFO] IPUIPlugin:80 - create IPUIPlugin
2026-07-29 09:38:16,776 [INFO] PluginManager:220 - loadIPPluginJar : add touchsensing
2026-07-29 09:38:16,779 [INFO] IPUIPlugin:80 - create IPUIPlugin
2026-07-29 09:38:16,779 [INFO] PluginManager:220 - loadIPPluginJar : add tracer_emb
2026-07-29 09:38:16,781 [INFO] IPUIPlugin:80 - create IPUIPlugin
2026-07-29 09:38:16,781 [INFO] PluginManager:220 - loadIPPluginJar : add ts
2026-07-29 09:38:16,783 [INFO] IPUIPlugin:80 - create IPUIPlugin
2026-07-29 09:38:16,784 [INFO] PluginManager:220 - loadIPPluginJar : add tsc
2026-07-29 09:38:16,786 [INFO] IPUIPlugin:80 - create IPUIPlugin
2026-07-29 09:38:16,786 [INFO] PluginManager:220 - loadIPPluginJar : add ucpd
2026-07-29 09:38:16,790 [INFO] IPUIPlugin:80 - create IPUIPlugin
2026-07-29 09:38:16,790 [INFO] PluginManager:220 - loadIPPluginJar : add usart
2026-07-29 09:38:16,795 [INFO] IPUIPlugin:80 - create IPUIPlugin
2026-07-29 09:38:16,795 [INFO] PluginManager:220 - loadIPPluginJar : add usbx
2026-07-29 09:38:16,947 [FATAL] Updater:351 - Updater called before beeing initialized
2026-07-29 09:38:16,988 [INFO] RulesReader:64 - Compatibility file has been processed (317 Rules)
2026-07-29 09:38:17,008 [INFO] RulesReader:64 - Compatibility file has been processed (317 Rules)
2026-07-29 09:38:17,029 [INFO] CADModel:165 - CPN selected for project level
2026-07-29 09:38:17,029 [INFO] CADModel:114 - Register for checkConnection events
2026-07-29 09:38:17,029 [FATAL] Updater:351 - Updater called before beeing initialized
2026-07-29 09:38:17,029 [ERROR] CADModel:125 - Updater not yet initialized, retry later 
2026-07-29 09:38:17,292 [FATAL] Updater:351 - Updater called before beeing initialized
2026-07-29 09:38:17,294 [INFO] CADModel:165 - CPN selected for project level
2026-07-29 09:38:17,295 [INFO] CADModel:114 - Register for checkConnection events
2026-07-29 09:38:17,295 [FATAL] Updater:351 - Updater called before beeing initialized
2026-07-29 09:38:17,295 [ERROR] CADModel:125 - Updater not yet initialized, retry later 
2026-07-29 09:38:17,300 [FATAL] Updater:351 - Updater called before beeing initialized
2026-07-29 09:38:17,503 [FATAL] Updater:351 - Updater called before beeing initialized
2026-07-29 09:38:17,525 [INFO] DbMcusAds:53 - JSON generation date=Wed Jul 15 15:16:00 IST 2026 (1784108760991)
2026-07-29 09:38:17,525 [FATAL] Updater:351 - Updater called before beeing initialized
2026-07-29 09:38:17,602 [WARN] DetailPanel:346 - Failed to get advertising image, set to default
2026-07-29 09:38:17,743 [FATAL] Updater:351 - Updater called before beeing initialized
2026-07-29 09:38:17,745 [FATAL] Updater:351 - Updater called before beeing initialized
2026-07-29 09:38:17,746 [FATAL] Updater:351 - Updater called before beeing initialized
2026-07-29 09:38:17,746 [WARN] DetailPanel:346 - Failed to get advertising image, set to default
2026-07-29 09:38:17,747 [FATAL] Updater:351 - Updater called before beeing initialized
2026-07-29 09:38:17,809 [ERROR] Updater:1198 - MainUpdater not yet initialized. External WinMGr cannot be set.
2026-07-29 09:38:17,812 [INFO] Updater:1134 - Updater Version found : 6.15.0
2026-07-29 09:38:17,838 [INFO] ApplicationProperties:184 - Using Application install path: C:\ST\STM32CubeIDE_1.19.0\STM32CubeIDE\plugins\com.st.stm32cube.common.mx_6.15.0.202507011659
2026-07-29 09:38:18,809 [INFO] ThirdPartyUpdaterWithRetryManager:70 - Updater plugin not ready yet. [2/15]
2026-07-29 09:38:19,427 [ERROR] LogOutputStream:75 - [STDERR_REDIRECT] Jul 29, 2026 9:38:19 AM java.util.prefs.WindowsPreferences <init>
2026-07-29 09:38:19,431 [ERROR] LogOutputStream:75 - [STDERR_REDIRECT] WARNING: Could not open/create prefs root node Software\JavaSoft\Prefs at root 0xffffffff80000002. Windows RegCreateKeyEx(...) returned error code 5.
2026-07-29 09:38:19,431 [ERROR] LogOutputStream:75 - [STDERR_REDIRECT] 
2026-07-29 09:38:20,065 [INFO] MainUpdater:2872 - connection check result : 10
2026-07-29 09:38:20,067 [INFO] MainUpdater:289 - Updater Check For Update Now.
2026-07-29 09:38:20,067 [INFO] MicroXplorer:498 - Change Database Version : DB.6.0.150
2026-07-29 09:38:20,081 [INFO] McuFinderGlobals:63 - Set McuFinder mode to 2 (CubeIDE integrated)
2026-07-29 09:38:20,082 [INFO] UserAuth:487 - Internet connection configuration mode: 1
2026-07-29 09:38:20,167 [INFO] JxBrowserEngine:152 - Initiate JxBrowser Engine with user profile folder
2026-07-29 09:38:20,314 [INFO] CheckServerUpdateThread:120 - End of CheckServer Thread
2026-07-29 09:38:21,472 [INFO] WebApp:169 - Instantiating new browser for Auth
2026-07-29 09:38:22,224 [WARN] PackLoader:240 - Cannot read IP mode file for STMicroelectronics.X-CUBE-AZRTOS-H7.3.5.0
2026-07-29 09:38:22,248 [WARN] PackLoader:240 - Cannot read IP mode file for STMicroelectronics.FP-ATR-ASTRA1.2.0.3
2026-07-29 09:38:22,272 [ERROR] Engine:466 - C:\Users\ADMIN\.stm32cubemx\thirdparties\pdsc\STMicroelectronics.X-CUBE-SMBUS.2.1.1.pdsc: PDSC version is not supported
2026-07-29 09:38:22,335 [WARN] PackLoader:240 - Cannot read IP mode file for STMicroelectronics.X-CUBE-AZRTOS-F7.1.1.0
2026-07-29 09:38:22,354 [WARN] PackLoader:240 - Cannot read IP mode file for STMicroelectronics.X-CUBE-FREERTOS.1.6.0
2026-07-29 09:38:22,363 [WARN] PackLoader:240 - Cannot read IP mode file for STMicroelectronics.FP-SNS-MOTENV1.5.1.0
2026-07-29 09:38:22,405 [WARN] PackLoader:240 - Cannot read IP mode file for STMicroelectronics.X-CUBE-AZRTOS-H7RS.1.3.0
2026-07-29 09:38:22,429 [WARN] PackLoader:240 - Cannot read IP mode file for WES.I-CUBE-Cesium.1.4.0
2026-07-29 09:38:22,440 [WARN] PackLoader:240 - Cannot read IP mode file for STMicroelectronics.X-CUBE-DISPLAY.3.0.0
2026-07-29 09:38:22,462 [WARN] PackLoader:240 - Cannot read IP mode file for STMicroelectronics.X-CUBE-GNSS1.7.1.1
2026-07-29 09:38:22,470 [WARN] PackLoader:240 - Cannot read IP mode file for STMicroelectronics.FP-SNS-MOTENVWB1.1.5.0
2026-07-29 09:38:22,478 [WARN] PackLoader:240 - Cannot read IP mode file for STMicroelectronics.X-CUBE-NFC10.1.0.0
2026-07-29 09:38:22,485 [WARN] PackLoader:240 - Cannot read IP mode file for STMicroelectronics.X-CUBE-ST60.1.1.0
2026-07-29 09:38:22,492 [WARN] PackLoader:240 - Cannot read IP mode file for emotas.I-CUBE-CANOPEN.1.3.0
2026-07-29 09:38:22,499 [WARN] PackLoader:240 - Cannot read IP mode file for wolfSSL.I-CUBE-wolfSSL.5.9.2
2026-07-29 09:38:22,503 [ERROR] Engine:466 - C:\Users\ADMIN\.stm32cubemx\thirdparties\pdsc\STMicroelectronics.X-CUBE-WBA.1.1.0.pdsc: PDSC version is not supported
2026-07-29 09:38:22,513 [WARN] PackLoader:240 - Cannot read IP mode file for STMicroelectronics.FP-SNS-STBOX1.2.1.0
2026-07-29 09:38:22,521 [WARN] PackLoader:240 - Cannot read IP mode file for STMicroelectronics.FP-SNS-SMARTAG2.1.2.0
2026-07-29 09:38:22,527 [WARN] PackLoader:240 - Cannot read IP mode file for STMicroelectronics.FP-SNS-FLIGHT1.5.1.0
2026-07-29 09:38:22,537 [INFO] LogOutputStream:77 - [STDOUT_REDIRECT] 1 : Invalid condition id : UX_CORESTACK_Condition cause : null
2026-07-29 09:38:22,539 [INFO] LogOutputStream:77 - [STDOUT_REDIRECT] 1 : Invalid condition id : UX_CORESTACK_Condition cause : null
2026-07-29 09:38:22,541 [INFO] LogOutputStream:77 - [STDOUT_REDIRECT] 1 : Invalid condition id : UX_CORESTACK_Condition cause : null
2026-07-29 09:38:22,543 [INFO] LogOutputStream:77 - [STDOUT_REDIRECT] 1 : Invalid condition id : UX_CORESTACK_Condition cause : null
2026-07-29 09:38:22,545 [INFO] LogOutputStream:77 - [STDOUT_REDIRECT] 1 : Invalid condition id : UX_CORESTACK_Condition cause : null
2026-07-29 09:38:22,548 [WARN] PackLoader:240 - Cannot read IP mode file for STMicroelectronics.X-CUBE-AZRTOS-WL.2.0.0
2026-07-29 09:38:22,555 [WARN] PackLoader:240 - Cannot read IP mode file for STMicroelectronics.X-CUBE-BLE2.3.3.0
2026-07-29 09:38:22,599 [WARN] PackLoader:240 - Cannot read IP mode file for Infineon.AIROC-Wi-Fi-Bluetooth-STM32.1.8.0
2026-07-29 09:38:22,611 [WARN] PackLoader:240 - Cannot read IP mode file for STMicroelectronics.X-CUBE-NFC9.1.0.0
2026-07-29 09:38:22,618 [WARN] PackLoader:240 - Cannot read IP mode file for STMicroelectronics.X-CUBE-BLE1.7.1.0
2026-07-29 09:38:22,622 [WARN] PackLoader:240 - Cannot read IP mode file for wolfSSL.I-CUBE-wolfMQTT.1.19.2
2026-07-29 09:38:22,629 [WARN] PackLoader:240 - Cannot read IP mode file for STMicroelectronics.X-CUBE-EEPRMA1.5.2.0
2026-07-29 09:38:22,638 [WARN] PackLoader:240 - Cannot read IP mode file for STMicroelectronics.FP-SNS-STAIOTCFT.1.1.0
2026-07-29 09:38:22,668 [WARN] PackLoader:240 - Cannot read IP mode file for STMicroelectronics.X-CUBE-AZRTOS-G0.1.1.0
2026-07-29 09:38:22,677 [WARN] PackLoader:240 - Cannot read IP mode file for STMicroelectronics.X-CUBE-NFC4.3.0.0
2026-07-29 09:38:22,687 [WARN] PackLoader:240 - Cannot read IP mode file for EmbeddedOffice.I-CUBE-FS-RTOS.1.0.1
2026-07-29 09:38:22,693 [WARN] PackLoader:240 - Cannot read IP mode file for wolfSSL.I-CUBE-wolfTPM.3.8.0
2026-07-29 09:38:22,703 [WARN] PackLoader:240 - Cannot read IP mode file for STMicroelectronics.X-CUBE-TCPP.4.2.0
2026-07-29 09:38:22,712 [WARN] PackLoader:240 - Cannot read IP mode file for RealThread.X-CUBE-RT-Thread_Nano.4.1.1
2026-07-29 09:38:22,718 [WARN] PackLoader:240 - Cannot read IP mode file for STMicroelectronics.FP-ATR-SIGFOX1.3.2.0
2026-07-29 09:38:22,726 [WARN] PackLoader:240 - Cannot read IP mode file for ITTIA_DB.I-CUBE-ITTIADB.8.9.0
2026-07-29 09:38:22,733 [WARN] PackLoader:240 - Cannot read IP mode file for Cesanta.I-CUBE-Mongoose.7.21.7
2026-07-29 09:38:22,743 [WARN] PackLoader:240 - Cannot read IP mode file for STMicroelectronics.X-CUBE-NFC6.3.2.0
2026-07-29 09:38:22,751 [WARN] PackLoader:240 - Cannot read IP mode file for STMicroelectronics.X-CUBE-AI.10.2.1
2026-07-29 09:38:22,785 [WARN] PackLoader:240 - Cannot read IP mode file for SEGGER.I-CUBE-embOS.1.3.1
2026-07-29 09:38:22,830 [WARN] PackLoader:240 - Cannot read IP mode file for STMicroelectronics.X-CUBE-NFC13.1.0.0
2026-07-29 09:38:22,837 [WARN] PackLoader:240 - Cannot read IP mode file for STMicroelectronics.X-CUBE-PM33A1.1.0.0
2026-07-29 09:38:22,852 [WARN] PackLoader:240 - Cannot read IP mode file for STMicroelectronics.X-CUBE-AZRTOS-F4.1.1.0
2026-07-29 09:38:22,859 [WARN] PackLoader:240 - Cannot read IP mode file for STMicroelectronics.X-CUBE-ISPU.2.1.0
2026-07-29 09:38:22,877 [WARN] PackLoader:240 - Cannot read IP mode file for STMicroelectronics.X-CUBE-IPS.3.2.0
2026-07-29 09:38:22,888 [WARN] PackLoader:240 - Cannot read IP mode file for STMicroelectronics.eDS-WB_DPC_TT-BIDIR.2.1.1
2026-07-29 09:38:22,894 [WARN] PackLoader:240 - Cannot read IP mode file for STMicroelectronics.X-CUBE-NFC12.1.0.0
2026-07-29 09:38:22,910 [WARN] PackLoader:240 - Cannot read IP mode file for STMicroelectronics.X-CUBE-AZRTOS-L5.2.0.0
2026-07-29 09:38:22,920 [WARN] PackLoader:240 - Cannot read IP mode file for STMicroelectronics.X-CUBE-ALGOBUILD.1.5.0
2026-07-29 09:38:22,925 [WARN] PackLoader:240 - Cannot read IP mode file for STMicroelectronics.eDS-WB_DPC_VIENNA.1.2.0
2026-07-29 09:38:22,962 [WARN] PackLoader:240 - Cannot read IP mode file for STMicroelectronics.X-CUBE-MEMS1.13.0.0
2026-07-29 09:38:23,054 [WARN] PackLoader:240 - Cannot read IP mode file for STMicroelectronics.eDS-WB_DPC_3PH2L-BIDIR.1.1.1
2026-07-29 09:38:23,058 [ERROR] Engine:466 - C:\Users\ADMIN\.stm32cubemx\thirdparties\pdsc\STMicroelectronics.X-CUBE-ST67W61.1.3.0.pdsc: PDSC version is not supported
2026-07-29 09:38:23,070 [WARN] PackLoader:240 - Cannot read IP mode file for STMicroelectronics.X-CUBE-TOUCHGFX.4.26.1
2026-07-29 09:38:23,076 [WARN] PackLoader:240 - Cannot read IP mode file for STMicroelectronics.X-CUBE-DPower.1.3.0
2026-07-29 09:38:23,095 [WARN] ConditionMgr:438 - getConditionDescription Invalid condition id : LAN8742 Phy interface Condition cause : null
2026-07-29 09:38:23,096 [WARN] PackLoader:240 - Cannot read IP mode file for STMicroelectronics.X-CUBE-AZRTOS-L4.2.0.0
2026-07-29 09:38:23,097 [WARN] ConditionMgr:1044 - genDependencies : Invalid condition id : LAN8742 Phy interface Condition cause : null
2026-07-29 09:38:23,097 [WARN] ConditionMgr:1044 - genDependencies : Invalid condition id : LAN8742 Phy interface Condition cause : null
2026-07-29 09:38:23,098 [WARN] ConditionMgr:1044 - genDependencies : Invalid condition id : LAN8742 Phy interface Condition cause : null
2026-07-29 09:38:23,106 [WARN] PackLoader:240 - Cannot read IP mode file for STMicroelectronics.X-CUBE-SFXS2LP1.4.0.0
2026-07-29 09:38:23,152 [WARN] PackLoader:240 - Cannot read IP mode file for STMicroelectronics.X-CUBE-WB05N.2.1.0
2026-07-29 09:38:23,174 [WARN] ConditionMgr:438 - getConditionDescription Invalid condition id : UX DEVICE CLASS RTOS Condition cause : null
2026-07-29 09:38:23,174 [WARN] ConditionMgr:438 - getConditionDescription Invalid condition id : UX DEVICE CLASS RTOS Condition cause : null
2026-07-29 09:38:23,177 [WARN] PackLoader:240 - Cannot read IP mode file for STMicroelectronics.X-CUBE-AZRTOS-WB.2.0.0
2026-07-29 09:38:23,178 [WARN] ConditionMgr:1044 - genDependencies : Invalid condition id : UX DEVICE CLASS RTOS Condition cause : null
2026-07-29 09:38:23,178 [WARN] ConditionMgr:1044 - genDependencies : Invalid condition id : UX DEVICE CLASS RTOS Condition cause : null
2026-07-29 09:38:23,179 [WARN] ConditionMgr:1044 - genDependencies : Invalid condition id : UX DEVICE CLASS RTOS Condition cause : null
2026-07-29 09:38:23,180 [WARN] ConditionMgr:1044 - genDependencies : Invalid condition id : UX DEVICE CLASS RTOS Condition cause : null
2026-07-29 09:38:23,180 [WARN] ConditionMgr:1044 - genDependencies : Invalid condition id : UX DEVICE CLASS RTOS Condition cause : null
2026-07-29 09:38:23,187 [WARN] ConditionMgr:438 - getConditionDescription Invalid condition id : Cortex-A Device cause : null
2026-07-29 09:38:23,197 [WARN] ConditionMgr:1044 - genDependencies : Invalid condition id : Cortex-A Device cause : null
2026-07-29 09:38:23,198 [WARN] ConditionMgr:1044 - genDependencies : Invalid condition id : Cortex-A Device cause : null
2026-07-29 09:38:23,198 [WARN] ConditionMgr:1044 - genDependencies : Invalid condition id : Cortex-A Device cause : null
2026-07-29 09:38:23,209 [WARN] PackLoader:240 - Cannot read IP mode file for STMicroelectronics.X-CUBE-STSE01.2.0.0
2026-07-29 09:38:23,223 [WARN] PackLoader:240 - Cannot read IP mode file for STMicroelectronics.X-CUBE-SUBG2.5.0.0
2026-07-29 09:38:23,245 [WARN] PackLoader:240 - Cannot read IP mode file for STMicroelectronics.X-CUBE-AZRTOS-G4.2.0.0
2026-07-29 09:38:23,253 [WARN] PackLoader:240 - Cannot read IP mode file for wolfSSL.I-CUBE-wolfSSH.1.4.20
2026-07-29 09:38:23,259 [WARN] PackLoader:240 - Cannot read IP mode file for STMicroelectronics.X-CUBE-NFC7.2.0.0
2026-07-29 09:38:23,264 [ERROR] Engine:466 - C:\Users\ADMIN\.stm32cubemx\thirdparties\pdsc\STMicroelectronics.X-CUBE-BLEMGR.4.2.0.pdsc: PDSC version is not supported
2026-07-29 09:38:23,268 [WARN] PackLoader:240 - Cannot read IP mode file for STMicroelectronics.X-CUBE-ALS.1.0.2
2026-07-29 09:38:23,281 [WARN] PackLoader:240 - Cannot read IP mode file for STMicroelectronics.X-CUBE-TOF1.3.4.3
2026-07-29 09:38:23,295 [INFO] ThirdParty:978 - Integrity check success = true
2026-07-29 09:38:23,295 [INFO] IntegrityCheckThread:100 - exiting critical section [integrity check]
2026-07-29 09:38:23,296 [INFO] IntegrityCheckThread:103 - End integrity checks thread
2026-07-29 09:38:24,168 [INFO] WebApp:463 - Apply proxy settings
2026-07-29 09:38:24,168 [INFO] WebApp:548 - Chromium requires no authentication
2026-07-29 09:38:24,201 [INFO] WebApp:491 - Direct internet connection detected
2026-07-29 09:38:24,269 [INFO] WebApp:900 - Register for checkConnection events
2026-07-29 09:38:24,269 [INFO] WebApp:463 - Apply proxy settings
2026-07-29 09:38:24,269 [INFO] WebApp:548 - Chromium requires no authentication
2026-07-29 09:38:24,270 [INFO] WebApp:491 - Direct internet connection detected
2026-07-29 09:38:24,479 [INFO] WebApp:191 - Connection restablished
2026-07-29 09:38:24,634 [INFO] WebApp:225 - Starting web application
2026-07-29 09:38:24,634 [INFO] WebApp:593 - Web application path used C:\ST\STM32CubeIDE_1.19.0\STM32CubeIDE\plugins\com.st.stm32cube.common.mx_6.15.0.202507011659\db\plugins\mcufinder\reactClient1\index.html
2026-07-29 09:38:24,767 [INFO] UserAuth:487 - Internet connection configuration mode: 1
2026-07-29 09:40:05,464 [INFO] McuFinderGlobals:63 - Set McuFinder mode to 2 (CubeIDE integrated)
2026-07-29 09:40:05,470 [INFO] MainUpdater:2872 - connection check result : 10
2026-07-29 09:40:05,475 [INFO] McuFinderGlobals:76 - Set McuFinderConnectedMode to true
2026-07-29 09:40:05,920 [INFO] ServerAccessManage:452 - Complete download http(s) 200
2026-07-29 09:40:05,922 [INFO] ServerAccessManage:509 - Download File mcusAds.json._tmp_
2026-07-29 09:40:06,040 [INFO] LoadUrlFilesThread:156 - End of LoadUrlFiles Thread
2026-07-29 09:40:06,332 [INFO] ServerAccessManage:452 - Complete download http(s) 200
2026-07-29 09:40:06,334 [INFO] ServerAccessManage:509 - Download File cube-finder-db.zip
2026-07-29 09:40:57,497 [INFO] FileExtend:248 - Unzip File : cube-finder-db.zip
2026-07-29 09:40:57,498 [INFO] FileExtend:263 - Standard Zip Deflate
2026-07-29 09:40:58,547 [INFO] LoadUrlFilesThread:156 - End of LoadUrlFiles Thread
2026-07-29 09:41:43,742 [WARN] ServerAccessManage:1291 - Warning during Server Connection :  timeout Connect timed out
2026-07-29 09:42:04,808 [ERROR] ServerAccessManage:1295 - Problem during Server Connection :  IO error Connection timed out: getsockopt
2026-07-29 09:42:04,808 [ERROR] ServerAccessManage:740 - Problem during Server Connection :  : crdb.zip.
2026-07-29 09:42:07,300 [INFO] LoadUrlFilesThread:156 - End of LoadUrlFiles Thread
2026-07-29 09:42:08,164 [INFO] DbMcusAds:53 - JSON generation date=Wed Jul 15 15:16:00 IST 2026 (1784108760991)
2026-07-29 09:42:08,178 [ERROR] TargetSelectorAdapter:267 - Unable to refresh data
2026-07-29 09:42:08,552 [INFO] ApiDb:581 - Connected to CubeFinder SQLite database (C:\Users\ADMIN\.stmcufinder\plugins\mcufinder\mcu\cube-finder-db.db)
2026-07-29 09:42:08,659 [INFO] ApiDb:668 - CubeFinder database Data Model version=2.1
2026-07-29 09:42:08,659 [INFO] ApiDb:669 - CubeFinder database Configuration version=3.0.42
2026-07-29 09:42:08,659 [INFO] ApiDb:670 - CubeFinder database generation date=2026-06-23 (1782213372)
2026-07-29 09:42:08,659 [INFO] ApiDb:671 - CubeFinder database FW Pack versions=[FP-ATR-ASTRA1_V2.0.0, FP-SNS-FLIGHT1_V5.1.0, FP-SNS-MOTENV1_V5.1.0, FP-SNS-MOTENVWB1_V1.5.0, FP-SNS-SMARTAG2_V1.2.0, FP-SNS-STBOX1_V2.1.0, STM32Cube_FW_C0_V1.4.0, STM32Cube_FW_F4_V1.28.3, STM32Cube_FW_F7_V1.17.4, STM32Cube_FW_G0_V1.6.3, STM32Cube_FW_G4_V1.6.2, STM32Cube_FW_H5_V1.7.0, STM32Cube_FW_H7RS_V1.3.0, STM32Cube_FW_H7_V1.13.0, STM32Cube_FW_L0_V1.12.2, STM32Cube_FW_L4_V1.18.2, STM32Cube_FW_L5_V1.6.0, STM32Cube_FW_N6_V1.4.0, STM32Cube_FW_U0_V1.3.0, STM32Cube_FW_U3_V1.4.0, STM32Cube_FW_U5_V1.9.0, STM32Cube_FW_WB0_V1.5.0, STM32Cube_FW_WBA_V1.10.0, STM32Cube_FW_WB_V1.24.0, STM32Cube_FW_WL3_V1.5.0, STM32Cube_FW_WL_V1.6.0, X-CUBE-ALGOBUILD_V1.5.0, X-CUBE-ALS_V1.0.2, X-CUBE-AZRTOS-F4_V1.1.0, X-CUBE-AZRTOS-F7_V1.1.0, X-CUBE-AZRTOS-G0_V1.1.0, X-CUBE-AZRTOS-G4_V2.0.0, X-CUBE-AZRTOS-H7RS_V1.1.0, X-CUBE-AZRTOS-H7_V3.5.0, X-CUBE-AZRTOS-L4_V2.0.0, X-CUBE-AZRTOS-L5_V2.0.0, X-CUBE-AZRTOS-WB_V2.0.0, X-CUBE-AZRTOS-WL_V2.0.0, X-CUBE-BLE1_V7.1.0, X-CUBE-BLE2_V3.3.0, X-CUBE-BLEMGR_V4.1.0, X-CUBE-EEPRMA1_V5.2.0, X-CUBE-FREERTOS_V1.5.0, X-CUBE-GNSS1_V7.1.1, X-CUBE-MEMS1_V12.1.0, X-CUBE-NFC4_V3.0.0, X-CUBE-NFC7_V2.0.0, X-CUBE-SFXS2LP1_V4.0.0, X-CUBE-ST67W61_V1.3.0, X-CUBE-SUBG2_V5.0.0, X-CUBE-TOF1_V3.4.3]
2026-07-29 09:42:12,165 [INFO] ApiDb:240 - Found 880 in-development CPN: [B-G473E-ZEST1S, B-WB1M-WPAN1, B-WBA5M-WPAN, B-WL5M-SUBG1, NUCLEO-C031C6, NUCLEO-C051C8, NUCLEO-C071RB, NUCLEO-C092RC, NUCLEO-H503RB, NUCLEO-H533RE, NUCLEO-H563ZI, NUCLEO-H7S3L8, NUCLEO-N657X0-Q, NUCLEO-U031R8, NUCLEO-U083RC, NUCLEO-U385RG-Q, NUCLEO-U545RE-Q, NUCLEO-U5A5ZJ-Q, NUCLEO-WB05KZ, NUCLEO-WB07CC, NUCLEO-WB09KE, NUCLEO-WBA52CG, NUCLEO-WBA55CG, NUCLEO-WL33CC1, NUCLEO-WL33CC2, STEVAL-PROTEUS1, STEVAL-SMARTAG2, STEVAL-STWINBX1, STM320518-EVAL, STM32C0116-DK, STM32C011D6Y3TR, STM32C011D6Y6TR, STM32C011F4P3, STM32C011F4P6, STM32C011F4U3, STM32C011F4U6TR, STM32C011F6P3, STM32C011F6P6, STM32C011F6U3, STM32C011F6U6TR, STM32C011J4M3, STM32C011J4M6, STM32C011J6M3, STM32C011J6M6, STM32C0316-DK, STM32C031C4T3, STM32C031C4T6, STM32C031C4U3, STM32C031C4U6, STM32C031C6T3, STM32C031C6T6, STM32C031C6U3, STM32C031C6U6, STM32C031F4P3, STM32C031F4P6, STM32C031F6P3, STM32C031F6P6, STM32C031G4U3, STM32C031G4U6, STM32C031G6U3, STM32C031G6U6, STM32C031K4T3, STM32C031K4T6, STM32C031K4U3, STM32C031K4U6, STM32C031K6T3, STM32C031K6T6, STM32C031K6U3, STM32C031K6U6, STM32C051C6T6, STM32C051C6U6, STM32C051C8T6, STM32C051C8U6, STM32C051D8Y6TR, STM32C051F6P6, STM32C051F8P6, STM32C051G6U6, STM32C051G8U6, STM32C051K6T6, STM32C051K6U6, STM32C051K8T6, STM32C071C8T6, STM32C071C8T6N, STM32C071C8U6, STM32C071C8U6N, STM32C071CBT6, STM32C071CBT6N, STM32C071CBU6, STM32C071CBU6N, STM32C071F8P6, STM32C071F8P6N, STM32C071FBP6, STM32C071FBP6N, STM32C071FBY6TR, STM32C071G8U6, STM32C071G8U6N, STM32C071GBU6, STM32C071GBU6N, STM32C071K8T6, STM32C071K8T6N, STM32C071K8U6, STM32C071K8U6N, STM32C071KBT6, STM32C071KBT6N, STM32C071KBU6, STM32C071KBU6N, STM32C071R8T6, STM32C071R8T6N, STM32C071RBI6N, STM32C071RBT6, STM32C071RBT6N, STM32C091CBT6, STM32C091CBU6, STM32C091CCT6, STM32C091CCU6, STM32C091ECY6TR, STM32C091FBP6, STM32C091FCP6, STM32C091GBU6, STM32C091GCU6, STM32C091KBT6, STM32C091KBU6, STM32C091KCT6, STM32C091KCU6, STM32C091RBT6, STM32C091RCI6, STM32C091RCT6, STM32C092CBT6, STM32C092CBU6, STM32C092CCT6, STM32C092CCU6, STM32C092ECY6TR, STM32C092FBP6, STM32C092FCP6, STM32C092GBU6, STM32C092GCU6, STM32C092KBT6, STM32C092KBU6, STM32C092KCT6, STM32C092KCU6, STM32C092RBT6, STM32C092RCI6, STM32C092RCT6, STM32G071K8TXN, STM32G071K8UXN, STM32G081GBU6N, STM32G081KBT6N, STM32G081KBUXN, STM32G0B1CCT6N, STM32G0B1KCT6, STM32G0B1NEY6TR, STM32G0B1RCT6N, STM32G0C1CCT6, STM32G0C1CCT6N, STM32G0C1CCU6N, STM32G0C1CET6N, STM32G0C1CEU6N, STM32G0C1KCT6, STM32G0C1NEY6TR, STM32G0C1RCI6N, STM32G0C1RCT6N, STM32G0C1REI6N, STM32G0C1RET6N, STM32G0C1VCI6, STM32G0C1VEI6, STM32G411C6T3, STM32G411C6T6, STM32G411C6U3, STM32G411C6U6, STM32G411C8T3, STM32G411C8T6, STM32G411C8U3, STM32G411C8U6, STM32G411CBT3, STM32G411CBT6, STM32G411CBU3, STM32G411CBU6, STM32G411K6T3, STM32G411K6T6, STM32G411K6U3, STM32G411K6U6, STM32G411K8T3, STM32G411K8T6, STM32G411K8U3, STM32G411K8U6, STM32G411KBT3, STM32G411KBT6, STM32G411KBU3, STM32G411KBU6, STM32G411M6T3, STM32G411M6T6, STM32G411M8T3, STM32G411M8T6, STM32G411MBT3, STM32G411MBT6, STM32G411R6T3, STM32G411R6T6, STM32G411R8T3, STM32G411R8T6, STM32G411RBT3, STM32G411RBT6, STM32G414CBT3, STM32G414CBT6, STM32G414CBU3, STM32G414CBU6, STM32G414CCT3, STM32G414CCT6, STM32G414CCU3, STM32G414CCU6, STM32G414MBT3, STM32G414MBT6, STM32G414MCT3, STM32G414MCT6, STM32G414RBT3, STM32G414RBT6, STM32G414RCT3, STM32G414RCT6, STM32G414VBT3, STM32G414VBT6, STM32G414VCT3, STM32G414VCT6, STM32G431CBT3Z, STM32G431RBT3Z, STM32G471CCT6, STM32G471CCU6, STM32G471CET3, STM32G471CET6, STM32G471CEU3, STM32G471CEU6, STM32G471MCT6, STM32G471MET3, STM32G471MET6, STM32G471MEY6TR, STM32G471QCT6, STM32G471QET3, STM32G471RCT6, STM32G471RET3, STM32G471RET6, STM32G471VCH6, STM32G471VCI6, STM32G471VCT6, STM32G471VEH3, STM32G471VEH6, STM32G471VEI3, STM32G471VEI6, STM32G471VET3, STM32G471VET6, STM32G473QET3Z, STM32G473RET3Z, STM32G474CCT6, STM32G491RET3Z, STM32H503CBT6, STM32H503CBU6, STM32H503EBY6TR, STM32H503KBU6, STM32H503RBT6, STM32H523CCT6, STM32H523CCU6, STM32H523CET6, STM32H523CEU6, STM32H523HEY6TR, STM32H523RCT6, STM32H523RET6, STM32H523VCI6, STM32H523VCT6, STM32H523VEI6, STM32H523VET6, STM32H523ZCJ6, STM32H523ZCT6, STM32H523ZEJ6, STM32H523ZET6, STM32H533CET6, STM32H533CEU6, STM32H533HEY6TR, STM32H533RET6, STM32H533VEI6, STM32H533VET6, STM32H533ZEJ6, STM32H533ZET6, STM32H562AGI6, STM32H562AII6, STM32H562IGK6, STM32H562IGT6, STM32H562IIK6, STM32H562IIT6, STM32H562RGT6, STM32H562RGV6, STM32H562RIT6, STM32H562RIV6, STM32H562VGT6, STM32H562VIT6, STM32H562ZGT6, STM32H562ZIT6, STM32H563AGI6, STM32H563AII3Q, STM32H563AII6, STM32H563IGK6, STM32H563IGT6, STM32H563IIK3Q, STM32H563IIK6, STM32H563IIT3Q, STM32H563IIT6, STM32H563MIY3QTR, STM32H563RGT6, STM32H563RGV6, STM32H563RIT6, STM32H563RIV6, STM32H563VGT6, STM32H563VIT3Q, STM32H563VIT6, STM32H563ZGT6, STM32H563ZIT3Q, STM32H563ZIT6, STM32H573AII3Q, STM32H573AII6, STM32H573I-DK, STM32H573IIK3Q, STM32H573IIK6, STM32H573IIT3Q, STM32H573IIT6, STM32H573MIY3QTR, STM32H573RIT6, STM32H573RIV6, STM32H573VIT3Q, STM32H573VIT6, STM32H573ZIT3Q, STM32H573ZIT6, STM32H7R3A8I6, STM32H7R3I8K6, STM32H7R3I8T6, STM32H7R3L8H6, STM32H7R3L8H6H, STM32H7R3R8V6, STM32H7R3V8H6, STM32H7R3V8T6, STM32H7R3V8Y6TR, STM32H7R3Z8J6, STM32H7R3Z8T6, STM32H7R7A8I6, STM32H7R7I8K6, STM32H7R7I8T6, STM32H7R7L8H6, STM32H7R7L8H6H, STM32H7R7Z8J6, STM32H7S3A8I6, STM32H7S3I8K6, STM32H7S3I8T6, STM32H7S3L8H6, STM32H7S3L8H6H, STM32H7S3R8V6, STM32H7S3V8H6, STM32H7S3V8T6, STM32H7S3V8Y6TR, STM32H7S3Z8J6, STM32H7S3Z8T6, STM32H7S78-DK, STM32H7S7A8I6, STM32H7S7I8K6, STM32H7S7I8T6, STM32H7S7L8H6, STM32H7S7L8H6H, STM32H7S7Z8J6, STM32L4R5QGI6STR, STM32MP131AAE3, STM32MP131AAF3, STM32MP131AAG3, STM32MP131CAE3, STM32MP131CAF3, STM32MP131CAG3, STM32MP131DAE7, STM32MP131DAF7, STM32MP131DAG7, STM32MP131FAE7, STM32MP131FAF7, STM32MP131FAG7, STM32MP133AAE3, STM32MP133AAF3, STM32MP133AAG3, STM32MP133CAE3, STM32MP133CAF3, STM32MP133CAG3, STM32MP133DAE7, STM32MP133DAF7, STM32MP133DAG7, STM32MP133FAE7, STM32MP133FAF7, STM32MP133FAG7, STM32MP135AAE3, STM32MP135AAF3, STM32MP135AAG3, STM32MP135CAE3, STM32MP135CAF3, STM32MP135CAG3, STM32MP135DAE7, STM32MP135DAF7, STM32MP135DAG7, STM32MP135F-DK, STM32MP135FAE7, STM32MP135FAF7, STM32MP135FAF7T, STM32MP135FAF7U, STM32MP135FAG7, STM32MP211AAL3, STM32MP211AAM3, STM32MP211AAN3, STM32MP211AAO3, STM32MP211CAL3, STM32MP211CAM3, STM32MP211CAN3, STM32MP211CAO3, STM32MP211DAL3, STM32MP211DAM3, STM32MP211DAN3, STM32MP211DAO3, STM32MP211FAL3, STM32MP211FAM3, STM32MP211FAN3, STM32MP211FAO3, STM32MP213AAL3, STM32MP213AAM3, STM32MP213AAN3, STM32MP213AAO3, STM32MP213CAL3, STM32MP213CAM3, STM32MP213CAN3, STM32MP213CAO3, STM32MP213DAL3, STM32MP213DAM3, STM32MP213DAN3, STM32MP213DAO3, STM32MP213FAL3, STM32MP213FAM3, STM32MP213FAN3, STM32MP213FAO3, STM32MP215AAL3, STM32MP215AAM3, STM32MP215AAN3, STM32MP215AAO3, STM32MP215CAL3, STM32MP215CAM3, STM32MP215CAN3, STM32MP215CAO3, STM32MP215DAL3, STM32MP215DAM3, STM32MP215DAN3, STM32MP215DAO3, STM32MP215F-DK, STM32MP215FAL3, STM32MP215FAM3, STM32MP215FAN3, STM32MP215FAO3, STM32MP231AAJ3, STM32MP231AAK3, STM32MP231AAL3, STM32MP231CAJ3, STM32MP231CAK3, STM32MP231CAL3, STM32MP231DAJ3, STM32MP231DAK3, STM32MP231DAL3, STM32MP231FAJ3, STM32MP231FAK3, STM32MP231FAL3, STM32MP233AAJ3, STM32MP233AAK3, STM32MP233AAL3, STM32MP233CAJ3, STM32MP233CAK3, STM32MP233CAL3, STM32MP233DAJ3, STM32MP233DAK3, STM32MP233DAL3, STM32MP233FAJ3, STM32MP233FAK3, STM32MP233FAL3, STM32MP235AAJ3, STM32MP235AAK3, STM32MP235AAL3, STM32MP235CAJ3, STM32MP235CAK3, STM32MP235CAL3, STM32MP235DAJ3, STM32MP235DAK3, STM32MP235DAL3, STM32MP235FAJ3, STM32MP235FAK3, STM32MP235FAL3, STM32MP251AAI3, STM32MP251AAK3, STM32MP251AAL3, STM32MP251CAI3, STM32MP251CAK3, STM32MP251CAL3, STM32MP251DAI3, STM32MP251DAK3, STM32MP251DAL3, STM32MP251FAI3, STM32MP251FAK3, STM32MP251FAL3, STM32MP253AAI3, STM32MP253AAK3, STM32MP253AAL3, STM32MP253CAI3, STM32MP253CAK3, STM32MP253CAL3, STM32MP253DAI3, STM32MP253DAK3, STM32MP253DAL3, STM32MP253FAI3, STM32MP253FAK3, STM32MP253FAL3, STM32MP255AAI3, STM32MP255AAK3, STM32MP255AAL3, STM32MP255CAI3, STM32MP255CAK3, STM32MP255CAL3, STM32MP255DAI3, STM32MP255DAK3, STM32MP255DAL3, STM32MP255FAI3, STM32MP255FAK3, STM32MP255FAL3, STM32MP257AAI3, STM32MP257AAK3, STM32MP257AAL3, STM32MP257CAI3, STM32MP257CAK3, STM32MP257CAL3, STM32MP257DAI3, STM32MP257DAK3, STM32MP257DAL3, STM32MP257F-DK, STM32MP257F-EV1, STM32MP257FAI3, STM32MP257FAK3, STM32MP257FAL3, STM32N645A0H3Q, STM32N645B0H3Q, STM32N645I0H3Q, STM32N645L0H3Q, STM32N645X0H3Q, STM32N645Z0H3Q, STM32N647A0H3Q, STM32N647B0H3Q, STM32N647I0H3Q, STM32N647L0H3Q, STM32N647X0H3Q, STM32N647Z0H3Q, STM32N655A0H3Q, STM32N655B0H3Q, STM32N655I0H3Q, STM32N655L0H3Q, STM32N655X0H3Q, STM32N655Z0H3Q, STM32N6570-DK, STM32N657A0H3Q, STM32N657B0H3Q, STM32N657I0H3Q, STM32N657L0H3Q, STM32N657X0H3Q, STM32N657Z0H3Q, STM32U031C6T6, STM32U031C6U6, STM32U031C8T6, STM32U031C8U6, STM32U031F4P6, STM32U031F6P6, STM32U031F8P6, STM32U031G6Y6TR, STM32U031G8Y6TR, STM32U031K4U6, STM32U031K6U6, STM32U031K8U6, STM32U031R6I6, STM32U031R6T6, STM32U031R8I6, STM32U031R8T6, STM32U073C8T6, STM32U073C8U6, STM32U073CBT6, STM32U073CBU6, STM32U073CCT6, STM32U073CCU6, STM32U073H8Y6TR, STM32U073HBY6TR, STM32U073HCY6TR, STM32U073K8U6, STM32U073KBU6, STM32U073KCU6, STM32U073M8I6, STM32U073M8T6, STM32U073MBI6, STM32U073MBT6, STM32U073MCI6, STM32U073MCT6, STM32U073R8I6, STM32U073R8T6, STM32U073RBI6, STM32U073RBT6, STM32U073RCI6, STM32U073RCT6, STM32U083C-DK, STM32U083CCT6, STM32U083CCU6, STM32U083HCY6TR, STM32U083KCU6, STM32U083MCI6, STM32U083MCT6, STM32U083RCI6, STM32U083RCT6, STM32U375CET6, STM32U375CET6Q, STM32U375CEU6, STM32U375CEU6Q, STM32U375CEY6QTR, STM32U375CGT6, STM32U375CGT6Q, STM32U375CGU6, STM32U375CGU6Q, STM32U375CGY6QTR, STM32U375KEU6, STM32U375KGU6, STM32U375REI6, STM32U375REI6Q, STM32U375RET6, STM32U375RET6Q, STM32U375REY6GTR, STM32U375REY6QTR, STM32U375RGI6, STM32U375RGI6Q, STM32U375RGT6, STM32U375RGT6Q, STM32U375RGY6GTR, STM32U375RGY6QTR, STM32U375VEI6, STM32U375VEI6Q, STM32U375VET6, STM32U375VET6Q, STM32U375VGI6, STM32U375VGI6Q, STM32U375VGT6, STM32U375VGT6Q, STM32U385CGT6, STM32U385CGT6Q, STM32U385CGU6, STM32U385CGU6Q, STM32U385CGY6QTR, STM32U385KGU6, STM32U385RGI6, STM32U385RGI6Q, STM32U385RGT6, STM32U385RGT6Q, STM32U385RGY6GTR, STM32U385RGY6QTR, STM32U385VGI6, STM32U385VGI6Q, STM32U385VGT6, STM32U385VGT6Q, STM32U535CBT6, STM32U535CBT6Q, STM32U535CBU6, STM32U535CBU6Q, STM32U535CCT6, STM32U535CCT6Q, STM32U535CCU6, STM32U535CCU6Q, STM32U535CET6, STM32U535CET6Q, STM32U535CEU6, STM32U535CEU6Q, STM32U535JEY6QTR, STM32U535NCY6QTR, STM32U535NEY6QTR, STM32U535RBI6, STM32U535RBI6Q, STM32U535RBT6, STM32U535RBT6Q, STM32U535RCI6, STM32U535RCI6Q, STM32U535RCT6, STM32U535RCT6Q, STM32U535REI6, STM32U535REI6Q, STM32U535RET6, STM32U535RET6Q, STM32U535VCI6, STM32U535VCI6Q, STM32U535VCT6, STM32U535VCT6Q, STM32U535VEI6, STM32U535VEI6Q, STM32U535VET6, STM32U535VET6Q, STM32U545CET6, STM32U545CET6Q, STM32U545CEU6, STM32U545CEU6Q, STM32U545JEY6QTR, STM32U545NEY6QTR, STM32U545REI6, STM32U545REI6Q, STM32U545RET6, STM32U545RET6Q, STM32U545VEI6, STM32U545VEI6Q, STM32U545VET6, STM32U545VET6Q, STM32U595AIH6, STM32U595AIH6Q, STM32U595AJH6, STM32U595AJH6Q, STM32U595QII6, STM32U595QII6Q, STM32U595QJI6, STM32U595QJI6Q, STM32U595RIT6, STM32U595RIT6Q, STM32U595RJT6, STM32U595RJT6Q, STM32U595VIT6, STM32U595VIT6Q, STM32U595VJT6, STM32U595VJT6Q, STM32U595ZIT6, STM32U595ZIT6Q, STM32U595ZIY6QTR, STM32U595ZJT6, STM32U595ZJT6Q, STM32U595ZJY6QTR, STM32U599BJY6QTR, STM32U599NIH6Q, STM32U599NJH6Q, STM32U599VIT6Q, STM32U599VJT6, STM32U599VJT6Q, STM32U599ZIT6Q, STM32U599ZIY6QTR, STM32U599ZJT6Q, STM32U599ZJY6QTR, STM32U5A5AJH6, STM32U5A5AJH6Q, STM32U5A5QII3Q , STM32U5A5QJI6, STM32U5A5QJI6Q, STM32U5A5RJT6, STM32U5A5RJT6Q, STM32U5A5VJT6, STM32U5A5VJT6Q, STM32U5A5ZJT6, STM32U5A5ZJT6Q, STM32U5A5ZJY6QTR, STM32U5A9BJY6QTR, STM32U5A9J-DK, STM32U5A9NJH6Q, STM32U5A9VJT6Q, STM32U5A9ZJT6Q, STM32U5A9ZJY6QTR, STM32U5F7VIT6, STM32U5F7VIT6Q, STM32U5F7VJT6, STM32U5F7VJT6Q, STM32U5F9BJY6QTR, STM32U5F9NJH6Q, STM32U5F9VIT6Q, STM32U5F9VJT6Q, STM32U5F9ZIJ6QTR, STM32U5F9ZIT6Q, STM32U5F9ZJJ6QTR, STM32U5F9ZJT6Q, STM32U5G7VJT6, STM32U5G7VJT6Q, STM32U5G9BJY6QTR, STM32U5G9J-DK1, STM32U5G9J-DK2, STM32U5G9NJH6Q, STM32U5G9VJT6Q, STM32U5G9ZJJ6QTR, STM32U5G9ZJT6Q, STM32WB05KZV6TR, STM32WB05KZV7TR, STM32WB05TZF6TR, STM32WB05TZF7TR, STM32WB06CCF6TR, STM32WB06CCF7TR, STM32WB06CCV6TR, STM32WB06CCV7TR, STM32WB06KCV6TR, STM32WB06KCV7TR, STM32WB07CCF6TR, STM32WB07CCF7TR, STM32WB07CCV6TR, STM32WB07CCV7TR, STM32WB07KCV6TR, STM32WB07KCV7TR, STM32WB09KEV6TR, STM32WB09KEV7TR, STM32WB09TEF6TR, STM32WB09TEF7TR, STM32WB1MMCH6, STM32WBA50KGU6, STM32WBA50KGU6TR, STM32WBA52CEU6, STM32WBA52CEU6TR, STM32WBA52CEU7, STM32WBA52CEU7TR, STM32WBA52CGU6, STM32WBA52CGU6TR, STM32WBA52CGU6U, STM32WBA52CGU7, STM32WBA52CGU7TR, STM32WBA52KEU6, STM32WBA52KEU6TR, STM32WBA52KGU6, STM32WBA52KGU6TR, STM32WBA54CEU6, STM32WBA54CEU6TR, STM32WBA54CEU7, STM32WBA54CEU7TR, STM32WBA54CGU6, STM32WBA54CGU6TR, STM32WBA54CGU7, STM32WBA54CGU7TR, STM32WBA54KEU6, STM32WBA54KEU6TR, STM32WBA54KEU7, STM32WBA54KEU7TR, STM32WBA54KGU6, STM32WBA54KGU6TR, STM32WBA54KGU7, STM32WBA54KGU7TR, STM32WBA55CEU6, STM32WBA55CEU6TR, STM32WBA55CEU7, STM32WBA55CEU7TR, STM32WBA55CGU6, STM32WBA55CGU6TR, STM32WBA55CGU6U, STM32WBA55CGU7, STM32WBA55CGU7TR, STM32WBA55G-DK1, STM32WBA55HEF6, STM32WBA55HEF7, STM32WBA55HGF6, STM32WBA55HGF7, STM32WBA55UEI6, STM32WBA55UEI6TR, STM32WBA55UEI7, STM32WBA55UEI7TR, STM32WBA55UGI6, STM32WBA55UGI6TR, STM32WBA55UGI7, STM32WBA55UGI7TR, STM32WBA5MMGH6TR, STM32WBA62MGF6, STM32WBA62MIF6, STM32WBA65MGF7, STM32WBA65MIF6, STM32WBA65MIF7, STM32WL30K8V6, STM32WL30KBV6, STM32WL31C8V6, STM32WL31CBV6, STM32WL31K8V6, STM32WL31KBV6, STM32WL33C8V6, STM32WL33C8V6X, STM32WL33CBV6, STM32WL33CBV6X, STM32WL33CCV6, STM32WL33CCV6A, STM32WL33CCV6X, STM32WL33K8V7, STM32WL33K8V7X, STM32WL33KBV7 , STM32WL33KBV7X, STM32WL33KCV7, STM32WL33KCV7X, STM32WL5MOCH6, STM32WL5MOCH6TR]
2026-07-29 09:42:12,173 [INFO] DbMcus:218 - Found 5250 MCUs, 5097 are supported
2026-07-29 09:42:12,173 [INFO] ApiDb:423 - Load user favorites file C:\Users\ADMIN/.stm32cubeide/favorites.mcus.txt: 0 item(s)
2026-07-29 09:42:12,174 [INFO] ApiDb:427 - User favorites MCUs=[]
2026-07-29 09:42:12,174 [INFO] DbMcus:224 - Set 0 / 0 favorites MCUs
2026-07-29 09:42:12,841 [INFO] ApiDb:668 - CubeFinder database Data Model version=2.1
2026-07-29 09:42:12,841 [INFO] ApiDb:669 - CubeFinder database Configuration version=3.0.42
2026-07-29 09:42:12,841 [INFO] ApiDb:670 - CubeFinder database generation date=2026-06-23 (1782213372)
2026-07-29 09:42:12,841 [INFO] ApiDb:671 - CubeFinder database FW Pack versions=[FP-ATR-ASTRA1_V2.0.0, FP-SNS-FLIGHT1_V5.1.0, FP-SNS-MOTENV1_V5.1.0, FP-SNS-MOTENVWB1_V1.5.0, FP-SNS-SMARTAG2_V1.2.0, FP-SNS-STBOX1_V2.1.0, STM32Cube_FW_C0_V1.4.0, STM32Cube_FW_F4_V1.28.3, STM32Cube_FW_F7_V1.17.4, STM32Cube_FW_G0_V1.6.3, STM32Cube_FW_G4_V1.6.2, STM32Cube_FW_H5_V1.7.0, STM32Cube_FW_H7RS_V1.3.0, STM32Cube_FW_H7_V1.13.0, STM32Cube_FW_L0_V1.12.2, STM32Cube_FW_L4_V1.18.2, STM32Cube_FW_L5_V1.6.0, STM32Cube_FW_N6_V1.4.0, STM32Cube_FW_U0_V1.3.0, STM32Cube_FW_U3_V1.4.0, STM32Cube_FW_U5_V1.9.0, STM32Cube_FW_WB0_V1.5.0, STM32Cube_FW_WBA_V1.10.0, STM32Cube_FW_WB_V1.24.0, STM32Cube_FW_WL3_V1.5.0, STM32Cube_FW_WL_V1.6.0, X-CUBE-ALGOBUILD_V1.5.0, X-CUBE-ALS_V1.0.2, X-CUBE-AZRTOS-F4_V1.1.0, X-CUBE-AZRTOS-F7_V1.1.0, X-CUBE-AZRTOS-G0_V1.1.0, X-CUBE-AZRTOS-G4_V2.0.0, X-CUBE-AZRTOS-H7RS_V1.1.0, X-CUBE-AZRTOS-H7_V3.5.0, X-CUBE-AZRTOS-L4_V2.0.0, X-CUBE-AZRTOS-L5_V2.0.0, X-CUBE-AZRTOS-WB_V2.0.0, X-CUBE-AZRTOS-WL_V2.0.0, X-CUBE-BLE1_V7.1.0, X-CUBE-BLE2_V3.3.0, X-CUBE-BLEMGR_V4.1.0, X-CUBE-EEPRMA1_V5.2.0, X-CUBE-FREERTOS_V1.5.0, X-CUBE-GNSS1_V7.1.1, X-CUBE-MEMS1_V12.1.0, X-CUBE-NFC4_V3.0.0, X-CUBE-NFC7_V2.0.0, X-CUBE-SFXS2LP1_V4.0.0, X-CUBE-ST67W61_V1.3.0, X-CUBE-SUBG2_V5.0.0, X-CUBE-TOF1_V3.4.3]
2026-07-29 09:42:12,910 [INFO] DbBoardsSqlite:226 - include board P-NUCLEO-WB55-NUCLEO as a kit item of type 'Nucleo-64'
2026-07-29 09:42:12,911 [INFO] DbBoardsSqlite:226 - include board P-NUCLEO-WB55-USBDONGLE as a kit item of type 'Nucleo USB Dongle'
2026-07-29 09:42:12,911 [INFO] DbBoardsSqlite:226 - include board STEVAL-IDP005V1 as a kit item of type 'Evaluation Board'
2026-07-29 09:42:12,912 [INFO] DbBoardsSqlite:226 - include board STEVAL-IDP005V2 as a kit item of type 'Evaluation Board'
2026-07-29 09:42:13,009 [INFO] ApiDb:240 - Found 880 in-development CPN: [B-G473E-ZEST1S, B-WB1M-WPAN1, B-WBA5M-WPAN, B-WL5M-SUBG1, NUCLEO-C031C6, NUCLEO-C051C8, NUCLEO-C071RB, NUCLEO-C092RC, NUCLEO-H503RB, NUCLEO-H533RE, NUCLEO-H563ZI, NUCLEO-H7S3L8, NUCLEO-N657X0-Q, NUCLEO-U031R8, NUCLEO-U083RC, NUCLEO-U385RG-Q, NUCLEO-U545RE-Q, NUCLEO-U5A5ZJ-Q, NUCLEO-WB05KZ, NUCLEO-WB07CC, NUCLEO-WB09KE, NUCLEO-WBA52CG, NUCLEO-WBA55CG, NUCLEO-WL33CC1, NUCLEO-WL33CC2, STEVAL-PROTEUS1, STEVAL-SMARTAG2, STEVAL-STWINBX1, STM320518-EVAL, STM32C0116-DK, STM32C011D6Y3TR, STM32C011D6Y6TR, STM32C011F4P3, STM32C011F4P6, STM32C011F4U3, STM32C011F4U6TR, STM32C011F6P3, STM32C011F6P6, STM32C011F6U3, STM32C011F6U6TR, STM32C011J4M3, STM32C011J4M6, STM32C011J6M3, STM32C011J6M6, STM32C0316-DK, STM32C031C4T3, STM32C031C4T6, STM32C031C4U3, STM32C031C4U6, STM32C031C6T3, STM32C031C6T6, STM32C031C6U3, STM32C031C6U6, STM32C031F4P3, STM32C031F4P6, STM32C031F6P3, STM32C031F6P6, STM32C031G4U3, STM32C031G4U6, STM32C031G6U3, STM32C031G6U6, STM32C031K4T3, STM32C031K4T6, STM32C031K4U3, STM32C031K4U6, STM32C031K6T3, STM32C031K6T6, STM32C031K6U3, STM32C031K6U6, STM32C051C6T6, STM32C051C6U6, STM32C051C8T6, STM32C051C8U6, STM32C051D8Y6TR, STM32C051F6P6, STM32C051F8P6, STM32C051G6U6, STM32C051G8U6, STM32C051K6T6, STM32C051K6U6, STM32C051K8T6, STM32C071C8T6, STM32C071C8T6N, STM32C071C8U6, STM32C071C8U6N, STM32C071CBT6, STM32C071CBT6N, STM32C071CBU6, STM32C071CBU6N, STM32C071F8P6, STM32C071F8P6N, STM32C071FBP6, STM32C071FBP6N, STM32C071FBY6TR, STM32C071G8U6, STM32C071G8U6N, STM32C071GBU6, STM32C071GBU6N, STM32C071K8T6, STM32C071K8T6N, STM32C071K8U6, STM32C071K8U6N, STM32C071KBT6, STM32C071KBT6N, STM32C071KBU6, STM32C071KBU6N, STM32C071R8T6, STM32C071R8T6N, STM32C071RBI6N, STM32C071RBT6, STM32C071RBT6N, STM32C091CBT6, STM32C091CBU6, STM32C091CCT6, STM32C091CCU6, STM32C091ECY6TR, STM32C091FBP6, STM32C091FCP6, STM32C091GBU6, STM32C091GCU6, STM32C091KBT6, STM32C091KBU6, STM32C091KCT6, STM32C091KCU6, STM32C091RBT6, STM32C091RCI6, STM32C091RCT6, STM32C092CBT6, STM32C092CBU6, STM32C092CCT6, STM32C092CCU6, STM32C092ECY6TR, STM32C092FBP6, STM32C092FCP6, STM32C092GBU6, STM32C092GCU6, STM32C092KBT6, STM32C092KBU6, STM32C092KCT6, STM32C092KCU6, STM32C092RBT6, STM32C092RCI6, STM32C092RCT6, STM32G071K8TXN, STM32G071K8UXN, STM32G081GBU6N, STM32G081KBT6N, STM32G081KBUXN, STM32G0B1CCT6N, STM32G0B1KCT6, STM32G0B1NEY6TR, STM32G0B1RCT6N, STM32G0C1CCT6, STM32G0C1CCT6N, STM32G0C1CCU6N, STM32G0C1CET6N, STM32G0C1CEU6N, STM32G0C1KCT6, STM32G0C1NEY6TR, STM32G0C1RCI6N, STM32G0C1RCT6N, STM32G0C1REI6N, STM32G0C1RET6N, STM32G0C1VCI6, STM32G0C1VEI6, STM32G411C6T3, STM32G411C6T6, STM32G411C6U3, STM32G411C6U6, STM32G411C8T3, STM32G411C8T6, STM32G411C8U3, STM32G411C8U6, STM32G411CBT3, STM32G411CBT6, STM32G411CBU3, STM32G411CBU6, STM32G411K6T3, STM32G411K6T6, STM32G411K6U3, STM32G411K6U6, STM32G411K8T3, STM32G411K8T6, STM32G411K8U3, STM32G411K8U6, STM32G411KBT3, STM32G411KBT6, STM32G411KBU3, STM32G411KBU6, STM32G411M6T3, STM32G411M6T6, STM32G411M8T3, STM32G411M8T6, STM32G411MBT3, STM32G411MBT6, STM32G411R6T3, STM32G411R6T6, STM32G411R8T3, STM32G411R8T6, STM32G411RBT3, STM32G411RBT6, STM32G414CBT3, STM32G414CBT6, STM32G414CBU3, STM32G414CBU6, STM32G414CCT3, STM32G414CCT6, STM32G414CCU3, STM32G414CCU6, STM32G414MBT3, STM32G414MBT6, STM32G414MCT3, STM32G414MCT6, STM32G414RBT3, STM32G414RBT6, STM32G414RCT3, STM32G414RCT6, STM32G414VBT3, STM32G414VBT6, STM32G414VCT3, STM32G414VCT6, STM32G431CBT3Z, STM32G431RBT3Z, STM32G471CCT6, STM32G471CCU6, STM32G471CET3, STM32G471CET6, STM32G471CEU3, STM32G471CEU6, STM32G471MCT6, STM32G471MET3, STM32G471MET6, STM32G471MEY6TR, STM32G471QCT6, STM32G471QET3, STM32G471RCT6, STM32G471RET3, STM32G471RET6, STM32G471VCH6, STM32G471VCI6, STM32G471VCT6, STM32G471VEH3, STM32G471VEH6, STM32G471VEI3, STM32G471VEI6, STM32G471VET3, STM32G471VET6, STM32G473QET3Z, STM32G473RET3Z, STM32G474CCT6, STM32G491RET3Z, STM32H503CBT6, STM32H503CBU6, STM32H503EBY6TR, STM32H503KBU6, STM32H503RBT6, STM32H523CCT6, STM32H523CCU6, STM32H523CET6, STM32H523CEU6, STM32H523HEY6TR, STM32H523RCT6, STM32H523RET6, STM32H523VCI6, STM32H523VCT6, STM32H523VEI6, STM32H523VET6, STM32H523ZCJ6, STM32H523ZCT6, STM32H523ZEJ6, STM32H523ZET6, STM32H533CET6, STM32H533CEU6, STM32H533HEY6TR, STM32H533RET6, STM32H533VEI6, STM32H533VET6, STM32H533ZEJ6, STM32H533ZET6, STM32H562AGI6, STM32H562AII6, STM32H562IGK6, STM32H562IGT6, STM32H562IIK6, STM32H562IIT6, STM32H562RGT6, STM32H562RGV6, STM32H562RIT6, STM32H562RIV6, STM32H562VGT6, STM32H562VIT6, STM32H562ZGT6, STM32H562ZIT6, STM32H563AGI6, STM32H563AII3Q, STM32H563AII6, STM32H563IGK6, STM32H563IGT6, STM32H563IIK3Q, STM32H563IIK6, STM32H563IIT3Q, STM32H563IIT6, STM32H563MIY3QTR, STM32H563RGT6, STM32H563RGV6, STM32H563RIT6, STM32H563RIV6, STM32H563VGT6, STM32H563VIT3Q, STM32H563VIT6, STM32H563ZGT6, STM32H563ZIT3Q, STM32H563ZIT6, STM32H573AII3Q, STM32H573AII6, STM32H573I-DK, STM32H573IIK3Q, STM32H573IIK6, STM32H573IIT3Q, STM32H573IIT6, STM32H573MIY3QTR, STM32H573RIT6, STM32H573RIV6, STM32H573VIT3Q, STM32H573VIT6, STM32H573ZIT3Q, STM32H573ZIT6, STM32H7R3A8I6, STM32H7R3I8K6, STM32H7R3I8T6, STM32H7R3L8H6, STM32H7R3L8H6H, STM32H7R3R8V6, STM32H7R3V8H6, STM32H7R3V8T6, STM32H7R3V8Y6TR, STM32H7R3Z8J6, STM32H7R3Z8T6, STM32H7R7A8I6, STM32H7R7I8K6, STM32H7R7I8T6, STM32H7R7L8H6, STM32H7R7L8H6H, STM32H7R7Z8J6, STM32H7S3A8I6, STM32H7S3I8K6, STM32H7S3I8T6, STM32H7S3L8H6, STM32H7S3L8H6H, STM32H7S3R8V6, STM32H7S3V8H6, STM32H7S3V8T6, STM32H7S3V8Y6TR, STM32H7S3Z8J6, STM32H7S3Z8T6, STM32H7S78-DK, STM32H7S7A8I6, STM32H7S7I8K6, STM32H7S7I8T6, STM32H7S7L8H6, STM32H7S7L8H6H, STM32H7S7Z8J6, STM32L4R5QGI6STR, STM32MP131AAE3, STM32MP131AAF3, STM32MP131AAG3, STM32MP131CAE3, STM32MP131CAF3, STM32MP131CAG3, STM32MP131DAE7, STM32MP131DAF7, STM32MP131DAG7, STM32MP131FAE7, STM32MP131FAF7, STM32MP131FAG7, STM32MP133AAE3, STM32MP133AAF3, STM32MP133AAG3, STM32MP133CAE3, STM32MP133CAF3, STM32MP133CAG3, STM32MP133DAE7, STM32MP133DAF7, STM32MP133DAG7, STM32MP133FAE7, STM32MP133FAF7, STM32MP133FAG7, STM32MP135AAE3, STM32MP135AAF3, STM32MP135AAG3, STM32MP135CAE3, STM32MP135CAF3, STM32MP135CAG3, STM32MP135DAE7, STM32MP135DAF7, STM32MP135DAG7, STM32MP135F-DK, STM32MP135FAE7, STM32MP135FAF7, STM32MP135FAF7T, STM32MP135FAF7U, STM32MP135FAG7, STM32MP211AAL3, STM32MP211AAM3, STM32MP211AAN3, STM32MP211AAO3, STM32MP211CAL3, STM32MP211CAM3, STM32MP211CAN3, STM32MP211CAO3, STM32MP211DAL3, STM32MP211DAM3, STM32MP211DAN3, STM32MP211DAO3, STM32MP211FAL3, STM32MP211FAM3, STM32MP211FAN3, STM32MP211FAO3, STM32MP213AAL3, STM32MP213AAM3, STM32MP213AAN3, STM32MP213AAO3, STM32MP213CAL3, STM32MP213CAM3, STM32MP213CAN3, STM32MP213CAO3, STM32MP213DAL3, STM32MP213DAM3, STM32MP213DAN3, STM32MP213DAO3, STM32MP213FAL3, STM32MP213FAM3, STM32MP213FAN3, STM32MP213FAO3, STM32MP215AAL3, STM32MP215AAM3, STM32MP215AAN3, STM32MP215AAO3, STM32MP215CAL3, STM32MP215CAM3, STM32MP215CAN3, STM32MP215CAO3, STM32MP215DAL3, STM32MP215DAM3, STM32MP215DAN3, STM32MP215DAO3, STM32MP215F-DK, STM32MP215FAL3, STM32MP215FAM3, STM32MP215FAN3, STM32MP215FAO3, STM32MP231AAJ3, STM32MP231AAK3, STM32MP231AAL3, STM32MP231CAJ3, STM32MP231CAK3, STM32MP231CAL3, STM32MP231DAJ3, STM32MP231DAK3, STM32MP231DAL3, STM32MP231FAJ3, STM32MP231FAK3, STM32MP231FAL3, STM32MP233AAJ3, STM32MP233AAK3, STM32MP233AAL3, STM32MP233CAJ3, STM32MP233CAK3, STM32MP233CAL3, STM32MP233DAJ3, STM32MP233DAK3, STM32MP233DAL3, STM32MP233FAJ3, STM32MP233FAK3, STM32MP233FAL3, STM32MP235AAJ3, STM32MP235AAK3, STM32MP235AAL3, STM32MP235CAJ3, STM32MP235CAK3, STM32MP235CAL3, STM32MP235DAJ3, STM32MP235DAK3, STM32MP235DAL3, STM32MP235FAJ3, STM32MP235FAK3, STM32MP235FAL3, STM32MP251AAI3, STM32MP251AAK3, STM32MP251AAL3, STM32MP251CAI3, STM32MP251CAK3, STM32MP251CAL3, STM32MP251DAI3, STM32MP251DAK3, STM32MP251DAL3, STM32MP251FAI3, STM32MP251FAK3, STM32MP251FAL3, STM32MP253AAI3, STM32MP253AAK3, STM32MP253AAL3, STM32MP253CAI3, STM32MP253CAK3, STM32MP253CAL3, STM32MP253DAI3, STM32MP253DAK3, STM32MP253DAL3, STM32MP253FAI3, STM32MP253FAK3, STM32MP253FAL3, STM32MP255AAI3, STM32MP255AAK3, STM32MP255AAL3, STM32MP255CAI3, STM32MP255CAK3, STM32MP255CAL3, STM32MP255DAI3, STM32MP255DAK3, STM32MP255DAL3, STM32MP255FAI3, STM32MP255FAK3, STM32MP255FAL3, STM32MP257AAI3, STM32MP257AAK3, STM32MP257AAL3, STM32MP257CAI3, STM32MP257CAK3, STM32MP257CAL3, STM32MP257DAI3, STM32MP257DAK3, STM32MP257DAL3, STM32MP257F-DK, STM32MP257F-EV1, STM32MP257FAI3, STM32MP257FAK3, STM32MP257FAL3, STM32N645A0H3Q, STM32N645B0H3Q, STM32N645I0H3Q, STM32N645L0H3Q, STM32N645X0H3Q, STM32N645Z0H3Q, STM32N647A0H3Q, STM32N647B0H3Q, STM32N647I0H3Q, STM32N647L0H3Q, STM32N647X0H3Q, STM32N647Z0H3Q, STM32N655A0H3Q, STM32N655B0H3Q, STM32N655I0H3Q, STM32N655L0H3Q, STM32N655X0H3Q, STM32N655Z0H3Q, STM32N6570-DK, STM32N657A0H3Q, STM32N657B0H3Q, STM32N657I0H3Q, STM32N657L0H3Q, STM32N657X0H3Q, STM32N657Z0H3Q, STM32U031C6T6, STM32U031C6U6, STM32U031C8T6, STM32U031C8U6, STM32U031F4P6, STM32U031F6P6, STM32U031F8P6, STM32U031G6Y6TR, STM32U031G8Y6TR, STM32U031K4U6, STM32U031K6U6, STM32U031K8U6, STM32U031R6I6, STM32U031R6T6, STM32U031R8I6, STM32U031R8T6, STM32U073C8T6, STM32U073C8U6, STM32U073CBT6, STM32U073CBU6, STM32U073CCT6, STM32U073CCU6, STM32U073H8Y6TR, STM32U073HBY6TR, STM32U073HCY6TR, STM32U073K8U6, STM32U073KBU6, STM32U073KCU6, STM32U073M8I6, STM32U073M8T6, STM32U073MBI6, STM32U073MBT6, STM32U073MCI6, STM32U073MCT6, STM32U073R8I6, STM32U073R8T6, STM32U073RBI6, STM32U073RBT6, STM32U073RCI6, STM32U073RCT6, STM32U083C-DK, STM32U083CCT6, STM32U083CCU6, STM32U083HCY6TR, STM32U083KCU6, STM32U083MCI6, STM32U083MCT6, STM32U083RCI6, STM32U083RCT6, STM32U375CET6, STM32U375CET6Q, STM32U375CEU6, STM32U375CEU6Q, STM32U375CEY6QTR, STM32U375CGT6, STM32U375CGT6Q, STM32U375CGU6, STM32U375CGU6Q, STM32U375CGY6QTR, STM32U375KEU6, STM32U375KGU6, STM32U375REI6, STM32U375REI6Q, STM32U375RET6, STM32U375RET6Q, STM32U375REY6GTR, STM32U375REY6QTR, STM32U375RGI6, STM32U375RGI6Q, STM32U375RGT6, STM32U375RGT6Q, STM32U375RGY6GTR, STM32U375RGY6QTR, STM32U375VEI6, STM32U375VEI6Q, STM32U375VET6, STM32U375VET6Q, STM32U375VGI6, STM32U375VGI6Q, STM32U375VGT6, STM32U375VGT6Q, STM32U385CGT6, STM32U385CGT6Q, STM32U385CGU6, STM32U385CGU6Q, STM32U385CGY6QTR, STM32U385KGU6, STM32U385RGI6, STM32U385RGI6Q, STM32U385RGT6, STM32U385RGT6Q, STM32U385RGY6GTR, STM32U385RGY6QTR, STM32U385VGI6, STM32U385VGI6Q, STM32U385VGT6, STM32U385VGT6Q, STM32U535CBT6, STM32U535CBT6Q, STM32U535CBU6, STM32U535CBU6Q, STM32U535CCT6, STM32U535CCT6Q, STM32U535CCU6, STM32U535CCU6Q, STM32U535CET6, STM32U535CET6Q, STM32U535CEU6, STM32U535CEU6Q, STM32U535JEY6QTR, STM32U535NCY6QTR, STM32U535NEY6QTR, STM32U535RBI6, STM32U535RBI6Q, STM32U535RBT6, STM32U535RBT6Q, STM32U535RCI6, STM32U535RCI6Q, STM32U535RCT6, STM32U535RCT6Q, STM32U535REI6, STM32U535REI6Q, STM32U535RET6, STM32U535RET6Q, STM32U535VCI6, STM32U535VCI6Q, STM32U535VCT6, STM32U535VCT6Q, STM32U535VEI6, STM32U535VEI6Q, STM32U535VET6, STM32U535VET6Q, STM32U545CET6, STM32U545CET6Q, STM32U545CEU6, STM32U545CEU6Q, STM32U545JEY6QTR, STM32U545NEY6QTR, STM32U545REI6, STM32U545REI6Q, STM32U545RET6, STM32U545RET6Q, STM32U545VEI6, STM32U545VEI6Q, STM32U545VET6, STM32U545VET6Q, STM32U595AIH6, STM32U595AIH6Q, STM32U595AJH6, STM32U595AJH6Q, STM32U595QII6, STM32U595QII6Q, STM32U595QJI6, STM32U595QJI6Q, STM32U595RIT6, STM32U595RIT6Q, STM32U595RJT6, STM32U595RJT6Q, STM32U595VIT6, STM32U595VIT6Q, STM32U595VJT6, STM32U595VJT6Q, STM32U595ZIT6, STM32U595ZIT6Q, STM32U595ZIY6QTR, STM32U595ZJT6, STM32U595ZJT6Q, STM32U595ZJY6QTR, STM32U599BJY6QTR, STM32U599NIH6Q, STM32U599NJH6Q, STM32U599VIT6Q, STM32U599VJT6, STM32U599VJT6Q, STM32U599ZIT6Q, STM32U599ZIY6QTR, STM32U599ZJT6Q, STM32U599ZJY6QTR, STM32U5A5AJH6, STM32U5A5AJH6Q, STM32U5A5QII3Q , STM32U5A5QJI6, STM32U5A5QJI6Q, STM32U5A5RJT6, STM32U5A5RJT6Q, STM32U5A5VJT6, STM32U5A5VJT6Q, STM32U5A5ZJT6, STM32U5A5ZJT6Q, STM32U5A5ZJY6QTR, STM32U5A9BJY6QTR, STM32U5A9J-DK, STM32U5A9NJH6Q, STM32U5A9VJT6Q, STM32U5A9ZJT6Q, STM32U5A9ZJY6QTR, STM32U5F7VIT6, STM32U5F7VIT6Q, STM32U5F7VJT6, STM32U5F7VJT6Q, STM32U5F9BJY6QTR, STM32U5F9NJH6Q, STM32U5F9VIT6Q, STM32U5F9VJT6Q, STM32U5F9ZIJ6QTR, STM32U5F9ZIT6Q, STM32U5F9ZJJ6QTR, STM32U5F9ZJT6Q, STM32U5G7VJT6, STM32U5G7VJT6Q, STM32U5G9BJY6QTR, STM32U5G9J-DK1, STM32U5G9J-DK2, STM32U5G9NJH6Q, STM32U5G9VJT6Q, STM32U5G9ZJJ6QTR, STM32U5G9ZJT6Q, STM32WB05KZV6TR, STM32WB05KZV7TR, STM32WB05TZF6TR, STM32WB05TZF7TR, STM32WB06CCF6TR, STM32WB06CCF7TR, STM32WB06CCV6TR, STM32WB06CCV7TR, STM32WB06KCV6TR, STM32WB06KCV7TR, STM32WB07CCF6TR, STM32WB07CCF7TR, STM32WB07CCV6TR, STM32WB07CCV7TR, STM32WB07KCV6TR, STM32WB07KCV7TR, STM32WB09KEV6TR, STM32WB09KEV7TR, STM32WB09TEF6TR, STM32WB09TEF7TR, STM32WB1MMCH6, STM32WBA50KGU6, STM32WBA50KGU6TR, STM32WBA52CEU6, STM32WBA52CEU6TR, STM32WBA52CEU7, STM32WBA52CEU7TR, STM32WBA52CGU6, STM32WBA52CGU6TR, STM32WBA52CGU6U, STM32WBA52CGU7, STM32WBA52CGU7TR, STM32WBA52KEU6, STM32WBA52KEU6TR, STM32WBA52KGU6, STM32WBA52KGU6TR, STM32WBA54CEU6, STM32WBA54CEU6TR, STM32WBA54CEU7, STM32WBA54CEU7TR, STM32WBA54CGU6, STM32WBA54CGU6TR, STM32WBA54CGU7, STM32WBA54CGU7TR, STM32WBA54KEU6, STM32WBA54KEU6TR, STM32WBA54KEU7, STM32WBA54KEU7TR, STM32WBA54KGU6, STM32WBA54KGU6TR, STM32WBA54KGU7, STM32WBA54KGU7TR, STM32WBA55CEU6, STM32WBA55CEU6TR, STM32WBA55CEU7, STM32WBA55CEU7TR, STM32WBA55CGU6, STM32WBA55CGU6TR, STM32WBA55CGU6U, STM32WBA55CGU7, STM32WBA55CGU7TR, STM32WBA55G-DK1, STM32WBA55HEF6, STM32WBA55HEF7, STM32WBA55HGF6, STM32WBA55HGF7, STM32WBA55UEI6, STM32WBA55UEI6TR, STM32WBA55UEI7, STM32WBA55UEI7TR, STM32WBA55UGI6, STM32WBA55UGI6TR, STM32WBA55UGI7, STM32WBA55UGI7TR, STM32WBA5MMGH6TR, STM32WBA62MGF6, STM32WBA62MIF6, STM32WBA65MGF7, STM32WBA65MIF6, STM32WBA65MIF7, STM32WL30K8V6, STM32WL30KBV6, STM32WL31C8V6, STM32WL31CBV6, STM32WL31K8V6, STM32WL31KBV6, STM32WL33C8V6, STM32WL33C8V6X, STM32WL33CBV6, STM32WL33CBV6X, STM32WL33CCV6, STM32WL33CCV6A, STM32WL33CCV6X, STM32WL33K8V7, STM32WL33K8V7X, STM32WL33KBV7 , STM32WL33KBV7X, STM32WL33KCV7, STM32WL33KCV7X, STM32WL5MOCH6, STM32WL5MOCH6TR]
2026-07-29 09:42:13,224 [INFO] BoardInfo:889 - No configuration file found for board NUCLEO-H5E5ZJ
2026-07-29 09:42:13,227 [INFO] DbBoards:161 - Board is not supported: NUCLEO-H5E5ZJ
2026-07-29 09:42:13,359 [INFO] BoardInfo:889 - No configuration file found for board NUCLEO-U3C5ZI-Q
2026-07-29 09:42:13,362 [INFO] DbBoards:161 - Board is not supported: NUCLEO-U3C5ZI-Q
2026-07-29 09:42:13,392 [INFO] BoardInfo:889 - No configuration file found for board NUCLEO-WBA25CE1
2026-07-29 09:42:13,394 [INFO] DbBoards:161 - Board is not supported: NUCLEO-WBA25CE1
2026-07-29 09:42:13,414 [INFO] BoardInfo:889 - No configuration file found for board NUCLEO-WL3RKB1
2026-07-29 09:42:13,416 [INFO] DbBoards:161 - Board is not supported: NUCLEO-WL3RKB1
2026-07-29 09:42:13,418 [INFO] BoardInfo:889 - No configuration file found for board NUCLEO-WL3RKB2
2026-07-29 09:42:13,420 [INFO] DbBoards:161 - Board is not supported: NUCLEO-WL3RKB2
2026-07-29 09:42:13,436 [INFO] BoardInfo:889 - No configuration file found for board P-NUCLEO-WB55
2026-07-29 09:42:13,439 [INFO] DbBoards:161 - Kit is not supported: P-NUCLEO-WB55
2026-07-29 09:42:13,452 [INFO] BoardInfo:889 - No configuration file found for board STEVAL-BFA001V1B
2026-07-29 09:42:13,454 [INFO] DbBoards:161 - Kit is not supported: STEVAL-BFA001V1B
2026-07-29 09:42:13,455 [INFO] BoardInfo:889 - No configuration file found for board STEVAL-BFA001V2B
2026-07-29 09:42:13,458 [INFO] DbBoards:161 - Kit is not supported: STEVAL-BFA001V2B
2026-07-29 09:42:13,676 [INFO] BoardInfo:889 - No configuration file found for board STM32H5F5J-DK
2026-07-29 09:42:13,679 [INFO] DbBoards:161 - Board is not supported: STM32H5F5J-DK
2026-07-29 09:42:13,858 [INFO] DbBoards:168 - Found 218 boards, 209 are supported
2026-07-29 09:42:13,858 [INFO] DbBoards:169 - Found 218 boards, 43 of them is supported for  Bsp
2026-07-29 09:42:13,862 [INFO] ApiDb:423 - Load user favorites file C:\Users\ADMIN/.stm32cubeide/favorites.boards.txt: 0 item(s)
2026-07-29 09:42:13,862 [INFO] ApiDb:427 - User favorites Boards=[]
2026-07-29 09:42:13,863 [INFO] DbBoards:198 - Set 0 / 0 favorites Boards
2026-07-29 09:42:13,863 [INFO] McuFinderGlobals:76 - Set McuFinderConnectedMode to true
2026-07-29 09:42:13,875 [INFO] MultiScanPanel:200 - Auto-refresh data requested => check proxy status ongoing
2026-07-29 09:42:13,879 [INFO] FinderPluginLoader:96 - Searching for filters in installed packs
2026-07-29 09:42:16,051 [INFO] LoadUrlFilesThread:185 - End of LoadServerUrlFiles without Thread
2026-07-29 09:42:16,070 [INFO] DetailPanel:341 - Set advertising image to C:/Users/ADMIN/STM32Cube/Repository/\en.stm32h5cubemxbanner.png
2026-07-29 09:42:20,876 [INFO] MultiScanPanel:200 - Auto-refresh data requested => check proxy status ongoing
2026-07-29 09:42:21,071 [INFO] LoadUrlFilesThread:185 - End of LoadServerUrlFiles without Thread
2026-07-29 09:42:21,071 [INFO] DetailPanel:341 - Set advertising image to C:/Users/ADMIN/STM32Cube/Repository/\en.stm32h5cubemxbanner.png
2026-07-29 09:42:21,092 [INFO] DbBoards:642 - Loading board mini-images...
2026-07-29 09:42:24,884 [INFO] DbBoards:665 - Loaded 218 board mini-images
2026-07-29 09:42:45,057 [INFO] MainUpdater:2872 - connection check result : 10
2026-07-29 09:42:45,057 [INFO] MainUpdater:2872 - connection check result : 10
2026-07-29 09:42:45,077 [INFO] MicroXplorer:468 - Change Database Path : 
2026-07-29 09:42:45,077 [INFO] MicroXplorer:498 - Change Database Version : DB.6.0.150
2026-07-29 09:42:45,084 [WARN] ThirdParty:871 - waiting for thirdparty lock release [close project]
2026-07-29 09:42:45,084 [INFO] ThirdParty:873 - entering critical section [close project]
2026-07-29 09:42:45,086 [INFO] ThirdParty:883 - exiting critical section [close project]
2026-07-29 09:42:45,089 [INFO] PinOutPanel:1589 - setPackage(No Configuration,No Configuration)
2026-07-29 09:42:45,090 [INFO] UtilMem:75 - Begin LoadConfig() Used Memory: 814567624 Bytes (1073741824)
2026-07-29 09:42:45,095 [INFO] OpenFileManager:355 - Change cursor
2026-07-29 09:42:45,188 [INFO] ProjectFactory:514 - No CPN specified for board B-L4S5I-IOT01A => set CPN to STM32L4S5VIT6
2026-07-29 09:42:45,189 [INFO] Mcu:2029 - Initializing MCU STM32L4S5VITx STM32L4S5VITx STM32L4S5VIT6
2026-07-29 09:42:48,854 [INFO] Context:786 - Trying to add GPIOservice into a context  which must be forbidden
2026-07-29 09:42:49,791 [INFO] Rule:233 - rule 117617 - U5Cobra4M][GTZC] default value MPCBB3 and MPCBB5 - Not Secured memory - MPCBB1 is applicable
2026-07-29 09:42:49,792 [INFO] Rule:233 - rule 117617 - U5Cobra4M][GTZC] default value MPCBB3 and MPCBB5 - Not Secured memory - MPCBB1 is applicable
2026-07-29 09:42:49,792 [INFO] Rule:233 - rule 117617 - U5Cobra4M][GTZC] default value MPCBB3 and MPCBB5 - Not Secured memory - MPCBB2 is applicable
2026-07-29 09:42:49,792 [INFO] Rule:233 - rule 117617 - U5Cobra4M][GTZC] default value MPCBB3 and MPCBB5 - Not Secured memory - MPCBB2 is applicable
2026-07-29 09:42:49,792 [INFO] Rule:233 - rule 117617 - U5Cobra4M][GTZC] default value MPCBB3 and MPCBB5 - Not Secured memory - MPCBB3 is applicable
2026-07-29 09:42:49,792 [INFO] Rule:233 - rule 117617 - U5Cobra4M][GTZC] default value MPCBB3 and MPCBB5 - Not Secured memory - MPCBB3 is applicable
2026-07-29 09:42:49,792 [INFO] Rule:233 - rule 117617 - U5Cobra4M][GTZC] default value MPCBB3 and MPCBB5 - Not Secured memory - MPCBB4 is applicable
2026-07-29 09:42:49,792 [INFO] Rule:233 - rule 117617 - U5Cobra4M][GTZC] default value MPCBB3 and MPCBB5 - Not Secured memory - MPCBB4 is applicable
2026-07-29 09:42:49,792 [INFO] Rule:233 - rule 117617 - U5Cobra4M][GTZC] default value MPCBB3 and MPCBB5 - Secured memory - MPCBB1 is applicable
2026-07-29 09:42:49,792 [INFO] Rule:233 - rule 117617 - U5Cobra4M][GTZC] default value MPCBB3 and MPCBB5 - Secured memory - MPCBB2 is applicable
2026-07-29 09:42:49,792 [INFO] Rule:233 - rule 117617 - U5Cobra4M][GTZC] default value MPCBB3 and MPCBB5 - Secured memory - MPCBB3 is applicable
2026-07-29 09:42:49,792 [INFO] Rule:233 - rule 117617 - U5Cobra4M][GTZC] default value MPCBB3 and MPCBB5 - Secured memory - MPCBB4 is applicable
2026-07-29 09:42:49,792 [INFO] Rule:233 - rule 117617 - U5Cobra4M][GTZC] default value MPCBB3 and MPCBB5 - Privileged memory - MPCBB1 is applicable
2026-07-29 09:42:49,793 [INFO] Rule:233 - rule 117617 - U5Cobra4M][GTZC] default value MPCBB3 and MPCBB5 - Privileged memory - MPCBB2 is applicable
2026-07-29 09:42:49,793 [INFO] Rule:233 - rule 117617 - U5Cobra4M][GTZC] default value MPCBB3 and MPCBB5 - Privileged memory - MPCBB3 is applicable
2026-07-29 09:42:49,793 [INFO] Rule:233 - rule 117617 - U5Cobra4M][GTZC] default value MPCBB3 and MPCBB5 - Privileged memory - MPCBB4 is applicable
2026-07-29 09:42:49,793 [INFO] Rule:233 - rule 117617 - U5Cobra4M][GTZC] default value MPCBB3 and MPCBB5 - Not Privileged memory - MPCBB1 is applicable
2026-07-29 09:42:49,793 [INFO] Rule:233 - rule 117617 - U5Cobra4M][GTZC] default value MPCBB3 and MPCBB5 - Not Privileged memory - MPCBB2 is applicable
2026-07-29 09:42:49,793 [INFO] Rule:233 - rule 117617 - U5Cobra4M][GTZC] default value MPCBB3 and MPCBB5 - Not Privileged memory - MPCBB3 is applicable
2026-07-29 09:42:49,793 [INFO] Rule:233 - rule 117617 - U5Cobra4M][GTZC] default value MPCBB3 and MPCBB5 - Not Privileged memory - MPCBB4 is applicable
2026-07-29 09:42:49,793 [INFO] Rule:233 - rule 117617 - U5Cobra4M][GTZC] default value MPCBB3 and MPCBB5 - Privileged memory - MPCBB1 is applicable
2026-07-29 09:42:49,793 [INFO] Rule:233 - rule 117617 - U5Cobra4M][GTZC] default value MPCBB3 and MPCBB5 - Privileged memory - MPCBB2 is applicable
2026-07-29 09:42:49,793 [INFO] Rule:233 - rule 117617 - U5Cobra4M][GTZC] default value MPCBB3 and MPCBB5 - Privileged memory - MPCBB3 is applicable
2026-07-29 09:42:49,793 [INFO] Rule:233 - rule 117617 - U5Cobra4M][GTZC] default value MPCBB3 and MPCBB5 - Privileged memory - MPCBB4 is applicable
2026-07-29 09:42:49,793 [INFO] Rule:233 - rule 117617 - U5Cobra4M][GTZC] default value MPCBB3 and MPCBB5 - Privileged memory - MPCBB1 is applicable
2026-07-29 09:42:49,793 [INFO] Rule:233 - rule 117617 - U5Cobra4M][GTZC] default value MPCBB3 and MPCBB5 - Privileged memory - MPCBB2 is applicable
2026-07-29 09:42:49,793 [INFO] Rule:233 - rule 117617 - U5Cobra4M][GTZC] default value MPCBB3 and MPCBB5 - Privileged memory - MPCBB3 is applicable
2026-07-29 09:42:49,793 [INFO] Rule:233 - rule 117617 - U5Cobra4M][GTZC] default value MPCBB3 and MPCBB5 - Privileged memory - MPCBB4 is applicable
2026-07-29 09:42:49,793 [INFO] Rule:233 - rule 117617 - U5Cobra4M][GTZC] default value MPCBB3 and MPCBB5 - Not Privileged memory - MPCBB1 is applicable
2026-07-29 09:42:49,793 [INFO] Rule:233 - rule 117617 - U5Cobra4M][GTZC] default value MPCBB3 and MPCBB5 - Not Privileged memory - MPCBB2 is applicable
2026-07-29 09:42:49,793 [INFO] Rule:233 - rule 117617 - U5Cobra4M][GTZC] default value MPCBB3 and MPCBB5 - Not Privileged memory - MPCBB3 is applicable
2026-07-29 09:42:49,793 [INFO] Rule:233 - rule 117617 - U5Cobra4M][GTZC] default value MPCBB3 and MPCBB5 - Not Privileged memory - MPCBB4 is applicable
2026-07-29 09:42:49,793 [INFO] Rule:233 - rule 117617 - U5Cobra4M][GTZC] default value MPCBB3 and MPCBB5 - Privileged memory - MPCBB1 is applicable
2026-07-29 09:42:49,794 [INFO] Rule:233 - rule 117617 - U5Cobra4M][GTZC] default value MPCBB3 and MPCBB5 - Privileged memory - MPCBB2 is applicable
2026-07-29 09:42:49,794 [INFO] Rule:233 - rule 117617 - U5Cobra4M][GTZC] default value MPCBB3 and MPCBB5 - Privileged memory - MPCBB3 is applicable
2026-07-29 09:42:49,794 [INFO] Rule:233 - rule 117617 - U5Cobra4M][GTZC] default value MPCBB3 and MPCBB5 - Privileged memory - MPCBB4 is applicable
2026-07-29 09:42:49,794 [INFO] Rule:233 - rule WakeUp0 Mode is applicable
2026-07-29 09:42:49,794 [INFO] Rule:233 - rule WakeUp0 SIGNAL is applicable
2026-07-29 09:42:49,794 [INFO] Rule:233 - rule WakeUp1 Mode is applicable
2026-07-29 09:42:49,794 [INFO] Rule:233 - rule WakeUp1 SIGNAL is applicable
2026-07-29 09:42:49,794 [INFO] Rule:233 - rule WakeUp2 Mode is applicable
2026-07-29 09:42:49,794 [INFO] Rule:233 - rule WakeUp2 SIGNAL is applicable
2026-07-29 09:42:49,794 [INFO] Rule:233 - rule WakeUp4 Mode is applicable
2026-07-29 09:42:49,794 [INFO] Rule:233 - rule WakeUp4 SIGNAL is applicable
2026-07-29 09:42:49,794 [INFO] Rule:233 - rule WakeUp5 Mode is applicable
2026-07-29 09:42:49,794 [INFO] Rule:233 - rule WakeUp5 SIGNAL is applicable
2026-07-29 09:42:49,795 [INFO] Rule:233 - rule Change Default Value for LSE Drive Capability for WB family is applicable
2026-07-29 09:42:49,795 [INFO] Rule:233 - rule change FDCAN default value is applicable
2026-07-29 09:42:49,795 [INFO] Rule:233 - rule Adapt Old IOC before rework replace old CORTEX_M33/CORTEX_M55 attributes by the new one. is applicable
2026-07-29 09:42:49,795 [INFO] Rule:233 - rule Rename parametre of RCC RCC_APBDBG_DIV2 to RCC_TIMPRES_DIV2 is applicable
2026-07-29 09:42:49,795 [INFO] Rule:233 - rule Rename DIE493 pin PA10 [PA12] -> PA10 is applicable
2026-07-29 09:42:49,795 [INFO] Rule:233 - rule Rename DIE493 pin PA9 [PA11] -> PA9 is applicable
2026-07-29 09:42:49,795 [INFO] Rule:233 - rule Rename DIE492 PartNumber CPN STM32WBA5MJGHx -> STM32WBA5MMGHx is applicable
2026-07-29 09:42:49,796 [INFO] Rule:233 - rule Rename DIE492 PartNumber  Name STM32WBA5MJGHx -> STM32WBA5MMGHx is applicable
2026-07-29 09:42:49,796 [INFO] Rule:233 - rule Rename DIE492 PartNumber UserName STM32WBA5MJGHx -> STM32WBA5MMGHx is applicable
2026-07-29 09:42:49,796 [INFO] Rule:233 - rule Rename DIE492 PartNumber DeviceId STM32WBA5MJGHx -> STM32WBA5MMGHx is applicable
2026-07-29 09:42:49,796 [INFO] Rule:233 - rule Adapt Old IOC CSI. is applicable
2026-07-29 09:42:49,796 [INFO] Rule:233 - rule Adapt Old IOC DCMIPP. is applicable
2026-07-29 09:42:49,796 [INFO] Rule:233 - rule Adapt Old IOC DCMIPP Mode Parallel. is applicable
2026-07-29 09:42:49,796 [INFO] Rule:233 - rule Adapt Old IOC LTDC. is applicable
2026-07-29 09:42:49,796 [INFO] Rule:233 - rule Rename STM32MP2 RIF Peripheral LTDC RIF.RISUP.LTDC_L0L1.Privilege -> RIF.RISUP.LTDC_L1L2.Privilege is applicable
2026-07-29 09:42:49,796 [INFO] Rule:233 - rule Rename STM32MP2 RIF Peripheral LTDC RIF.RISUP.LTDC_L0L1.Privilege -> RIF.RISUP.LTDC_L1L2.Privilege is applicable
2026-07-29 09:42:49,796 [INFO] Rule:233 - rule Rename STM32MP2 RIF Peripheral LTDC RIF.RISUP.LTDC_L0L1.Lock -> RIF.RISUP.LTDC_L1L2.Lock is applicable
2026-07-29 09:42:49,796 [INFO] Rule:233 - rule Rename STM32MP2 RIF Peripheral LTDC RIF.RISUP.LTDC_L2.Lock -> RIF.RISUP.LTDC_L3.Lock is applicable
2026-07-29 09:42:49,796 [INFO] Rule:233 - rule Adapt the old IOC example for updating the SYS when it is misconfigured. is applicable
2026-07-29 09:42:49,796 [INFO] Rule:233 - rule Rename STM32C09 Mcu.Package LQFP64 -> LQFP48 is applicable
2026-07-29 09:42:49,796 [INFO] Rule:233 - rule Adapt the old IOC example for updating the SYS when it is misconfigured. is applicable
2026-07-29 09:42:49,796 [INFO] Rule:233 - rule Adapt the old IOC example for updating the SYS when it is misconfigured. is applicable
2026-07-29 09:42:49,811 [INFO] DbConfProperties:307 - Apply Compatibility (5/68 Rules)
2026-07-29 09:42:49,881 [INFO] ImportTextPane:234 - (OptionalMessage_ERROR) Pin84 (VP_RIF_VS_RIF1) cannot be retrieved for this MCU
2026-07-29 09:42:50,156 [INFO] RtosManager:558 - Registered RTOS mode: class=CMSIS, group=RTOS, mode=CMSIS_V1, owner=FREERTOS
2026-07-29 09:42:50,157 [INFO] RtosManager:558 - Registered RTOS mode: class=CMSIS, group=RTOS2, mode=CMSIS_V2, owner=FREERTOS
2026-07-29 09:42:50,157 [INFO] RtosManager:558 - Registered RTOS mode: class=RTOS, group=Core, mode=CMSIS_V1, owner=FREERTOS
2026-07-29 09:42:50,157 [INFO] RtosManager:558 - Registered RTOS mode: class=RTOS, group=Core, mode=CMSIS_V2, owner=FREERTOS
2026-07-29 09:42:50,157 [WARN] ModelIntegratedComponent:184 - Missing modes for component STMicroelectronics:FreeRTOS:0.0.1:STMicroelectronics:RTOS:FreeRTOS:Core:::10.2.0:
2026-07-29 09:42:50,284 [WARN] ModelIntegratedComponent:63 - No mode defined for component null
2026-07-29 09:42:50,284 [WARN] ModelIntegratedComponent:63 - No mode defined for component null
2026-07-29 09:42:50,284 [WARN] ModelIntegratedComponent:63 - No mode defined for component null
2026-07-29 09:42:50,284 [WARN] ModelIntegratedComponent:63 - No mode defined for component null
2026-07-29 09:42:50,284 [WARN] ModelIntegratedComponent:63 - No mode defined for component null
2026-07-29 09:42:50,284 [WARN] ModelIntegratedComponent:63 - No mode defined for component null
2026-07-29 09:42:50,285 [WARN] ModelIntegratedComponent:63 - No mode defined for component null
2026-07-29 09:42:50,285 [WARN] ModelIntegratedComponent:63 - No mode defined for component null
2026-07-29 09:42:50,285 [WARN] ModelIntegratedComponent:63 - No mode defined for component null
2026-07-29 09:42:50,285 [WARN] ModelIntegratedComponent:63 - No mode defined for component null
2026-07-29 09:42:50,285 [WARN] ModelIntegratedComponent:63 - No mode defined for component null
2026-07-29 09:42:50,285 [WARN] ModelIntegratedComponent:63 - No mode defined for component null
2026-07-29 09:42:50,285 [WARN] ModelIntegratedComponent:63 - No mode defined for component null
2026-07-29 09:42:50,285 [WARN] ModelIntegratedComponent:63 - No mode defined for component null
2026-07-29 09:42:50,285 [WARN] ModelIntegratedComponent:63 - No mode defined for component null
2026-07-29 09:42:50,285 [WARN] ModelIntegratedComponent:63 - No mode defined for component null
2026-07-29 09:42:50,285 [WARN] ModelIntegratedComponent:63 - No mode defined for component null
2026-07-29 09:42:50,285 [WARN] ModelIntegratedComponent:63 - No mode defined for component null
2026-07-29 09:42:50,285 [WARN] ModelIntegratedComponent:63 - No mode defined for component null
2026-07-29 09:42:50,285 [WARN] ModelIntegratedComponent:63 - No mode defined for component null
2026-07-29 09:42:50,285 [WARN] ModelIntegratedComponent:63 - No mode defined for component null
2026-07-29 09:42:50,285 [WARN] ModelIntegratedComponent:63 - No mode defined for component null
2026-07-29 09:42:50,285 [WARN] ModelIntegratedComponent:63 - No mode defined for component null
2026-07-29 09:42:50,285 [WARN] ModelIntegratedComponent:63 - No mode defined for component null
2026-07-29 09:42:50,285 [WARN] ModelIntegratedComponent:63 - No mode defined for component null
2026-07-29 09:42:50,286 [WARN] ModelIntegratedComponent:63 - No mode defined for component null
2026-07-29 09:42:50,286 [WARN] ModelIntegratedComponent:63 - No mode defined for component null
2026-07-29 09:42:50,286 [WARN] ModelIntegratedComponent:63 - No mode defined for component null
2026-07-29 09:42:50,286 [WARN] ModelIntegratedComponent:63 - No mode defined for component null
2026-07-29 09:42:50,286 [WARN] ModelIntegratedComponent:63 - No mode defined for component null
2026-07-29 09:42:50,286 [WARN] ModelIntegratedComponent:63 - No mode defined for component null
2026-07-29 09:42:50,286 [WARN] ModelIntegratedComponent:63 - No mode defined for component null
2026-07-29 09:42:50,286 [WARN] ModelIntegratedComponent:63 - No mode defined for component null
2026-07-29 09:42:50,286 [WARN] ModelIntegratedComponent:63 - No mode defined for component null
2026-07-29 09:42:50,286 [WARN] ModelIntegratedComponent:63 - No mode defined for component null
2026-07-29 09:42:50,286 [WARN] ModelPack:524 - Component already loaded: STMicroelectronics:HAL Drivers:0.0.0:STMicroelectronics:Device:STMicro_Driver:XSPI:HAL::0.0.1:HAL_XSPI
2026-07-29 09:42:50,349 [INFO] ThirdPartyModel:298 - Start build external matchings
2026-07-29 09:42:50,782 [INFO] ThirdPartyModel:316 - End build external matchings
2026-07-29 09:42:50,821 [WARN] IP:2250 - MaxTran not found: check if there is a RefParameter without a condition.
2026-07-29 09:42:50,821 [WARN] IP:2250 - Refresh not found: check if there is a RefParameter without a condition.
2026-07-29 09:42:50,822 [INFO] ImportTextPane:234 - (OptionalMessage_ERROR) IP (RCC) : Invalid parameter (FamilyName)
2026-07-29 09:42:51,296 [INFO] UtilMem:75 - End LoadConfig() Used Memory: 818123808 Bytes (1073741824)
2026-07-29 09:42:51,479 [WARN] ThirdParty:833 - waiting for thirdparty lock release [change project]
2026-07-29 09:42:51,480 [INFO] ThirdParty:835 - entering critical section [change project]
2026-07-29 09:42:51,480 [INFO] ThirdParty:1030 - CMSIS Pack Vendor :STMicroelectronics X-CUBE-AZRTOS-H7 3.5.0
2026-07-29 09:42:51,480 [INFO] ThirdParty:1030 - CMSIS Pack Vendor :STMicroelectronics X-CUBE-PM33A1 1.0.0
2026-07-29 09:42:51,480 [INFO] ThirdParty:1030 - CMSIS Pack Vendor :STMicroelectronics USBPD 4.1
2026-07-29 09:42:51,480 [INFO] ThirdParty:1030 - CMSIS Pack Vendor :STMicroelectronics X-CUBE-NFC9 1.0.0
2026-07-29 09:42:51,480 [INFO] ThirdParty:1030 - CMSIS Pack Vendor :STMicroelectronics USB_HOST 2.0.0
2026-07-29 09:42:51,480 [INFO] ThirdParty:1030 - CMSIS Pack Vendor :STMicroelectronics FP-ATR-ASTRA1 2.0.3
2026-07-29 09:42:51,481 [INFO] ThirdParty:1030 - CMSIS Pack Vendor :STMicroelectronics X-CUBE-AZRTOS-F4 1.1.0
2026-07-29 09:42:51,481 [INFO] ThirdParty:1030 - CMSIS Pack Vendor :STMicroelectronics LIBJPEG 8.0.0
2026-07-29 09:42:51,481 [INFO] ThirdParty:1030 - CMSIS Pack Vendor :STMicroelectronics X-CUBE-BLE1 7.1.0
2026-07-29 09:42:51,481 [INFO] ThirdParty:1030 - CMSIS Pack Vendor :wolfSSL I-CUBE-wolfMQTT 1.19.2
2026-07-29 09:42:51,483 [INFO] ThirdParty:1030 - CMSIS Pack Vendor :STMicroelectronics USB_DEVICE 3.0.0
2026-07-29 09:42:51,483 [INFO] ThirdParty:1030 - CMSIS Pack Vendor :STMicroelectronics X-CUBE-ISPU 2.1.0
2026-07-29 09:42:51,483 [INFO] ThirdParty:1030 - CMSIS Pack Vendor :STMicroelectronics X-CUBE-EEPRMA1 5.2.0
2026-07-29 09:42:51,484 [INFO] ThirdParty:1030 - CMSIS Pack Vendor :STMicroelectronics X-CUBE-IPS 3.2.0
2026-07-29 09:42:51,484 [INFO] ThirdParty:1030 - CMSIS Pack Vendor :STMicroelectronics eDS-WB_DPC_TT-BIDIR 2.1.1
2026-07-29 09:42:51,484 [INFO] ThirdParty:1030 - CMSIS Pack Vendor :STMicroelectronics X-CUBE-AZRTOS-WB 2.0.0
2026-07-29 09:42:51,484 [INFO] ThirdParty:1030 - CMSIS Pack Vendor :STMicroelectronics X-CUBE-NFC12 1.0.0
2026-07-29 09:42:51,484 [INFO] ThirdParty:1030 - CMSIS Pack Vendor :STMicroelectronics X-CUBE-AZRTOS-F7 1.1.0
2026-07-29 09:42:51,484 [INFO] ThirdParty:1030 - CMSIS Pack Vendor :STMicroelectronics X-CUBE-AZRTOS-L5 2.0.0
2026-07-29 09:42:51,484 [INFO] ThirdParty:1030 - CMSIS Pack Vendor :STMicroelectronics USB_DEVICE 2.0.0
2026-07-29 09:42:51,484 [INFO] ThirdParty:1030 - CMSIS Pack Vendor :STMicroelectronics X-CUBE-FREERTOS 1.6.0
2026-07-29 09:42:51,484 [INFO] ThirdParty:1030 - CMSIS Pack Vendor :STMicroelectronics FP-SNS-STAIOTCFT 1.1.0
2026-07-29 09:42:51,484 [INFO] ThirdParty:1030 - CMSIS Pack Vendor :quantropi X-CUBE-qispace-sdk-base 2.1.0
2026-07-29 09:42:51,484 [INFO] ThirdParty:1030 - CMSIS Pack Vendor :STMicroelectronics X-CUBE-STSE01 2.0.0
2026-07-29 09:42:51,486 [INFO] ThirdParty:1030 - CMSIS Pack Vendor :STMicroelectronics X-CUBE-ALGOBUILD 1.5.0
2026-07-29 09:42:51,486 [INFO] ThirdParty:1030 - CMSIS Pack Vendor :STMicroelectronics FP-SNS-MOTENV1 5.1.0
2026-07-29 09:42:51,486 [INFO] ThirdParty:1030 - CMSIS Pack Vendor :STMicroelectronics FreeRTOS 0.0.1
2026-07-29 09:42:51,486 [INFO] ThirdParty:1030 - CMSIS Pack Vendor :STMicroelectronics X-CUBE-AZRTOS-H7RS 1.3.0
2026-07-29 09:42:51,486 [INFO] ThirdParty:1030 - CMSIS Pack Vendor :STMicroelectronics X-CUBE-AZRTOS-G0 1.1.0
2026-07-29 09:42:51,486 [INFO] ThirdParty:1030 - CMSIS Pack Vendor :STMicroelectronics X-CUBE-NFC4 3.0.0
2026-07-29 09:42:51,486 [INFO] ThirdParty:1030 - CMSIS Pack Vendor :STMicroelectronics X-CUBE-SUBG2 5.0.0
2026-07-29 09:42:51,486 [INFO] ThirdParty:1030 - CMSIS Pack Vendor :STMicroelectronics STM32_WPAN 1.0.0
2026-07-29 09:42:51,486 [INFO] ThirdParty:1030 - CMSIS Pack Vendor :STMicroelectronics eDS-WB_DPC_VIENNA 1.2.0
2026-07-29 09:42:51,486 [INFO] ThirdParty:1030 - CMSIS Pack Vendor :EmbeddedOffice I-CUBE-FS-RTOS 1.0.1
2026-07-29 09:42:51,486 [INFO] ThirdParty:1030 - CMSIS Pack Vendor :STMicroelectronics lwIP 2.0.3
2026-07-29 09:42:51,486 [INFO] ThirdParty:1030 - CMSIS Pack Vendor :WES I-CUBE-Cesium 1.4.0
2026-07-29 09:42:51,486 [INFO] ThirdParty:1030 - CMSIS Pack Vendor :STMicroelectronics X-CUBE-MEMS1 13.0.0
2026-07-29 09:42:51,486 [INFO] ThirdParty:1030 - CMSIS Pack Vendor :STMicroelectronics eDS-WB_DPC_3PH2L-BIDIR 1.1.1
2026-07-29 09:42:51,486 [INFO] ThirdParty:1030 - CMSIS Pack Vendor :STMicroelectronics USB_HOST 1.0.0
2026-07-29 09:42:51,486 [INFO] ThirdParty:1030 - CMSIS Pack Vendor :STMicroelectronics X-CUBE-AZRTOS-G4 2.0.0
2026-07-29 09:42:51,486 [INFO] ThirdParty:1030 - CMSIS Pack Vendor :STMicroelectronics PDM2PCM 3.1.0
2026-07-29 09:42:51,486 [INFO] ThirdParty:1030 - CMSIS Pack Vendor :STMicroelectronics PDM2PCM 3.3.0
2026-07-29 09:42:51,486 [INFO] ThirdParty:1030 - CMSIS Pack Vendor :wolfSSL I-CUBE-wolfTPM 3.8.0
2026-07-29 09:42:51,486 [INFO] ThirdParty:1030 - CMSIS Pack Vendor :STMicroelectronics X-CUBE-DISPLAY 3.0.0
2026-07-29 09:42:51,486 [INFO] ThirdParty:1030 - CMSIS Pack Vendor :wolfSSL I-CUBE-wolfSSH 1.4.20
2026-07-29 09:42:51,486 [INFO] ThirdParty:1030 - CMSIS Pack Vendor :STMicroelectronics X-CUBE-NFC7 2.0.0
2026-07-29 09:42:51,486 [INFO] ThirdParty:1030 - CMSIS Pack Vendor :STMicroelectronics X-CUBE-GNSS1 7.1.1
2026-07-29 09:42:51,486 [INFO] ThirdParty:1030 - CMSIS Pack Vendor :STMicroelectronics FP-SNS-MOTENVWB1 1.5.0
2026-07-29 09:42:51,486 [INFO] ThirdParty:1030 - CMSIS Pack Vendor :STMicroelectronics X-CUBE-TCPP 4.2.0
2026-07-29 09:42:51,486 [INFO] ThirdParty:1030 - CMSIS Pack Vendor :RealThread X-CUBE-RT-Thread_Nano 4.1.1
2026-07-29 09:42:51,486 [INFO] ThirdParty:1030 - CMSIS Pack Vendor :STMicroelectronics FP-ATR-SIGFOX1 3.2.0
2026-07-29 09:42:51,486 [INFO] ThirdParty:1030 - CMSIS Pack Vendor :STMicroelectronics X-CUBE-NFC10 1.0.0
2026-07-29 09:42:51,486 [INFO] ThirdParty:1030 - CMSIS Pack Vendor :STMicroelectronics HAL Drivers 0.0.0
2026-07-29 09:42:51,487 [INFO] ThirdParty:1030 - CMSIS Pack Vendor :STMicroelectronics MBEDTLS 2.16.2
2026-07-29 09:42:51,487 [INFO] ThirdParty:1030 - CMSIS Pack Vendor :STMicroelectronics X-CUBE-ST60 1.1.0
2026-07-29 09:42:51,487 [INFO] ThirdParty:1030 - CMSIS Pack Vendor :STMicroelectronics X-CUBE-ALS 1.0.2
2026-07-29 09:42:51,487 [INFO] ThirdParty:1030 - CMSIS Pack Vendor :emotas I-CUBE-CANOPEN 1.3.0
2026-07-29 09:42:51,487 [INFO] ThirdParty:1030 - CMSIS Pack Vendor :wolfSSL I-CUBE-wolfSSL 5.9.2
2026-07-29 09:42:51,487 [INFO] ThirdParty:1030 - CMSIS Pack Vendor :STMicroelectronics MBEDTLS 2.14.1
2026-07-29 09:42:51,487 [INFO] ThirdParty:1030 - CMSIS Pack Vendor :ITTIA_DB I-CUBE-ITTIADB 8.9.0
2026-07-29 09:42:51,487 [INFO] ThirdParty:1030 - CMSIS Pack Vendor :Cesanta I-CUBE-Mongoose 7.21.7
2026-07-29 09:42:51,487 [INFO] ThirdParty:1030 - CMSIS Pack Vendor :STMicroelectronics X-CUBE-TOUCHGFX 4.26.1
2026-07-29 09:42:51,487 [INFO] ThirdParty:1030 - CMSIS Pack Vendor :STMicroelectronics X-CUBE-NFC6 3.2.0
2026-07-29 09:42:51,487 [INFO] ThirdParty:1030 - CMSIS Pack Vendor :STMicroelectronics FP-SNS-STBOX1 2.1.0
2026-07-29 09:42:51,487 [INFO] ThirdParty:1030 - CMSIS Pack Vendor :STMicroelectronics X-CUBE-AI 10.2.1
2026-07-29 09:42:51,487 [INFO] ThirdParty:1030 - CMSIS Pack Vendor :STMicroelectronics ThreadX 1.0.0
2026-07-29 09:42:51,487 [INFO] ThirdParty:1030 - CMSIS Pack Vendor :STMicroelectronics FP-SNS-SMARTAG2 1.2.0
2026-07-29 09:42:51,487 [INFO] ThirdParty:1030 - CMSIS Pack Vendor :STMicroelectronics FP-SNS-FLIGHT1 5.1.0
2026-07-29 09:42:51,487 [INFO] ThirdParty:1030 - CMSIS Pack Vendor :STMicroelectronics X-CUBE-AZRTOS-WL 2.0.0
2026-07-29 09:42:51,487 [INFO] ThirdParty:1030 - CMSIS Pack Vendor :SEGGER I-CUBE-embOS 1.3.1
2026-07-29 09:42:51,487 [INFO] ThirdParty:1030 - CMSIS Pack Vendor :STMicroelectronics X-CUBE-DPower 1.3.0
2026-07-29 09:42:51,487 [INFO] ThirdParty:1030 - CMSIS Pack Vendor :STMicroelectronics USB_DEVICE 1.0.0
2026-07-29 09:42:51,487 [INFO] ThirdParty:1030 - CMSIS Pack Vendor :STMicroelectronics X-CUBE-AZRTOS-L4 2.0.0
2026-07-29 09:42:51,487 [INFO] ThirdParty:1030 - CMSIS Pack Vendor :STMicroelectronics ThreadX 0.0.2
2026-07-29 09:42:51,487 [INFO] ThirdParty:1030 - CMSIS Pack Vendor :STMicroelectronics lwIP 2.1.2
2026-07-29 09:42:51,487 [INFO] ThirdParty:1030 - CMSIS Pack Vendor :STMicroelectronics X-CUBE-SFXS2LP1 4.0.0
2026-07-29 09:42:51,487 [INFO] ThirdParty:1030 - CMSIS Pack Vendor :STMicroelectronics X-CUBE-BLE2 3.3.0
2026-07-29 09:42:51,487 [INFO] ThirdParty:1030 - CMSIS Pack Vendor :Avnet-IOTCONNECT X-CUBE-iotc-st67-sdk 1.0.0
2026-07-29 09:42:51,487 [INFO] ThirdParty:1030 - CMSIS Pack Vendor :STMicroelectronics X-CUBE-TOF1 3.4.3
2026-07-29 09:42:51,487 [INFO] ThirdParty:1030 - CMSIS Pack Vendor :Infineon AIROC-Wi-Fi-Bluetooth-STM32 1.8.0
2026-07-29 09:42:51,487 [INFO] ThirdParty:1030 - CMSIS Pack Vendor :STMicroelectronics X-CUBE-NFC13 1.0.0
2026-07-29 09:42:51,487 [INFO] ThirdParty:1030 - CMSIS Pack Vendor :STMicroelectronics PDM2PCM 3.2.0
2026-07-29 09:42:51,487 [INFO] ThirdParty:1030 - CMSIS Pack Vendor :STMicroelectronics X-CUBE-WB05N 2.1.0
2026-07-29 09:42:51,488 [INFO] ThirdParty:841 - exiting critical section [change project]
2026-07-29 09:42:52,213 [INFO] PinOutPanel:1589 - setPackage(No Configuration,No Configuration)
2026-07-29 09:42:52,217 [INFO] PinOutPanel:1589 - setPackage(STM32L4S5VITx,LQFP100)
2026-07-29 09:42:53,140 [INFO] UtilMem:75 - Before build in PCC Used Memory: 863257544 Bytes (1073741824)
2026-07-29 09:42:55,099 [INFO] UtilMem:75 - After build in PCC Used Memory: 804960520 Bytes (1073741824)
2026-07-29 09:42:55,143 [INFO] IPUIPlugin:80 - create IPUIPlugin
2026-07-29 09:42:55,143 [INFO] IPUIPlugin:80 - create IPUIPlugin
2026-07-29 09:42:55,143 [INFO] IPUIPlugin:80 - create IPUIPlugin
2026-07-29 09:42:55,143 [INFO] IPUIPlugin:80 - create IPUIPlugin
2026-07-29 09:42:55,143 [INFO] IPUIPlugin:80 - create IPUIPlugin
2026-07-29 09:42:55,144 [INFO] IPUIPlugin:80 - create IPUIPlugin
2026-07-29 09:42:55,144 [INFO] IPUIPlugin:80 - create IPUIPlugin
2026-07-29 09:42:55,144 [INFO] IPUIPlugin:80 - create IPUIPlugin
2026-07-29 09:42:55,144 [INFO] IPUIPlugin:80 - create IPUIPlugin
2026-07-29 09:42:55,144 [INFO] IPUIPlugin:80 - create IPUIPlugin
2026-07-29 09:42:55,144 [INFO] IPUIPlugin:80 - create IPUIPlugin
2026-07-29 09:42:55,144 [INFO] IPUIPlugin:80 - create IPUIPlugin
2026-07-29 09:42:55,144 [INFO] IPUIPlugin:80 - create IPUIPlugin
2026-07-29 09:42:55,144 [INFO] IPUIPlugin:80 - create IPUIPlugin
2026-07-29 09:42:55,145 [INFO] IPUIPlugin:80 - create IPUIPlugin
2026-07-29 09:42:55,145 [INFO] IPUIPlugin:80 - create IPUIPlugin
2026-07-29 09:42:55,145 [INFO] IPUIPlugin:80 - create IPUIPlugin
2026-07-29 09:42:55,145 [INFO] IPUIPlugin:80 - create IPUIPlugin
2026-07-29 09:42:55,145 [INFO] IPUIPlugin:80 - create IPUIPlugin
2026-07-29 09:42:55,145 [INFO] IPUIPlugin:80 - create IPUIPlugin
2026-07-29 09:42:55,145 [INFO] IPUIPlugin:80 - create IPUIPlugin
2026-07-29 09:42:55,145 [INFO] IPUIPlugin:80 - create IPUIPlugin
2026-07-29 09:42:55,146 [INFO] IPUIPlugin:80 - create IPUIPlugin
2026-07-29 09:42:55,146 [INFO] IPUIPlugin:80 - create IPUIPlugin
2026-07-29 09:42:55,146 [INFO] IPUIPlugin:80 - create IPUIPlugin
2026-07-29 09:42:55,146 [INFO] IPUIPlugin:80 - create IPUIPlugin
2026-07-29 09:42:55,146 [INFO] IPUIPlugin:80 - create IPUIPlugin
2026-07-29 09:42:55,147 [INFO] IPUIPlugin:80 - create IPUIPlugin
2026-07-29 09:42:55,147 [INFO] IPUIPlugin:80 - create IPUIPlugin
2026-07-29 09:42:55,147 [INFO] IPUIPlugin:80 - create IPUIPlugin
2026-07-29 09:42:55,147 [INFO] IPUIPlugin:80 - create IPUIPlugin
2026-07-29 09:42:55,147 [INFO] IPUIPlugin:80 - create IPUIPlugin
2026-07-29 09:42:55,148 [INFO] IPUIPlugin:80 - create IPUIPlugin
2026-07-29 09:42:55,148 [INFO] IPUIPlugin:80 - create IPUIPlugin
2026-07-29 09:42:55,148 [INFO] IPUIPlugin:80 - create IPUIPlugin
2026-07-29 09:42:55,148 [INFO] IPUIPlugin:80 - create IPUIPlugin
2026-07-29 09:42:55,149 [INFO] IPUIPlugin:80 - create IPUIPlugin
2026-07-29 09:42:55,149 [INFO] IPUIPlugin:80 - create IPUIPlugin
2026-07-29 09:42:55,149 [INFO] IPUIPlugin:80 - create IPUIPlugin
2026-07-29 09:42:55,149 [INFO] IPUIPlugin:80 - create IPUIPlugin
2026-07-29 09:42:55,149 [INFO] IPUIPlugin:80 - create IPUIPlugin
2026-07-29 09:42:55,150 [INFO] IPUIPlugin:80 - create IPUIPlugin
2026-07-29 09:42:55,150 [INFO] IPUIPlugin:80 - create IPUIPlugin
2026-07-29 09:42:55,150 [INFO] IPUIPlugin:80 - create IPUIPlugin
2026-07-29 09:42:55,150 [INFO] IPUIPlugin:80 - create IPUIPlugin
2026-07-29 09:42:55,151 [INFO] IPUIPlugin:80 - create IPUIPlugin
2026-07-29 09:42:55,151 [INFO] IPUIPlugin:80 - create IPUIPlugin
2026-07-29 09:42:55,151 [INFO] IPUIPlugin:80 - create IPUIPlugin
2026-07-29 09:42:55,151 [INFO] IPUIPlugin:80 - create IPUIPlugin
2026-07-29 09:42:55,151 [INFO] IPUIPlugin:80 - create IPUIPlugin
2026-07-29 09:42:55,152 [INFO] IPUIPlugin:80 - create IPUIPlugin
2026-07-29 09:42:55,152 [INFO] IPUIPlugin:80 - create IPUIPlugin
2026-07-29 09:42:55,152 [INFO] IPUIPlugin:80 - create IPUIPlugin
2026-07-29 09:42:55,153 [INFO] IPUIPlugin:80 - create IPUIPlugin
2026-07-29 09:42:55,153 [INFO] IPUIPlugin:80 - create IPUIPlugin
2026-07-29 09:42:55,153 [INFO] IPUIPlugin:80 - create IPUIPlugin
2026-07-29 09:42:55,154 [INFO] IPUIPlugin:80 - create IPUIPlugin
2026-07-29 09:42:55,154 [INFO] IPUIPlugin:80 - create IPUIPlugin
2026-07-29 09:42:55,154 [INFO] IPUIPlugin:80 - create IPUIPlugin
2026-07-29 09:42:55,155 [INFO] IPUIPlugin:80 - create IPUIPlugin
2026-07-29 09:42:55,155 [INFO] IPUIPlugin:80 - create IPUIPlugin
2026-07-29 09:42:55,155 [INFO] IPUIPlugin:80 - create IPUIPlugin
2026-07-29 09:42:55,156 [INFO] IPUIPlugin:80 - create IPUIPlugin
2026-07-29 09:42:55,565 [INFO] CADModel:165 - CPN selected for project levelSTM32L4S5VIT6
2026-07-29 09:42:55,566 [INFO] CADModel:114 - Register for checkConnection events
2026-07-29 09:42:55,620 [INFO] OpenFileManager:386 - Restore cursor
2026-07-29 09:42:56,177 [WARN] IP:2250 - MaxTran not found: check if there is a RefParameter without a condition.
2026-07-29 09:42:56,177 [WARN] IP:2250 - Refresh not found: check if there is a RefParameter without a condition.
2026-07-29 09:42:56,178 [WARN] IP:2250 - MaxTran not found: check if there is a RefParameter without a condition.
2026-07-29 09:42:56,178 [WARN] IP:2250 - Refresh not found: check if there is a RefParameter without a condition.
2026-07-29 09:42:57,438 [INFO] UtilMem:75 - End SaveConfig() Used Memory: 907536872 Bytes (1073741824)
2026-07-29 09:42:57,592 [INFO] UtilMem:75 - End SaveConfig() Used Memory: 925824752 Bytes (1073741824)
2026-07-29 09:42:58,357 [INFO] BlockDiagram:2775 - set Specific Code input for plugin: SPI
2026-07-29 09:42:58,357 [INFO] BlockDiagram:2775 - set Specific Code input for plugin: SPI
2026-07-29 09:42:58,357 [INFO] BlockDiagram:2775 - set Specific Code input for plugin: DFSDM
2026-07-29 09:42:58,357 [INFO] BlockDiagram:2775 - set Specific Code input for plugin: SYS
2026-07-29 09:42:58,357 [INFO] BlockDiagram:2775 - set Specific Code input for plugin: ADC
2026-07-29 09:42:58,357 [INFO] BlockDiagram:2775 - set Specific Code input for plugin: RCC
2026-07-29 09:42:58,357 [INFO] BlockDiagram:2775 - set Specific Code input for plugin: I2C
2026-07-29 09:42:58,357 [INFO] BlockDiagram:2775 - set Specific Code input for plugin: I2C
2026-07-29 09:42:58,357 [INFO] BlockDiagram:2775 - set Specific Code input for plugin: USB_OTG_FS
2026-07-29 09:42:58,357 [INFO] BlockDiagram:2775 - set Specific Code input for plugin: NVIC
2026-07-29 09:42:58,357 [INFO] BlockDiagram:2775 - set Specific Code input for plugin: USART
2026-07-29 09:42:58,357 [INFO] BlockDiagram:2775 - set Specific Code input for plugin: USART
2026-07-29 09:42:58,357 [INFO] BlockDiagram:2775 - set Specific Code input for plugin: USART
2026-07-29 09:42:58,357 [INFO] BlockDiagram:2775 - set Specific Code input for plugin: OCTOSPI
2026-07-29 09:42:58,357 [INFO] BlockDiagram:2775 - set Specific Code input for plugin: UART
2026-07-29 09:42:58,358 [INFO] BlockDiagram:2775 - set Specific Code input for plugin: GPIO
2026-07-29 09:42:58,359 [INFO] CodeGenerator:892 - code generatio: config db path: C:\ST\STM32CubeIDE_1.19.0\STM32CubeIDE\plugins\com.st.stm32cube.common.mx_6.15.0.202507011659\\db\
2026-07-29 09:42:58,428 [WARN] IP:2250 - MaxTran not found: check if there is a RefParameter without a condition.
2026-07-29 09:42:58,428 [WARN] IP:2250 - Refresh not found: check if there is a RefParameter without a condition.
2026-07-29 09:42:58,714 [INFO] CodeEngine:265 - oldGeneratedFile, D:\Anusha_TinyML_FDP\TinyML_Workshop_Nitte-\STM32\Interfacing_BH1750\MXTmpFiles\license.tmp_save
2026-07-29 09:42:59,226 [INFO] CodeEngine:289 - Generated code: D:\Anusha_TinyML_FDP\TinyML_Workshop_Nitte-\STM32\Interfacing_BH1750\MXTmpFiles\license.tmp
2026-07-29 09:42:59,617 [INFO] CodeEngine:265 - oldGeneratedFile, D:\Anusha_TinyML_FDP\TinyML_Workshop_Nitte-\STM32\Interfacing_BH1750\MXTmpFiles\gpio.tmp_save
2026-07-29 09:42:59,872 [INFO] CodeEngine:289 - Generated code: D:\Anusha_TinyML_FDP\TinyML_Workshop_Nitte-\STM32\Interfacing_BH1750\MXTmpFiles\gpio.tmp
2026-07-29 09:43:02,912 [WARN] IPConfigManager:103 - WARNING: Missing Config File for USB ip!!
2026-07-29 09:43:03,109 [WARN] IPConfigManager:3238 - Warning: the RefConfig PWREx_EnableUSBVoltageDetector is not available in your config.xml file
2026-07-29 09:43:03,143 [INFO] CodeEngine:265 - oldGeneratedFile, D:\Anusha_TinyML_FDP\TinyML_Workshop_Nitte-\STM32\Interfacing_BH1750\Core\Src\stm32l4xx_it.c_save
2026-07-29 09:43:03,313 [INFO] CodeEngine:289 - Generated code: D:\Anusha_TinyML_FDP\TinyML_Workshop_Nitte-\STM32\Interfacing_BH1750\Core\Src\stm32l4xx_it.c
2026-07-29 09:43:03,319 [INFO] CodeEngine:265 - oldGeneratedFile, D:\Anusha_TinyML_FDP\TinyML_Workshop_Nitte-\STM32\Interfacing_BH1750\Core\Inc\stm32l4xx_it.h_save
2026-07-29 09:43:03,408 [INFO] CodeEngine:289 - Generated code: D:\Anusha_TinyML_FDP\TinyML_Workshop_Nitte-\STM32\Interfacing_BH1750\Core\Inc\stm32l4xx_it.h
2026-07-29 09:43:03,428 [INFO] CodeEngine:265 - oldGeneratedFile, D:\Anusha_TinyML_FDP\TinyML_Workshop_Nitte-\STM32\Interfacing_BH1750\Core\Src\stm32l4xx_hal_msp.c_save
2026-07-29 09:43:03,690 [INFO] CodeEngine:289 - Generated code: D:\Anusha_TinyML_FDP\TinyML_Workshop_Nitte-\STM32\Interfacing_BH1750\Core\Src\stm32l4xx_hal_msp.c
2026-07-29 09:43:03,695 [INFO] CodeEngine:265 - oldGeneratedFile, D:\Anusha_TinyML_FDP\TinyML_Workshop_Nitte-\STM32\Interfacing_BH1750\MXTmpFiles\system.tmp_save
2026-07-29 09:43:03,793 [INFO] CodeEngine:289 - Generated code: D:\Anusha_TinyML_FDP\TinyML_Workshop_Nitte-\STM32\Interfacing_BH1750\MXTmpFiles\system.tmp
2026-07-29 09:43:03,807 [INFO] CodeEngine:321 - oldGeneratedFile, D:\Anusha_TinyML_FDP\TinyML_Workshop_Nitte-\STM32\Interfacing_BH1750\Core\Inc\stm32l4xx_hal_conf.h_save
2026-07-29 09:43:03,898 [INFO] CodeEngine:345 - Generated code: D:\Anusha_TinyML_FDP\TinyML_Workshop_Nitte-\STM32\Interfacing_BH1750\Core\Inc\stm32l4xx_hal_conf.h
2026-07-29 09:43:03,965 [INFO] ApiDbMcu:532 - Load IP Config File for ADC1
2026-07-29 09:43:03,984 [INFO] ApiDbMcu:532 - Load IP Config File for DFSDM1
2026-07-29 09:43:03,991 [INFO] ApiDbMcu:532 - Load IP Config File for I2C1
2026-07-29 09:43:03,995 [INFO] ApiDbMcu:532 - Load IP Config File for I2C2
2026-07-29 09:43:04,000 [INFO] ApiDbMcu:532 - Load IP Config File for OCTOSPI1
2026-07-29 09:43:04,004 [INFO] ApiDbMcu:532 - Load IP Config File for SPI1
2026-07-29 09:43:04,008 [INFO] ApiDbMcu:532 - Load IP Config File for SPI3
2026-07-29 09:43:04,023 [INFO] ApiDbMcu:532 - Load IP Config File for UART4
2026-07-29 09:43:04,037 [INFO] ApiDbMcu:532 - Load IP Config File for USART1
2026-07-29 09:43:04,052 [INFO] ApiDbMcu:532 - Load IP Config File for USART2
2026-07-29 09:43:04,078 [INFO] ApiDbMcu:532 - Load IP Config File for USART3
2026-07-29 09:43:04,080 [ERROR] ApiDbMcu:560 - Cannot parse USB_OTG_FS_Config file : file do not exist
2026-07-29 09:43:04,080 [ERROR] ApiDbMcu:560 - Cannot parse USB_OTG_FS_Config file : file do not exist
2026-07-29 09:43:04,088 [INFO] ApiDbMcu:532 - Load IP Config File for RCC
2026-07-29 09:43:04,095 [WARN] IPConfigManager:3811 - IP not found : USB_OTG
2026-07-29 09:43:04,097 [WARN] CodeGenerator:4259 - IP not found : null
2026-07-29 09:43:04,106 [INFO] CodeEngine:265 - oldGeneratedFile, D:\Anusha_TinyML_FDP\TinyML_Workshop_Nitte-\STM32\Interfacing_BH1750\Core\Inc\main.h_save
2026-07-29 09:43:04,263 [INFO] CodeEngine:289 - Generated code: D:\Anusha_TinyML_FDP\TinyML_Workshop_Nitte-\STM32\Interfacing_BH1750\Core\Inc\main.h
2026-07-29 09:43:04,269 [INFO] CodeEngine:265 - oldGeneratedFile, D:\Anusha_TinyML_FDP\TinyML_Workshop_Nitte-\STM32\Interfacing_BH1750\Core\Src\main.c_save
2026-07-29 09:43:04,553 [INFO] CodeEngine:289 - Generated code: D:\Anusha_TinyML_FDP\TinyML_Workshop_Nitte-\STM32\Interfacing_BH1750\Core\Src\main.c
2026-07-29 09:43:05,021 [INFO] ProjectBuilder:3606 - Time for Copy HAL[1] : 182mS.
2026-07-29 09:43:05,032 [INFO] ProjectBuilder:5216 - Project Generator version: 4.7.0-B52
2026-07-29 09:43:05,131 [INFO] ConfigFileManager:1595 - The Die is : DIE470
2026-07-29 09:43:05,170 [INFO] ApiDbMcu:532 - Load IP Config File for FATFS
2026-07-29 09:43:05,177 [INFO] ApiDbMcu:532 - Load IP Config File for FREERTOS
2026-07-29 09:43:05,194 [INFO] ApiDbMcu:532 - Load IP Config File for TOUCHSENSING
2026-07-29 09:43:05,205 [INFO] ApiDbMcu:532 - Load IP Config File for USB_DEVICE
2026-07-29 09:43:05,212 [INFO] ApiDbMcu:532 - Load IP Config File for USB_HOST
2026-07-29 09:43:05,729 [INFO] LogOutputStream:77 - [STDOUT_REDIRECT] 
2026-07-29 09:43:09,227 [INFO] ProjectBuilder:5496 - Time for Generating toolchain IDE Files: 4195mS.
2026-07-29 09:43:09,228 [INFO] ProjectBuilder:3463 - Time for Copy CMSIS : 1mS.
2026-07-29 09:43:09,230 [INFO] ProjectBuilder:3463 - Time for Copy CMSIS : 0mS.
2026-07-29 09:43:10,287 [INFO] McuFinderGlobals:76 - Set McuFinderConnectedMode to true
2026-07-29 09:43:10,291 [INFO] ApiDb:448 - Save user favorites file C:\Users\ADMIN/.stm32cubeide/favorites.mcus.txt: 0 item(s)
2026-07-29 09:43:10,291 [INFO] ApiDb:452 - User favorites MCUs=[]
2026-07-29 09:43:10,294 [INFO] ApiDb:448 - Save user favorites file C:\Users\ADMIN/.stm32cubeide/favorites.boards.txt: 0 item(s)
2026-07-29 09:43:10,294 [INFO] ApiDb:452 - User favorites Boards=[]
2026-07-29 09:48:40,313 [INFO] I2cTimingTraitement:330 - 0x30A175AB
2026-07-29 09:51:17,069 [INFO] UtilMem:75 - End SaveConfig() Used Memory: 996947272 Bytes (1073741824)
2026-07-29 09:51:19,345 [INFO] UtilMem:75 - End SaveConfig() Used Memory: 806225160 Bytes (1073741824)
2026-07-29 09:51:22,174 [INFO] UtilMem:75 - End SaveConfig() Used Memory: 908445224 Bytes (1073741824)
2026-07-29 09:51:22,566 [INFO] BlockDiagram:2775 - set Specific Code input for plugin: SYS
2026-07-29 09:51:22,567 [INFO] BlockDiagram:2775 - set Specific Code input for plugin: RCC
2026-07-29 09:51:22,567 [INFO] BlockDiagram:2775 - set Specific Code input for plugin: I2C
2026-07-29 09:51:22,567 [INFO] BlockDiagram:2775 - set Specific Code input for plugin: NVIC
2026-07-29 09:51:22,567 [INFO] BlockDiagram:2775 - set Specific Code input for plugin: USART
2026-07-29 09:51:22,568 [INFO] BlockDiagram:2775 - set Specific Code input for plugin: GPIO
2026-07-29 09:51:22,569 [INFO] CodeGenerator:892 - code generatio: config db path: C:\ST\STM32CubeIDE_1.19.0\STM32CubeIDE\plugins\com.st.stm32cube.common.mx_6.15.0.202507011659\\db\
2026-07-29 09:51:22,670 [INFO] CodeEngine:265 - oldGeneratedFile, D:\Anusha_TinyML_FDP\TinyML_Workshop_Nitte-\STM32\Interfacing_BH1750\MXTmpFiles\license.tmp_save
2026-07-29 09:51:22,992 [INFO] CodeEngine:289 - Generated code: D:\Anusha_TinyML_FDP\TinyML_Workshop_Nitte-\STM32\Interfacing_BH1750\MXTmpFiles\license.tmp
2026-07-29 09:51:23,019 [INFO] CodeEngine:265 - oldGeneratedFile, D:\Anusha_TinyML_FDP\TinyML_Workshop_Nitte-\STM32\Interfacing_BH1750\MXTmpFiles\gpio.tmp_save
2026-07-29 09:51:23,192 [INFO] CodeEngine:289 - Generated code: D:\Anusha_TinyML_FDP\TinyML_Workshop_Nitte-\STM32\Interfacing_BH1750\MXTmpFiles\gpio.tmp
2026-07-29 09:51:23,275 [INFO] CodeEngine:265 - oldGeneratedFile, D:\Anusha_TinyML_FDP\TinyML_Workshop_Nitte-\STM32\Interfacing_BH1750\Core\Src\stm32l4xx_it.c_save
2026-07-29 09:51:23,576 [INFO] CodeEngine:289 - Generated code: D:\Anusha_TinyML_FDP\TinyML_Workshop_Nitte-\STM32\Interfacing_BH1750\Core\Src\stm32l4xx_it.c
2026-07-29 09:51:23,583 [INFO] CodeEngine:265 - oldGeneratedFile, D:\Anusha_TinyML_FDP\TinyML_Workshop_Nitte-\STM32\Interfacing_BH1750\Core\Inc\stm32l4xx_it.h_save
2026-07-29 09:51:23,687 [INFO] CodeEngine:289 - Generated code: D:\Anusha_TinyML_FDP\TinyML_Workshop_Nitte-\STM32\Interfacing_BH1750\Core\Inc\stm32l4xx_it.h
2026-07-29 09:51:23,702 [INFO] CodeEngine:265 - oldGeneratedFile, D:\Anusha_TinyML_FDP\TinyML_Workshop_Nitte-\STM32\Interfacing_BH1750\Core\Src\stm32l4xx_hal_msp.c_save
2026-07-29 09:51:23,923 [INFO] CodeEngine:289 - Generated code: D:\Anusha_TinyML_FDP\TinyML_Workshop_Nitte-\STM32\Interfacing_BH1750\Core\Src\stm32l4xx_hal_msp.c
2026-07-29 09:51:23,930 [INFO] CodeEngine:265 - oldGeneratedFile, D:\Anusha_TinyML_FDP\TinyML_Workshop_Nitte-\STM32\Interfacing_BH1750\MXTmpFiles\system.tmp_save
2026-07-29 09:51:24,030 [INFO] CodeEngine:289 - Generated code: D:\Anusha_TinyML_FDP\TinyML_Workshop_Nitte-\STM32\Interfacing_BH1750\MXTmpFiles\system.tmp
2026-07-29 09:51:24,042 [INFO] CodeEngine:321 - oldGeneratedFile, D:\Anusha_TinyML_FDP\TinyML_Workshop_Nitte-\STM32\Interfacing_BH1750\Core\Inc\stm32l4xx_hal_conf.h_save
2026-07-29 09:51:24,151 [INFO] CodeEngine:345 - Generated code: D:\Anusha_TinyML_FDP\TinyML_Workshop_Nitte-\STM32\Interfacing_BH1750\Core\Inc\stm32l4xx_hal_conf.h
2026-07-29 09:51:24,178 [INFO] CodeEngine:265 - oldGeneratedFile, D:\Anusha_TinyML_FDP\TinyML_Workshop_Nitte-\STM32\Interfacing_BH1750\Core\Inc\main.h_save
2026-07-29 09:51:24,362 [INFO] CodeEngine:289 - Generated code: D:\Anusha_TinyML_FDP\TinyML_Workshop_Nitte-\STM32\Interfacing_BH1750\Core\Inc\main.h
2026-07-29 09:51:24,369 [INFO] CodeEngine:265 - oldGeneratedFile, D:\Anusha_TinyML_FDP\TinyML_Workshop_Nitte-\STM32\Interfacing_BH1750\Core\Src\main.c_save
2026-07-29 09:51:24,544 [INFO] CodeEngine:289 - Generated code: D:\Anusha_TinyML_FDP\TinyML_Workshop_Nitte-\STM32\Interfacing_BH1750\Core\Src\main.c
2026-07-29 09:51:24,892 [INFO] ProjectBuilder:3606 - Time for Copy HAL[1] : 156mS.
2026-07-29 09:51:24,898 [INFO] ProjectBuilder:5216 - Project Generator version: 4.7.0-B52
2026-07-29 09:51:24,998 [INFO] ConfigFileManager:1595 - The Die is : DIE470
2026-07-29 09:51:26,434 [INFO] ProjectBuilder:5496 - Time for Generating toolchain IDE Files: 1535mS.
2026-07-29 09:51:26,435 [INFO] ProjectBuilder:3463 - Time for Copy CMSIS : 1mS.
2026-07-29 09:51:26,437 [INFO] ProjectBuilder:3463 - Time for Copy CMSIS : 0mS.
2026-07-29 11:49:01,225 [INFO] MainUpdater:2872 - connection check result : 10
2026-07-29 11:49:01,226 [INFO] McuFinderGlobals:76 - Set McuFinderConnectedMode to true
2026-07-29 11:49:01,540 [INFO] ServerAccessManage:452 - Complete download http(s) 200
2026-07-29 11:49:01,541 [INFO] ServerAccessManage:509 - Download File mcusAds.json._tmp_
2026-07-29 11:49:01,678 [INFO] LoadUrlFilesThread:156 - End of LoadUrlFiles Thread
2026-07-29 11:49:01,977 [INFO] ServerAccessManage:452 - Complete download http(s) 200
2026-07-29 11:49:01,978 [INFO] ServerAccessManage:509 - Download File cube-finder-db.zip
2026-07-29 11:49:48,014 [INFO] FileExtend:248 - Unzip File : cube-finder-db.zip
2026-07-29 11:49:48,014 [INFO] FileExtend:263 - Standard Zip Deflate
2026-07-29 11:49:49,329 [INFO] LoadUrlFilesThread:156 - End of LoadUrlFiles Thread
2026-07-29 11:50:10,781 [ERROR] ServerAccessManage:1295 - Problem during Server Connection :  IO error Connection timed out: getsockopt
2026-07-29 11:50:10,782 [ERROR] ServerAccessManage:740 - Problem during Server Connection :  : crdb.zip.
2026-07-29 11:50:13,704 [INFO] LoadUrlFilesThread:156 - End of LoadUrlFiles Thread
2026-07-29 11:50:15,278 [INFO] DbMcusAds:53 - JSON generation date=Wed Jul 15 15:16:00 IST 2026 (1784108760991)
2026-07-29 11:50:15,282 [INFO] ApiDb:448 - Save user favorites file C:\Users\ADMIN/.stm32cubeide/favorites.mcus.txt: 0 item(s)
2026-07-29 11:50:15,283 [INFO] ApiDb:452 - User favorites MCUs=[]
2026-07-29 11:50:15,291 [INFO] ApiDb:581 - Connected to CubeFinder SQLite database (C:\Users\ADMIN\.stmcufinder\plugins\mcufinder\mcu\cube-finder-db.db)
2026-07-29 11:50:15,409 [INFO] ApiDb:668 - CubeFinder database Data Model version=2.1
2026-07-29 11:50:15,409 [INFO] ApiDb:669 - CubeFinder database Configuration version=3.0.42
2026-07-29 11:50:15,410 [INFO] ApiDb:670 - CubeFinder database generation date=2026-06-23 (1782213372)
2026-07-29 11:50:15,410 [INFO] ApiDb:671 - CubeFinder database FW Pack versions=[FP-ATR-ASTRA1_V2.0.0, FP-SNS-FLIGHT1_V5.1.0, FP-SNS-MOTENV1_V5.1.0, FP-SNS-MOTENVWB1_V1.5.0, FP-SNS-SMARTAG2_V1.2.0, FP-SNS-STBOX1_V2.1.0, STM32Cube_FW_C0_V1.4.0, STM32Cube_FW_F4_V1.28.3, STM32Cube_FW_F7_V1.17.4, STM32Cube_FW_G0_V1.6.3, STM32Cube_FW_G4_V1.6.2, STM32Cube_FW_H5_V1.7.0, STM32Cube_FW_H7RS_V1.3.0, STM32Cube_FW_H7_V1.13.0, STM32Cube_FW_L0_V1.12.2, STM32Cube_FW_L4_V1.18.2, STM32Cube_FW_L5_V1.6.0, STM32Cube_FW_N6_V1.4.0, STM32Cube_FW_U0_V1.3.0, STM32Cube_FW_U3_V1.4.0, STM32Cube_FW_U5_V1.9.0, STM32Cube_FW_WB0_V1.5.0, STM32Cube_FW_WBA_V1.10.0, STM32Cube_FW_WB_V1.24.0, STM32Cube_FW_WL3_V1.5.0, STM32Cube_FW_WL_V1.6.0, X-CUBE-ALGOBUILD_V1.5.0, X-CUBE-ALS_V1.0.2, X-CUBE-AZRTOS-F4_V1.1.0, X-CUBE-AZRTOS-F7_V1.1.0, X-CUBE-AZRTOS-G0_V1.1.0, X-CUBE-AZRTOS-G4_V2.0.0, X-CUBE-AZRTOS-H7RS_V1.1.0, X-CUBE-AZRTOS-H7_V3.5.0, X-CUBE-AZRTOS-L4_V2.0.0, X-CUBE-AZRTOS-L5_V2.0.0, X-CUBE-AZRTOS-WB_V2.0.0, X-CUBE-AZRTOS-WL_V2.0.0, X-CUBE-BLE1_V7.1.0, X-CUBE-BLE2_V3.3.0, X-CUBE-BLEMGR_V4.1.0, X-CUBE-EEPRMA1_V5.2.0, X-CUBE-FREERTOS_V1.5.0, X-CUBE-GNSS1_V7.1.1, X-CUBE-MEMS1_V12.1.0, X-CUBE-NFC4_V3.0.0, X-CUBE-NFC7_V2.0.0, X-CUBE-SFXS2LP1_V4.0.0, X-CUBE-ST67W61_V1.3.0, X-CUBE-SUBG2_V5.0.0, X-CUBE-TOF1_V3.4.3]
2026-07-29 11:50:18,877 [INFO] ApiDb:240 - Found 880 in-development CPN: [B-G473E-ZEST1S, B-WB1M-WPAN1, B-WBA5M-WPAN, B-WL5M-SUBG1, NUCLEO-C031C6, NUCLEO-C051C8, NUCLEO-C071RB, NUCLEO-C092RC, NUCLEO-H503RB, NUCLEO-H533RE, NUCLEO-H563ZI, NUCLEO-H7S3L8, NUCLEO-N657X0-Q, NUCLEO-U031R8, NUCLEO-U083RC, NUCLEO-U385RG-Q, NUCLEO-U545RE-Q, NUCLEO-U5A5ZJ-Q, NUCLEO-WB05KZ, NUCLEO-WB07CC, NUCLEO-WB09KE, NUCLEO-WBA52CG, NUCLEO-WBA55CG, NUCLEO-WL33CC1, NUCLEO-WL33CC2, STEVAL-PROTEUS1, STEVAL-SMARTAG2, STEVAL-STWINBX1, STM320518-EVAL, STM32C0116-DK, STM32C011D6Y3TR, STM32C011D6Y6TR, STM32C011F4P3, STM32C011F4P6, STM32C011F4U3, STM32C011F4U6TR, STM32C011F6P3, STM32C011F6P6, STM32C011F6U3, STM32C011F6U6TR, STM32C011J4M3, STM32C011J4M6, STM32C011J6M3, STM32C011J6M6, STM32C0316-DK, STM32C031C4T3, STM32C031C4T6, STM32C031C4U3, STM32C031C4U6, STM32C031C6T3, STM32C031C6T6, STM32C031C6U3, STM32C031C6U6, STM32C031F4P3, STM32C031F4P6, STM32C031F6P3, STM32C031F6P6, STM32C031G4U3, STM32C031G4U6, STM32C031G6U3, STM32C031G6U6, STM32C031K4T3, STM32C031K4T6, STM32C031K4U3, STM32C031K4U6, STM32C031K6T3, STM32C031K6T6, STM32C031K6U3, STM32C031K6U6, STM32C051C6T6, STM32C051C6U6, STM32C051C8T6, STM32C051C8U6, STM32C051D8Y6TR, STM32C051F6P6, STM32C051F8P6, STM32C051G6U6, STM32C051G8U6, STM32C051K6T6, STM32C051K6U6, STM32C051K8T6, STM32C071C8T6, STM32C071C8T6N, STM32C071C8U6, STM32C071C8U6N, STM32C071CBT6, STM32C071CBT6N, STM32C071CBU6, STM32C071CBU6N, STM32C071F8P6, STM32C071F8P6N, STM32C071FBP6, STM32C071FBP6N, STM32C071FBY6TR, STM32C071G8U6, STM32C071G8U6N, STM32C071GBU6, STM32C071GBU6N, STM32C071K8T6, STM32C071K8T6N, STM32C071K8U6, STM32C071K8U6N, STM32C071KBT6, STM32C071KBT6N, STM32C071KBU6, STM32C071KBU6N, STM32C071R8T6, STM32C071R8T6N, STM32C071RBI6N, STM32C071RBT6, STM32C071RBT6N, STM32C091CBT6, STM32C091CBU6, STM32C091CCT6, STM32C091CCU6, STM32C091ECY6TR, STM32C091FBP6, STM32C091FCP6, STM32C091GBU6, STM32C091GCU6, STM32C091KBT6, STM32C091KBU6, STM32C091KCT6, STM32C091KCU6, STM32C091RBT6, STM32C091RCI6, STM32C091RCT6, STM32C092CBT6, STM32C092CBU6, STM32C092CCT6, STM32C092CCU6, STM32C092ECY6TR, STM32C092FBP6, STM32C092FCP6, STM32C092GBU6, STM32C092GCU6, STM32C092KBT6, STM32C092KBU6, STM32C092KCT6, STM32C092KCU6, STM32C092RBT6, STM32C092RCI6, STM32C092RCT6, STM32G071K8TXN, STM32G071K8UXN, STM32G081GBU6N, STM32G081KBT6N, STM32G081KBUXN, STM32G0B1CCT6N, STM32G0B1KCT6, STM32G0B1NEY6TR, STM32G0B1RCT6N, STM32G0C1CCT6, STM32G0C1CCT6N, STM32G0C1CCU6N, STM32G0C1CET6N, STM32G0C1CEU6N, STM32G0C1KCT6, STM32G0C1NEY6TR, STM32G0C1RCI6N, STM32G0C1RCT6N, STM32G0C1REI6N, STM32G0C1RET6N, STM32G0C1VCI6, STM32G0C1VEI6, STM32G411C6T3, STM32G411C6T6, STM32G411C6U3, STM32G411C6U6, STM32G411C8T3, STM32G411C8T6, STM32G411C8U3, STM32G411C8U6, STM32G411CBT3, STM32G411CBT6, STM32G411CBU3, STM32G411CBU6, STM32G411K6T3, STM32G411K6T6, STM32G411K6U3, STM32G411K6U6, STM32G411K8T3, STM32G411K8T6, STM32G411K8U3, STM32G411K8U6, STM32G411KBT3, STM32G411KBT6, STM32G411KBU3, STM32G411KBU6, STM32G411M6T3, STM32G411M6T6, STM32G411M8T3, STM32G411M8T6, STM32G411MBT3, STM32G411MBT6, STM32G411R6T3, STM32G411R6T6, STM32G411R8T3, STM32G411R8T6, STM32G411RBT3, STM32G411RBT6, STM32G414CBT3, STM32G414CBT6, STM32G414CBU3, STM32G414CBU6, STM32G414CCT3, STM32G414CCT6, STM32G414CCU3, STM32G414CCU6, STM32G414MBT3, STM32G414MBT6, STM32G414MCT3, STM32G414MCT6, STM32G414RBT3, STM32G414RBT6, STM32G414RCT3, STM32G414RCT6, STM32G414VBT3, STM32G414VBT6, STM32G414VCT3, STM32G414VCT6, STM32G431CBT3Z, STM32G431RBT3Z, STM32G471CCT6, STM32G471CCU6, STM32G471CET3, STM32G471CET6, STM32G471CEU3, STM32G471CEU6, STM32G471MCT6, STM32G471MET3, STM32G471MET6, STM32G471MEY6TR, STM32G471QCT6, STM32G471QET3, STM32G471RCT6, STM32G471RET3, STM32G471RET6, STM32G471VCH6, STM32G471VCI6, STM32G471VCT6, STM32G471VEH3, STM32G471VEH6, STM32G471VEI3, STM32G471VEI6, STM32G471VET3, STM32G471VET6, STM32G473QET3Z, STM32G473RET3Z, STM32G474CCT6, STM32G491RET3Z, STM32H503CBT6, STM32H503CBU6, STM32H503EBY6TR, STM32H503KBU6, STM32H503RBT6, STM32H523CCT6, STM32H523CCU6, STM32H523CET6, STM32H523CEU6, STM32H523HEY6TR, STM32H523RCT6, STM32H523RET6, STM32H523VCI6, STM32H523VCT6, STM32H523VEI6, STM32H523VET6, STM32H523ZCJ6, STM32H523ZCT6, STM32H523ZEJ6, STM32H523ZET6, STM32H533CET6, STM32H533CEU6, STM32H533HEY6TR, STM32H533RET6, STM32H533VEI6, STM32H533VET6, STM32H533ZEJ6, STM32H533ZET6, STM32H562AGI6, STM32H562AII6, STM32H562IGK6, STM32H562IGT6, STM32H562IIK6, STM32H562IIT6, STM32H562RGT6, STM32H562RGV6, STM32H562RIT6, STM32H562RIV6, STM32H562VGT6, STM32H562VIT6, STM32H562ZGT6, STM32H562ZIT6, STM32H563AGI6, STM32H563AII3Q, STM32H563AII6, STM32H563IGK6, STM32H563IGT6, STM32H563IIK3Q, STM32H563IIK6, STM32H563IIT3Q, STM32H563IIT6, STM32H563MIY3QTR, STM32H563RGT6, STM32H563RGV6, STM32H563RIT6, STM32H563RIV6, STM32H563VGT6, STM32H563VIT3Q, STM32H563VIT6, STM32H563ZGT6, STM32H563ZIT3Q, STM32H563ZIT6, STM32H573AII3Q, STM32H573AII6, STM32H573I-DK, STM32H573IIK3Q, STM32H573IIK6, STM32H573IIT3Q, STM32H573IIT6, STM32H573MIY3QTR, STM32H573RIT6, STM32H573RIV6, STM32H573VIT3Q, STM32H573VIT6, STM32H573ZIT3Q, STM32H573ZIT6, STM32H7R3A8I6, STM32H7R3I8K6, STM32H7R3I8T6, STM32H7R3L8H6, STM32H7R3L8H6H, STM32H7R3R8V6, STM32H7R3V8H6, STM32H7R3V8T6, STM32H7R3V8Y6TR, STM32H7R3Z8J6, STM32H7R3Z8T6, STM32H7R7A8I6, STM32H7R7I8K6, STM32H7R7I8T6, STM32H7R7L8H6, STM32H7R7L8H6H, STM32H7R7Z8J6, STM32H7S3A8I6, STM32H7S3I8K6, STM32H7S3I8T6, STM32H7S3L8H6, STM32H7S3L8H6H, STM32H7S3R8V6, STM32H7S3V8H6, STM32H7S3V8T6, STM32H7S3V8Y6TR, STM32H7S3Z8J6, STM32H7S3Z8T6, STM32H7S78-DK, STM32H7S7A8I6, STM32H7S7I8K6, STM32H7S7I8T6, STM32H7S7L8H6, STM32H7S7L8H6H, STM32H7S7Z8J6, STM32L4R5QGI6STR, STM32MP131AAE3, STM32MP131AAF3, STM32MP131AAG3, STM32MP131CAE3, STM32MP131CAF3, STM32MP131CAG3, STM32MP131DAE7, STM32MP131DAF7, STM32MP131DAG7, STM32MP131FAE7, STM32MP131FAF7, STM32MP131FAG7, STM32MP133AAE3, STM32MP133AAF3, STM32MP133AAG3, STM32MP133CAE3, STM32MP133CAF3, STM32MP133CAG3, STM32MP133DAE7, STM32MP133DAF7, STM32MP133DAG7, STM32MP133FAE7, STM32MP133FAF7, STM32MP133FAG7, STM32MP135AAE3, STM32MP135AAF3, STM32MP135AAG3, STM32MP135CAE3, STM32MP135CAF3, STM32MP135CAG3, STM32MP135DAE7, STM32MP135DAF7, STM32MP135DAG7, STM32MP135F-DK, STM32MP135FAE7, STM32MP135FAF7, STM32MP135FAF7T, STM32MP135FAF7U, STM32MP135FAG7, STM32MP211AAL3, STM32MP211AAM3, STM32MP211AAN3, STM32MP211AAO3, STM32MP211CAL3, STM32MP211CAM3, STM32MP211CAN3, STM32MP211CAO3, STM32MP211DAL3, STM32MP211DAM3, STM32MP211DAN3, STM32MP211DAO3, STM32MP211FAL3, STM32MP211FAM3, STM32MP211FAN3, STM32MP211FAO3, STM32MP213AAL3, STM32MP213AAM3, STM32MP213AAN3, STM32MP213AAO3, STM32MP213CAL3, STM32MP213CAM3, STM32MP213CAN3, STM32MP213CAO3, STM32MP213DAL3, STM32MP213DAM3, STM32MP213DAN3, STM32MP213DAO3, STM32MP213FAL3, STM32MP213FAM3, STM32MP213FAN3, STM32MP213FAO3, STM32MP215AAL3, STM32MP215AAM3, STM32MP215AAN3, STM32MP215AAO3, STM32MP215CAL3, STM32MP215CAM3, STM32MP215CAN3, STM32MP215CAO3, STM32MP215DAL3, STM32MP215DAM3, STM32MP215DAN3, STM32MP215DAO3, STM32MP215F-DK, STM32MP215FAL3, STM32MP215FAM3, STM32MP215FAN3, STM32MP215FAO3, STM32MP231AAJ3, STM32MP231AAK3, STM32MP231AAL3, STM32MP231CAJ3, STM32MP231CAK3, STM32MP231CAL3, STM32MP231DAJ3, STM32MP231DAK3, STM32MP231DAL3, STM32MP231FAJ3, STM32MP231FAK3, STM32MP231FAL3, STM32MP233AAJ3, STM32MP233AAK3, STM32MP233AAL3, STM32MP233CAJ3, STM32MP233CAK3, STM32MP233CAL3, STM32MP233DAJ3, STM32MP233DAK3, STM32MP233DAL3, STM32MP233FAJ3, STM32MP233FAK3, STM32MP233FAL3, STM32MP235AAJ3, STM32MP235AAK3, STM32MP235AAL3, STM32MP235CAJ3, STM32MP235CAK3, STM32MP235CAL3, STM32MP235DAJ3, STM32MP235DAK3, STM32MP235DAL3, STM32MP235FAJ3, STM32MP235FAK3, STM32MP235FAL3, STM32MP251AAI3, STM32MP251AAK3, STM32MP251AAL3, STM32MP251CAI3, STM32MP251CAK3, STM32MP251CAL3, STM32MP251DAI3, STM32MP251DAK3, STM32MP251DAL3, STM32MP251FAI3, STM32MP251FAK3, STM32MP251FAL3, STM32MP253AAI3, STM32MP253AAK3, STM32MP253AAL3, STM32MP253CAI3, STM32MP253CAK3, STM32MP253CAL3, STM32MP253DAI3, STM32MP253DAK3, STM32MP253DAL3, STM32MP253FAI3, STM32MP253FAK3, STM32MP253FAL3, STM32MP255AAI3, STM32MP255AAK3, STM32MP255AAL3, STM32MP255CAI3, STM32MP255CAK3, STM32MP255CAL3, STM32MP255DAI3, STM32MP255DAK3, STM32MP255DAL3, STM32MP255FAI3, STM32MP255FAK3, STM32MP255FAL3, STM32MP257AAI3, STM32MP257AAK3, STM32MP257AAL3, STM32MP257CAI3, STM32MP257CAK3, STM32MP257CAL3, STM32MP257DAI3, STM32MP257DAK3, STM32MP257DAL3, STM32MP257F-DK, STM32MP257F-EV1, STM32MP257FAI3, STM32MP257FAK3, STM32MP257FAL3, STM32N645A0H3Q, STM32N645B0H3Q, STM32N645I0H3Q, STM32N645L0H3Q, STM32N645X0H3Q, STM32N645Z0H3Q, STM32N647A0H3Q, STM32N647B0H3Q, STM32N647I0H3Q, STM32N647L0H3Q, STM32N647X0H3Q, STM32N647Z0H3Q, STM32N655A0H3Q, STM32N655B0H3Q, STM32N655I0H3Q, STM32N655L0H3Q, STM32N655X0H3Q, STM32N655Z0H3Q, STM32N6570-DK, STM32N657A0H3Q, STM32N657B0H3Q, STM32N657I0H3Q, STM32N657L0H3Q, STM32N657X0H3Q, STM32N657Z0H3Q, STM32U031C6T6, STM32U031C6U6, STM32U031C8T6, STM32U031C8U6, STM32U031F4P6, STM32U031F6P6, STM32U031F8P6, STM32U031G6Y6TR, STM32U031G8Y6TR, STM32U031K4U6, STM32U031K6U6, STM32U031K8U6, STM32U031R6I6, STM32U031R6T6, STM32U031R8I6, STM32U031R8T6, STM32U073C8T6, STM32U073C8U6, STM32U073CBT6, STM32U073CBU6, STM32U073CCT6, STM32U073CCU6, STM32U073H8Y6TR, STM32U073HBY6TR, STM32U073HCY6TR, STM32U073K8U6, STM32U073KBU6, STM32U073KCU6, STM32U073M8I6, STM32U073M8T6, STM32U073MBI6, STM32U073MBT6, STM32U073MCI6, STM32U073MCT6, STM32U073R8I6, STM32U073R8T6, STM32U073RBI6, STM32U073RBT6, STM32U073RCI6, STM32U073RCT6, STM32U083C-DK, STM32U083CCT6, STM32U083CCU6, STM32U083HCY6TR, STM32U083KCU6, STM32U083MCI6, STM32U083MCT6, STM32U083RCI6, STM32U083RCT6, STM32U375CET6, STM32U375CET6Q, STM32U375CEU6, STM32U375CEU6Q, STM32U375CEY6QTR, STM32U375CGT6, STM32U375CGT6Q, STM32U375CGU6, STM32U375CGU6Q, STM32U375CGY6QTR, STM32U375KEU6, STM32U375KGU6, STM32U375REI6, STM32U375REI6Q, STM32U375RET6, STM32U375RET6Q, STM32U375REY6GTR, STM32U375REY6QTR, STM32U375RGI6, STM32U375RGI6Q, STM32U375RGT6, STM32U375RGT6Q, STM32U375RGY6GTR, STM32U375RGY6QTR, STM32U375VEI6, STM32U375VEI6Q, STM32U375VET6, STM32U375VET6Q, STM32U375VGI6, STM32U375VGI6Q, STM32U375VGT6, STM32U375VGT6Q, STM32U385CGT6, STM32U385CGT6Q, STM32U385CGU6, STM32U385CGU6Q, STM32U385CGY6QTR, STM32U385KGU6, STM32U385RGI6, STM32U385RGI6Q, STM32U385RGT6, STM32U385RGT6Q, STM32U385RGY6GTR, STM32U385RGY6QTR, STM32U385VGI6, STM32U385VGI6Q, STM32U385VGT6, STM32U385VGT6Q, STM32U535CBT6, STM32U535CBT6Q, STM32U535CBU6, STM32U535CBU6Q, STM32U535CCT6, STM32U535CCT6Q, STM32U535CCU6, STM32U535CCU6Q, STM32U535CET6, STM32U535CET6Q, STM32U535CEU6, STM32U535CEU6Q, STM32U535JEY6QTR, STM32U535NCY6QTR, STM32U535NEY6QTR, STM32U535RBI6, STM32U535RBI6Q, STM32U535RBT6, STM32U535RBT6Q, STM32U535RCI6, STM32U535RCI6Q, STM32U535RCT6, STM32U535RCT6Q, STM32U535REI6, STM32U535REI6Q, STM32U535RET6, STM32U535RET6Q, STM32U535VCI6, STM32U535VCI6Q, STM32U535VCT6, STM32U535VCT6Q, STM32U535VEI6, STM32U535VEI6Q, STM32U535VET6, STM32U535VET6Q, STM32U545CET6, STM32U545CET6Q, STM32U545CEU6, STM32U545CEU6Q, STM32U545JEY6QTR, STM32U545NEY6QTR, STM32U545REI6, STM32U545REI6Q, STM32U545RET6, STM32U545RET6Q, STM32U545VEI6, STM32U545VEI6Q, STM32U545VET6, STM32U545VET6Q, STM32U595AIH6, STM32U595AIH6Q, STM32U595AJH6, STM32U595AJH6Q, STM32U595QII6, STM32U595QII6Q, STM32U595QJI6, STM32U595QJI6Q, STM32U595RIT6, STM32U595RIT6Q, STM32U595RJT6, STM32U595RJT6Q, STM32U595VIT6, STM32U595VIT6Q, STM32U595VJT6, STM32U595VJT6Q, STM32U595ZIT6, STM32U595ZIT6Q, STM32U595ZIY6QTR, STM32U595ZJT6, STM32U595ZJT6Q, STM32U595ZJY6QTR, STM32U599BJY6QTR, STM32U599NIH6Q, STM32U599NJH6Q, STM32U599VIT6Q, STM32U599VJT6, STM32U599VJT6Q, STM32U599ZIT6Q, STM32U599ZIY6QTR, STM32U599ZJT6Q, STM32U599ZJY6QTR, STM32U5A5AJH6, STM32U5A5AJH6Q, STM32U5A5QII3Q , STM32U5A5QJI6, STM32U5A5QJI6Q, STM32U5A5RJT6, STM32U5A5RJT6Q, STM32U5A5VJT6, STM32U5A5VJT6Q, STM32U5A5ZJT6, STM32U5A5ZJT6Q, STM32U5A5ZJY6QTR, STM32U5A9BJY6QTR, STM32U5A9J-DK, STM32U5A9NJH6Q, STM32U5A9VJT6Q, STM32U5A9ZJT6Q, STM32U5A9ZJY6QTR, STM32U5F7VIT6, STM32U5F7VIT6Q, STM32U5F7VJT6, STM32U5F7VJT6Q, STM32U5F9BJY6QTR, STM32U5F9NJH6Q, STM32U5F9VIT6Q, STM32U5F9VJT6Q, STM32U5F9ZIJ6QTR, STM32U5F9ZIT6Q, STM32U5F9ZJJ6QTR, STM32U5F9ZJT6Q, STM32U5G7VJT6, STM32U5G7VJT6Q, STM32U5G9BJY6QTR, STM32U5G9J-DK1, STM32U5G9J-DK2, STM32U5G9NJH6Q, STM32U5G9VJT6Q, STM32U5G9ZJJ6QTR, STM32U5G9ZJT6Q, STM32WB05KZV6TR, STM32WB05KZV7TR, STM32WB05TZF6TR, STM32WB05TZF7TR, STM32WB06CCF6TR, STM32WB06CCF7TR, STM32WB06CCV6TR, STM32WB06CCV7TR, STM32WB06KCV6TR, STM32WB06KCV7TR, STM32WB07CCF6TR, STM32WB07CCF7TR, STM32WB07CCV6TR, STM32WB07CCV7TR, STM32WB07KCV6TR, STM32WB07KCV7TR, STM32WB09KEV6TR, STM32WB09KEV7TR, STM32WB09TEF6TR, STM32WB09TEF7TR, STM32WB1MMCH6, STM32WBA50KGU6, STM32WBA50KGU6TR, STM32WBA52CEU6, STM32WBA52CEU6TR, STM32WBA52CEU7, STM32WBA52CEU7TR, STM32WBA52CGU6, STM32WBA52CGU6TR, STM32WBA52CGU6U, STM32WBA52CGU7, STM32WBA52CGU7TR, STM32WBA52KEU6, STM32WBA52KEU6TR, STM32WBA52KGU6, STM32WBA52KGU6TR, STM32WBA54CEU6, STM32WBA54CEU6TR, STM32WBA54CEU7, STM32WBA54CEU7TR, STM32WBA54CGU6, STM32WBA54CGU6TR, STM32WBA54CGU7, STM32WBA54CGU7TR, STM32WBA54KEU6, STM32WBA54KEU6TR, STM32WBA54KEU7, STM32WBA54KEU7TR, STM32WBA54KGU6, STM32WBA54KGU6TR, STM32WBA54KGU7, STM32WBA54KGU7TR, STM32WBA55CEU6, STM32WBA55CEU6TR, STM32WBA55CEU7, STM32WBA55CEU7TR, STM32WBA55CGU6, STM32WBA55CGU6TR, STM32WBA55CGU6U, STM32WBA55CGU7, STM32WBA55CGU7TR, STM32WBA55G-DK1, STM32WBA55HEF6, STM32WBA55HEF7, STM32WBA55HGF6, STM32WBA55HGF7, STM32WBA55UEI6, STM32WBA55UEI6TR, STM32WBA55UEI7, STM32WBA55UEI7TR, STM32WBA55UGI6, STM32WBA55UGI6TR, STM32WBA55UGI7, STM32WBA55UGI7TR, STM32WBA5MMGH6TR, STM32WBA62MGF6, STM32WBA62MIF6, STM32WBA65MGF7, STM32WBA65MIF6, STM32WBA65MIF7, STM32WL30K8V6, STM32WL30KBV6, STM32WL31C8V6, STM32WL31CBV6, STM32WL31K8V6, STM32WL31KBV6, STM32WL33C8V6, STM32WL33C8V6X, STM32WL33CBV6, STM32WL33CBV6X, STM32WL33CCV6, STM32WL33CCV6A, STM32WL33CCV6X, STM32WL33K8V7, STM32WL33K8V7X, STM32WL33KBV7 , STM32WL33KBV7X, STM32WL33KCV7, STM32WL33KCV7X, STM32WL5MOCH6, STM32WL5MOCH6TR]
2026-07-29 11:50:18,882 [INFO] DbMcus:218 - Found 5250 MCUs, 5097 are supported
2026-07-29 11:50:18,883 [INFO] ApiDb:423 - Load user favorites file C:\Users\ADMIN/.stm32cubeide/favorites.mcus.txt: 0 item(s)
2026-07-29 11:50:18,883 [INFO] ApiDb:427 - User favorites MCUs=[]
2026-07-29 11:50:18,883 [INFO] DbMcus:224 - Set 0 / 0 favorites MCUs
2026-07-29 11:50:19,394 [INFO] ApiDb:448 - Save user favorites file C:\Users\ADMIN/.stm32cubeide/favorites.boards.txt: 0 item(s)
2026-07-29 11:50:19,394 [INFO] ApiDb:452 - User favorites Boards=[]
2026-07-29 11:50:19,396 [INFO] ApiDb:581 - Connected to CubeFinder SQLite database (C:\Users\ADMIN\.stmcufinder\plugins\mcufinder\mcu\cube-finder-db.db)
2026-07-29 11:50:19,497 [INFO] ApiDb:668 - CubeFinder database Data Model version=2.1
2026-07-29 11:50:19,497 [INFO] ApiDb:669 - CubeFinder database Configuration version=3.0.42
2026-07-29 11:50:19,497 [INFO] ApiDb:670 - CubeFinder database generation date=2026-06-23 (1782213372)
2026-07-29 11:50:19,497 [INFO] ApiDb:671 - CubeFinder database FW Pack versions=[FP-ATR-ASTRA1_V2.0.0, FP-SNS-FLIGHT1_V5.1.0, FP-SNS-MOTENV1_V5.1.0, FP-SNS-MOTENVWB1_V1.5.0, FP-SNS-SMARTAG2_V1.2.0, FP-SNS-STBOX1_V2.1.0, STM32Cube_FW_C0_V1.4.0, STM32Cube_FW_F4_V1.28.3, STM32Cube_FW_F7_V1.17.4, STM32Cube_FW_G0_V1.6.3, STM32Cube_FW_G4_V1.6.2, STM32Cube_FW_H5_V1.7.0, STM32Cube_FW_H7RS_V1.3.0, STM32Cube_FW_H7_V1.13.0, STM32Cube_FW_L0_V1.12.2, STM32Cube_FW_L4_V1.18.2, STM32Cube_FW_L5_V1.6.0, STM32Cube_FW_N6_V1.4.0, STM32Cube_FW_U0_V1.3.0, STM32Cube_FW_U3_V1.4.0, STM32Cube_FW_U5_V1.9.0, STM32Cube_FW_WB0_V1.5.0, STM32Cube_FW_WBA_V1.10.0, STM32Cube_FW_WB_V1.24.0, STM32Cube_FW_WL3_V1.5.0, STM32Cube_FW_WL_V1.6.0, X-CUBE-ALGOBUILD_V1.5.0, X-CUBE-ALS_V1.0.2, X-CUBE-AZRTOS-F4_V1.1.0, X-CUBE-AZRTOS-F7_V1.1.0, X-CUBE-AZRTOS-G0_V1.1.0, X-CUBE-AZRTOS-G4_V2.0.0, X-CUBE-AZRTOS-H7RS_V1.1.0, X-CUBE-AZRTOS-H7_V3.5.0, X-CUBE-AZRTOS-L4_V2.0.0, X-CUBE-AZRTOS-L5_V2.0.0, X-CUBE-AZRTOS-WB_V2.0.0, X-CUBE-AZRTOS-WL_V2.0.0, X-CUBE-BLE1_V7.1.0, X-CUBE-BLE2_V3.3.0, X-CUBE-BLEMGR_V4.1.0, X-CUBE-EEPRMA1_V5.2.0, X-CUBE-FREERTOS_V1.5.0, X-CUBE-GNSS1_V7.1.1, X-CUBE-MEMS1_V12.1.0, X-CUBE-NFC4_V3.0.0, X-CUBE-NFC7_V2.0.0, X-CUBE-SFXS2LP1_V4.0.0, X-CUBE-ST67W61_V1.3.0, X-CUBE-SUBG2_V5.0.0, X-CUBE-TOF1_V3.4.3]
2026-07-29 11:50:19,563 [INFO] DbBoardsSqlite:226 - include board P-NUCLEO-WB55-NUCLEO as a kit item of type 'Nucleo-64'
2026-07-29 11:50:19,563 [INFO] DbBoardsSqlite:226 - include board P-NUCLEO-WB55-USBDONGLE as a kit item of type 'Nucleo USB Dongle'
2026-07-29 11:50:19,564 [INFO] DbBoardsSqlite:226 - include board STEVAL-IDP005V1 as a kit item of type 'Evaluation Board'
2026-07-29 11:50:19,564 [INFO] DbBoardsSqlite:226 - include board STEVAL-IDP005V2 as a kit item of type 'Evaluation Board'
2026-07-29 11:50:19,661 [INFO] ApiDb:240 - Found 880 in-development CPN: [B-G473E-ZEST1S, B-WB1M-WPAN1, B-WBA5M-WPAN, B-WL5M-SUBG1, NUCLEO-C031C6, NUCLEO-C051C8, NUCLEO-C071RB, NUCLEO-C092RC, NUCLEO-H503RB, NUCLEO-H533RE, NUCLEO-H563ZI, NUCLEO-H7S3L8, NUCLEO-N657X0-Q, NUCLEO-U031R8, NUCLEO-U083RC, NUCLEO-U385RG-Q, NUCLEO-U545RE-Q, NUCLEO-U5A5ZJ-Q, NUCLEO-WB05KZ, NUCLEO-WB07CC, NUCLEO-WB09KE, NUCLEO-WBA52CG, NUCLEO-WBA55CG, NUCLEO-WL33CC1, NUCLEO-WL33CC2, STEVAL-PROTEUS1, STEVAL-SMARTAG2, STEVAL-STWINBX1, STM320518-EVAL, STM32C0116-DK, STM32C011D6Y3TR, STM32C011D6Y6TR, STM32C011F4P3, STM32C011F4P6, STM32C011F4U3, STM32C011F4U6TR, STM32C011F6P3, STM32C011F6P6, STM32C011F6U3, STM32C011F6U6TR, STM32C011J4M3, STM32C011J4M6, STM32C011J6M3, STM32C011J6M6, STM32C0316-DK, STM32C031C4T3, STM32C031C4T6, STM32C031C4U3, STM32C031C4U6, STM32C031C6T3, STM32C031C6T6, STM32C031C6U3, STM32C031C6U6, STM32C031F4P3, STM32C031F4P6, STM32C031F6P3, STM32C031F6P6, STM32C031G4U3, STM32C031G4U6, STM32C031G6U3, STM32C031G6U6, STM32C031K4T3, STM32C031K4T6, STM32C031K4U3, STM32C031K4U6, STM32C031K6T3, STM32C031K6T6, STM32C031K6U3, STM32C031K6U6, STM32C051C6T6, STM32C051C6U6, STM32C051C8T6, STM32C051C8U6, STM32C051D8Y6TR, STM32C051F6P6, STM32C051F8P6, STM32C051G6U6, STM32C051G8U6, STM32C051K6T6, STM32C051K6U6, STM32C051K8T6, STM32C071C8T6, STM32C071C8T6N, STM32C071C8U6, STM32C071C8U6N, STM32C071CBT6, STM32C071CBT6N, STM32C071CBU6, STM32C071CBU6N, STM32C071F8P6, STM32C071F8P6N, STM32C071FBP6, STM32C071FBP6N, STM32C071FBY6TR, STM32C071G8U6, STM32C071G8U6N, STM32C071GBU6, STM32C071GBU6N, STM32C071K8T6, STM32C071K8T6N, STM32C071K8U6, STM32C071K8U6N, STM32C071KBT6, STM32C071KBT6N, STM32C071KBU6, STM32C071KBU6N, STM32C071R8T6, STM32C071R8T6N, STM32C071RBI6N, STM32C071RBT6, STM32C071RBT6N, STM32C091CBT6, STM32C091CBU6, STM32C091CCT6, STM32C091CCU6, STM32C091ECY6TR, STM32C091FBP6, STM32C091FCP6, STM32C091GBU6, STM32C091GCU6, STM32C091KBT6, STM32C091KBU6, STM32C091KCT6, STM32C091KCU6, STM32C091RBT6, STM32C091RCI6, STM32C091RCT6, STM32C092CBT6, STM32C092CBU6, STM32C092CCT6, STM32C092CCU6, STM32C092ECY6TR, STM32C092FBP6, STM32C092FCP6, STM32C092GBU6, STM32C092GCU6, STM32C092KBT6, STM32C092KBU6, STM32C092KCT6, STM32C092KCU6, STM32C092RBT6, STM32C092RCI6, STM32C092RCT6, STM32G071K8TXN, STM32G071K8UXN, STM32G081GBU6N, STM32G081KBT6N, STM32G081KBUXN, STM32G0B1CCT6N, STM32G0B1KCT6, STM32G0B1NEY6TR, STM32G0B1RCT6N, STM32G0C1CCT6, STM32G0C1CCT6N, STM32G0C1CCU6N, STM32G0C1CET6N, STM32G0C1CEU6N, STM32G0C1KCT6, STM32G0C1NEY6TR, STM32G0C1RCI6N, STM32G0C1RCT6N, STM32G0C1REI6N, STM32G0C1RET6N, STM32G0C1VCI6, STM32G0C1VEI6, STM32G411C6T3, STM32G411C6T6, STM32G411C6U3, STM32G411C6U6, STM32G411C8T3, STM32G411C8T6, STM32G411C8U3, STM32G411C8U6, STM32G411CBT3, STM32G411CBT6, STM32G411CBU3, STM32G411CBU6, STM32G411K6T3, STM32G411K6T6, STM32G411K6U3, STM32G411K6U6, STM32G411K8T3, STM32G411K8T6, STM32G411K8U3, STM32G411K8U6, STM32G411KBT3, STM32G411KBT6, STM32G411KBU3, STM32G411KBU6, STM32G411M6T3, STM32G411M6T6, STM32G411M8T3, STM32G411M8T6, STM32G411MBT3, STM32G411MBT6, STM32G411R6T3, STM32G411R6T6, STM32G411R8T3, STM32G411R8T6, STM32G411RBT3, STM32G411RBT6, STM32G414CBT3, STM32G414CBT6, STM32G414CBU3, STM32G414CBU6, STM32G414CCT3, STM32G414CCT6, STM32G414CCU3, STM32G414CCU6, STM32G414MBT3, STM32G414MBT6, STM32G414MCT3, STM32G414MCT6, STM32G414RBT3, STM32G414RBT6, STM32G414RCT3, STM32G414RCT6, STM32G414VBT3, STM32G414VBT6, STM32G414VCT3, STM32G414VCT6, STM32G431CBT3Z, STM32G431RBT3Z, STM32G471CCT6, STM32G471CCU6, STM32G471CET3, STM32G471CET6, STM32G471CEU3, STM32G471CEU6, STM32G471MCT6, STM32G471MET3, STM32G471MET6, STM32G471MEY6TR, STM32G471QCT6, STM32G471QET3, STM32G471RCT6, STM32G471RET3, STM32G471RET6, STM32G471VCH6, STM32G471VCI6, STM32G471VCT6, STM32G471VEH3, STM32G471VEH6, STM32G471VEI3, STM32G471VEI6, STM32G471VET3, STM32G471VET6, STM32G473QET3Z, STM32G473RET3Z, STM32G474CCT6, STM32G491RET3Z, STM32H503CBT6, STM32H503CBU6, STM32H503EBY6TR, STM32H503KBU6, STM32H503RBT6, STM32H523CCT6, STM32H523CCU6, STM32H523CET6, STM32H523CEU6, STM32H523HEY6TR, STM32H523RCT6, STM32H523RET6, STM32H523VCI6, STM32H523VCT6, STM32H523VEI6, STM32H523VET6, STM32H523ZCJ6, STM32H523ZCT6, STM32H523ZEJ6, STM32H523ZET6, STM32H533CET6, STM32H533CEU6, STM32H533HEY6TR, STM32H533RET6, STM32H533VEI6, STM32H533VET6, STM32H533ZEJ6, STM32H533ZET6, STM32H562AGI6, STM32H562AII6, STM32H562IGK6, STM32H562IGT6, STM32H562IIK6, STM32H562IIT6, STM32H562RGT6, STM32H562RGV6, STM32H562RIT6, STM32H562RIV6, STM32H562VGT6, STM32H562VIT6, STM32H562ZGT6, STM32H562ZIT6, STM32H563AGI6, STM32H563AII3Q, STM32H563AII6, STM32H563IGK6, STM32H563IGT6, STM32H563IIK3Q, STM32H563IIK6, STM32H563IIT3Q, STM32H563IIT6, STM32H563MIY3QTR, STM32H563RGT6, STM32H563RGV6, STM32H563RIT6, STM32H563RIV6, STM32H563VGT6, STM32H563VIT3Q, STM32H563VIT6, STM32H563ZGT6, STM32H563ZIT3Q, STM32H563ZIT6, STM32H573AII3Q, STM32H573AII6, STM32H573I-DK, STM32H573IIK3Q, STM32H573IIK6, STM32H573IIT3Q, STM32H573IIT6, STM32H573MIY3QTR, STM32H573RIT6, STM32H573RIV6, STM32H573VIT3Q, STM32H573VIT6, STM32H573ZIT3Q, STM32H573ZIT6, STM32H7R3A8I6, STM32H7R3I8K6, STM32H7R3I8T6, STM32H7R3L8H6, STM32H7R3L8H6H, STM32H7R3R8V6, STM32H7R3V8H6, STM32H7R3V8T6, STM32H7R3V8Y6TR, STM32H7R3Z8J6, STM32H7R3Z8T6, STM32H7R7A8I6, STM32H7R7I8K6, STM32H7R7I8T6, STM32H7R7L8H6, STM32H7R7L8H6H, STM32H7R7Z8J6, STM32H7S3A8I6, STM32H7S3I8K6, STM32H7S3I8T6, STM32H7S3L8H6, STM32H7S3L8H6H, STM32H7S3R8V6, STM32H7S3V8H6, STM32H7S3V8T6, STM32H7S3V8Y6TR, STM32H7S3Z8J6, STM32H7S3Z8T6, STM32H7S78-DK, STM32H7S7A8I6, STM32H7S7I8K6, STM32H7S7I8T6, STM32H7S7L8H6, STM32H7S7L8H6H, STM32H7S7Z8J6, STM32L4R5QGI6STR, STM32MP131AAE3, STM32MP131AAF3, STM32MP131AAG3, STM32MP131CAE3, STM32MP131CAF3, STM32MP131CAG3, STM32MP131DAE7, STM32MP131DAF7, STM32MP131DAG7, STM32MP131FAE7, STM32MP131FAF7, STM32MP131FAG7, STM32MP133AAE3, STM32MP133AAF3, STM32MP133AAG3, STM32MP133CAE3, STM32MP133CAF3, STM32MP133CAG3, STM32MP133DAE7, STM32MP133DAF7, STM32MP133DAG7, STM32MP133FAE7, STM32MP133FAF7, STM32MP133FAG7, STM32MP135AAE3, STM32MP135AAF3, STM32MP135AAG3, STM32MP135CAE3, STM32MP135CAF3, STM32MP135CAG3, STM32MP135DAE7, STM32MP135DAF7, STM32MP135DAG7, STM32MP135F-DK, STM32MP135FAE7, STM32MP135FAF7, STM32MP135FAF7T, STM32MP135FAF7U, STM32MP135FAG7, STM32MP211AAL3, STM32MP211AAM3, STM32MP211AAN3, STM32MP211AAO3, STM32MP211CAL3, STM32MP211CAM3, STM32MP211CAN3, STM32MP211CAO3, STM32MP211DAL3, STM32MP211DAM3, STM32MP211DAN3, STM32MP211DAO3, STM32MP211FAL3, STM32MP211FAM3, STM32MP211FAN3, STM32MP211FAO3, STM32MP213AAL3, STM32MP213AAM3, STM32MP213AAN3, STM32MP213AAO3, STM32MP213CAL3, STM32MP213CAM3, STM32MP213CAN3, STM32MP213CAO3, STM32MP213DAL3, STM32MP213DAM3, STM32MP213DAN3, STM32MP213DAO3, STM32MP213FAL3, STM32MP213FAM3, STM32MP213FAN3, STM32MP213FAO3, STM32MP215AAL3, STM32MP215AAM3, STM32MP215AAN3, STM32MP215AAO3, STM32MP215CAL3, STM32MP215CAM3, STM32MP215CAN3, STM32MP215CAO3, STM32MP215DAL3, STM32MP215DAM3, STM32MP215DAN3, STM32MP215DAO3, STM32MP215F-DK, STM32MP215FAL3, STM32MP215FAM3, STM32MP215FAN3, STM32MP215FAO3, STM32MP231AAJ3, STM32MP231AAK3, STM32MP231AAL3, STM32MP231CAJ3, STM32MP231CAK3, STM32MP231CAL3, STM32MP231DAJ3, STM32MP231DAK3, STM32MP231DAL3, STM32MP231FAJ3, STM32MP231FAK3, STM32MP231FAL3, STM32MP233AAJ3, STM32MP233AAK3, STM32MP233AAL3, STM32MP233CAJ3, STM32MP233CAK3, STM32MP233CAL3, STM32MP233DAJ3, STM32MP233DAK3, STM32MP233DAL3, STM32MP233FAJ3, STM32MP233FAK3, STM32MP233FAL3, STM32MP235AAJ3, STM32MP235AAK3, STM32MP235AAL3, STM32MP235CAJ3, STM32MP235CAK3, STM32MP235CAL3, STM32MP235DAJ3, STM32MP235DAK3, STM32MP235DAL3, STM32MP235FAJ3, STM32MP235FAK3, STM32MP235FAL3, STM32MP251AAI3, STM32MP251AAK3, STM32MP251AAL3, STM32MP251CAI3, STM32MP251CAK3, STM32MP251CAL3, STM32MP251DAI3, STM32MP251DAK3, STM32MP251DAL3, STM32MP251FAI3, STM32MP251FAK3, STM32MP251FAL3, STM32MP253AAI3, STM32MP253AAK3, STM32MP253AAL3, STM32MP253CAI3, STM32MP253CAK3, STM32MP253CAL3, STM32MP253DAI3, STM32MP253DAK3, STM32MP253DAL3, STM32MP253FAI3, STM32MP253FAK3, STM32MP253FAL3, STM32MP255AAI3, STM32MP255AAK3, STM32MP255AAL3, STM32MP255CAI3, STM32MP255CAK3, STM32MP255CAL3, STM32MP255DAI3, STM32MP255DAK3, STM32MP255DAL3, STM32MP255FAI3, STM32MP255FAK3, STM32MP255FAL3, STM32MP257AAI3, STM32MP257AAK3, STM32MP257AAL3, STM32MP257CAI3, STM32MP257CAK3, STM32MP257CAL3, STM32MP257DAI3, STM32MP257DAK3, STM32MP257DAL3, STM32MP257F-DK, STM32MP257F-EV1, STM32MP257FAI3, STM32MP257FAK3, STM32MP257FAL3, STM32N645A0H3Q, STM32N645B0H3Q, STM32N645I0H3Q, STM32N645L0H3Q, STM32N645X0H3Q, STM32N645Z0H3Q, STM32N647A0H3Q, STM32N647B0H3Q, STM32N647I0H3Q, STM32N647L0H3Q, STM32N647X0H3Q, STM32N647Z0H3Q, STM32N655A0H3Q, STM32N655B0H3Q, STM32N655I0H3Q, STM32N655L0H3Q, STM32N655X0H3Q, STM32N655Z0H3Q, STM32N6570-DK, STM32N657A0H3Q, STM32N657B0H3Q, STM32N657I0H3Q, STM32N657L0H3Q, STM32N657X0H3Q, STM32N657Z0H3Q, STM32U031C6T6, STM32U031C6U6, STM32U031C8T6, STM32U031C8U6, STM32U031F4P6, STM32U031F6P6, STM32U031F8P6, STM32U031G6Y6TR, STM32U031G8Y6TR, STM32U031K4U6, STM32U031K6U6, STM32U031K8U6, STM32U031R6I6, STM32U031R6T6, STM32U031R8I6, STM32U031R8T6, STM32U073C8T6, STM32U073C8U6, STM32U073CBT6, STM32U073CBU6, STM32U073CCT6, STM32U073CCU6, STM32U073H8Y6TR, STM32U073HBY6TR, STM32U073HCY6TR, STM32U073K8U6, STM32U073KBU6, STM32U073KCU6, STM32U073M8I6, STM32U073M8T6, STM32U073MBI6, STM32U073MBT6, STM32U073MCI6, STM32U073MCT6, STM32U073R8I6, STM32U073R8T6, STM32U073RBI6, STM32U073RBT6, STM32U073RCI6, STM32U073RCT6, STM32U083C-DK, STM32U083CCT6, STM32U083CCU6, STM32U083HCY6TR, STM32U083KCU6, STM32U083MCI6, STM32U083MCT6, STM32U083RCI6, STM32U083RCT6, STM32U375CET6, STM32U375CET6Q, STM32U375CEU6, STM32U375CEU6Q, STM32U375CEY6QTR, STM32U375CGT6, STM32U375CGT6Q, STM32U375CGU6, STM32U375CGU6Q, STM32U375CGY6QTR, STM32U375KEU6, STM32U375KGU6, STM32U375REI6, STM32U375REI6Q, STM32U375RET6, STM32U375RET6Q, STM32U375REY6GTR, STM32U375REY6QTR, STM32U375RGI6, STM32U375RGI6Q, STM32U375RGT6, STM32U375RGT6Q, STM32U375RGY6GTR, STM32U375RGY6QTR, STM32U375VEI6, STM32U375VEI6Q, STM32U375VET6, STM32U375VET6Q, STM32U375VGI6, STM32U375VGI6Q, STM32U375VGT6, STM32U375VGT6Q, STM32U385CGT6, STM32U385CGT6Q, STM32U385CGU6, STM32U385CGU6Q, STM32U385CGY6QTR, STM32U385KGU6, STM32U385RGI6, STM32U385RGI6Q, STM32U385RGT6, STM32U385RGT6Q, STM32U385RGY6GTR, STM32U385RGY6QTR, STM32U385VGI6, STM32U385VGI6Q, STM32U385VGT6, STM32U385VGT6Q, STM32U535CBT6, STM32U535CBT6Q, STM32U535CBU6, STM32U535CBU6Q, STM32U535CCT6, STM32U535CCT6Q, STM32U535CCU6, STM32U535CCU6Q, STM32U535CET6, STM32U535CET6Q, STM32U535CEU6, STM32U535CEU6Q, STM32U535JEY6QTR, STM32U535NCY6QTR, STM32U535NEY6QTR, STM32U535RBI6, STM32U535RBI6Q, STM32U535RBT6, STM32U535RBT6Q, STM32U535RCI6, STM32U535RCI6Q, STM32U535RCT6, STM32U535RCT6Q, STM32U535REI6, STM32U535REI6Q, STM32U535RET6, STM32U535RET6Q, STM32U535VCI6, STM32U535VCI6Q, STM32U535VCT6, STM32U535VCT6Q, STM32U535VEI6, STM32U535VEI6Q, STM32U535VET6, STM32U535VET6Q, STM32U545CET6, STM32U545CET6Q, STM32U545CEU6, STM32U545CEU6Q, STM32U545JEY6QTR, STM32U545NEY6QTR, STM32U545REI6, STM32U545REI6Q, STM32U545RET6, STM32U545RET6Q, STM32U545VEI6, STM32U545VEI6Q, STM32U545VET6, STM32U545VET6Q, STM32U595AIH6, STM32U595AIH6Q, STM32U595AJH6, STM32U595AJH6Q, STM32U595QII6, STM32U595QII6Q, STM32U595QJI6, STM32U595QJI6Q, STM32U595RIT6, STM32U595RIT6Q, STM32U595RJT6, STM32U595RJT6Q, STM32U595VIT6, STM32U595VIT6Q, STM32U595VJT6, STM32U595VJT6Q, STM32U595ZIT6, STM32U595ZIT6Q, STM32U595ZIY6QTR, STM32U595ZJT6, STM32U595ZJT6Q, STM32U595ZJY6QTR, STM32U599BJY6QTR, STM32U599NIH6Q, STM32U599NJH6Q, STM32U599VIT6Q, STM32U599VJT6, STM32U599VJT6Q, STM32U599ZIT6Q, STM32U599ZIY6QTR, STM32U599ZJT6Q, STM32U599ZJY6QTR, STM32U5A5AJH6, STM32U5A5AJH6Q, STM32U5A5QII3Q , STM32U5A5QJI6, STM32U5A5QJI6Q, STM32U5A5RJT6, STM32U5A5RJT6Q, STM32U5A5VJT6, STM32U5A5VJT6Q, STM32U5A5ZJT6, STM32U5A5ZJT6Q, STM32U5A5ZJY6QTR, STM32U5A9BJY6QTR, STM32U5A9J-DK, STM32U5A9NJH6Q, STM32U5A9VJT6Q, STM32U5A9ZJT6Q, STM32U5A9ZJY6QTR, STM32U5F7VIT6, STM32U5F7VIT6Q, STM32U5F7VJT6, STM32U5F7VJT6Q, STM32U5F9BJY6QTR, STM32U5F9NJH6Q, STM32U5F9VIT6Q, STM32U5F9VJT6Q, STM32U5F9ZIJ6QTR, STM32U5F9ZIT6Q, STM32U5F9ZJJ6QTR, STM32U5F9ZJT6Q, STM32U5G7VJT6, STM32U5G7VJT6Q, STM32U5G9BJY6QTR, STM32U5G9J-DK1, STM32U5G9J-DK2, STM32U5G9NJH6Q, STM32U5G9VJT6Q, STM32U5G9ZJJ6QTR, STM32U5G9ZJT6Q, STM32WB05KZV6TR, STM32WB05KZV7TR, STM32WB05TZF6TR, STM32WB05TZF7TR, STM32WB06CCF6TR, STM32WB06CCF7TR, STM32WB06CCV6TR, STM32WB06CCV7TR, STM32WB06KCV6TR, STM32WB06KCV7TR, STM32WB07CCF6TR, STM32WB07CCF7TR, STM32WB07CCV6TR, STM32WB07CCV7TR, STM32WB07KCV6TR, STM32WB07KCV7TR, STM32WB09KEV6TR, STM32WB09KEV7TR, STM32WB09TEF6TR, STM32WB09TEF7TR, STM32WB1MMCH6, STM32WBA50KGU6, STM32WBA50KGU6TR, STM32WBA52CEU6, STM32WBA52CEU6TR, STM32WBA52CEU7, STM32WBA52CEU7TR, STM32WBA52CGU6, STM32WBA52CGU6TR, STM32WBA52CGU6U, STM32WBA52CGU7, STM32WBA52CGU7TR, STM32WBA52KEU6, STM32WBA52KEU6TR, STM32WBA52KGU6, STM32WBA52KGU6TR, STM32WBA54CEU6, STM32WBA54CEU6TR, STM32WBA54CEU7, STM32WBA54CEU7TR, STM32WBA54CGU6, STM32WBA54CGU6TR, STM32WBA54CGU7, STM32WBA54CGU7TR, STM32WBA54KEU6, STM32WBA54KEU6TR, STM32WBA54KEU7, STM32WBA54KEU7TR, STM32WBA54KGU6, STM32WBA54KGU6TR, STM32WBA54KGU7, STM32WBA54KGU7TR, STM32WBA55CEU6, STM32WBA55CEU6TR, STM32WBA55CEU7, STM32WBA55CEU7TR, STM32WBA55CGU6, STM32WBA55CGU6TR, STM32WBA55CGU6U, STM32WBA55CGU7, STM32WBA55CGU7TR, STM32WBA55G-DK1, STM32WBA55HEF6, STM32WBA55HEF7, STM32WBA55HGF6, STM32WBA55HGF7, STM32WBA55UEI6, STM32WBA55UEI6TR, STM32WBA55UEI7, STM32WBA55UEI7TR, STM32WBA55UGI6, STM32WBA55UGI6TR, STM32WBA55UGI7, STM32WBA55UGI7TR, STM32WBA5MMGH6TR, STM32WBA62MGF6, STM32WBA62MIF6, STM32WBA65MGF7, STM32WBA65MIF6, STM32WBA65MIF7, STM32WL30K8V6, STM32WL30KBV6, STM32WL31C8V6, STM32WL31CBV6, STM32WL31K8V6, STM32WL31KBV6, STM32WL33C8V6, STM32WL33C8V6X, STM32WL33CBV6, STM32WL33CBV6X, STM32WL33CCV6, STM32WL33CCV6A, STM32WL33CCV6X, STM32WL33K8V7, STM32WL33K8V7X, STM32WL33KBV7 , STM32WL33KBV7X, STM32WL33KCV7, STM32WL33KCV7X, STM32WL5MOCH6, STM32WL5MOCH6TR]
2026-07-29 11:50:19,877 [INFO] BoardInfo:889 - No configuration file found for board NUCLEO-H5E5ZJ
2026-07-29 11:50:19,879 [INFO] DbBoards:161 - Board is not supported: NUCLEO-H5E5ZJ
2026-07-29 11:50:19,996 [INFO] BoardInfo:889 - No configuration file found for board NUCLEO-U3C5ZI-Q
2026-07-29 11:50:19,999 [INFO] DbBoards:161 - Board is not supported: NUCLEO-U3C5ZI-Q
2026-07-29 11:50:20,029 [INFO] BoardInfo:889 - No configuration file found for board NUCLEO-WBA25CE1
2026-07-29 11:50:20,032 [INFO] DbBoards:161 - Board is not supported: NUCLEO-WBA25CE1
2026-07-29 11:50:20,052 [INFO] BoardInfo:889 - No configuration file found for board NUCLEO-WL3RKB1
2026-07-29 11:50:20,054 [INFO] DbBoards:161 - Board is not supported: NUCLEO-WL3RKB1
2026-07-29 11:50:20,056 [INFO] BoardInfo:889 - No configuration file found for board NUCLEO-WL3RKB2
2026-07-29 11:50:20,058 [INFO] DbBoards:161 - Board is not supported: NUCLEO-WL3RKB2
2026-07-29 11:50:20,074 [INFO] BoardInfo:889 - No configuration file found for board P-NUCLEO-WB55
2026-07-29 11:50:20,076 [INFO] DbBoards:161 - Kit is not supported: P-NUCLEO-WB55
2026-07-29 11:50:20,089 [INFO] BoardInfo:889 - No configuration file found for board STEVAL-BFA001V1B
2026-07-29 11:50:20,091 [INFO] DbBoards:161 - Kit is not supported: STEVAL-BFA001V1B
2026-07-29 11:50:20,093 [INFO] BoardInfo:889 - No configuration file found for board STEVAL-BFA001V2B
2026-07-29 11:50:20,095 [INFO] DbBoards:161 - Kit is not supported: STEVAL-BFA001V2B
2026-07-29 11:50:20,312 [INFO] BoardInfo:889 - No configuration file found for board STM32H5F5J-DK
2026-07-29 11:50:20,315 [INFO] DbBoards:161 - Board is not supported: STM32H5F5J-DK
2026-07-29 11:50:20,484 [INFO] DbBoards:168 - Found 218 boards, 209 are supported
2026-07-29 11:50:20,484 [INFO] DbBoards:169 - Found 218 boards, 43 of them is supported for  Bsp
2026-07-29 11:50:20,487 [INFO] ApiDb:423 - Load user favorites file C:\Users\ADMIN/.stm32cubeide/favorites.boards.txt: 0 item(s)
2026-07-29 11:50:20,487 [INFO] ApiDb:427 - User favorites Boards=[]
2026-07-29 11:50:20,487 [INFO] DbBoards:198 - Set 0 / 0 favorites Boards
2026-07-29 11:50:20,488 [ERROR] TargetSelectorAdapter:267 - Unable to refresh data
2026-07-29 11:50:20,534 [INFO] McuFinderGlobals:76 - Set McuFinderConnectedMode to true
2026-07-29 11:50:20,536 [INFO] MultiScanPanel:200 - Auto-refresh data requested => check proxy status ongoing
2026-07-29 11:50:20,537 [INFO] FinderPluginLoader:96 - Searching for filters in installed packs
2026-07-29 11:50:24,068 [INFO] LoadUrlFilesThread:185 - End of LoadServerUrlFiles without Thread
2026-07-29 11:50:24,068 [INFO] DetailPanel:341 - Set advertising image to C:/Users/ADMIN/STM32Cube/Repository/\en.stm32h5cubemxbanner.png
2026-07-29 11:50:27,298 [INFO] MultiScanPanel:200 - Auto-refresh data requested => check proxy status ongoing
2026-07-29 11:50:27,404 [INFO] LoadUrlFilesThread:185 - End of LoadServerUrlFiles without Thread
2026-07-29 11:50:27,404 [INFO] DetailPanel:341 - Set advertising image to C:/Users/ADMIN/STM32Cube/Repository/\en.stm32h5cubemxbanner.png
2026-07-29 11:50:27,419 [INFO] DbBoards:642 - Loading board mini-images...
2026-07-29 11:50:30,895 [INFO] DbBoards:665 - Loaded 218 board mini-images
2026-07-29 11:51:15,012 [INFO] MainUpdater:2872 - connection check result : 10
2026-07-29 11:51:15,012 [INFO] MainUpdater:2872 - connection check result : 10
2026-07-29 11:51:15,536 [INFO] I2cTimingTraitement:330 - 0x30A175AB
2026-07-29 11:51:15,558 [INFO] MicroXplorer:468 - Change Database Path : 
2026-07-29 11:51:15,559 [INFO] MicroXplorer:498 - Change Database Version : DB.6.0.150
2026-07-29 11:51:15,661 [ERROR] ProjectManagerView:395 - 
java.lang.NullPointerException: Cannot invoke "javax.swing.JTextField.getText()" because the return value of "java.util.List.get(int)" is null
	at com.st.microxplorer.plugins.projectmanager.gui.ProjectChoiceTab$9.caretUpdate(ProjectChoiceTab.java:2706) ~[filemanager.jar:?]
	at javax.swing.text.JTextComponent.fireCaretUpdate(JTextComponent.java:408) ~[?:?]
	at javax.swing.text.JTextComponent$MutableCaretEvent.fire(JTextComponent.java:4484) ~[?:?]
	at javax.swing.text.JTextComponent$MutableCaretEvent.stateChanged(JTextComponent.java:4506) ~[?:?]
	at javax.swing.text.DefaultCaret.fireStateChanged(DefaultCaret.java:857) ~[?:?]
	at javax.swing.text.DefaultCaret.changeCaretPosition(DefaultCaret.java:1343) ~[?:?]
	at javax.swing.text.DefaultCaret.handleSetDot(DefaultCaret.java:1242) ~[?:?]
	at javax.swing.text.DefaultCaret.setDot(DefaultCaret.java:1223) ~[?:?]
	at javax.swing.text.DefaultCaret$Handler.insertUpdate(DefaultCaret.java:1819) ~[?:?]
	at javax.swing.text.AbstractDocument.fireInsertUpdate(AbstractDocument.java:227) ~[?:?]
	at javax.swing.text.AbstractDocument.handleInsertString(AbstractDocument.java:781) ~[?:?]
	at javax.swing.text.AbstractDocument.insertString(AbstractDocument.java:740) ~[?:?]
	at javax.swing.text.PlainDocument.insertString(PlainDocument.java:131) ~[?:?]
	at javax.swing.text.AbstractDocument.replace(AbstractDocument.java:699) ~[?:?]
	at javax.swing.text.JTextComponent.setText(JTextComponent.java:1725) ~[?:?]
	at com.st.microxplorer.plugins.projectmanager.gui.ProjectChoiceTab.createHeapStackFields(ProjectChoiceTab.java:993) ~[filemanager.jar:?]
	at com.st.microxplorer.plugins.projectmanager.gui.ProjectChoiceTab.buildLinkSettingsPanel(ProjectChoiceTab.java:3813) ~[filemanager.jar:?]
	at com.st.microxplorer.plugins.projectmanager.gui.ProjectChoiceTab.defineWindowsFields(ProjectChoiceTab.java:1987) ~[filemanager.jar:?]
	at com.st.microxplorer.plugins.projectmanager.gui.ProjectChoiceTab.updateSettings(ProjectChoiceTab.java:558) ~[filemanager.jar:?]
	at com.st.microxplorer.plugins.projectmanager.gui.ProjectSettingsPanel.UpdateDialog(ProjectSettingsPanel.java:247) ~[filemanager.jar:?]
	at com.st.microxplorer.plugins.projectmanager.ProjectManagerView.propertyChange(ProjectManagerView.java:392) ~[filemanager.jar:?]
	at java.beans.PropertyChangeSupport.fire(PropertyChangeSupport.java:343) ~[?:?]
	at java.beans.PropertyChangeSupport.firePropertyChange(PropertyChangeSupport.java:335) ~[?:?]
	at java.beans.PropertyChangeSupport.firePropertyChange(PropertyChangeSupport.java:268) ~[?:?]
	at com.st.microxplorer.util.MXPropertyChangeSupport.firePropertyChange(MXPropertyChangeSupport.java:54) ~[STM32CubeMX.jar:?]
	at com.st.microxplorer.mxsystem.MxSystem.closeConfig(MxSystem.java:899) ~[STM32CubeMX.jar:?]
	at com.st.microxplorer.maingui.MainPanel.closeConfig(MainPanel.java:792) ~[STM32CubeMX.jar:?]
	at com.st.microxplorer.plugins.filemanager.engine.OpenFileManager.loadConfigurationFile(OpenFileManager.java:288) ~[filemanager.jar:?]
	at com.st.microxplorer.plugins.filemanager.engine.MainFileManager.userLoadConfig(MainFileManager.java:364) ~[filemanager.jar:?]
	at com.st.microxplorer.plugins.filemanager.FileManagerView.getSpecificTask(FileManagerView.java:268) ~[filemanager.jar:?]
	at com.st.stm32cube.common.mx.editor.CubeMxEditor.getMxTabbedPaneInstance(CubeMxEditor.java:1191) ~[com.st.stm32cube.common.mx_6.15.0.202507011659/:?]
	at com.st.stm32cube.common.mx.editor.CubeMxEditor$12$1.createSwingComponent(CubeMxEditor.java:1068) ~[com.st.stm32cube.common.mx_6.15.0.202507011659/:?]
	at com.st.stm32cube.common.mx.oss.core.awtswtbridge.EmbeddedSwingComposite.doComponentCreation(EmbeddedSwingComposite.java:492) ~[com.st.stm32cube.common.mx.oss_6.15.0.202507011659/:?]
	at com.st.stm32cube.common.mx.oss.core.awtswtbridge.EmbeddedSwingComposite$4.run(EmbeddedSwingComposite.java:291) ~[com.st.stm32cube.common.mx.oss_6.15.0.202507011659/:?]
	at com.st.stm32cube.common.mx.oss.core.awtswtbridge.AwtEnvironment$2.run(AwtEnvironment.java:166) ~[com.st.stm32cube.common.mx.oss_6.15.0.202507011659/:?]
	at java.awt.event.InvocationEvent.dispatch(InvocationEvent.java:318) ~[?:?]
	at java.awt.EventQueue.dispatchEventImpl(EventQueue.java:773) ~[?:?]
	at java.awt.EventQueue$4.run(EventQueue.java:720) ~[?:?]
	at java.awt.EventQueue$4.run(EventQueue.java:714) ~[?:?]
	at java.security.AccessController.doPrivileged(AccessController.java:400) ~[?:?]
	at java.security.ProtectionDomain$JavaSecurityAccessImpl.doIntersectionPrivilege(ProtectionDomain.java:87) ~[?:?]
	at java.awt.EventQueue.dispatchEvent(EventQueue.java:742) ~[?:?]
	at java.awt.EventDispatchThread.pumpOneEventForFilters(EventDispatchThread.java:203) ~[?:?]
	at java.awt.EventDispatchThread.pumpEventsForFilter(EventDispatchThread.java:124) ~[?:?]
	at java.awt.EventDispatchThread.pumpEventsForHierarchy(EventDispatchThread.java:113) ~[?:?]
	at java.awt.EventDispatchThread.pumpEvents(EventDispatchThread.java:109) ~[?:?]
	at java.awt.EventDispatchThread.pumpEvents(EventDispatchThread.java:101) ~[?:?]
	at java.awt.EventDispatchThread.run(EventDispatchThread.java:90) ~[?:?]
2026-07-29 11:51:15,703 [WARN] ThirdParty:871 - waiting for thirdparty lock release [close project]
2026-07-29 11:51:15,703 [INFO] ThirdParty:873 - entering critical section [close project]
2026-07-29 11:51:15,704 [INFO] ThirdParty:883 - exiting critical section [close project]
2026-07-29 11:51:15,713 [INFO] PinOutPanel:1589 - setPackage(No Configuration,No Configuration)
2026-07-29 11:51:15,746 [INFO] UtilMem:75 - Begin LoadConfig() Used Memory: 870513656 Bytes (1073741824)
2026-07-29 11:51:15,747 [INFO] OpenFileManager:355 - Change cursor
2026-07-29 11:51:15,811 [INFO] RulesReader:64 - Compatibility file has been processed (317 Rules)
2026-07-29 11:51:15,824 [INFO] ProjectFactory:514 - No CPN specified for board B-L4S5I-IOT01A => set CPN to STM32L4S5VIT6
2026-07-29 11:51:15,824 [INFO] Mcu:2029 - Initializing MCU STM32L4S5VITx STM32L4S5VITx STM32L4S5VIT6
2026-07-29 11:51:19,575 [INFO] Context:786 - Trying to add GPIOservice into a context  which must be forbidden
2026-07-29 11:51:20,699 [INFO] Rule:233 - rule 117617 - U5Cobra4M][GTZC] default value MPCBB3 and MPCBB5 - Not Secured memory - MPCBB1 is applicable
2026-07-29 11:51:20,699 [INFO] Rule:233 - rule 117617 - U5Cobra4M][GTZC] default value MPCBB3 and MPCBB5 - Not Secured memory - MPCBB1 is applicable
2026-07-29 11:51:20,699 [INFO] Rule:233 - rule 117617 - U5Cobra4M][GTZC] default value MPCBB3 and MPCBB5 - Not Secured memory - MPCBB2 is applicable
2026-07-29 11:51:20,699 [INFO] Rule:233 - rule 117617 - U5Cobra4M][GTZC] default value MPCBB3 and MPCBB5 - Not Secured memory - MPCBB2 is applicable
2026-07-29 11:51:20,699 [INFO] Rule:233 - rule 117617 - U5Cobra4M][GTZC] default value MPCBB3 and MPCBB5 - Not Secured memory - MPCBB3 is applicable
2026-07-29 11:51:20,699 [INFO] Rule:233 - rule 117617 - U5Cobra4M][GTZC] default value MPCBB3 and MPCBB5 - Not Secured memory - MPCBB3 is applicable
2026-07-29 11:51:20,699 [INFO] Rule:233 - rule 117617 - U5Cobra4M][GTZC] default value MPCBB3 and MPCBB5 - Not Secured memory - MPCBB4 is applicable
2026-07-29 11:51:20,699 [INFO] Rule:233 - rule 117617 - U5Cobra4M][GTZC] default value MPCBB3 and MPCBB5 - Not Secured memory - MPCBB4 is applicable
2026-07-29 11:51:20,700 [INFO] Rule:233 - rule 117617 - U5Cobra4M][GTZC] default value MPCBB3 and MPCBB5 - Secured memory - MPCBB1 is applicable
2026-07-29 11:51:20,700 [INFO] Rule:233 - rule 117617 - U5Cobra4M][GTZC] default value MPCBB3 and MPCBB5 - Secured memory - MPCBB2 is applicable
2026-07-29 11:51:20,700 [INFO] Rule:233 - rule 117617 - U5Cobra4M][GTZC] default value MPCBB3 and MPCBB5 - Secured memory - MPCBB3 is applicable
2026-07-29 11:51:20,700 [INFO] Rule:233 - rule 117617 - U5Cobra4M][GTZC] default value MPCBB3 and MPCBB5 - Secured memory - MPCBB4 is applicable
2026-07-29 11:51:20,700 [INFO] Rule:233 - rule 117617 - U5Cobra4M][GTZC] default value MPCBB3 and MPCBB5 - Privileged memory - MPCBB1 is applicable
2026-07-29 11:51:20,700 [INFO] Rule:233 - rule 117617 - U5Cobra4M][GTZC] default value MPCBB3 and MPCBB5 - Privileged memory - MPCBB2 is applicable
2026-07-29 11:51:20,700 [INFO] Rule:233 - rule 117617 - U5Cobra4M][GTZC] default value MPCBB3 and MPCBB5 - Privileged memory - MPCBB3 is applicable
2026-07-29 11:51:20,700 [INFO] Rule:233 - rule 117617 - U5Cobra4M][GTZC] default value MPCBB3 and MPCBB5 - Privileged memory - MPCBB4 is applicable
2026-07-29 11:51:20,700 [INFO] Rule:233 - rule 117617 - U5Cobra4M][GTZC] default value MPCBB3 and MPCBB5 - Not Privileged memory - MPCBB1 is applicable
2026-07-29 11:51:20,700 [INFO] Rule:233 - rule 117617 - U5Cobra4M][GTZC] default value MPCBB3 and MPCBB5 - Not Privileged memory - MPCBB2 is applicable
2026-07-29 11:51:20,700 [INFO] Rule:233 - rule 117617 - U5Cobra4M][GTZC] default value MPCBB3 and MPCBB5 - Not Privileged memory - MPCBB3 is applicable
2026-07-29 11:51:20,700 [INFO] Rule:233 - rule 117617 - U5Cobra4M][GTZC] default value MPCBB3 and MPCBB5 - Not Privileged memory - MPCBB4 is applicable
2026-07-29 11:51:20,700 [INFO] Rule:233 - rule 117617 - U5Cobra4M][GTZC] default value MPCBB3 and MPCBB5 - Privileged memory - MPCBB1 is applicable
2026-07-29 11:51:20,700 [INFO] Rule:233 - rule 117617 - U5Cobra4M][GTZC] default value MPCBB3 and MPCBB5 - Privileged memory - MPCBB2 is applicable
2026-07-29 11:51:20,700 [INFO] Rule:233 - rule 117617 - U5Cobra4M][GTZC] default value MPCBB3 and MPCBB5 - Privileged memory - MPCBB3 is applicable
2026-07-29 11:51:20,701 [INFO] Rule:233 - rule 117617 - U5Cobra4M][GTZC] default value MPCBB3 and MPCBB5 - Privileged memory - MPCBB4 is applicable
2026-07-29 11:51:20,701 [INFO] Rule:233 - rule 117617 - U5Cobra4M][GTZC] default value MPCBB3 and MPCBB5 - Privileged memory - MPCBB1 is applicable
2026-07-29 11:51:20,701 [INFO] Rule:233 - rule 117617 - U5Cobra4M][GTZC] default value MPCBB3 and MPCBB5 - Privileged memory - MPCBB2 is applicable
2026-07-29 11:51:20,701 [INFO] Rule:233 - rule 117617 - U5Cobra4M][GTZC] default value MPCBB3 and MPCBB5 - Privileged memory - MPCBB3 is applicable
2026-07-29 11:51:20,701 [INFO] Rule:233 - rule 117617 - U5Cobra4M][GTZC] default value MPCBB3 and MPCBB5 - Privileged memory - MPCBB4 is applicable
2026-07-29 11:51:20,701 [INFO] Rule:233 - rule 117617 - U5Cobra4M][GTZC] default value MPCBB3 and MPCBB5 - Not Privileged memory - MPCBB1 is applicable
2026-07-29 11:51:20,701 [INFO] Rule:233 - rule 117617 - U5Cobra4M][GTZC] default value MPCBB3 and MPCBB5 - Not Privileged memory - MPCBB2 is applicable
2026-07-29 11:51:20,701 [INFO] Rule:233 - rule 117617 - U5Cobra4M][GTZC] default value MPCBB3 and MPCBB5 - Not Privileged memory - MPCBB3 is applicable
2026-07-29 11:51:20,701 [INFO] Rule:233 - rule 117617 - U5Cobra4M][GTZC] default value MPCBB3 and MPCBB5 - Not Privileged memory - MPCBB4 is applicable
2026-07-29 11:51:20,701 [INFO] Rule:233 - rule 117617 - U5Cobra4M][GTZC] default value MPCBB3 and MPCBB5 - Privileged memory - MPCBB1 is applicable
2026-07-29 11:51:20,701 [INFO] Rule:233 - rule 117617 - U5Cobra4M][GTZC] default value MPCBB3 and MPCBB5 - Privileged memory - MPCBB2 is applicable
2026-07-29 11:51:20,701 [INFO] Rule:233 - rule 117617 - U5Cobra4M][GTZC] default value MPCBB3 and MPCBB5 - Privileged memory - MPCBB3 is applicable
2026-07-29 11:51:20,701 [INFO] Rule:233 - rule 117617 - U5Cobra4M][GTZC] default value MPCBB3 and MPCBB5 - Privileged memory - MPCBB4 is applicable
2026-07-29 11:51:20,702 [INFO] Rule:233 - rule WakeUp0 Mode is applicable
2026-07-29 11:51:20,702 [INFO] Rule:233 - rule WakeUp0 SIGNAL is applicable
2026-07-29 11:51:20,702 [INFO] Rule:233 - rule WakeUp1 Mode is applicable
2026-07-29 11:51:20,702 [INFO] Rule:233 - rule WakeUp1 SIGNAL is applicable
2026-07-29 11:51:20,702 [INFO] Rule:233 - rule WakeUp2 Mode is applicable
2026-07-29 11:51:20,702 [INFO] Rule:233 - rule WakeUp2 SIGNAL is applicable
2026-07-29 11:51:20,703 [INFO] Rule:233 - rule WakeUp4 Mode is applicable
2026-07-29 11:51:20,703 [INFO] Rule:233 - rule WakeUp4 SIGNAL is applicable
2026-07-29 11:51:20,703 [INFO] Rule:233 - rule WakeUp5 Mode is applicable
2026-07-29 11:51:20,703 [INFO] Rule:233 - rule WakeUp5 SIGNAL is applicable
2026-07-29 11:51:20,703 [INFO] Rule:233 - rule Change Default Value for LSE Drive Capability for WB family is applicable
2026-07-29 11:51:20,704 [INFO] Rule:233 - rule change FDCAN default value is applicable
2026-07-29 11:51:20,704 [INFO] Rule:233 - rule Adapt Old IOC before rework replace old CORTEX_M33/CORTEX_M55 attributes by the new one. is applicable
2026-07-29 11:51:20,704 [INFO] Rule:233 - rule Rename parametre of RCC RCC_APBDBG_DIV2 to RCC_TIMPRES_DIV2 is applicable
2026-07-29 11:51:20,704 [INFO] Rule:233 - rule Rename DIE493 pin PA10 [PA12] -> PA10 is applicable
2026-07-29 11:51:20,704 [INFO] Rule:233 - rule Rename DIE493 pin PA9 [PA11] -> PA9 is applicable
2026-07-29 11:51:20,704 [INFO] Rule:233 - rule Rename DIE492 PartNumber CPN STM32WBA5MJGHx -> STM32WBA5MMGHx is applicable
2026-07-29 11:51:20,704 [INFO] Rule:233 - rule Rename DIE492 PartNumber  Name STM32WBA5MJGHx -> STM32WBA5MMGHx is applicable
2026-07-29 11:51:20,704 [INFO] Rule:233 - rule Rename DIE492 PartNumber UserName STM32WBA5MJGHx -> STM32WBA5MMGHx is applicable
2026-07-29 11:51:20,704 [INFO] Rule:233 - rule Rename DIE492 PartNumber DeviceId STM32WBA5MJGHx -> STM32WBA5MMGHx is applicable
2026-07-29 11:51:20,704 [INFO] Rule:233 - rule Adapt Old IOC CSI. is applicable
2026-07-29 11:51:20,704 [INFO] Rule:233 - rule Adapt Old IOC DCMIPP. is applicable
2026-07-29 11:51:20,704 [INFO] Rule:233 - rule Adapt Old IOC DCMIPP Mode Parallel. is applicable
2026-07-29 11:51:20,704 [INFO] Rule:233 - rule Adapt Old IOC LTDC. is applicable
2026-07-29 11:51:20,704 [INFO] Rule:233 - rule Rename STM32MP2 RIF Peripheral LTDC RIF.RISUP.LTDC_L0L1.Privilege -> RIF.RISUP.LTDC_L1L2.Privilege is applicable
2026-07-29 11:51:20,704 [INFO] Rule:233 - rule Rename STM32MP2 RIF Peripheral LTDC RIF.RISUP.LTDC_L0L1.Privilege -> RIF.RISUP.LTDC_L1L2.Privilege is applicable
2026-07-29 11:51:20,704 [INFO] Rule:233 - rule Rename STM32MP2 RIF Peripheral LTDC RIF.RISUP.LTDC_L0L1.Lock -> RIF.RISUP.LTDC_L1L2.Lock is applicable
2026-07-29 11:51:20,705 [INFO] Rule:233 - rule Rename STM32MP2 RIF Peripheral LTDC RIF.RISUP.LTDC_L2.Lock -> RIF.RISUP.LTDC_L3.Lock is applicable
2026-07-29 11:51:20,705 [INFO] Rule:233 - rule Adapt the old IOC example for updating the SYS when it is misconfigured. is applicable
2026-07-29 11:51:20,705 [INFO] Rule:233 - rule Rename STM32C09 Mcu.Package LQFP64 -> LQFP48 is applicable
2026-07-29 11:51:20,705 [INFO] Rule:233 - rule Adapt the old IOC example for updating the SYS when it is misconfigured. is applicable
2026-07-29 11:51:20,705 [INFO] Rule:233 - rule Adapt the old IOC example for updating the SYS when it is misconfigured. is applicable
2026-07-29 11:51:20,713 [INFO] DbConfProperties:307 - Apply Compatibility (5/68 Rules)
2026-07-29 11:51:20,776 [INFO] ImportTextPane:234 - (OptionalMessage_ERROR) Pin84 (VP_RIF_VS_RIF1) cannot be retrieved for this MCU
2026-07-29 11:51:20,889 [INFO] RtosManager:558 - Registered RTOS mode: class=CMSIS, group=RTOS, mode=CMSIS_V1, owner=FREERTOS
2026-07-29 11:51:20,889 [INFO] RtosManager:558 - Registered RTOS mode: class=CMSIS, group=RTOS2, mode=CMSIS_V2, owner=FREERTOS
2026-07-29 11:51:20,889 [INFO] RtosManager:558 - Registered RTOS mode: class=RTOS, group=Core, mode=CMSIS_V1, owner=FREERTOS
2026-07-29 11:51:20,889 [INFO] RtosManager:558 - Registered RTOS mode: class=RTOS, group=Core, mode=CMSIS_V2, owner=FREERTOS
2026-07-29 11:51:20,889 [WARN] ModelIntegratedComponent:184 - Missing modes for component STMicroelectronics:FreeRTOS:0.0.1:STMicroelectronics:RTOS:FreeRTOS:Core:::10.2.0:
2026-07-29 11:51:21,072 [WARN] ModelIntegratedComponent:63 - No mode defined for component null
2026-07-29 11:51:21,072 [WARN] ModelIntegratedComponent:63 - No mode defined for component null
2026-07-29 11:51:21,072 [WARN] ModelIntegratedComponent:63 - No mode defined for component null
2026-07-29 11:51:21,072 [WARN] ModelIntegratedComponent:63 - No mode defined for component null
2026-07-29 11:51:21,072 [WARN] ModelIntegratedComponent:63 - No mode defined for component null
2026-07-29 11:51:21,072 [WARN] ModelIntegratedComponent:63 - No mode defined for component null
2026-07-29 11:51:21,072 [WARN] ModelIntegratedComponent:63 - No mode defined for component null
2026-07-29 11:51:21,072 [WARN] ModelIntegratedComponent:63 - No mode defined for component null
2026-07-29 11:51:21,073 [WARN] ModelIntegratedComponent:63 - No mode defined for component null
2026-07-29 11:51:21,073 [WARN] ModelIntegratedComponent:63 - No mode defined for component null
2026-07-29 11:51:21,073 [WARN] ModelIntegratedComponent:63 - No mode defined for component null
2026-07-29 11:51:21,073 [WARN] ModelIntegratedComponent:63 - No mode defined for component null
2026-07-29 11:51:21,073 [WARN] ModelIntegratedComponent:63 - No mode defined for component null
2026-07-29 11:51:21,073 [WARN] ModelIntegratedComponent:63 - No mode defined for component null
2026-07-29 11:51:21,073 [WARN] ModelIntegratedComponent:63 - No mode defined for component null
2026-07-29 11:51:21,073 [WARN] ModelIntegratedComponent:63 - No mode defined for component null
2026-07-29 11:51:21,073 [WARN] ModelIntegratedComponent:63 - No mode defined for component null
2026-07-29 11:51:21,073 [WARN] ModelIntegratedComponent:63 - No mode defined for component null
2026-07-29 11:51:21,073 [WARN] ModelIntegratedComponent:63 - No mode defined for component null
2026-07-29 11:51:21,073 [WARN] ModelIntegratedComponent:63 - No mode defined for component null
2026-07-29 11:51:21,073 [WARN] ModelIntegratedComponent:63 - No mode defined for component null
2026-07-29 11:51:21,073 [WARN] ModelIntegratedComponent:63 - No mode defined for component null
2026-07-29 11:51:21,073 [WARN] ModelIntegratedComponent:63 - No mode defined for component null
2026-07-29 11:51:21,073 [WARN] ModelIntegratedComponent:63 - No mode defined for component null
2026-07-29 11:51:21,073 [WARN] ModelIntegratedComponent:63 - No mode defined for component null
2026-07-29 11:51:21,073 [WARN] ModelIntegratedComponent:63 - No mode defined for component null
2026-07-29 11:51:21,073 [WARN] ModelIntegratedComponent:63 - No mode defined for component null
2026-07-29 11:51:21,073 [WARN] ModelIntegratedComponent:63 - No mode defined for component null
2026-07-29 11:51:21,073 [WARN] ModelIntegratedComponent:63 - No mode defined for component null
2026-07-29 11:51:21,073 [WARN] ModelIntegratedComponent:63 - No mode defined for component null
2026-07-29 11:51:21,073 [WARN] ModelIntegratedComponent:63 - No mode defined for component null
2026-07-29 11:51:21,073 [WARN] ModelIntegratedComponent:63 - No mode defined for component null
2026-07-29 11:51:21,073 [WARN] ModelIntegratedComponent:63 - No mode defined for component null
2026-07-29 11:51:21,073 [WARN] ModelIntegratedComponent:63 - No mode defined for component null
2026-07-29 11:51:21,073 [WARN] ModelIntegratedComponent:63 - No mode defined for component null
2026-07-29 11:51:21,073 [WARN] ModelPack:524 - Component already loaded: STMicroelectronics:HAL Drivers:0.0.0:STMicroelectronics:Device:STMicro_Driver:XSPI:HAL::0.0.1:HAL_XSPI
2026-07-29 11:51:21,155 [INFO] ThirdPartyModel:298 - Start build external matchings
2026-07-29 11:51:21,701 [INFO] ThirdPartyModel:316 - End build external matchings
2026-07-29 11:51:21,757 [WARN] IP:2250 - MaxTran not found: check if there is a RefParameter without a condition.
2026-07-29 11:51:21,757 [WARN] IP:2250 - Refresh not found: check if there is a RefParameter without a condition.
2026-07-29 11:51:21,758 [INFO] ImportTextPane:234 - (OptionalMessage_ERROR) IP (RCC) : Invalid parameter (FamilyName)
2026-07-29 11:51:22,328 [INFO] UtilMem:75 - End LoadConfig() Used Memory: 880091272 Bytes (1073741824)
2026-07-29 11:51:22,503 [WARN] ThirdParty:833 - waiting for thirdparty lock release [change project]
2026-07-29 11:51:22,503 [INFO] ThirdParty:835 - entering critical section [change project]
2026-07-29 11:51:22,503 [INFO] ThirdParty:1030 - CMSIS Pack Vendor :STMicroelectronics X-CUBE-AZRTOS-H7 3.5.0
2026-07-29 11:51:22,503 [INFO] ThirdParty:1030 - CMSIS Pack Vendor :STMicroelectronics X-CUBE-PM33A1 1.0.0
2026-07-29 11:51:22,503 [INFO] ThirdParty:1030 - CMSIS Pack Vendor :STMicroelectronics USBPD 4.1
2026-07-29 11:51:22,504 [INFO] ThirdParty:1030 - CMSIS Pack Vendor :STMicroelectronics X-CUBE-NFC9 1.0.0
2026-07-29 11:51:22,504 [INFO] ThirdParty:1030 - CMSIS Pack Vendor :STMicroelectronics USB_HOST 2.0.0
2026-07-29 11:51:22,504 [INFO] ThirdParty:1030 - CMSIS Pack Vendor :STMicroelectronics FP-ATR-ASTRA1 2.0.3
2026-07-29 11:51:22,504 [INFO] ThirdParty:1030 - CMSIS Pack Vendor :STMicroelectronics X-CUBE-AZRTOS-F4 1.1.0
2026-07-29 11:51:22,504 [INFO] ThirdParty:1030 - CMSIS Pack Vendor :STMicroelectronics LIBJPEG 8.0.0
2026-07-29 11:51:22,504 [INFO] ThirdParty:1030 - CMSIS Pack Vendor :STMicroelectronics X-CUBE-BLE1 7.1.0
2026-07-29 11:51:22,504 [INFO] ThirdParty:1030 - CMSIS Pack Vendor :wolfSSL I-CUBE-wolfMQTT 1.19.2
2026-07-29 11:51:22,504 [INFO] ThirdParty:1030 - CMSIS Pack Vendor :STMicroelectronics USB_DEVICE 3.0.0
2026-07-29 11:51:22,504 [INFO] ThirdParty:1030 - CMSIS Pack Vendor :STMicroelectronics X-CUBE-ISPU 2.1.0
2026-07-29 11:51:22,504 [INFO] ThirdParty:1030 - CMSIS Pack Vendor :STMicroelectronics X-CUBE-EEPRMA1 5.2.0
2026-07-29 11:51:22,504 [INFO] ThirdParty:1030 - CMSIS Pack Vendor :STMicroelectronics X-CUBE-IPS 3.2.0
2026-07-29 11:51:22,504 [INFO] ThirdParty:1030 - CMSIS Pack Vendor :STMicroelectronics eDS-WB_DPC_TT-BIDIR 2.1.1
2026-07-29 11:51:22,504 [INFO] ThirdParty:1030 - CMSIS Pack Vendor :STMicroelectronics X-CUBE-AZRTOS-WB 2.0.0
2026-07-29 11:51:22,504 [INFO] ThirdParty:1030 - CMSIS Pack Vendor :STMicroelectronics X-CUBE-NFC12 1.0.0
2026-07-29 11:51:22,504 [INFO] ThirdParty:1030 - CMSIS Pack Vendor :STMicroelectronics X-CUBE-AZRTOS-F7 1.1.0
2026-07-29 11:51:22,504 [INFO] ThirdParty:1030 - CMSIS Pack Vendor :STMicroelectronics X-CUBE-AZRTOS-L5 2.0.0
2026-07-29 11:51:22,504 [INFO] ThirdParty:1030 - CMSIS Pack Vendor :STMicroelectronics USB_DEVICE 2.0.0
2026-07-29 11:51:22,504 [INFO] ThirdParty:1030 - CMSIS Pack Vendor :STMicroelectronics X-CUBE-FREERTOS 1.6.0
2026-07-29 11:51:22,504 [INFO] ThirdParty:1030 - CMSIS Pack Vendor :STMicroelectronics FP-SNS-STAIOTCFT 1.1.0
2026-07-29 11:51:22,504 [INFO] ThirdParty:1030 - CMSIS Pack Vendor :quantropi X-CUBE-qispace-sdk-base 2.1.0
2026-07-29 11:51:22,504 [INFO] ThirdParty:1030 - CMSIS Pack Vendor :STMicroelectronics X-CUBE-STSE01 2.0.0
2026-07-29 11:51:22,504 [INFO] ThirdParty:1030 - CMSIS Pack Vendor :STMicroelectronics X-CUBE-ALGOBUILD 1.5.0
2026-07-29 11:51:22,504 [INFO] ThirdParty:1030 - CMSIS Pack Vendor :STMicroelectronics FP-SNS-MOTENV1 5.1.0
2026-07-29 11:51:22,504 [INFO] ThirdParty:1030 - CMSIS Pack Vendor :STMicroelectronics FreeRTOS 0.0.1
2026-07-29 11:51:22,504 [INFO] ThirdParty:1030 - CMSIS Pack Vendor :STMicroelectronics X-CUBE-AZRTOS-H7RS 1.3.0
2026-07-29 11:51:22,504 [INFO] ThirdParty:1030 - CMSIS Pack Vendor :STMicroelectronics X-CUBE-AZRTOS-G0 1.1.0
2026-07-29 11:51:22,504 [INFO] ThirdParty:1030 - CMSIS Pack Vendor :STMicroelectronics X-CUBE-NFC4 3.0.0
2026-07-29 11:51:22,504 [INFO] ThirdParty:1030 - CMSIS Pack Vendor :STMicroelectronics X-CUBE-SUBG2 5.0.0
2026-07-29 11:51:22,504 [INFO] ThirdParty:1030 - CMSIS Pack Vendor :STMicroelectronics STM32_WPAN 1.0.0
2026-07-29 11:51:22,504 [INFO] ThirdParty:1030 - CMSIS Pack Vendor :STMicroelectronics eDS-WB_DPC_VIENNA 1.2.0
2026-07-29 11:51:22,504 [INFO] ThirdParty:1030 - CMSIS Pack Vendor :EmbeddedOffice I-CUBE-FS-RTOS 1.0.1
2026-07-29 11:51:22,504 [INFO] ThirdParty:1030 - CMSIS Pack Vendor :STMicroelectronics lwIP 2.0.3
2026-07-29 11:51:22,504 [INFO] ThirdParty:1030 - CMSIS Pack Vendor :WES I-CUBE-Cesium 1.4.0
2026-07-29 11:51:22,504 [INFO] ThirdParty:1030 - CMSIS Pack Vendor :STMicroelectronics X-CUBE-MEMS1 13.0.0
2026-07-29 11:51:22,504 [INFO] ThirdParty:1030 - CMSIS Pack Vendor :STMicroelectronics eDS-WB_DPC_3PH2L-BIDIR 1.1.1
2026-07-29 11:51:22,504 [INFO] ThirdParty:1030 - CMSIS Pack Vendor :STMicroelectronics USB_HOST 1.0.0
2026-07-29 11:51:22,504 [INFO] ThirdParty:1030 - CMSIS Pack Vendor :STMicroelectronics X-CUBE-AZRTOS-G4 2.0.0
2026-07-29 11:51:22,504 [INFO] ThirdParty:1030 - CMSIS Pack Vendor :STMicroelectronics PDM2PCM 3.1.0
2026-07-29 11:51:22,504 [INFO] ThirdParty:1030 - CMSIS Pack Vendor :STMicroelectronics PDM2PCM 3.3.0
2026-07-29 11:51:22,505 [INFO] ThirdParty:1030 - CMSIS Pack Vendor :wolfSSL I-CUBE-wolfTPM 3.8.0
2026-07-29 11:51:22,505 [INFO] ThirdParty:1030 - CMSIS Pack Vendor :STMicroelectronics X-CUBE-DISPLAY 3.0.0
2026-07-29 11:51:22,505 [INFO] ThirdParty:1030 - CMSIS Pack Vendor :wolfSSL I-CUBE-wolfSSH 1.4.20
2026-07-29 11:51:22,505 [INFO] ThirdParty:1030 - CMSIS Pack Vendor :STMicroelectronics X-CUBE-NFC7 2.0.0
2026-07-29 11:51:22,505 [INFO] ThirdParty:1030 - CMSIS Pack Vendor :STMicroelectronics X-CUBE-GNSS1 7.1.1
2026-07-29 11:51:22,505 [INFO] ThirdParty:1030 - CMSIS Pack Vendor :STMicroelectronics FP-SNS-MOTENVWB1 1.5.0
2026-07-29 11:51:22,505 [INFO] ThirdParty:1030 - CMSIS Pack Vendor :STMicroelectronics X-CUBE-TCPP 4.2.0
2026-07-29 11:51:22,505 [INFO] ThirdParty:1030 - CMSIS Pack Vendor :RealThread X-CUBE-RT-Thread_Nano 4.1.1
2026-07-29 11:51:22,505 [INFO] ThirdParty:1030 - CMSIS Pack Vendor :STMicroelectronics FP-ATR-SIGFOX1 3.2.0
2026-07-29 11:51:22,505 [INFO] ThirdParty:1030 - CMSIS Pack Vendor :STMicroelectronics X-CUBE-NFC10 1.0.0
2026-07-29 11:51:22,505 [INFO] ThirdParty:1030 - CMSIS Pack Vendor :STMicroelectronics HAL Drivers 0.0.0
2026-07-29 11:51:22,505 [INFO] ThirdParty:1030 - CMSIS Pack Vendor :STMicroelectronics MBEDTLS 2.16.2
2026-07-29 11:51:22,505 [INFO] ThirdParty:1030 - CMSIS Pack Vendor :STMicroelectronics X-CUBE-ST60 1.1.0
2026-07-29 11:51:22,505 [INFO] ThirdParty:1030 - CMSIS Pack Vendor :STMicroelectronics X-CUBE-ALS 1.0.2
2026-07-29 11:51:22,505 [INFO] ThirdParty:1030 - CMSIS Pack Vendor :emotas I-CUBE-CANOPEN 1.3.0
2026-07-29 11:51:22,505 [INFO] ThirdParty:1030 - CMSIS Pack Vendor :wolfSSL I-CUBE-wolfSSL 5.9.2
2026-07-29 11:51:22,505 [INFO] ThirdParty:1030 - CMSIS Pack Vendor :STMicroelectronics MBEDTLS 2.14.1
2026-07-29 11:51:22,505 [INFO] ThirdParty:1030 - CMSIS Pack Vendor :ITTIA_DB I-CUBE-ITTIADB 8.9.0
2026-07-29 11:51:22,505 [INFO] ThirdParty:1030 - CMSIS Pack Vendor :Cesanta I-CUBE-Mongoose 7.21.7
2026-07-29 11:51:22,505 [INFO] ThirdParty:1030 - CMSIS Pack Vendor :STMicroelectronics X-CUBE-TOUCHGFX 4.26.1
2026-07-29 11:51:22,505 [INFO] ThirdParty:1030 - CMSIS Pack Vendor :STMicroelectronics X-CUBE-NFC6 3.2.0
2026-07-29 11:51:22,505 [INFO] ThirdParty:1030 - CMSIS Pack Vendor :STMicroelectronics FP-SNS-STBOX1 2.1.0
2026-07-29 11:51:22,505 [INFO] ThirdParty:1030 - CMSIS Pack Vendor :STMicroelectronics X-CUBE-AI 10.2.1
2026-07-29 11:51:22,505 [INFO] ThirdParty:1030 - CMSIS Pack Vendor :STMicroelectronics ThreadX 1.0.0
2026-07-29 11:51:22,505 [INFO] ThirdParty:1030 - CMSIS Pack Vendor :STMicroelectronics FP-SNS-SMARTAG2 1.2.0
2026-07-29 11:51:22,505 [INFO] ThirdParty:1030 - CMSIS Pack Vendor :STMicroelectronics FP-SNS-FLIGHT1 5.1.0
2026-07-29 11:51:22,505 [INFO] ThirdParty:1030 - CMSIS Pack Vendor :STMicroelectronics X-CUBE-AZRTOS-WL 2.0.0
2026-07-29 11:51:22,505 [INFO] ThirdParty:1030 - CMSIS Pack Vendor :SEGGER I-CUBE-embOS 1.3.1
2026-07-29 11:51:22,505 [INFO] ThirdParty:1030 - CMSIS Pack Vendor :STMicroelectronics X-CUBE-DPower 1.3.0
2026-07-29 11:51:22,505 [INFO] ThirdParty:1030 - CMSIS Pack Vendor :STMicroelectronics USB_DEVICE 1.0.0
2026-07-29 11:51:22,505 [INFO] ThirdParty:1030 - CMSIS Pack Vendor :STMicroelectronics X-CUBE-AZRTOS-L4 2.0.0
2026-07-29 11:51:22,505 [INFO] ThirdParty:1030 - CMSIS Pack Vendor :STMicroelectronics ThreadX 0.0.2
2026-07-29 11:51:22,505 [INFO] ThirdParty:1030 - CMSIS Pack Vendor :STMicroelectronics lwIP 2.1.2
2026-07-29 11:51:22,505 [INFO] ThirdParty:1030 - CMSIS Pack Vendor :STMicroelectronics X-CUBE-SFXS2LP1 4.0.0
2026-07-29 11:51:22,505 [INFO] ThirdParty:1030 - CMSIS Pack Vendor :STMicroelectronics X-CUBE-BLE2 3.3.0
2026-07-29 11:51:22,505 [INFO] ThirdParty:1030 - CMSIS Pack Vendor :Avnet-IOTCONNECT X-CUBE-iotc-st67-sdk 1.0.0
2026-07-29 11:51:22,506 [INFO] ThirdParty:1030 - CMSIS Pack Vendor :STMicroelectronics X-CUBE-TOF1 3.4.3
2026-07-29 11:51:22,506 [INFO] ThirdParty:1030 - CMSIS Pack Vendor :Infineon AIROC-Wi-Fi-Bluetooth-STM32 1.8.0
2026-07-29 11:51:22,506 [INFO] ThirdParty:1030 - CMSIS Pack Vendor :STMicroelectronics X-CUBE-NFC13 1.0.0
2026-07-29 11:51:22,506 [INFO] ThirdParty:1030 - CMSIS Pack Vendor :STMicroelectronics PDM2PCM 3.2.0
2026-07-29 11:51:22,506 [INFO] ThirdParty:1030 - CMSIS Pack Vendor :STMicroelectronics X-CUBE-WB05N 2.1.0
2026-07-29 11:51:22,506 [INFO] ThirdParty:841 - exiting critical section [change project]
2026-07-29 11:51:22,925 [INFO] PinOutPanel:1589 - setPackage(No Configuration,No Configuration)
2026-07-29 11:51:22,926 [INFO] PinOutPanel:1589 - setPackage(STM32L4S5VITx,LQFP100)
2026-07-29 11:51:23,566 [INFO] UtilMem:75 - Before build in PCC Used Memory: 937657048 Bytes (1073741824)
2026-07-29 11:51:24,263 [INFO] UtilMem:75 - After build in PCC Used Memory: 866479320 Bytes (1073741824)
2026-07-29 11:51:24,298 [INFO] IPUIPlugin:80 - create IPUIPlugin
2026-07-29 11:51:24,298 [INFO] IPUIPlugin:80 - create IPUIPlugin
2026-07-29 11:51:24,298 [INFO] IPUIPlugin:80 - create IPUIPlugin
2026-07-29 11:51:24,298 [INFO] IPUIPlugin:80 - create IPUIPlugin
2026-07-29 11:51:24,298 [INFO] IPUIPlugin:80 - create IPUIPlugin
2026-07-29 11:51:24,299 [INFO] IPUIPlugin:80 - create IPUIPlugin
2026-07-29 11:51:24,299 [INFO] IPUIPlugin:80 - create IPUIPlugin
2026-07-29 11:51:24,299 [INFO] IPUIPlugin:80 - create IPUIPlugin
2026-07-29 11:51:24,299 [INFO] IPUIPlugin:80 - create IPUIPlugin
2026-07-29 11:51:24,299 [INFO] IPUIPlugin:80 - create IPUIPlugin
2026-07-29 11:51:24,299 [INFO] IPUIPlugin:80 - create IPUIPlugin
2026-07-29 11:51:24,299 [INFO] IPUIPlugin:80 - create IPUIPlugin
2026-07-29 11:51:24,300 [INFO] IPUIPlugin:80 - create IPUIPlugin
2026-07-29 11:51:24,300 [INFO] IPUIPlugin:80 - create IPUIPlugin
2026-07-29 11:51:24,300 [INFO] IPUIPlugin:80 - create IPUIPlugin
2026-07-29 11:51:24,300 [INFO] IPUIPlugin:80 - create IPUIPlugin
2026-07-29 11:51:24,301 [INFO] IPUIPlugin:80 - create IPUIPlugin
2026-07-29 11:51:24,301 [INFO] IPUIPlugin:80 - create IPUIPlugin
2026-07-29 11:51:24,301 [INFO] IPUIPlugin:80 - create IPUIPlugin
2026-07-29 11:51:24,301 [INFO] IPUIPlugin:80 - create IPUIPlugin
2026-07-29 11:51:24,301 [INFO] IPUIPlugin:80 - create IPUIPlugin
2026-07-29 11:51:24,301 [INFO] IPUIPlugin:80 - create IPUIPlugin
2026-07-29 11:51:24,302 [INFO] IPUIPlugin:80 - create IPUIPlugin
2026-07-29 11:51:24,302 [INFO] IPUIPlugin:80 - create IPUIPlugin
2026-07-29 11:51:24,302 [INFO] IPUIPlugin:80 - create IPUIPlugin
2026-07-29 11:51:24,303 [INFO] IPUIPlugin:80 - create IPUIPlugin
2026-07-29 11:51:24,303 [INFO] IPUIPlugin:80 - create IPUIPlugin
2026-07-29 11:51:24,303 [INFO] IPUIPlugin:80 - create IPUIPlugin
2026-07-29 11:51:24,304 [INFO] IPUIPlugin:80 - create IPUIPlugin
2026-07-29 11:51:24,304 [INFO] IPUIPlugin:80 - create IPUIPlugin
2026-07-29 11:51:24,304 [INFO] IPUIPlugin:80 - create IPUIPlugin
2026-07-29 11:51:24,304 [INFO] IPUIPlugin:80 - create IPUIPlugin
2026-07-29 11:51:24,305 [INFO] IPUIPlugin:80 - create IPUIPlugin
2026-07-29 11:51:24,305 [INFO] IPUIPlugin:80 - create IPUIPlugin
2026-07-29 11:51:24,305 [INFO] IPUIPlugin:80 - create IPUIPlugin
2026-07-29 11:51:24,305 [INFO] IPUIPlugin:80 - create IPUIPlugin
2026-07-29 11:51:24,306 [INFO] IPUIPlugin:80 - create IPUIPlugin
2026-07-29 11:51:24,306 [INFO] IPUIPlugin:80 - create IPUIPlugin
2026-07-29 11:51:24,306 [INFO] IPUIPlugin:80 - create IPUIPlugin
2026-07-29 11:51:24,306 [INFO] IPUIPlugin:80 - create IPUIPlugin
2026-07-29 11:51:24,306 [INFO] IPUIPlugin:80 - create IPUIPlugin
2026-07-29 11:51:24,307 [INFO] IPUIPlugin:80 - create IPUIPlugin
2026-07-29 11:51:24,307 [INFO] IPUIPlugin:80 - create IPUIPlugin
2026-07-29 11:51:24,307 [INFO] IPUIPlugin:80 - create IPUIPlugin
2026-07-29 11:51:24,307 [INFO] IPUIPlugin:80 - create IPUIPlugin
2026-07-29 11:51:24,308 [INFO] IPUIPlugin:80 - create IPUIPlugin
2026-07-29 11:51:24,308 [INFO] IPUIPlugin:80 - create IPUIPlugin
2026-07-29 11:51:24,308 [INFO] IPUIPlugin:80 - create IPUIPlugin
2026-07-29 11:51:24,308 [INFO] IPUIPlugin:80 - create IPUIPlugin
2026-07-29 11:51:24,309 [INFO] IPUIPlugin:80 - create IPUIPlugin
2026-07-29 11:51:24,310 [INFO] IPUIPlugin:80 - create IPUIPlugin
2026-07-29 11:51:24,310 [INFO] IPUIPlugin:80 - create IPUIPlugin
2026-07-29 11:51:24,310 [INFO] IPUIPlugin:80 - create IPUIPlugin
2026-07-29 11:51:24,311 [INFO] IPUIPlugin:80 - create IPUIPlugin
2026-07-29 11:51:24,311 [INFO] IPUIPlugin:80 - create IPUIPlugin
2026-07-29 11:51:24,311 [INFO] IPUIPlugin:80 - create IPUIPlugin
2026-07-29 11:51:24,312 [INFO] IPUIPlugin:80 - create IPUIPlugin
2026-07-29 11:51:24,312 [INFO] IPUIPlugin:80 - create IPUIPlugin
2026-07-29 11:51:24,312 [INFO] IPUIPlugin:80 - create IPUIPlugin
2026-07-29 11:51:24,313 [INFO] IPUIPlugin:80 - create IPUIPlugin
2026-07-29 11:51:24,313 [INFO] IPUIPlugin:80 - create IPUIPlugin
2026-07-29 11:51:24,314 [INFO] IPUIPlugin:80 - create IPUIPlugin
2026-07-29 11:51:24,314 [INFO] IPUIPlugin:80 - create IPUIPlugin
2026-07-29 11:51:24,423 [INFO] CADModel:165 - CPN selected for project levelSTM32L4S5VIT6
2026-07-29 11:51:24,423 [INFO] CADModel:114 - Register for checkConnection events
2026-07-29 11:51:24,566 [INFO] OpenFileManager:386 - Restore cursor
2026-07-29 11:51:25,168 [WARN] IP:2250 - MaxTran not found: check if there is a RefParameter without a condition.
2026-07-29 11:51:25,168 [WARN] IP:2250 - Refresh not found: check if there is a RefParameter without a condition.
2026-07-29 11:51:25,169 [WARN] IP:2250 - MaxTran not found: check if there is a RefParameter without a condition.
2026-07-29 11:51:25,170 [WARN] IP:2250 - Refresh not found: check if there is a RefParameter without a condition.
2026-07-29 11:51:26,462 [INFO] UtilMem:75 - End SaveConfig() Used Memory: 953543080 Bytes (1073741824)
2026-07-29 11:51:26,649 [INFO] UtilMem:75 - End SaveConfig() Used Memory: 971888440 Bytes (1073741824)
2026-07-29 11:51:27,429 [INFO] BlockDiagram:2775 - set Specific Code input for plugin: SPI
2026-07-29 11:51:27,429 [INFO] BlockDiagram:2775 - set Specific Code input for plugin: SPI
2026-07-29 11:51:27,430 [INFO] BlockDiagram:2775 - set Specific Code input for plugin: DFSDM
2026-07-29 11:51:27,430 [INFO] BlockDiagram:2775 - set Specific Code input for plugin: SYS
2026-07-29 11:51:27,430 [INFO] BlockDiagram:2775 - set Specific Code input for plugin: ADC
2026-07-29 11:51:27,430 [INFO] BlockDiagram:2775 - set Specific Code input for plugin: RCC
2026-07-29 11:51:27,430 [INFO] BlockDiagram:2775 - set Specific Code input for plugin: I2C
2026-07-29 11:51:27,430 [INFO] BlockDiagram:2775 - set Specific Code input for plugin: I2C
2026-07-29 11:51:27,430 [INFO] BlockDiagram:2775 - set Specific Code input for plugin: USB_OTG_FS
2026-07-29 11:51:27,430 [INFO] BlockDiagram:2775 - set Specific Code input for plugin: NVIC
2026-07-29 11:51:27,430 [INFO] BlockDiagram:2775 - set Specific Code input for plugin: USART
2026-07-29 11:51:27,430 [INFO] BlockDiagram:2775 - set Specific Code input for plugin: USART
2026-07-29 11:51:27,430 [INFO] BlockDiagram:2775 - set Specific Code input for plugin: USART
2026-07-29 11:51:27,430 [INFO] BlockDiagram:2775 - set Specific Code input for plugin: OCTOSPI
2026-07-29 11:51:27,430 [INFO] BlockDiagram:2775 - set Specific Code input for plugin: UART
2026-07-29 11:51:27,431 [INFO] BlockDiagram:2775 - set Specific Code input for plugin: GPIO
2026-07-29 11:51:27,432 [INFO] CodeGenerator:892 - code generatio: config db path: C:\ST\STM32CubeIDE_1.19.0\STM32CubeIDE\plugins\com.st.stm32cube.common.mx_6.15.0.202507011659\\db\
2026-07-29 11:51:27,500 [WARN] IP:2250 - MaxTran not found: check if there is a RefParameter without a condition.
2026-07-29 11:51:27,500 [WARN] IP:2250 - Refresh not found: check if there is a RefParameter without a condition.
2026-07-29 11:51:27,785 [INFO] CodeEngine:265 - oldGeneratedFile, D:\Anusha_TinyML_FDP\TinyML_Workshop_Nitte-\STM32\Interfacing MPU6050_IMU\MXTmpFiles\license.tmp_save
2026-07-29 11:51:28,189 [INFO] CodeEngine:289 - Generated code: D:\Anusha_TinyML_FDP\TinyML_Workshop_Nitte-\STM32\Interfacing MPU6050_IMU\MXTmpFiles\license.tmp
2026-07-29 11:51:28,494 [INFO] CodeEngine:265 - oldGeneratedFile, D:\Anusha_TinyML_FDP\TinyML_Workshop_Nitte-\STM32\Interfacing MPU6050_IMU\MXTmpFiles\gpio.tmp_save
2026-07-29 11:51:28,703 [INFO] CodeEngine:289 - Generated code: D:\Anusha_TinyML_FDP\TinyML_Workshop_Nitte-\STM32\Interfacing MPU6050_IMU\MXTmpFiles\gpio.tmp
2026-07-29 11:51:32,086 [WARN] IPConfigManager:103 - WARNING: Missing Config File for USB ip!!
2026-07-29 11:51:32,283 [WARN] IPConfigManager:3238 - Warning: the RefConfig PWREx_EnableUSBVoltageDetector is not available in your config.xml file
2026-07-29 11:51:32,310 [INFO] CodeEngine:265 - oldGeneratedFile, D:\Anusha_TinyML_FDP\TinyML_Workshop_Nitte-\STM32\Interfacing MPU6050_IMU\Core\Src\stm32l4xx_it.c_save
2026-07-29 11:51:32,541 [INFO] CodeEngine:289 - Generated code: D:\Anusha_TinyML_FDP\TinyML_Workshop_Nitte-\STM32\Interfacing MPU6050_IMU\Core\Src\stm32l4xx_it.c
2026-07-29 11:51:32,545 [INFO] CodeEngine:265 - oldGeneratedFile, D:\Anusha_TinyML_FDP\TinyML_Workshop_Nitte-\STM32\Interfacing MPU6050_IMU\Core\Inc\stm32l4xx_it.h_save
2026-07-29 11:51:32,615 [INFO] CodeEngine:289 - Generated code: D:\Anusha_TinyML_FDP\TinyML_Workshop_Nitte-\STM32\Interfacing MPU6050_IMU\Core\Inc\stm32l4xx_it.h
2026-07-29 11:51:32,629 [INFO] CodeEngine:265 - oldGeneratedFile, D:\Anusha_TinyML_FDP\TinyML_Workshop_Nitte-\STM32\Interfacing MPU6050_IMU\Core\Src\stm32l4xx_hal_msp.c_save
2026-07-29 11:51:32,801 [INFO] CodeEngine:289 - Generated code: D:\Anusha_TinyML_FDP\TinyML_Workshop_Nitte-\STM32\Interfacing MPU6050_IMU\Core\Src\stm32l4xx_hal_msp.c
2026-07-29 11:51:32,806 [INFO] CodeEngine:265 - oldGeneratedFile, D:\Anusha_TinyML_FDP\TinyML_Workshop_Nitte-\STM32\Interfacing MPU6050_IMU\MXTmpFiles\system.tmp_save
2026-07-29 11:51:32,884 [INFO] CodeEngine:289 - Generated code: D:\Anusha_TinyML_FDP\TinyML_Workshop_Nitte-\STM32\Interfacing MPU6050_IMU\MXTmpFiles\system.tmp
2026-07-29 11:51:32,895 [INFO] CodeEngine:321 - oldGeneratedFile, D:\Anusha_TinyML_FDP\TinyML_Workshop_Nitte-\STM32\Interfacing MPU6050_IMU\Core\Inc\stm32l4xx_hal_conf.h_save
2026-07-29 11:51:32,980 [INFO] CodeEngine:345 - Generated code: D:\Anusha_TinyML_FDP\TinyML_Workshop_Nitte-\STM32\Interfacing MPU6050_IMU\Core\Inc\stm32l4xx_hal_conf.h
2026-07-29 11:51:33,014 [INFO] ApiDbMcu:532 - Load IP Config File for ADC1
2026-07-29 11:51:33,031 [INFO] ApiDbMcu:532 - Load IP Config File for DFSDM1
2026-07-29 11:51:33,037 [INFO] ApiDbMcu:532 - Load IP Config File for I2C1
2026-07-29 11:51:33,041 [INFO] ApiDbMcu:532 - Load IP Config File for I2C2
2026-07-29 11:51:33,045 [INFO] ApiDbMcu:532 - Load IP Config File for OCTOSPI1
2026-07-29 11:51:33,049 [INFO] ApiDbMcu:532 - Load IP Config File for SPI1
2026-07-29 11:51:33,052 [INFO] ApiDbMcu:532 - Load IP Config File for SPI3
2026-07-29 11:51:33,066 [INFO] ApiDbMcu:532 - Load IP Config File for UART4
2026-07-29 11:51:33,079 [INFO] ApiDbMcu:532 - Load IP Config File for USART1
2026-07-29 11:51:33,093 [INFO] ApiDbMcu:532 - Load IP Config File for USART2
2026-07-29 11:51:33,107 [INFO] ApiDbMcu:532 - Load IP Config File for USART3
2026-07-29 11:51:33,107 [ERROR] ApiDbMcu:560 - Cannot parse USB_OTG_FS_Config file : file do not exist
2026-07-29 11:51:33,107 [ERROR] ApiDbMcu:560 - Cannot parse USB_OTG_FS_Config file : file do not exist
2026-07-29 11:51:33,111 [INFO] ApiDbMcu:532 - Load IP Config File for RCC
2026-07-29 11:51:33,115 [WARN] IPConfigManager:3811 - IP not found : USB_OTG
2026-07-29 11:51:33,116 [WARN] CodeGenerator:4259 - IP not found : null
2026-07-29 11:51:33,123 [INFO] CodeEngine:265 - oldGeneratedFile, D:\Anusha_TinyML_FDP\TinyML_Workshop_Nitte-\STM32\Interfacing MPU6050_IMU\Core\Inc\main.h_save
2026-07-29 11:51:33,251 [INFO] CodeEngine:289 - Generated code: D:\Anusha_TinyML_FDP\TinyML_Workshop_Nitte-\STM32\Interfacing MPU6050_IMU\Core\Inc\main.h
2026-07-29 11:51:33,257 [INFO] CodeEngine:265 - oldGeneratedFile, D:\Anusha_TinyML_FDP\TinyML_Workshop_Nitte-\STM32\Interfacing MPU6050_IMU\Core\Src\main.c_save
2026-07-29 11:51:33,413 [INFO] CodeEngine:289 - Generated code: D:\Anusha_TinyML_FDP\TinyML_Workshop_Nitte-\STM32\Interfacing MPU6050_IMU\Core\Src\main.c
2026-07-29 11:51:33,785 [INFO] ProjectBuilder:3606 - Time for Copy HAL[1] : 151mS.
2026-07-29 11:51:33,789 [INFO] ProjectBuilder:5216 - Project Generator version: 4.7.0-B52
2026-07-29 11:51:33,879 [INFO] ConfigFileManager:1595 - The Die is : DIE470
2026-07-29 11:51:33,882 [INFO] ApiDbMcu:532 - Load IP Config File for FATFS
2026-07-29 11:51:33,887 [INFO] ApiDbMcu:532 - Load IP Config File for FREERTOS
2026-07-29 11:51:33,898 [INFO] ApiDbMcu:532 - Load IP Config File for TOUCHSENSING
2026-07-29 11:51:33,904 [INFO] ApiDbMcu:532 - Load IP Config File for USB_DEVICE
2026-07-29 11:51:33,907 [INFO] ApiDbMcu:532 - Load IP Config File for USB_HOST
2026-07-29 11:51:35,775 [INFO] ProjectBuilder:5496 - Time for Generating toolchain IDE Files: 1985mS.
2026-07-29 11:51:35,776 [INFO] ProjectBuilder:3463 - Time for Copy CMSIS : 1mS.
2026-07-29 11:51:35,777 [INFO] ProjectBuilder:3463 - Time for Copy CMSIS : 0mS.
2026-07-29 11:51:36,794 [INFO] McuFinderGlobals:76 - Set McuFinderConnectedMode to true
2026-07-29 11:51:36,798 [INFO] ApiDb:448 - Save user favorites file C:\Users\ADMIN/.stm32cubeide/favorites.mcus.txt: 0 item(s)
2026-07-29 11:51:36,798 [INFO] ApiDb:452 - User favorites MCUs=[]
2026-07-29 11:51:36,800 [INFO] ApiDb:448 - Save user favorites file C:\Users\ADMIN/.stm32cubeide/favorites.boards.txt: 0 item(s)
2026-07-29 11:51:36,800 [INFO] ApiDb:452 - User favorites Boards=[]
2026-07-29 11:52:56,219 [INFO] I2cTimingTraitement:330 - 0x30A175AB
2026-07-29 11:54:26,568 [INFO] UtilMem:75 - End SaveConfig() Used Memory: 790298144 Bytes (1073741824)
2026-07-29 11:54:27,918 [INFO] UtilMem:75 - End SaveConfig() Used Memory: 879427104 Bytes (1073741824)
2026-07-29 11:54:29,967 [INFO] UtilMem:75 - End SaveConfig() Used Memory: 993907760 Bytes (1073741824)
2026-07-29 11:54:30,249 [INFO] BlockDiagram:2775 - set Specific Code input for plugin: SYS
2026-07-29 11:54:30,249 [INFO] BlockDiagram:2775 - set Specific Code input for plugin: RCC
2026-07-29 11:54:30,249 [INFO] BlockDiagram:2775 - set Specific Code input for plugin: I2C
2026-07-29 11:54:30,249 [INFO] BlockDiagram:2775 - set Specific Code input for plugin: NVIC
2026-07-29 11:54:30,249 [INFO] BlockDiagram:2775 - set Specific Code input for plugin: USART
2026-07-29 11:54:30,250 [INFO] BlockDiagram:2775 - set Specific Code input for plugin: GPIO
2026-07-29 11:54:30,250 [INFO] CodeGenerator:892 - code generatio: config db path: C:\ST\STM32CubeIDE_1.19.0\STM32CubeIDE\plugins\com.st.stm32cube.common.mx_6.15.0.202507011659\\db\
2026-07-29 11:54:30,394 [INFO] CodeEngine:265 - oldGeneratedFile, D:\Anusha_TinyML_FDP\TinyML_Workshop_Nitte-\STM32\Interfacing MPU6050_IMU\MXTmpFiles\license.tmp_save
2026-07-29 11:54:30,777 [INFO] CodeEngine:289 - Generated code: D:\Anusha_TinyML_FDP\TinyML_Workshop_Nitte-\STM32\Interfacing MPU6050_IMU\MXTmpFiles\license.tmp
2026-07-29 11:54:30,807 [INFO] CodeEngine:265 - oldGeneratedFile, D:\Anusha_TinyML_FDP\TinyML_Workshop_Nitte-\STM32\Interfacing MPU6050_IMU\MXTmpFiles\gpio.tmp_save
2026-07-29 11:54:30,994 [INFO] CodeEngine:289 - Generated code: D:\Anusha_TinyML_FDP\TinyML_Workshop_Nitte-\STM32\Interfacing MPU6050_IMU\MXTmpFiles\gpio.tmp
2026-07-29 11:54:31,083 [INFO] CodeEngine:265 - oldGeneratedFile, D:\Anusha_TinyML_FDP\TinyML_Workshop_Nitte-\STM32\Interfacing MPU6050_IMU\Core\Src\stm32l4xx_it.c_save
2026-07-29 11:54:31,278 [INFO] CodeEngine:289 - Generated code: D:\Anusha_TinyML_FDP\TinyML_Workshop_Nitte-\STM32\Interfacing MPU6050_IMU\Core\Src\stm32l4xx_it.c
2026-07-29 11:54:31,284 [INFO] CodeEngine:265 - oldGeneratedFile, D:\Anusha_TinyML_FDP\TinyML_Workshop_Nitte-\STM32\Interfacing MPU6050_IMU\Core\Inc\stm32l4xx_it.h_save
2026-07-29 11:54:31,428 [INFO] CodeEngine:289 - Generated code: D:\Anusha_TinyML_FDP\TinyML_Workshop_Nitte-\STM32\Interfacing MPU6050_IMU\Core\Inc\stm32l4xx_it.h
2026-07-29 11:54:31,442 [INFO] CodeEngine:265 - oldGeneratedFile, D:\Anusha_TinyML_FDP\TinyML_Workshop_Nitte-\STM32\Interfacing MPU6050_IMU\Core\Src\stm32l4xx_hal_msp.c_save
2026-07-29 11:54:31,683 [INFO] CodeEngine:289 - Generated code: D:\Anusha_TinyML_FDP\TinyML_Workshop_Nitte-\STM32\Interfacing MPU6050_IMU\Core\Src\stm32l4xx_hal_msp.c
2026-07-29 11:54:31,688 [INFO] CodeEngine:265 - oldGeneratedFile, D:\Anusha_TinyML_FDP\TinyML_Workshop_Nitte-\STM32\Interfacing MPU6050_IMU\MXTmpFiles\system.tmp_save
2026-07-29 11:54:31,831 [INFO] CodeEngine:289 - Generated code: D:\Anusha_TinyML_FDP\TinyML_Workshop_Nitte-\STM32\Interfacing MPU6050_IMU\MXTmpFiles\system.tmp
2026-07-29 11:54:31,844 [INFO] CodeEngine:321 - oldGeneratedFile, D:\Anusha_TinyML_FDP\TinyML_Workshop_Nitte-\STM32\Interfacing MPU6050_IMU\Core\Inc\stm32l4xx_hal_conf.h_save
2026-07-29 11:54:31,989 [INFO] CodeEngine:345 - Generated code: D:\Anusha_TinyML_FDP\TinyML_Workshop_Nitte-\STM32\Interfacing MPU6050_IMU\Core\Inc\stm32l4xx_hal_conf.h
2026-07-29 11:54:32,013 [INFO] CodeEngine:265 - oldGeneratedFile, D:\Anusha_TinyML_FDP\TinyML_Workshop_Nitte-\STM32\Interfacing MPU6050_IMU\Core\Inc\main.h_save
2026-07-29 11:54:32,154 [INFO] CodeEngine:289 - Generated code: D:\Anusha_TinyML_FDP\TinyML_Workshop_Nitte-\STM32\Interfacing MPU6050_IMU\Core\Inc\main.h
2026-07-29 11:54:32,160 [INFO] CodeEngine:265 - oldGeneratedFile, D:\Anusha_TinyML_FDP\TinyML_Workshop_Nitte-\STM32\Interfacing MPU6050_IMU\Core\Src\main.c_save
2026-07-29 11:54:32,346 [INFO] CodeEngine:289 - Generated code: D:\Anusha_TinyML_FDP\TinyML_Workshop_Nitte-\STM32\Interfacing MPU6050_IMU\Core\Src\main.c
2026-07-29 11:54:32,668 [INFO] ProjectBuilder:3606 - Time for Copy HAL[1] : 146mS.
2026-07-29 11:54:32,671 [INFO] ProjectBuilder:5216 - Project Generator version: 4.7.0-B52
2026-07-29 11:54:32,773 [INFO] ConfigFileManager:1595 - The Die is : DIE470
2026-07-29 11:54:33,684 [INFO] ProjectBuilder:5496 - Time for Generating toolchain IDE Files: 1013mS.
2026-07-29 11:54:33,685 [INFO] ProjectBuilder:3463 - Time for Copy CMSIS : 1mS.
2026-07-29 11:54:33,686 [INFO] ProjectBuilder:3463 - Time for Copy CMSIS : 0mS.
2026-07-29 13:14:16,731 [INFO] WebApp:194 - Connection lost
2026-07-29 13:14:28,702 [INFO] WebApp:191 - Connection restablished
2026-07-29 13:16:51,963 [INFO] WebApp:194 - Connection lost
2026-07-29 13:17:04,677 [INFO] WebApp:191 - Connection restablished
2026-07-29 13:19:31,927 [INFO] WebApp:194 - Connection lost
2026-07-29 13:19:44,686 [INFO] WebApp:191 - Connection restablished
2026-07-29 13:22:09,935 [INFO] WebApp:194 - Connection lost
2026-07-29 13:22:22,719 [INFO] WebApp:191 - Connection restablished
2026-07-29 13:24:48,912 [INFO] WebApp:194 - Connection lost
2026-07-29 13:25:01,671 [INFO] WebApp:191 - Connection restablished
2026-07-29 13:27:40,954 [INFO] WebApp:194 - Connection lost
2026-07-29 13:27:53,671 [INFO] WebApp:191 - Connection restablished
2026-07-29 13:30:21,945 [INFO] WebApp:194 - Connection lost
2026-07-29 13:30:34,680 [INFO] WebApp:191 - Connection restablished
2026-07-29 13:33:01,897 [INFO] WebApp:194 - Connection lost
2026-07-29 13:33:14,701 [INFO] WebApp:191 - Connection restablished
2026-07-29 13:35:42,024 [INFO] WebApp:194 - Connection lost
2026-07-29 13:35:54,705 [INFO] WebApp:191 - Connection restablished
2026-07-29 13:38:18,870 [INFO] WebApp:194 - Connection lost
2026-07-29 13:38:31,690 [INFO] WebApp:191 - Connection restablished
2026-07-29 13:41:14,949 [INFO] WebApp:194 - Connection lost
2026-07-29 13:41:27,742 [INFO] WebApp:191 - Connection restablished
2026-07-29 13:43:42,985 [INFO] WebApp:194 - Connection lost
2026-07-29 13:43:55,693 [INFO] WebApp:191 - Connection restablished
2026-07-29 13:46:21,902 [INFO] WebApp:194 - Connection lost
2026-07-29 13:46:34,749 [INFO] WebApp:191 - Connection restablished
2026-07-29 13:49:00,973 [INFO] WebApp:194 - Connection lost
2026-07-29 13:49:13,691 [INFO] WebApp:191 - Connection restablished
2026-07-29 13:51:42,884 [INFO] WebApp:194 - Connection lost
2026-07-29 13:51:55,684 [INFO] WebApp:191 - Connection restablished
2026-07-29 13:54:22,889 [INFO] WebApp:194 - Connection lost
2026-07-29 13:54:35,693 [INFO] WebApp:191 - Connection restablished
2026-07-29 13:57:03,900 [INFO] WebApp:194 - Connection lost
2026-07-29 13:57:16,726 [INFO] WebApp:191 - Connection restablished
2026-07-29 14:07:02,940 [INFO] MainUpdater:2872 - connection check result : 10
2026-07-29 14:07:02,941 [INFO] McuFinderGlobals:76 - Set McuFinderConnectedMode to true
2026-07-29 14:07:03,360 [INFO] ServerAccessManage:452 - Complete download http(s) 200
2026-07-29 14:07:03,361 [INFO] ServerAccessManage:509 - Download File mcusAds.json._tmp_
2026-07-29 14:07:03,503 [INFO] LoadUrlFilesThread:156 - End of LoadUrlFiles Thread
2026-07-29 14:07:03,905 [INFO] ServerAccessManage:452 - Complete download http(s) 200
2026-07-29 14:07:03,907 [INFO] ServerAccessManage:509 - Download File cube-finder-db.zip
2026-07-29 14:07:49,934 [INFO] FileExtend:248 - Unzip File : cube-finder-db.zip
2026-07-29 14:07:49,935 [INFO] FileExtend:263 - Standard Zip Deflate
2026-07-29 14:07:51,096 [INFO] LoadUrlFilesThread:156 - End of LoadUrlFiles Thread
2026-07-29 14:08:12,411 [ERROR] ServerAccessManage:1295 - Problem during Server Connection :  IO error Connection timed out: getsockopt
2026-07-29 14:08:12,412 [ERROR] ServerAccessManage:740 - Problem during Server Connection :  : crdb.zip.
2026-07-29 14:08:14,433 [INFO] LoadUrlFilesThread:156 - End of LoadUrlFiles Thread
2026-07-29 14:08:15,734 [INFO] DbMcusAds:53 - JSON generation date=Wed Jul 15 15:16:00 IST 2026 (1784108760991)
2026-07-29 14:08:15,740 [INFO] ApiDb:448 - Save user favorites file C:\Users\ADMIN/.stm32cubeide/favorites.mcus.txt: 0 item(s)
2026-07-29 14:08:15,741 [INFO] ApiDb:452 - User favorites MCUs=[]
2026-07-29 14:08:15,753 [INFO] ApiDb:581 - Connected to CubeFinder SQLite database (C:\Users\ADMIN\.stmcufinder\plugins\mcufinder\mcu\cube-finder-db.db)
2026-07-29 14:08:15,859 [INFO] ApiDb:668 - CubeFinder database Data Model version=2.1
2026-07-29 14:08:15,859 [INFO] ApiDb:669 - CubeFinder database Configuration version=3.0.42
2026-07-29 14:08:15,859 [INFO] ApiDb:670 - CubeFinder database generation date=2026-06-23 (1782213372)
2026-07-29 14:08:15,859 [INFO] ApiDb:671 - CubeFinder database FW Pack versions=[FP-ATR-ASTRA1_V2.0.0, FP-SNS-FLIGHT1_V5.1.0, FP-SNS-MOTENV1_V5.1.0, FP-SNS-MOTENVWB1_V1.5.0, FP-SNS-SMARTAG2_V1.2.0, FP-SNS-STBOX1_V2.1.0, STM32Cube_FW_C0_V1.4.0, STM32Cube_FW_F4_V1.28.3, STM32Cube_FW_F7_V1.17.4, STM32Cube_FW_G0_V1.6.3, STM32Cube_FW_G4_V1.6.2, STM32Cube_FW_H5_V1.7.0, STM32Cube_FW_H7RS_V1.3.0, STM32Cube_FW_H7_V1.13.0, STM32Cube_FW_L0_V1.12.2, STM32Cube_FW_L4_V1.18.2, STM32Cube_FW_L5_V1.6.0, STM32Cube_FW_N6_V1.4.0, STM32Cube_FW_U0_V1.3.0, STM32Cube_FW_U3_V1.4.0, STM32Cube_FW_U5_V1.9.0, STM32Cube_FW_WB0_V1.5.0, STM32Cube_FW_WBA_V1.10.0, STM32Cube_FW_WB_V1.24.0, STM32Cube_FW_WL3_V1.5.0, STM32Cube_FW_WL_V1.6.0, X-CUBE-ALGOBUILD_V1.5.0, X-CUBE-ALS_V1.0.2, X-CUBE-AZRTOS-F4_V1.1.0, X-CUBE-AZRTOS-F7_V1.1.0, X-CUBE-AZRTOS-G0_V1.1.0, X-CUBE-AZRTOS-G4_V2.0.0, X-CUBE-AZRTOS-H7RS_V1.1.0, X-CUBE-AZRTOS-H7_V3.5.0, X-CUBE-AZRTOS-L4_V2.0.0, X-CUBE-AZRTOS-L5_V2.0.0, X-CUBE-AZRTOS-WB_V2.0.0, X-CUBE-AZRTOS-WL_V2.0.0, X-CUBE-BLE1_V7.1.0, X-CUBE-BLE2_V3.3.0, X-CUBE-BLEMGR_V4.1.0, X-CUBE-EEPRMA1_V5.2.0, X-CUBE-FREERTOS_V1.5.0, X-CUBE-GNSS1_V7.1.1, X-CUBE-MEMS1_V12.1.0, X-CUBE-NFC4_V3.0.0, X-CUBE-NFC7_V2.0.0, X-CUBE-SFXS2LP1_V4.0.0, X-CUBE-ST67W61_V1.3.0, X-CUBE-SUBG2_V5.0.0, X-CUBE-TOF1_V3.4.3]
2026-07-29 14:08:19,810 [INFO] ApiDb:240 - Found 880 in-development CPN: [B-G473E-ZEST1S, B-WB1M-WPAN1, B-WBA5M-WPAN, B-WL5M-SUBG1, NUCLEO-C031C6, NUCLEO-C051C8, NUCLEO-C071RB, NUCLEO-C092RC, NUCLEO-H503RB, NUCLEO-H533RE, NUCLEO-H563ZI, NUCLEO-H7S3L8, NUCLEO-N657X0-Q, NUCLEO-U031R8, NUCLEO-U083RC, NUCLEO-U385RG-Q, NUCLEO-U545RE-Q, NUCLEO-U5A5ZJ-Q, NUCLEO-WB05KZ, NUCLEO-WB07CC, NUCLEO-WB09KE, NUCLEO-WBA52CG, NUCLEO-WBA55CG, NUCLEO-WL33CC1, NUCLEO-WL33CC2, STEVAL-PROTEUS1, STEVAL-SMARTAG2, STEVAL-STWINBX1, STM320518-EVAL, STM32C0116-DK, STM32C011D6Y3TR, STM32C011D6Y6TR, STM32C011F4P3, STM32C011F4P6, STM32C011F4U3, STM32C011F4U6TR, STM32C011F6P3, STM32C011F6P6, STM32C011F6U3, STM32C011F6U6TR, STM32C011J4M3, STM32C011J4M6, STM32C011J6M3, STM32C011J6M6, STM32C0316-DK, STM32C031C4T3, STM32C031C4T6, STM32C031C4U3, STM32C031C4U6, STM32C031C6T3, STM32C031C6T6, STM32C031C6U3, STM32C031C6U6, STM32C031F4P3, STM32C031F4P6, STM32C031F6P3, STM32C031F6P6, STM32C031G4U3, STM32C031G4U6, STM32C031G6U3, STM32C031G6U6, STM32C031K4T3, STM32C031K4T6, STM32C031K4U3, STM32C031K4U6, STM32C031K6T3, STM32C031K6T6, STM32C031K6U3, STM32C031K6U6, STM32C051C6T6, STM32C051C6U6, STM32C051C8T6, STM32C051C8U6, STM32C051D8Y6TR, STM32C051F6P6, STM32C051F8P6, STM32C051G6U6, STM32C051G8U6, STM32C051K6T6, STM32C051K6U6, STM32C051K8T6, STM32C071C8T6, STM32C071C8T6N, STM32C071C8U6, STM32C071C8U6N, STM32C071CBT6, STM32C071CBT6N, STM32C071CBU6, STM32C071CBU6N, STM32C071F8P6, STM32C071F8P6N, STM32C071FBP6, STM32C071FBP6N, STM32C071FBY6TR, STM32C071G8U6, STM32C071G8U6N, STM32C071GBU6, STM32C071GBU6N, STM32C071K8T6, STM32C071K8T6N, STM32C071K8U6, STM32C071K8U6N, STM32C071KBT6, STM32C071KBT6N, STM32C071KBU6, STM32C071KBU6N, STM32C071R8T6, STM32C071R8T6N, STM32C071RBI6N, STM32C071RBT6, STM32C071RBT6N, STM32C091CBT6, STM32C091CBU6, STM32C091CCT6, STM32C091CCU6, STM32C091ECY6TR, STM32C091FBP6, STM32C091FCP6, STM32C091GBU6, STM32C091GCU6, STM32C091KBT6, STM32C091KBU6, STM32C091KCT6, STM32C091KCU6, STM32C091RBT6, STM32C091RCI6, STM32C091RCT6, STM32C092CBT6, STM32C092CBU6, STM32C092CCT6, STM32C092CCU6, STM32C092ECY6TR, STM32C092FBP6, STM32C092FCP6, STM32C092GBU6, STM32C092GCU6, STM32C092KBT6, STM32C092KBU6, STM32C092KCT6, STM32C092KCU6, STM32C092RBT6, STM32C092RCI6, STM32C092RCT6, STM32G071K8TXN, STM32G071K8UXN, STM32G081GBU6N, STM32G081KBT6N, STM32G081KBUXN, STM32G0B1CCT6N, STM32G0B1KCT6, STM32G0B1NEY6TR, STM32G0B1RCT6N, STM32G0C1CCT6, STM32G0C1CCT6N, STM32G0C1CCU6N, STM32G0C1CET6N, STM32G0C1CEU6N, STM32G0C1KCT6, STM32G0C1NEY6TR, STM32G0C1RCI6N, STM32G0C1RCT6N, STM32G0C1REI6N, STM32G0C1RET6N, STM32G0C1VCI6, STM32G0C1VEI6, STM32G411C6T3, STM32G411C6T6, STM32G411C6U3, STM32G411C6U6, STM32G411C8T3, STM32G411C8T6, STM32G411C8U3, STM32G411C8U6, STM32G411CBT3, STM32G411CBT6, STM32G411CBU3, STM32G411CBU6, STM32G411K6T3, STM32G411K6T6, STM32G411K6U3, STM32G411K6U6, STM32G411K8T3, STM32G411K8T6, STM32G411K8U3, STM32G411K8U6, STM32G411KBT3, STM32G411KBT6, STM32G411KBU3, STM32G411KBU6, STM32G411M6T3, STM32G411M6T6, STM32G411M8T3, STM32G411M8T6, STM32G411MBT3, STM32G411MBT6, STM32G411R6T3, STM32G411R6T6, STM32G411R8T3, STM32G411R8T6, STM32G411RBT3, STM32G411RBT6, STM32G414CBT3, STM32G414CBT6, STM32G414CBU3, STM32G414CBU6, STM32G414CCT3, STM32G414CCT6, STM32G414CCU3, STM32G414CCU6, STM32G414MBT3, STM32G414MBT6, STM32G414MCT3, STM32G414MCT6, STM32G414RBT3, STM32G414RBT6, STM32G414RCT3, STM32G414RCT6, STM32G414VBT3, STM32G414VBT6, STM32G414VCT3, STM32G414VCT6, STM32G431CBT3Z, STM32G431RBT3Z, STM32G471CCT6, STM32G471CCU6, STM32G471CET3, STM32G471CET6, STM32G471CEU3, STM32G471CEU6, STM32G471MCT6, STM32G471MET3, STM32G471MET6, STM32G471MEY6TR, STM32G471QCT6, STM32G471QET3, STM32G471RCT6, STM32G471RET3, STM32G471RET6, STM32G471VCH6, STM32G471VCI6, STM32G471VCT6, STM32G471VEH3, STM32G471VEH6, STM32G471VEI3, STM32G471VEI6, STM32G471VET3, STM32G471VET6, STM32G473QET3Z, STM32G473RET3Z, STM32G474CCT6, STM32G491RET3Z, STM32H503CBT6, STM32H503CBU6, STM32H503EBY6TR, STM32H503KBU6, STM32H503RBT6, STM32H523CCT6, STM32H523CCU6, STM32H523CET6, STM32H523CEU6, STM32H523HEY6TR, STM32H523RCT6, STM32H523RET6, STM32H523VCI6, STM32H523VCT6, STM32H523VEI6, STM32H523VET6, STM32H523ZCJ6, STM32H523ZCT6, STM32H523ZEJ6, STM32H523ZET6, STM32H533CET6, STM32H533CEU6, STM32H533HEY6TR, STM32H533RET6, STM32H533VEI6, STM32H533VET6, STM32H533ZEJ6, STM32H533ZET6, STM32H562AGI6, STM32H562AII6, STM32H562IGK6, STM32H562IGT6, STM32H562IIK6, STM32H562IIT6, STM32H562RGT6, STM32H562RGV6, STM32H562RIT6, STM32H562RIV6, STM32H562VGT6, STM32H562VIT6, STM32H562ZGT6, STM32H562ZIT6, STM32H563AGI6, STM32H563AII3Q, STM32H563AII6, STM32H563IGK6, STM32H563IGT6, STM32H563IIK3Q, STM32H563IIK6, STM32H563IIT3Q, STM32H563IIT6, STM32H563MIY3QTR, STM32H563RGT6, STM32H563RGV6, STM32H563RIT6, STM32H563RIV6, STM32H563VGT6, STM32H563VIT3Q, STM32H563VIT6, STM32H563ZGT6, STM32H563ZIT3Q, STM32H563ZIT6, STM32H573AII3Q, STM32H573AII6, STM32H573I-DK, STM32H573IIK3Q, STM32H573IIK6, STM32H573IIT3Q, STM32H573IIT6, STM32H573MIY3QTR, STM32H573RIT6, STM32H573RIV6, STM32H573VIT3Q, STM32H573VIT6, STM32H573ZIT3Q, STM32H573ZIT6, STM32H7R3A8I6, STM32H7R3I8K6, STM32H7R3I8T6, STM32H7R3L8H6, STM32H7R3L8H6H, STM32H7R3R8V6, STM32H7R3V8H6, STM32H7R3V8T6, STM32H7R3V8Y6TR, STM32H7R3Z8J6, STM32H7R3Z8T6, STM32H7R7A8I6, STM32H7R7I8K6, STM32H7R7I8T6, STM32H7R7L8H6, STM32H7R7L8H6H, STM32H7R7Z8J6, STM32H7S3A8I6, STM32H7S3I8K6, STM32H7S3I8T6, STM32H7S3L8H6, STM32H7S3L8H6H, STM32H7S3R8V6, STM32H7S3V8H6, STM32H7S3V8T6, STM32H7S3V8Y6TR, STM32H7S3Z8J6, STM32H7S3Z8T6, STM32H7S78-DK, STM32H7S7A8I6, STM32H7S7I8K6, STM32H7S7I8T6, STM32H7S7L8H6, STM32H7S7L8H6H, STM32H7S7Z8J6, STM32L4R5QGI6STR, STM32MP131AAE3, STM32MP131AAF3, STM32MP131AAG3, STM32MP131CAE3, STM32MP131CAF3, STM32MP131CAG3, STM32MP131DAE7, STM32MP131DAF7, STM32MP131DAG7, STM32MP131FAE7, STM32MP131FAF7, STM32MP131FAG7, STM32MP133AAE3, STM32MP133AAF3, STM32MP133AAG3, STM32MP133CAE3, STM32MP133CAF3, STM32MP133CAG3, STM32MP133DAE7, STM32MP133DAF7, STM32MP133DAG7, STM32MP133FAE7, STM32MP133FAF7, STM32MP133FAG7, STM32MP135AAE3, STM32MP135AAF3, STM32MP135AAG3, STM32MP135CAE3, STM32MP135CAF3, STM32MP135CAG3, STM32MP135DAE7, STM32MP135DAF7, STM32MP135DAG7, STM32MP135F-DK, STM32MP135FAE7, STM32MP135FAF7, STM32MP135FAF7T, STM32MP135FAF7U, STM32MP135FAG7, STM32MP211AAL3, STM32MP211AAM3, STM32MP211AAN3, STM32MP211AAO3, STM32MP211CAL3, STM32MP211CAM3, STM32MP211CAN3, STM32MP211CAO3, STM32MP211DAL3, STM32MP211DAM3, STM32MP211DAN3, STM32MP211DAO3, STM32MP211FAL3, STM32MP211FAM3, STM32MP211FAN3, STM32MP211FAO3, STM32MP213AAL3, STM32MP213AAM3, STM32MP213AAN3, STM32MP213AAO3, STM32MP213CAL3, STM32MP213CAM3, STM32MP213CAN3, STM32MP213CAO3, STM32MP213DAL3, STM32MP213DAM3, STM32MP213DAN3, STM32MP213DAO3, STM32MP213FAL3, STM32MP213FAM3, STM32MP213FAN3, STM32MP213FAO3, STM32MP215AAL3, STM32MP215AAM3, STM32MP215AAN3, STM32MP215AAO3, STM32MP215CAL3, STM32MP215CAM3, STM32MP215CAN3, STM32MP215CAO3, STM32MP215DAL3, STM32MP215DAM3, STM32MP215DAN3, STM32MP215DAO3, STM32MP215F-DK, STM32MP215FAL3, STM32MP215FAM3, STM32MP215FAN3, STM32MP215FAO3, STM32MP231AAJ3, STM32MP231AAK3, STM32MP231AAL3, STM32MP231CAJ3, STM32MP231CAK3, STM32MP231CAL3, STM32MP231DAJ3, STM32MP231DAK3, STM32MP231DAL3, STM32MP231FAJ3, STM32MP231FAK3, STM32MP231FAL3, STM32MP233AAJ3, STM32MP233AAK3, STM32MP233AAL3, STM32MP233CAJ3, STM32MP233CAK3, STM32MP233CAL3, STM32MP233DAJ3, STM32MP233DAK3, STM32MP233DAL3, STM32MP233FAJ3, STM32MP233FAK3, STM32MP233FAL3, STM32MP235AAJ3, STM32MP235AAK3, STM32MP235AAL3, STM32MP235CAJ3, STM32MP235CAK3, STM32MP235CAL3, STM32MP235DAJ3, STM32MP235DAK3, STM32MP235DAL3, STM32MP235FAJ3, STM32MP235FAK3, STM32MP235FAL3, STM32MP251AAI3, STM32MP251AAK3, STM32MP251AAL3, STM32MP251CAI3, STM32MP251CAK3, STM32MP251CAL3, STM32MP251DAI3, STM32MP251DAK3, STM32MP251DAL3, STM32MP251FAI3, STM32MP251FAK3, STM32MP251FAL3, STM32MP253AAI3, STM32MP253AAK3, STM32MP253AAL3, STM32MP253CAI3, STM32MP253CAK3, STM32MP253CAL3, STM32MP253DAI3, STM32MP253DAK3, STM32MP253DAL3, STM32MP253FAI3, STM32MP253FAK3, STM32MP253FAL3, STM32MP255AAI3, STM32MP255AAK3, STM32MP255AAL3, STM32MP255CAI3, STM32MP255CAK3, STM32MP255CAL3, STM32MP255DAI3, STM32MP255DAK3, STM32MP255DAL3, STM32MP255FAI3, STM32MP255FAK3, STM32MP255FAL3, STM32MP257AAI3, STM32MP257AAK3, STM32MP257AAL3, STM32MP257CAI3, STM32MP257CAK3, STM32MP257CAL3, STM32MP257DAI3, STM32MP257DAK3, STM32MP257DAL3, STM32MP257F-DK, STM32MP257F-EV1, STM32MP257FAI3, STM32MP257FAK3, STM32MP257FAL3, STM32N645A0H3Q, STM32N645B0H3Q, STM32N645I0H3Q, STM32N645L0H3Q, STM32N645X0H3Q, STM32N645Z0H3Q, STM32N647A0H3Q, STM32N647B0H3Q, STM32N647I0H3Q, STM32N647L0H3Q, STM32N647X0H3Q, STM32N647Z0H3Q, STM32N655A0H3Q, STM32N655B0H3Q, STM32N655I0H3Q, STM32N655L0H3Q, STM32N655X0H3Q, STM32N655Z0H3Q, STM32N6570-DK, STM32N657A0H3Q, STM32N657B0H3Q, STM32N657I0H3Q, STM32N657L0H3Q, STM32N657X0H3Q, STM32N657Z0H3Q, STM32U031C6T6, STM32U031C6U6, STM32U031C8T6, STM32U031C8U6, STM32U031F4P6, STM32U031F6P6, STM32U031F8P6, STM32U031G6Y6TR, STM32U031G8Y6TR, STM32U031K4U6, STM32U031K6U6, STM32U031K8U6, STM32U031R6I6, STM32U031R6T6, STM32U031R8I6, STM32U031R8T6, STM32U073C8T6, STM32U073C8U6, STM32U073CBT6, STM32U073CBU6, STM32U073CCT6, STM32U073CCU6, STM32U073H8Y6TR, STM32U073HBY6TR, STM32U073HCY6TR, STM32U073K8U6, STM32U073KBU6, STM32U073KCU6, STM32U073M8I6, STM32U073M8T6, STM32U073MBI6, STM32U073MBT6, STM32U073MCI6, STM32U073MCT6, STM32U073R8I6, STM32U073R8T6, STM32U073RBI6, STM32U073RBT6, STM32U073RCI6, STM32U073RCT6, STM32U083C-DK, STM32U083CCT6, STM32U083CCU6, STM32U083HCY6TR, STM32U083KCU6, STM32U083MCI6, STM32U083MCT6, STM32U083RCI6, STM32U083RCT6, STM32U375CET6, STM32U375CET6Q, STM32U375CEU6, STM32U375CEU6Q, STM32U375CEY6QTR, STM32U375CGT6, STM32U375CGT6Q, STM32U375CGU6, STM32U375CGU6Q, STM32U375CGY6QTR, STM32U375KEU6, STM32U375KGU6, STM32U375REI6, STM32U375REI6Q, STM32U375RET6, STM32U375RET6Q, STM32U375REY6GTR, STM32U375REY6QTR, STM32U375RGI6, STM32U375RGI6Q, STM32U375RGT6, STM32U375RGT6Q, STM32U375RGY6GTR, STM32U375RGY6QTR, STM32U375VEI6, STM32U375VEI6Q, STM32U375VET6, STM32U375VET6Q, STM32U375VGI6, STM32U375VGI6Q, STM32U375VGT6, STM32U375VGT6Q, STM32U385CGT6, STM32U385CGT6Q, STM32U385CGU6, STM32U385CGU6Q, STM32U385CGY6QTR, STM32U385KGU6, STM32U385RGI6, STM32U385RGI6Q, STM32U385RGT6, STM32U385RGT6Q, STM32U385RGY6GTR, STM32U385RGY6QTR, STM32U385VGI6, STM32U385VGI6Q, STM32U385VGT6, STM32U385VGT6Q, STM32U535CBT6, STM32U535CBT6Q, STM32U535CBU6, STM32U535CBU6Q, STM32U535CCT6, STM32U535CCT6Q, STM32U535CCU6, STM32U535CCU6Q, STM32U535CET6, STM32U535CET6Q, STM32U535CEU6, STM32U535CEU6Q, STM32U535JEY6QTR, STM32U535NCY6QTR, STM32U535NEY6QTR, STM32U535RBI6, STM32U535RBI6Q, STM32U535RBT6, STM32U535RBT6Q, STM32U535RCI6, STM32U535RCI6Q, STM32U535RCT6, STM32U535RCT6Q, STM32U535REI6, STM32U535REI6Q, STM32U535RET6, STM32U535RET6Q, STM32U535VCI6, STM32U535VCI6Q, STM32U535VCT6, STM32U535VCT6Q, STM32U535VEI6, STM32U535VEI6Q, STM32U535VET6, STM32U535VET6Q, STM32U545CET6, STM32U545CET6Q, STM32U545CEU6, STM32U545CEU6Q, STM32U545JEY6QTR, STM32U545NEY6QTR, STM32U545REI6, STM32U545REI6Q, STM32U545RET6, STM32U545RET6Q, STM32U545VEI6, STM32U545VEI6Q, STM32U545VET6, STM32U545VET6Q, STM32U595AIH6, STM32U595AIH6Q, STM32U595AJH6, STM32U595AJH6Q, STM32U595QII6, STM32U595QII6Q, STM32U595QJI6, STM32U595QJI6Q, STM32U595RIT6, STM32U595RIT6Q, STM32U595RJT6, STM32U595RJT6Q, STM32U595VIT6, STM32U595VIT6Q, STM32U595VJT6, STM32U595VJT6Q, STM32U595ZIT6, STM32U595ZIT6Q, STM32U595ZIY6QTR, STM32U595ZJT6, STM32U595ZJT6Q, STM32U595ZJY6QTR, STM32U599BJY6QTR, STM32U599NIH6Q, STM32U599NJH6Q, STM32U599VIT6Q, STM32U599VJT6, STM32U599VJT6Q, STM32U599ZIT6Q, STM32U599ZIY6QTR, STM32U599ZJT6Q, STM32U599ZJY6QTR, STM32U5A5AJH6, STM32U5A5AJH6Q, STM32U5A5QII3Q , STM32U5A5QJI6, STM32U5A5QJI6Q, STM32U5A5RJT6, STM32U5A5RJT6Q, STM32U5A5VJT6, STM32U5A5VJT6Q, STM32U5A5ZJT6, STM32U5A5ZJT6Q, STM32U5A5ZJY6QTR, STM32U5A9BJY6QTR, STM32U5A9J-DK, STM32U5A9NJH6Q, STM32U5A9VJT6Q, STM32U5A9ZJT6Q, STM32U5A9ZJY6QTR, STM32U5F7VIT6, STM32U5F7VIT6Q, STM32U5F7VJT6, STM32U5F7VJT6Q, STM32U5F9BJY6QTR, STM32U5F9NJH6Q, STM32U5F9VIT6Q, STM32U5F9VJT6Q, STM32U5F9ZIJ6QTR, STM32U5F9ZIT6Q, STM32U5F9ZJJ6QTR, STM32U5F9ZJT6Q, STM32U5G7VJT6, STM32U5G7VJT6Q, STM32U5G9BJY6QTR, STM32U5G9J-DK1, STM32U5G9J-DK2, STM32U5G9NJH6Q, STM32U5G9VJT6Q, STM32U5G9ZJJ6QTR, STM32U5G9ZJT6Q, STM32WB05KZV6TR, STM32WB05KZV7TR, STM32WB05TZF6TR, STM32WB05TZF7TR, STM32WB06CCF6TR, STM32WB06CCF7TR, STM32WB06CCV6TR, STM32WB06CCV7TR, STM32WB06KCV6TR, STM32WB06KCV7TR, STM32WB07CCF6TR, STM32WB07CCF7TR, STM32WB07CCV6TR, STM32WB07CCV7TR, STM32WB07KCV6TR, STM32WB07KCV7TR, STM32WB09KEV6TR, STM32WB09KEV7TR, STM32WB09TEF6TR, STM32WB09TEF7TR, STM32WB1MMCH6, STM32WBA50KGU6, STM32WBA50KGU6TR, STM32WBA52CEU6, STM32WBA52CEU6TR, STM32WBA52CEU7, STM32WBA52CEU7TR, STM32WBA52CGU6, STM32WBA52CGU6TR, STM32WBA52CGU6U, STM32WBA52CGU7, STM32WBA52CGU7TR, STM32WBA52KEU6, STM32WBA52KEU6TR, STM32WBA52KGU6, STM32WBA52KGU6TR, STM32WBA54CEU6, STM32WBA54CEU6TR, STM32WBA54CEU7, STM32WBA54CEU7TR, STM32WBA54CGU6, STM32WBA54CGU6TR, STM32WBA54CGU7, STM32WBA54CGU7TR, STM32WBA54KEU6, STM32WBA54KEU6TR, STM32WBA54KEU7, STM32WBA54KEU7TR, STM32WBA54KGU6, STM32WBA54KGU6TR, STM32WBA54KGU7, STM32WBA54KGU7TR, STM32WBA55CEU6, STM32WBA55CEU6TR, STM32WBA55CEU7, STM32WBA55CEU7TR, STM32WBA55CGU6, STM32WBA55CGU6TR, STM32WBA55CGU6U, STM32WBA55CGU7, STM32WBA55CGU7TR, STM32WBA55G-DK1, STM32WBA55HEF6, STM32WBA55HEF7, STM32WBA55HGF6, STM32WBA55HGF7, STM32WBA55UEI6, STM32WBA55UEI6TR, STM32WBA55UEI7, STM32WBA55UEI7TR, STM32WBA55UGI6, STM32WBA55UGI6TR, STM32WBA55UGI7, STM32WBA55UGI7TR, STM32WBA5MMGH6TR, STM32WBA62MGF6, STM32WBA62MIF6, STM32WBA65MGF7, STM32WBA65MIF6, STM32WBA65MIF7, STM32WL30K8V6, STM32WL30KBV6, STM32WL31C8V6, STM32WL31CBV6, STM32WL31K8V6, STM32WL31KBV6, STM32WL33C8V6, STM32WL33C8V6X, STM32WL33CBV6, STM32WL33CBV6X, STM32WL33CCV6, STM32WL33CCV6A, STM32WL33CCV6X, STM32WL33K8V7, STM32WL33K8V7X, STM32WL33KBV7 , STM32WL33KBV7X, STM32WL33KCV7, STM32WL33KCV7X, STM32WL5MOCH6, STM32WL5MOCH6TR]
2026-07-29 14:08:19,816 [INFO] DbMcus:218 - Found 5250 MCUs, 5097 are supported
2026-07-29 14:08:19,816 [INFO] ApiDb:423 - Load user favorites file C:\Users\ADMIN/.stm32cubeide/favorites.mcus.txt: 0 item(s)
2026-07-29 14:08:19,816 [INFO] ApiDb:427 - User favorites MCUs=[]
2026-07-29 14:08:19,816 [INFO] DbMcus:224 - Set 0 / 0 favorites MCUs
2026-07-29 14:08:20,644 [INFO] ApiDb:448 - Save user favorites file C:\Users\ADMIN/.stm32cubeide/favorites.boards.txt: 0 item(s)
2026-07-29 14:08:20,645 [INFO] ApiDb:452 - User favorites Boards=[]
2026-07-29 14:08:20,646 [INFO] ApiDb:581 - Connected to CubeFinder SQLite database (C:\Users\ADMIN\.stmcufinder\plugins\mcufinder\mcu\cube-finder-db.db)
2026-07-29 14:08:20,743 [INFO] ApiDb:668 - CubeFinder database Data Model version=2.1
2026-07-29 14:08:20,744 [INFO] ApiDb:669 - CubeFinder database Configuration version=3.0.42
2026-07-29 14:08:20,744 [INFO] ApiDb:670 - CubeFinder database generation date=2026-06-23 (1782213372)
2026-07-29 14:08:20,744 [INFO] ApiDb:671 - CubeFinder database FW Pack versions=[FP-ATR-ASTRA1_V2.0.0, FP-SNS-FLIGHT1_V5.1.0, FP-SNS-MOTENV1_V5.1.0, FP-SNS-MOTENVWB1_V1.5.0, FP-SNS-SMARTAG2_V1.2.0, FP-SNS-STBOX1_V2.1.0, STM32Cube_FW_C0_V1.4.0, STM32Cube_FW_F4_V1.28.3, STM32Cube_FW_F7_V1.17.4, STM32Cube_FW_G0_V1.6.3, STM32Cube_FW_G4_V1.6.2, STM32Cube_FW_H5_V1.7.0, STM32Cube_FW_H7RS_V1.3.0, STM32Cube_FW_H7_V1.13.0, STM32Cube_FW_L0_V1.12.2, STM32Cube_FW_L4_V1.18.2, STM32Cube_FW_L5_V1.6.0, STM32Cube_FW_N6_V1.4.0, STM32Cube_FW_U0_V1.3.0, STM32Cube_FW_U3_V1.4.0, STM32Cube_FW_U5_V1.9.0, STM32Cube_FW_WB0_V1.5.0, STM32Cube_FW_WBA_V1.10.0, STM32Cube_FW_WB_V1.24.0, STM32Cube_FW_WL3_V1.5.0, STM32Cube_FW_WL_V1.6.0, X-CUBE-ALGOBUILD_V1.5.0, X-CUBE-ALS_V1.0.2, X-CUBE-AZRTOS-F4_V1.1.0, X-CUBE-AZRTOS-F7_V1.1.0, X-CUBE-AZRTOS-G0_V1.1.0, X-CUBE-AZRTOS-G4_V2.0.0, X-CUBE-AZRTOS-H7RS_V1.1.0, X-CUBE-AZRTOS-H7_V3.5.0, X-CUBE-AZRTOS-L4_V2.0.0, X-CUBE-AZRTOS-L5_V2.0.0, X-CUBE-AZRTOS-WB_V2.0.0, X-CUBE-AZRTOS-WL_V2.0.0, X-CUBE-BLE1_V7.1.0, X-CUBE-BLE2_V3.3.0, X-CUBE-BLEMGR_V4.1.0, X-CUBE-EEPRMA1_V5.2.0, X-CUBE-FREERTOS_V1.5.0, X-CUBE-GNSS1_V7.1.1, X-CUBE-MEMS1_V12.1.0, X-CUBE-NFC4_V3.0.0, X-CUBE-NFC7_V2.0.0, X-CUBE-SFXS2LP1_V4.0.0, X-CUBE-ST67W61_V1.3.0, X-CUBE-SUBG2_V5.0.0, X-CUBE-TOF1_V3.4.3]
2026-07-29 14:08:20,810 [INFO] DbBoardsSqlite:226 - include board P-NUCLEO-WB55-NUCLEO as a kit item of type 'Nucleo-64'
2026-07-29 14:08:20,811 [INFO] DbBoardsSqlite:226 - include board P-NUCLEO-WB55-USBDONGLE as a kit item of type 'Nucleo USB Dongle'
2026-07-29 14:08:20,811 [INFO] DbBoardsSqlite:226 - include board STEVAL-IDP005V1 as a kit item of type 'Evaluation Board'
2026-07-29 14:08:20,811 [INFO] DbBoardsSqlite:226 - include board STEVAL-IDP005V2 as a kit item of type 'Evaluation Board'
2026-07-29 14:08:20,907 [INFO] ApiDb:240 - Found 880 in-development CPN: [B-G473E-ZEST1S, B-WB1M-WPAN1, B-WBA5M-WPAN, B-WL5M-SUBG1, NUCLEO-C031C6, NUCLEO-C051C8, NUCLEO-C071RB, NUCLEO-C092RC, NUCLEO-H503RB, NUCLEO-H533RE, NUCLEO-H563ZI, NUCLEO-H7S3L8, NUCLEO-N657X0-Q, NUCLEO-U031R8, NUCLEO-U083RC, NUCLEO-U385RG-Q, NUCLEO-U545RE-Q, NUCLEO-U5A5ZJ-Q, NUCLEO-WB05KZ, NUCLEO-WB07CC, NUCLEO-WB09KE, NUCLEO-WBA52CG, NUCLEO-WBA55CG, NUCLEO-WL33CC1, NUCLEO-WL33CC2, STEVAL-PROTEUS1, STEVAL-SMARTAG2, STEVAL-STWINBX1, STM320518-EVAL, STM32C0116-DK, STM32C011D6Y3TR, STM32C011D6Y6TR, STM32C011F4P3, STM32C011F4P6, STM32C011F4U3, STM32C011F4U6TR, STM32C011F6P3, STM32C011F6P6, STM32C011F6U3, STM32C011F6U6TR, STM32C011J4M3, STM32C011J4M6, STM32C011J6M3, STM32C011J6M6, STM32C0316-DK, STM32C031C4T3, STM32C031C4T6, STM32C031C4U3, STM32C031C4U6, STM32C031C6T3, STM32C031C6T6, STM32C031C6U3, STM32C031C6U6, STM32C031F4P3, STM32C031F4P6, STM32C031F6P3, STM32C031F6P6, STM32C031G4U3, STM32C031G4U6, STM32C031G6U3, STM32C031G6U6, STM32C031K4T3, STM32C031K4T6, STM32C031K4U3, STM32C031K4U6, STM32C031K6T3, STM32C031K6T6, STM32C031K6U3, STM32C031K6U6, STM32C051C6T6, STM32C051C6U6, STM32C051C8T6, STM32C051C8U6, STM32C051D8Y6TR, STM32C051F6P6, STM32C051F8P6, STM32C051G6U6, STM32C051G8U6, STM32C051K6T6, STM32C051K6U6, STM32C051K8T6, STM32C071C8T6, STM32C071C8T6N, STM32C071C8U6, STM32C071C8U6N, STM32C071CBT6, STM32C071CBT6N, STM32C071CBU6, STM32C071CBU6N, STM32C071F8P6, STM32C071F8P6N, STM32C071FBP6, STM32C071FBP6N, STM32C071FBY6TR, STM32C071G8U6, STM32C071G8U6N, STM32C071GBU6, STM32C071GBU6N, STM32C071K8T6, STM32C071K8T6N, STM32C071K8U6, STM32C071K8U6N, STM32C071KBT6, STM32C071KBT6N, STM32C071KBU6, STM32C071KBU6N, STM32C071R8T6, STM32C071R8T6N, STM32C071RBI6N, STM32C071RBT6, STM32C071RBT6N, STM32C091CBT6, STM32C091CBU6, STM32C091CCT6, STM32C091CCU6, STM32C091ECY6TR, STM32C091FBP6, STM32C091FCP6, STM32C091GBU6, STM32C091GCU6, STM32C091KBT6, STM32C091KBU6, STM32C091KCT6, STM32C091KCU6, STM32C091RBT6, STM32C091RCI6, STM32C091RCT6, STM32C092CBT6, STM32C092CBU6, STM32C092CCT6, STM32C092CCU6, STM32C092ECY6TR, STM32C092FBP6, STM32C092FCP6, STM32C092GBU6, STM32C092GCU6, STM32C092KBT6, STM32C092KBU6, STM32C092KCT6, STM32C092KCU6, STM32C092RBT6, STM32C092RCI6, STM32C092RCT6, STM32G071K8TXN, STM32G071K8UXN, STM32G081GBU6N, STM32G081KBT6N, STM32G081KBUXN, STM32G0B1CCT6N, STM32G0B1KCT6, STM32G0B1NEY6TR, STM32G0B1RCT6N, STM32G0C1CCT6, STM32G0C1CCT6N, STM32G0C1CCU6N, STM32G0C1CET6N, STM32G0C1CEU6N, STM32G0C1KCT6, STM32G0C1NEY6TR, STM32G0C1RCI6N, STM32G0C1RCT6N, STM32G0C1REI6N, STM32G0C1RET6N, STM32G0C1VCI6, STM32G0C1VEI6, STM32G411C6T3, STM32G411C6T6, STM32G411C6U3, STM32G411C6U6, STM32G411C8T3, STM32G411C8T6, STM32G411C8U3, STM32G411C8U6, STM32G411CBT3, STM32G411CBT6, STM32G411CBU3, STM32G411CBU6, STM32G411K6T3, STM32G411K6T6, STM32G411K6U3, STM32G411K6U6, STM32G411K8T3, STM32G411K8T6, STM32G411K8U3, STM32G411K8U6, STM32G411KBT3, STM32G411KBT6, STM32G411KBU3, STM32G411KBU6, STM32G411M6T3, STM32G411M6T6, STM32G411M8T3, STM32G411M8T6, STM32G411MBT3, STM32G411MBT6, STM32G411R6T3, STM32G411R6T6, STM32G411R8T3, STM32G411R8T6, STM32G411RBT3, STM32G411RBT6, STM32G414CBT3, STM32G414CBT6, STM32G414CBU3, STM32G414CBU6, STM32G414CCT3, STM32G414CCT6, STM32G414CCU3, STM32G414CCU6, STM32G414MBT3, STM32G414MBT6, STM32G414MCT3, STM32G414MCT6, STM32G414RBT3, STM32G414RBT6, STM32G414RCT3, STM32G414RCT6, STM32G414VBT3, STM32G414VBT6, STM32G414VCT3, STM32G414VCT6, STM32G431CBT3Z, STM32G431RBT3Z, STM32G471CCT6, STM32G471CCU6, STM32G471CET3, STM32G471CET6, STM32G471CEU3, STM32G471CEU6, STM32G471MCT6, STM32G471MET3, STM32G471MET6, STM32G471MEY6TR, STM32G471QCT6, STM32G471QET3, STM32G471RCT6, STM32G471RET3, STM32G471RET6, STM32G471VCH6, STM32G471VCI6, STM32G471VCT6, STM32G471VEH3, STM32G471VEH6, STM32G471VEI3, STM32G471VEI6, STM32G471VET3, STM32G471VET6, STM32G473QET3Z, STM32G473RET3Z, STM32G474CCT6, STM32G491RET3Z, STM32H503CBT6, STM32H503CBU6, STM32H503EBY6TR, STM32H503KBU6, STM32H503RBT6, STM32H523CCT6, STM32H523CCU6, STM32H523CET6, STM32H523CEU6, STM32H523HEY6TR, STM32H523RCT6, STM32H523RET6, STM32H523VCI6, STM32H523VCT6, STM32H523VEI6, STM32H523VET6, STM32H523ZCJ6, STM32H523ZCT6, STM32H523ZEJ6, STM32H523ZET6, STM32H533CET6, STM32H533CEU6, STM32H533HEY6TR, STM32H533RET6, STM32H533VEI6, STM32H533VET6, STM32H533ZEJ6, STM32H533ZET6, STM32H562AGI6, STM32H562AII6, STM32H562IGK6, STM32H562IGT6, STM32H562IIK6, STM32H562IIT6, STM32H562RGT6, STM32H562RGV6, STM32H562RIT6, STM32H562RIV6, STM32H562VGT6, STM32H562VIT6, STM32H562ZGT6, STM32H562ZIT6, STM32H563AGI6, STM32H563AII3Q, STM32H563AII6, STM32H563IGK6, STM32H563IGT6, STM32H563IIK3Q, STM32H563IIK6, STM32H563IIT3Q, STM32H563IIT6, STM32H563MIY3QTR, STM32H563RGT6, STM32H563RGV6, STM32H563RIT6, STM32H563RIV6, STM32H563VGT6, STM32H563VIT3Q, STM32H563VIT6, STM32H563ZGT6, STM32H563ZIT3Q, STM32H563ZIT6, STM32H573AII3Q, STM32H573AII6, STM32H573I-DK, STM32H573IIK3Q, STM32H573IIK6, STM32H573IIT3Q, STM32H573IIT6, STM32H573MIY3QTR, STM32H573RIT6, STM32H573RIV6, STM32H573VIT3Q, STM32H573VIT6, STM32H573ZIT3Q, STM32H573ZIT6, STM32H7R3A8I6, STM32H7R3I8K6, STM32H7R3I8T6, STM32H7R3L8H6, STM32H7R3L8H6H, STM32H7R3R8V6, STM32H7R3V8H6, STM32H7R3V8T6, STM32H7R3V8Y6TR, STM32H7R3Z8J6, STM32H7R3Z8T6, STM32H7R7A8I6, STM32H7R7I8K6, STM32H7R7I8T6, STM32H7R7L8H6, STM32H7R7L8H6H, STM32H7R7Z8J6, STM32H7S3A8I6, STM32H7S3I8K6, STM32H7S3I8T6, STM32H7S3L8H6, STM32H7S3L8H6H, STM32H7S3R8V6, STM32H7S3V8H6, STM32H7S3V8T6, STM32H7S3V8Y6TR, STM32H7S3Z8J6, STM32H7S3Z8T6, STM32H7S78-DK, STM32H7S7A8I6, STM32H7S7I8K6, STM32H7S7I8T6, STM32H7S7L8H6, STM32H7S7L8H6H, STM32H7S7Z8J6, STM32L4R5QGI6STR, STM32MP131AAE3, STM32MP131AAF3, STM32MP131AAG3, STM32MP131CAE3, STM32MP131CAF3, STM32MP131CAG3, STM32MP131DAE7, STM32MP131DAF7, STM32MP131DAG7, STM32MP131FAE7, STM32MP131FAF7, STM32MP131FAG7, STM32MP133AAE3, STM32MP133AAF3, STM32MP133AAG3, STM32MP133CAE3, STM32MP133CAF3, STM32MP133CAG3, STM32MP133DAE7, STM32MP133DAF7, STM32MP133DAG7, STM32MP133FAE7, STM32MP133FAF7, STM32MP133FAG7, STM32MP135AAE3, STM32MP135AAF3, STM32MP135AAG3, STM32MP135CAE3, STM32MP135CAF3, STM32MP135CAG3, STM32MP135DAE7, STM32MP135DAF7, STM32MP135DAG7, STM32MP135F-DK, STM32MP135FAE7, STM32MP135FAF7, STM32MP135FAF7T, STM32MP135FAF7U, STM32MP135FAG7, STM32MP211AAL3, STM32MP211AAM3, STM32MP211AAN3, STM32MP211AAO3, STM32MP211CAL3, STM32MP211CAM3, STM32MP211CAN3, STM32MP211CAO3, STM32MP211DAL3, STM32MP211DAM3, STM32MP211DAN3, STM32MP211DAO3, STM32MP211FAL3, STM32MP211FAM3, STM32MP211FAN3, STM32MP211FAO3, STM32MP213AAL3, STM32MP213AAM3, STM32MP213AAN3, STM32MP213AAO3, STM32MP213CAL3, STM32MP213CAM3, STM32MP213CAN3, STM32MP213CAO3, STM32MP213DAL3, STM32MP213DAM3, STM32MP213DAN3, STM32MP213DAO3, STM32MP213FAL3, STM32MP213FAM3, STM32MP213FAN3, STM32MP213FAO3, STM32MP215AAL3, STM32MP215AAM3, STM32MP215AAN3, STM32MP215AAO3, STM32MP215CAL3, STM32MP215CAM3, STM32MP215CAN3, STM32MP215CAO3, STM32MP215DAL3, STM32MP215DAM3, STM32MP215DAN3, STM32MP215DAO3, STM32MP215F-DK, STM32MP215FAL3, STM32MP215FAM3, STM32MP215FAN3, STM32MP215FAO3, STM32MP231AAJ3, STM32MP231AAK3, STM32MP231AAL3, STM32MP231CAJ3, STM32MP231CAK3, STM32MP231CAL3, STM32MP231DAJ3, STM32MP231DAK3, STM32MP231DAL3, STM32MP231FAJ3, STM32MP231FAK3, STM32MP231FAL3, STM32MP233AAJ3, STM32MP233AAK3, STM32MP233AAL3, STM32MP233CAJ3, STM32MP233CAK3, STM32MP233CAL3, STM32MP233DAJ3, STM32MP233DAK3, STM32MP233DAL3, STM32MP233FAJ3, STM32MP233FAK3, STM32MP233FAL3, STM32MP235AAJ3, STM32MP235AAK3, STM32MP235AAL3, STM32MP235CAJ3, STM32MP235CAK3, STM32MP235CAL3, STM32MP235DAJ3, STM32MP235DAK3, STM32MP235DAL3, STM32MP235FAJ3, STM32MP235FAK3, STM32MP235FAL3, STM32MP251AAI3, STM32MP251AAK3, STM32MP251AAL3, STM32MP251CAI3, STM32MP251CAK3, STM32MP251CAL3, STM32MP251DAI3, STM32MP251DAK3, STM32MP251DAL3, STM32MP251FAI3, STM32MP251FAK3, STM32MP251FAL3, STM32MP253AAI3, STM32MP253AAK3, STM32MP253AAL3, STM32MP253CAI3, STM32MP253CAK3, STM32MP253CAL3, STM32MP253DAI3, STM32MP253DAK3, STM32MP253DAL3, STM32MP253FAI3, STM32MP253FAK3, STM32MP253FAL3, STM32MP255AAI3, STM32MP255AAK3, STM32MP255AAL3, STM32MP255CAI3, STM32MP255CAK3, STM32MP255CAL3, STM32MP255DAI3, STM32MP255DAK3, STM32MP255DAL3, STM32MP255FAI3, STM32MP255FAK3, STM32MP255FAL3, STM32MP257AAI3, STM32MP257AAK3, STM32MP257AAL3, STM32MP257CAI3, STM32MP257CAK3, STM32MP257CAL3, STM32MP257DAI3, STM32MP257DAK3, STM32MP257DAL3, STM32MP257F-DK, STM32MP257F-EV1, STM32MP257FAI3, STM32MP257FAK3, STM32MP257FAL3, STM32N645A0H3Q, STM32N645B0H3Q, STM32N645I0H3Q, STM32N645L0H3Q, STM32N645X0H3Q, STM32N645Z0H3Q, STM32N647A0H3Q, STM32N647B0H3Q, STM32N647I0H3Q, STM32N647L0H3Q, STM32N647X0H3Q, STM32N647Z0H3Q, STM32N655A0H3Q, STM32N655B0H3Q, STM32N655I0H3Q, STM32N655L0H3Q, STM32N655X0H3Q, STM32N655Z0H3Q, STM32N6570-DK, STM32N657A0H3Q, STM32N657B0H3Q, STM32N657I0H3Q, STM32N657L0H3Q, STM32N657X0H3Q, STM32N657Z0H3Q, STM32U031C6T6, STM32U031C6U6, STM32U031C8T6, STM32U031C8U6, STM32U031F4P6, STM32U031F6P6, STM32U031F8P6, STM32U031G6Y6TR, STM32U031G8Y6TR, STM32U031K4U6, STM32U031K6U6, STM32U031K8U6, STM32U031R6I6, STM32U031R6T6, STM32U031R8I6, STM32U031R8T6, STM32U073C8T6, STM32U073C8U6, STM32U073CBT6, STM32U073CBU6, STM32U073CCT6, STM32U073CCU6, STM32U073H8Y6TR, STM32U073HBY6TR, STM32U073HCY6TR, STM32U073K8U6, STM32U073KBU6, STM32U073KCU6, STM32U073M8I6, STM32U073M8T6, STM32U073MBI6, STM32U073MBT6, STM32U073MCI6, STM32U073MCT6, STM32U073R8I6, STM32U073R8T6, STM32U073RBI6, STM32U073RBT6, STM32U073RCI6, STM32U073RCT6, STM32U083C-DK, STM32U083CCT6, STM32U083CCU6, STM32U083HCY6TR, STM32U083KCU6, STM32U083MCI6, STM32U083MCT6, STM32U083RCI6, STM32U083RCT6, STM32U375CET6, STM32U375CET6Q, STM32U375CEU6, STM32U375CEU6Q, STM32U375CEY6QTR, STM32U375CGT6, STM32U375CGT6Q, STM32U375CGU6, STM32U375CGU6Q, STM32U375CGY6QTR, STM32U375KEU6, STM32U375KGU6, STM32U375REI6, STM32U375REI6Q, STM32U375RET6, STM32U375RET6Q, STM32U375REY6GTR, STM32U375REY6QTR, STM32U375RGI6, STM32U375RGI6Q, STM32U375RGT6, STM32U375RGT6Q, STM32U375RGY6GTR, STM32U375RGY6QTR, STM32U375VEI6, STM32U375VEI6Q, STM32U375VET6, STM32U375VET6Q, STM32U375VGI6, STM32U375VGI6Q, STM32U375VGT6, STM32U375VGT6Q, STM32U385CGT6, STM32U385CGT6Q, STM32U385CGU6, STM32U385CGU6Q, STM32U385CGY6QTR, STM32U385KGU6, STM32U385RGI6, STM32U385RGI6Q, STM32U385RGT6, STM32U385RGT6Q, STM32U385RGY6GTR, STM32U385RGY6QTR, STM32U385VGI6, STM32U385VGI6Q, STM32U385VGT6, STM32U385VGT6Q, STM32U535CBT6, STM32U535CBT6Q, STM32U535CBU6, STM32U535CBU6Q, STM32U535CCT6, STM32U535CCT6Q, STM32U535CCU6, STM32U535CCU6Q, STM32U535CET6, STM32U535CET6Q, STM32U535CEU6, STM32U535CEU6Q, STM32U535JEY6QTR, STM32U535NCY6QTR, STM32U535NEY6QTR, STM32U535RBI6, STM32U535RBI6Q, STM32U535RBT6, STM32U535RBT6Q, STM32U535RCI6, STM32U535RCI6Q, STM32U535RCT6, STM32U535RCT6Q, STM32U535REI6, STM32U535REI6Q, STM32U535RET6, STM32U535RET6Q, STM32U535VCI6, STM32U535VCI6Q, STM32U535VCT6, STM32U535VCT6Q, STM32U535VEI6, STM32U535VEI6Q, STM32U535VET6, STM32U535VET6Q, STM32U545CET6, STM32U545CET6Q, STM32U545CEU6, STM32U545CEU6Q, STM32U545JEY6QTR, STM32U545NEY6QTR, STM32U545REI6, STM32U545REI6Q, STM32U545RET6, STM32U545RET6Q, STM32U545VEI6, STM32U545VEI6Q, STM32U545VET6, STM32U545VET6Q, STM32U595AIH6, STM32U595AIH6Q, STM32U595AJH6, STM32U595AJH6Q, STM32U595QII6, STM32U595QII6Q, STM32U595QJI6, STM32U595QJI6Q, STM32U595RIT6, STM32U595RIT6Q, STM32U595RJT6, STM32U595RJT6Q, STM32U595VIT6, STM32U595VIT6Q, STM32U595VJT6, STM32U595VJT6Q, STM32U595ZIT6, STM32U595ZIT6Q, STM32U595ZIY6QTR, STM32U595ZJT6, STM32U595ZJT6Q, STM32U595ZJY6QTR, STM32U599BJY6QTR, STM32U599NIH6Q, STM32U599NJH6Q, STM32U599VIT6Q, STM32U599VJT6, STM32U599VJT6Q, STM32U599ZIT6Q, STM32U599ZIY6QTR, STM32U599ZJT6Q, STM32U599ZJY6QTR, STM32U5A5AJH6, STM32U5A5AJH6Q, STM32U5A5QII3Q , STM32U5A5QJI6, STM32U5A5QJI6Q, STM32U5A5RJT6, STM32U5A5RJT6Q, STM32U5A5VJT6, STM32U5A5VJT6Q, STM32U5A5ZJT6, STM32U5A5ZJT6Q, STM32U5A5ZJY6QTR, STM32U5A9BJY6QTR, STM32U5A9J-DK, STM32U5A9NJH6Q, STM32U5A9VJT6Q, STM32U5A9ZJT6Q, STM32U5A9ZJY6QTR, STM32U5F7VIT6, STM32U5F7VIT6Q, STM32U5F7VJT6, STM32U5F7VJT6Q, STM32U5F9BJY6QTR, STM32U5F9NJH6Q, STM32U5F9VIT6Q, STM32U5F9VJT6Q, STM32U5F9ZIJ6QTR, STM32U5F9ZIT6Q, STM32U5F9ZJJ6QTR, STM32U5F9ZJT6Q, STM32U5G7VJT6, STM32U5G7VJT6Q, STM32U5G9BJY6QTR, STM32U5G9J-DK1, STM32U5G9J-DK2, STM32U5G9NJH6Q, STM32U5G9VJT6Q, STM32U5G9ZJJ6QTR, STM32U5G9ZJT6Q, STM32WB05KZV6TR, STM32WB05KZV7TR, STM32WB05TZF6TR, STM32WB05TZF7TR, STM32WB06CCF6TR, STM32WB06CCF7TR, STM32WB06CCV6TR, STM32WB06CCV7TR, STM32WB06KCV6TR, STM32WB06KCV7TR, STM32WB07CCF6TR, STM32WB07CCF7TR, STM32WB07CCV6TR, STM32WB07CCV7TR, STM32WB07KCV6TR, STM32WB07KCV7TR, STM32WB09KEV6TR, STM32WB09KEV7TR, STM32WB09TEF6TR, STM32WB09TEF7TR, STM32WB1MMCH6, STM32WBA50KGU6, STM32WBA50KGU6TR, STM32WBA52CEU6, STM32WBA52CEU6TR, STM32WBA52CEU7, STM32WBA52CEU7TR, STM32WBA52CGU6, STM32WBA52CGU6TR, STM32WBA52CGU6U, STM32WBA52CGU7, STM32WBA52CGU7TR, STM32WBA52KEU6, STM32WBA52KEU6TR, STM32WBA52KGU6, STM32WBA52KGU6TR, STM32WBA54CEU6, STM32WBA54CEU6TR, STM32WBA54CEU7, STM32WBA54CEU7TR, STM32WBA54CGU6, STM32WBA54CGU6TR, STM32WBA54CGU7, STM32WBA54CGU7TR, STM32WBA54KEU6, STM32WBA54KEU6TR, STM32WBA54KEU7, STM32WBA54KEU7TR, STM32WBA54KGU6, STM32WBA54KGU6TR, STM32WBA54KGU7, STM32WBA54KGU7TR, STM32WBA55CEU6, STM32WBA55CEU6TR, STM32WBA55CEU7, STM32WBA55CEU7TR, STM32WBA55CGU6, STM32WBA55CGU6TR, STM32WBA55CGU6U, STM32WBA55CGU7, STM32WBA55CGU7TR, STM32WBA55G-DK1, STM32WBA55HEF6, STM32WBA55HEF7, STM32WBA55HGF6, STM32WBA55HGF7, STM32WBA55UEI6, STM32WBA55UEI6TR, STM32WBA55UEI7, STM32WBA55UEI7TR, STM32WBA55UGI6, STM32WBA55UGI6TR, STM32WBA55UGI7, STM32WBA55UGI7TR, STM32WBA5MMGH6TR, STM32WBA62MGF6, STM32WBA62MIF6, STM32WBA65MGF7, STM32WBA65MIF6, STM32WBA65MIF7, STM32WL30K8V6, STM32WL30KBV6, STM32WL31C8V6, STM32WL31CBV6, STM32WL31K8V6, STM32WL31KBV6, STM32WL33C8V6, STM32WL33C8V6X, STM32WL33CBV6, STM32WL33CBV6X, STM32WL33CCV6, STM32WL33CCV6A, STM32WL33CCV6X, STM32WL33K8V7, STM32WL33K8V7X, STM32WL33KBV7 , STM32WL33KBV7X, STM32WL33KCV7, STM32WL33KCV7X, STM32WL5MOCH6, STM32WL5MOCH6TR]
2026-07-29 14:08:21,116 [INFO] BoardInfo:889 - No configuration file found for board NUCLEO-H5E5ZJ
2026-07-29 14:08:21,119 [INFO] DbBoards:161 - Board is not supported: NUCLEO-H5E5ZJ
2026-07-29 14:08:21,234 [INFO] BoardInfo:889 - No configuration file found for board NUCLEO-U3C5ZI-Q
2026-07-29 14:08:21,236 [INFO] DbBoards:161 - Board is not supported: NUCLEO-U3C5ZI-Q
2026-07-29 14:08:21,266 [INFO] BoardInfo:889 - No configuration file found for board NUCLEO-WBA25CE1
2026-07-29 14:08:21,268 [INFO] DbBoards:161 - Board is not supported: NUCLEO-WBA25CE1
2026-07-29 14:08:21,288 [INFO] BoardInfo:889 - No configuration file found for board NUCLEO-WL3RKB1
2026-07-29 14:08:21,290 [INFO] DbBoards:161 - Board is not supported: NUCLEO-WL3RKB1
2026-07-29 14:08:21,292 [INFO] BoardInfo:889 - No configuration file found for board NUCLEO-WL3RKB2
2026-07-29 14:08:21,294 [INFO] DbBoards:161 - Board is not supported: NUCLEO-WL3RKB2
2026-07-29 14:08:21,310 [INFO] BoardInfo:889 - No configuration file found for board P-NUCLEO-WB55
2026-07-29 14:08:21,312 [INFO] DbBoards:161 - Kit is not supported: P-NUCLEO-WB55
2026-07-29 14:08:21,324 [INFO] BoardInfo:889 - No configuration file found for board STEVAL-BFA001V1B
2026-07-29 14:08:21,326 [INFO] DbBoards:161 - Kit is not supported: STEVAL-BFA001V1B
2026-07-29 14:08:21,328 [INFO] BoardInfo:889 - No configuration file found for board STEVAL-BFA001V2B
2026-07-29 14:08:21,330 [INFO] DbBoards:161 - Kit is not supported: STEVAL-BFA001V2B
2026-07-29 14:08:21,552 [INFO] BoardInfo:889 - No configuration file found for board STM32H5F5J-DK
2026-07-29 14:08:21,555 [INFO] DbBoards:161 - Board is not supported: STM32H5F5J-DK
2026-07-29 14:08:21,723 [INFO] DbBoards:168 - Found 218 boards, 209 are supported
2026-07-29 14:08:21,723 [INFO] DbBoards:169 - Found 218 boards, 43 of them is supported for  Bsp
2026-07-29 14:08:21,726 [INFO] ApiDb:423 - Load user favorites file C:\Users\ADMIN/.stm32cubeide/favorites.boards.txt: 0 item(s)
2026-07-29 14:08:21,726 [INFO] ApiDb:427 - User favorites Boards=[]
2026-07-29 14:08:21,726 [INFO] DbBoards:198 - Set 0 / 0 favorites Boards
2026-07-29 14:08:21,726 [ERROR] TargetSelectorAdapter:267 - Unable to refresh data
2026-07-29 14:08:21,798 [INFO] McuFinderGlobals:76 - Set McuFinderConnectedMode to true
2026-07-29 14:08:21,801 [INFO] MultiScanPanel:200 - Auto-refresh data requested => check proxy status ongoing
2026-07-29 14:08:21,801 [INFO] FinderPluginLoader:96 - Searching for filters in installed packs
2026-07-29 14:08:25,368 [INFO] LoadUrlFilesThread:185 - End of LoadServerUrlFiles without Thread
2026-07-29 14:08:25,369 [INFO] DetailPanel:341 - Set advertising image to C:/Users/ADMIN/STM32Cube/Repository/\en.stm32h5cubemxbanner.png
2026-07-29 14:08:29,266 [INFO] MultiScanPanel:200 - Auto-refresh data requested => check proxy status ongoing
2026-07-29 14:08:29,485 [INFO] LoadUrlFilesThread:185 - End of LoadServerUrlFiles without Thread
2026-07-29 14:08:29,486 [INFO] DetailPanel:341 - Set advertising image to C:/Users/ADMIN/STM32Cube/Repository/\en.stm32h5cubemxbanner.png
2026-07-29 14:08:29,504 [INFO] DbBoards:642 - Loading board mini-images...
2026-07-29 14:08:33,069 [INFO] DbBoards:665 - Loaded 218 board mini-images
2026-07-29 14:08:59,054 [INFO] MainUpdater:2872 - connection check result : 10
2026-07-29 14:08:59,054 [INFO] MainUpdater:2872 - connection check result : 10
2026-07-29 14:08:59,341 [INFO] I2cTimingTraitement:330 - 0x30A175AB
2026-07-29 14:08:59,358 [INFO] MicroXplorer:468 - Change Database Path : 
2026-07-29 14:08:59,358 [INFO] MicroXplorer:498 - Change Database Version : DB.6.0.150
2026-07-29 14:08:59,466 [ERROR] ProjectManagerView:395 - 
java.lang.NullPointerException: Cannot invoke "javax.swing.JTextField.getText()" because the return value of "java.util.List.get(int)" is null
	at com.st.microxplorer.plugins.projectmanager.gui.ProjectChoiceTab$9.caretUpdate(ProjectChoiceTab.java:2706) ~[filemanager.jar:?]
	at javax.swing.text.JTextComponent.fireCaretUpdate(JTextComponent.java:408) ~[?:?]
	at javax.swing.text.JTextComponent$MutableCaretEvent.fire(JTextComponent.java:4484) ~[?:?]
	at javax.swing.text.JTextComponent$MutableCaretEvent.stateChanged(JTextComponent.java:4506) ~[?:?]
	at javax.swing.text.DefaultCaret.fireStateChanged(DefaultCaret.java:857) ~[?:?]
	at javax.swing.text.DefaultCaret.changeCaretPosition(DefaultCaret.java:1343) ~[?:?]
	at javax.swing.text.DefaultCaret.handleSetDot(DefaultCaret.java:1242) ~[?:?]
	at javax.swing.text.DefaultCaret.setDot(DefaultCaret.java:1223) ~[?:?]
	at javax.swing.text.DefaultCaret$Handler.insertUpdate(DefaultCaret.java:1819) ~[?:?]
	at javax.swing.text.AbstractDocument.fireInsertUpdate(AbstractDocument.java:227) ~[?:?]
	at javax.swing.text.AbstractDocument.handleInsertString(AbstractDocument.java:781) ~[?:?]
	at javax.swing.text.AbstractDocument.insertString(AbstractDocument.java:740) ~[?:?]
	at javax.swing.text.PlainDocument.insertString(PlainDocument.java:131) ~[?:?]
	at javax.swing.text.AbstractDocument.replace(AbstractDocument.java:699) ~[?:?]
	at javax.swing.text.JTextComponent.setText(JTextComponent.java:1725) ~[?:?]
	at com.st.microxplorer.plugins.projectmanager.gui.ProjectChoiceTab.createHeapStackFields(ProjectChoiceTab.java:993) ~[filemanager.jar:?]
	at com.st.microxplorer.plugins.projectmanager.gui.ProjectChoiceTab.buildLinkSettingsPanel(ProjectChoiceTab.java:3813) ~[filemanager.jar:?]
	at com.st.microxplorer.plugins.projectmanager.gui.ProjectChoiceTab.defineWindowsFields(ProjectChoiceTab.java:1987) ~[filemanager.jar:?]
	at com.st.microxplorer.plugins.projectmanager.gui.ProjectChoiceTab.updateSettings(ProjectChoiceTab.java:558) ~[filemanager.jar:?]
	at com.st.microxplorer.plugins.projectmanager.gui.ProjectSettingsPanel.UpdateDialog(ProjectSettingsPanel.java:247) ~[filemanager.jar:?]
	at com.st.microxplorer.plugins.projectmanager.ProjectManagerView.propertyChange(ProjectManagerView.java:392) ~[filemanager.jar:?]
	at java.beans.PropertyChangeSupport.fire(PropertyChangeSupport.java:343) ~[?:?]
	at java.beans.PropertyChangeSupport.firePropertyChange(PropertyChangeSupport.java:335) ~[?:?]
	at java.beans.PropertyChangeSupport.firePropertyChange(PropertyChangeSupport.java:268) ~[?:?]
	at com.st.microxplorer.util.MXPropertyChangeSupport.firePropertyChange(MXPropertyChangeSupport.java:54) ~[STM32CubeMX.jar:?]
	at com.st.microxplorer.mxsystem.MxSystem.closeConfig(MxSystem.java:899) ~[STM32CubeMX.jar:?]
	at com.st.microxplorer.maingui.MainPanel.closeConfig(MainPanel.java:792) ~[STM32CubeMX.jar:?]
	at com.st.microxplorer.plugins.filemanager.engine.OpenFileManager.loadConfigurationFile(OpenFileManager.java:288) ~[filemanager.jar:?]
	at com.st.microxplorer.plugins.filemanager.engine.MainFileManager.userLoadConfig(MainFileManager.java:364) ~[filemanager.jar:?]
	at com.st.microxplorer.plugins.filemanager.FileManagerView.getSpecificTask(FileManagerView.java:268) ~[filemanager.jar:?]
	at com.st.stm32cube.common.mx.editor.CubeMxEditor.getMxTabbedPaneInstance(CubeMxEditor.java:1191) ~[com.st.stm32cube.common.mx_6.15.0.202507011659/:?]
	at com.st.stm32cube.common.mx.editor.CubeMxEditor$12$1.createSwingComponent(CubeMxEditor.java:1068) ~[com.st.stm32cube.common.mx_6.15.0.202507011659/:?]
	at com.st.stm32cube.common.mx.oss.core.awtswtbridge.EmbeddedSwingComposite.doComponentCreation(EmbeddedSwingComposite.java:492) ~[com.st.stm32cube.common.mx.oss_6.15.0.202507011659/:?]
	at com.st.stm32cube.common.mx.oss.core.awtswtbridge.EmbeddedSwingComposite$4.run(EmbeddedSwingComposite.java:291) ~[com.st.stm32cube.common.mx.oss_6.15.0.202507011659/:?]
	at com.st.stm32cube.common.mx.oss.core.awtswtbridge.AwtEnvironment$2.run(AwtEnvironment.java:166) ~[com.st.stm32cube.common.mx.oss_6.15.0.202507011659/:?]
	at java.awt.event.InvocationEvent.dispatch(InvocationEvent.java:318) ~[?:?]
	at java.awt.EventQueue.dispatchEventImpl(EventQueue.java:773) ~[?:?]
	at java.awt.EventQueue$4.run(EventQueue.java:720) ~[?:?]
	at java.awt.EventQueue$4.run(EventQueue.java:714) ~[?:?]
	at java.security.AccessController.doPrivileged(AccessController.java:400) ~[?:?]
	at java.security.ProtectionDomain$JavaSecurityAccessImpl.doIntersectionPrivilege(ProtectionDomain.java:87) ~[?:?]
	at java.awt.EventQueue.dispatchEvent(EventQueue.java:742) ~[?:?]
	at java.awt.EventDispatchThread.pumpOneEventForFilters(EventDispatchThread.java:203) ~[?:?]
	at java.awt.EventDispatchThread.pumpEventsForFilter(EventDispatchThread.java:124) ~[?:?]
	at java.awt.EventDispatchThread.pumpEventsForHierarchy(EventDispatchThread.java:113) ~[?:?]
	at java.awt.EventDispatchThread.pumpEvents(EventDispatchThread.java:109) ~[?:?]
	at java.awt.EventDispatchThread.pumpEvents(EventDispatchThread.java:101) ~[?:?]
	at java.awt.EventDispatchThread.run(EventDispatchThread.java:90) ~[?:?]
2026-07-29 14:08:59,473 [WARN] ThirdParty:871 - waiting for thirdparty lock release [close project]
2026-07-29 14:08:59,473 [INFO] ThirdParty:873 - entering critical section [close project]
2026-07-29 14:08:59,473 [INFO] ThirdParty:883 - exiting critical section [close project]
2026-07-29 14:08:59,480 [INFO] PinOutPanel:1589 - setPackage(No Configuration,No Configuration)
2026-07-29 14:08:59,514 [INFO] UtilMem:75 - Begin LoadConfig() Used Memory: 921289592 Bytes (1073741824)
2026-07-29 14:08:59,516 [INFO] OpenFileManager:355 - Change cursor
2026-07-29 14:08:59,569 [INFO] RulesReader:64 - Compatibility file has been processed (317 Rules)
2026-07-29 14:08:59,580 [INFO] ProjectFactory:514 - No CPN specified for board B-L4S5I-IOT01A => set CPN to STM32L4S5VIT6
2026-07-29 14:08:59,580 [INFO] Mcu:2029 - Initializing MCU STM32L4S5VITx STM32L4S5VITx STM32L4S5VIT6
2026-07-29 14:09:03,395 [INFO] Context:786 - Trying to add GPIOservice into a context  which must be forbidden
2026-07-29 14:09:04,922 [INFO] Rule:233 - rule 117617 - U5Cobra4M][GTZC] default value MPCBB3 and MPCBB5 - Not Secured memory - MPCBB1 is applicable
2026-07-29 14:09:04,922 [INFO] Rule:233 - rule 117617 - U5Cobra4M][GTZC] default value MPCBB3 and MPCBB5 - Not Secured memory - MPCBB1 is applicable
2026-07-29 14:09:04,922 [INFO] Rule:233 - rule 117617 - U5Cobra4M][GTZC] default value MPCBB3 and MPCBB5 - Not Secured memory - MPCBB2 is applicable
2026-07-29 14:09:04,922 [INFO] Rule:233 - rule 117617 - U5Cobra4M][GTZC] default value MPCBB3 and MPCBB5 - Not Secured memory - MPCBB2 is applicable
2026-07-29 14:09:04,922 [INFO] Rule:233 - rule 117617 - U5Cobra4M][GTZC] default value MPCBB3 and MPCBB5 - Not Secured memory - MPCBB3 is applicable
2026-07-29 14:09:04,922 [INFO] Rule:233 - rule 117617 - U5Cobra4M][GTZC] default value MPCBB3 and MPCBB5 - Not Secured memory - MPCBB3 is applicable
2026-07-29 14:09:04,922 [INFO] Rule:233 - rule 117617 - U5Cobra4M][GTZC] default value MPCBB3 and MPCBB5 - Not Secured memory - MPCBB4 is applicable
2026-07-29 14:09:04,922 [INFO] Rule:233 - rule 117617 - U5Cobra4M][GTZC] default value MPCBB3 and MPCBB5 - Not Secured memory - MPCBB4 is applicable
2026-07-29 14:09:04,922 [INFO] Rule:233 - rule 117617 - U5Cobra4M][GTZC] default value MPCBB3 and MPCBB5 - Secured memory - MPCBB1 is applicable
2026-07-29 14:09:04,923 [INFO] Rule:233 - rule 117617 - U5Cobra4M][GTZC] default value MPCBB3 and MPCBB5 - Secured memory - MPCBB2 is applicable
2026-07-29 14:09:04,923 [INFO] Rule:233 - rule 117617 - U5Cobra4M][GTZC] default value MPCBB3 and MPCBB5 - Secured memory - MPCBB3 is applicable
2026-07-29 14:09:04,923 [INFO] Rule:233 - rule 117617 - U5Cobra4M][GTZC] default value MPCBB3 and MPCBB5 - Secured memory - MPCBB4 is applicable
2026-07-29 14:09:04,923 [INFO] Rule:233 - rule 117617 - U5Cobra4M][GTZC] default value MPCBB3 and MPCBB5 - Privileged memory - MPCBB1 is applicable
2026-07-29 14:09:04,923 [INFO] Rule:233 - rule 117617 - U5Cobra4M][GTZC] default value MPCBB3 and MPCBB5 - Privileged memory - MPCBB2 is applicable
2026-07-29 14:09:04,923 [INFO] Rule:233 - rule 117617 - U5Cobra4M][GTZC] default value MPCBB3 and MPCBB5 - Privileged memory - MPCBB3 is applicable
2026-07-29 14:09:04,923 [INFO] Rule:233 - rule 117617 - U5Cobra4M][GTZC] default value MPCBB3 and MPCBB5 - Privileged memory - MPCBB4 is applicable
2026-07-29 14:09:04,923 [INFO] Rule:233 - rule 117617 - U5Cobra4M][GTZC] default value MPCBB3 and MPCBB5 - Not Privileged memory - MPCBB1 is applicable
2026-07-29 14:09:04,923 [INFO] Rule:233 - rule 117617 - U5Cobra4M][GTZC] default value MPCBB3 and MPCBB5 - Not Privileged memory - MPCBB2 is applicable
2026-07-29 14:09:04,923 [INFO] Rule:233 - rule 117617 - U5Cobra4M][GTZC] default value MPCBB3 and MPCBB5 - Not Privileged memory - MPCBB3 is applicable
2026-07-29 14:09:04,923 [INFO] Rule:233 - rule 117617 - U5Cobra4M][GTZC] default value MPCBB3 and MPCBB5 - Not Privileged memory - MPCBB4 is applicable
2026-07-29 14:09:04,923 [INFO] Rule:233 - rule 117617 - U5Cobra4M][GTZC] default value MPCBB3 and MPCBB5 - Privileged memory - MPCBB1 is applicable
2026-07-29 14:09:04,923 [INFO] Rule:233 - rule 117617 - U5Cobra4M][GTZC] default value MPCBB3 and MPCBB5 - Privileged memory - MPCBB2 is applicable
2026-07-29 14:09:04,923 [INFO] Rule:233 - rule 117617 - U5Cobra4M][GTZC] default value MPCBB3 and MPCBB5 - Privileged memory - MPCBB3 is applicable
2026-07-29 14:09:04,923 [INFO] Rule:233 - rule 117617 - U5Cobra4M][GTZC] default value MPCBB3 and MPCBB5 - Privileged memory - MPCBB4 is applicable
2026-07-29 14:09:04,923 [INFO] Rule:233 - rule 117617 - U5Cobra4M][GTZC] default value MPCBB3 and MPCBB5 - Privileged memory - MPCBB1 is applicable
2026-07-29 14:09:04,923 [INFO] Rule:233 - rule 117617 - U5Cobra4M][GTZC] default value MPCBB3 and MPCBB5 - Privileged memory - MPCBB2 is applicable
2026-07-29 14:09:04,923 [INFO] Rule:233 - rule 117617 - U5Cobra4M][GTZC] default value MPCBB3 and MPCBB5 - Privileged memory - MPCBB3 is applicable
2026-07-29 14:09:04,923 [INFO] Rule:233 - rule 117617 - U5Cobra4M][GTZC] default value MPCBB3 and MPCBB5 - Privileged memory - MPCBB4 is applicable
2026-07-29 14:09:04,923 [INFO] Rule:233 - rule 117617 - U5Cobra4M][GTZC] default value MPCBB3 and MPCBB5 - Not Privileged memory - MPCBB1 is applicable
2026-07-29 14:09:04,923 [INFO] Rule:233 - rule 117617 - U5Cobra4M][GTZC] default value MPCBB3 and MPCBB5 - Not Privileged memory - MPCBB2 is applicable
2026-07-29 14:09:04,923 [INFO] Rule:233 - rule 117617 - U5Cobra4M][GTZC] default value MPCBB3 and MPCBB5 - Not Privileged memory - MPCBB3 is applicable
2026-07-29 14:09:04,923 [INFO] Rule:233 - rule 117617 - U5Cobra4M][GTZC] default value MPCBB3 and MPCBB5 - Not Privileged memory - MPCBB4 is applicable
2026-07-29 14:09:04,923 [INFO] Rule:233 - rule 117617 - U5Cobra4M][GTZC] default value MPCBB3 and MPCBB5 - Privileged memory - MPCBB1 is applicable
2026-07-29 14:09:04,923 [INFO] Rule:233 - rule 117617 - U5Cobra4M][GTZC] default value MPCBB3 and MPCBB5 - Privileged memory - MPCBB2 is applicable
2026-07-29 14:09:04,923 [INFO] Rule:233 - rule 117617 - U5Cobra4M][GTZC] default value MPCBB3 and MPCBB5 - Privileged memory - MPCBB3 is applicable
2026-07-29 14:09:04,923 [INFO] Rule:233 - rule 117617 - U5Cobra4M][GTZC] default value MPCBB3 and MPCBB5 - Privileged memory - MPCBB4 is applicable
2026-07-29 14:09:04,923 [INFO] Rule:233 - rule WakeUp0 Mode is applicable
2026-07-29 14:09:04,923 [INFO] Rule:233 - rule WakeUp0 SIGNAL is applicable
2026-07-29 14:09:04,924 [INFO] Rule:233 - rule WakeUp1 Mode is applicable
2026-07-29 14:09:04,924 [INFO] Rule:233 - rule WakeUp1 SIGNAL is applicable
2026-07-29 14:09:04,924 [INFO] Rule:233 - rule WakeUp2 Mode is applicable
2026-07-29 14:09:04,924 [INFO] Rule:233 - rule WakeUp2 SIGNAL is applicable
2026-07-29 14:09:04,924 [INFO] Rule:233 - rule WakeUp4 Mode is applicable
2026-07-29 14:09:04,924 [INFO] Rule:233 - rule WakeUp4 SIGNAL is applicable
2026-07-29 14:09:04,924 [INFO] Rule:233 - rule WakeUp5 Mode is applicable
2026-07-29 14:09:04,924 [INFO] Rule:233 - rule WakeUp5 SIGNAL is applicable
2026-07-29 14:09:04,924 [INFO] Rule:233 - rule Change Default Value for LSE Drive Capability for WB family is applicable
2026-07-29 14:09:04,924 [INFO] Rule:233 - rule change FDCAN default value is applicable
2026-07-29 14:09:04,924 [INFO] Rule:233 - rule Adapt Old IOC before rework replace old CORTEX_M33/CORTEX_M55 attributes by the new one. is applicable
2026-07-29 14:09:04,925 [INFO] Rule:233 - rule Rename parametre of RCC RCC_APBDBG_DIV2 to RCC_TIMPRES_DIV2 is applicable
2026-07-29 14:09:04,925 [INFO] Rule:233 - rule Rename DIE493 pin PA10 [PA12] -> PA10 is applicable
2026-07-29 14:09:04,925 [INFO] Rule:233 - rule Rename DIE493 pin PA9 [PA11] -> PA9 is applicable
2026-07-29 14:09:04,925 [INFO] Rule:233 - rule Rename DIE492 PartNumber CPN STM32WBA5MJGHx -> STM32WBA5MMGHx is applicable
2026-07-29 14:09:04,925 [INFO] Rule:233 - rule Rename DIE492 PartNumber  Name STM32WBA5MJGHx -> STM32WBA5MMGHx is applicable
2026-07-29 14:09:04,925 [INFO] Rule:233 - rule Rename DIE492 PartNumber UserName STM32WBA5MJGHx -> STM32WBA5MMGHx is applicable
2026-07-29 14:09:04,925 [INFO] Rule:233 - rule Rename DIE492 PartNumber DeviceId STM32WBA5MJGHx -> STM32WBA5MMGHx is applicable
2026-07-29 14:09:04,925 [INFO] Rule:233 - rule Adapt Old IOC CSI. is applicable
2026-07-29 14:09:04,925 [INFO] Rule:233 - rule Adapt Old IOC DCMIPP. is applicable
2026-07-29 14:09:04,925 [INFO] Rule:233 - rule Adapt Old IOC DCMIPP Mode Parallel. is applicable
2026-07-29 14:09:04,925 [INFO] Rule:233 - rule Adapt Old IOC LTDC. is applicable
2026-07-29 14:09:04,925 [INFO] Rule:233 - rule Rename STM32MP2 RIF Peripheral LTDC RIF.RISUP.LTDC_L0L1.Privilege -> RIF.RISUP.LTDC_L1L2.Privilege is applicable
2026-07-29 14:09:04,925 [INFO] Rule:233 - rule Rename STM32MP2 RIF Peripheral LTDC RIF.RISUP.LTDC_L0L1.Privilege -> RIF.RISUP.LTDC_L1L2.Privilege is applicable
2026-07-29 14:09:04,925 [INFO] Rule:233 - rule Rename STM32MP2 RIF Peripheral LTDC RIF.RISUP.LTDC_L0L1.Lock -> RIF.RISUP.LTDC_L1L2.Lock is applicable
2026-07-29 14:09:04,925 [INFO] Rule:233 - rule Rename STM32MP2 RIF Peripheral LTDC RIF.RISUP.LTDC_L2.Lock -> RIF.RISUP.LTDC_L3.Lock is applicable
2026-07-29 14:09:04,925 [INFO] Rule:233 - rule Adapt the old IOC example for updating the SYS when it is misconfigured. is applicable
2026-07-29 14:09:04,925 [INFO] Rule:233 - rule Rename STM32C09 Mcu.Package LQFP64 -> LQFP48 is applicable
2026-07-29 14:09:04,925 [INFO] Rule:233 - rule Adapt the old IOC example for updating the SYS when it is misconfigured. is applicable
2026-07-29 14:09:04,925 [INFO] Rule:233 - rule Adapt the old IOC example for updating the SYS when it is misconfigured. is applicable
2026-07-29 14:09:04,934 [INFO] DbConfProperties:307 - Apply Compatibility (5/68 Rules)
2026-07-29 14:09:04,993 [INFO] ImportTextPane:234 - (OptionalMessage_ERROR) Pin84 (VP_RIF_VS_RIF1) cannot be retrieved for this MCU
2026-07-29 14:09:05,110 [INFO] RtosManager:558 - Registered RTOS mode: class=CMSIS, group=RTOS, mode=CMSIS_V1, owner=FREERTOS
2026-07-29 14:09:05,111 [INFO] RtosManager:558 - Registered RTOS mode: class=CMSIS, group=RTOS2, mode=CMSIS_V2, owner=FREERTOS
2026-07-29 14:09:05,111 [INFO] RtosManager:558 - Registered RTOS mode: class=RTOS, group=Core, mode=CMSIS_V1, owner=FREERTOS
2026-07-29 14:09:05,111 [INFO] RtosManager:558 - Registered RTOS mode: class=RTOS, group=Core, mode=CMSIS_V2, owner=FREERTOS
2026-07-29 14:09:05,111 [WARN] ModelIntegratedComponent:184 - Missing modes for component STMicroelectronics:FreeRTOS:0.0.1:STMicroelectronics:RTOS:FreeRTOS:Core:::10.2.0:
2026-07-29 14:09:05,442 [WARN] ModelIntegratedComponent:63 - No mode defined for component null
2026-07-29 14:09:05,443 [WARN] ModelIntegratedComponent:63 - No mode defined for component null
2026-07-29 14:09:05,443 [WARN] ModelIntegratedComponent:63 - No mode defined for component null
2026-07-29 14:09:05,443 [WARN] ModelIntegratedComponent:63 - No mode defined for component null
2026-07-29 14:09:05,443 [WARN] ModelIntegratedComponent:63 - No mode defined for component null
2026-07-29 14:09:05,443 [WARN] ModelIntegratedComponent:63 - No mode defined for component null
2026-07-29 14:09:05,443 [WARN] ModelIntegratedComponent:63 - No mode defined for component null
2026-07-29 14:09:05,443 [WARN] ModelIntegratedComponent:63 - No mode defined for component null
2026-07-29 14:09:05,443 [WARN] ModelIntegratedComponent:63 - No mode defined for component null
2026-07-29 14:09:05,443 [WARN] ModelIntegratedComponent:63 - No mode defined for component null
2026-07-29 14:09:05,443 [WARN] ModelIntegratedComponent:63 - No mode defined for component null
2026-07-29 14:09:05,443 [WARN] ModelIntegratedComponent:63 - No mode defined for component null
2026-07-29 14:09:05,443 [WARN] ModelIntegratedComponent:63 - No mode defined for component null
2026-07-29 14:09:05,443 [WARN] ModelIntegratedComponent:63 - No mode defined for component null
2026-07-29 14:09:05,443 [WARN] ModelIntegratedComponent:63 - No mode defined for component null
2026-07-29 14:09:05,443 [WARN] ModelIntegratedComponent:63 - No mode defined for component null
2026-07-29 14:09:05,443 [WARN] ModelIntegratedComponent:63 - No mode defined for component null
2026-07-29 14:09:05,443 [WARN] ModelIntegratedComponent:63 - No mode defined for component null
2026-07-29 14:09:05,443 [WARN] ModelIntegratedComponent:63 - No mode defined for component null
2026-07-29 14:09:05,443 [WARN] ModelIntegratedComponent:63 - No mode defined for component null
2026-07-29 14:09:05,443 [WARN] ModelIntegratedComponent:63 - No mode defined for component null
2026-07-29 14:09:05,443 [WARN] ModelIntegratedComponent:63 - No mode defined for component null
2026-07-29 14:09:05,443 [WARN] ModelIntegratedComponent:63 - No mode defined for component null
2026-07-29 14:09:05,443 [WARN] ModelIntegratedComponent:63 - No mode defined for component null
2026-07-29 14:09:05,443 [WARN] ModelIntegratedComponent:63 - No mode defined for component null
2026-07-29 14:09:05,443 [WARN] ModelIntegratedComponent:63 - No mode defined for component null
2026-07-29 14:09:05,443 [WARN] ModelIntegratedComponent:63 - No mode defined for component null
2026-07-29 14:09:05,443 [WARN] ModelIntegratedComponent:63 - No mode defined for component null
2026-07-29 14:09:05,443 [WARN] ModelIntegratedComponent:63 - No mode defined for component null
2026-07-29 14:09:05,443 [WARN] ModelIntegratedComponent:63 - No mode defined for component null
2026-07-29 14:09:05,443 [WARN] ModelIntegratedComponent:63 - No mode defined for component null
2026-07-29 14:09:05,443 [WARN] ModelIntegratedComponent:63 - No mode defined for component null
2026-07-29 14:09:05,443 [WARN] ModelIntegratedComponent:63 - No mode defined for component null
2026-07-29 14:09:05,444 [WARN] ModelIntegratedComponent:63 - No mode defined for component null
2026-07-29 14:09:05,444 [WARN] ModelIntegratedComponent:63 - No mode defined for component null
2026-07-29 14:09:05,444 [WARN] ModelPack:524 - Component already loaded: STMicroelectronics:HAL Drivers:0.0.0:STMicroelectronics:Device:STMicro_Driver:XSPI:HAL::0.0.1:HAL_XSPI
2026-07-29 14:09:05,496 [INFO] ThirdPartyModel:298 - Start build external matchings
2026-07-29 14:09:05,972 [INFO] ThirdPartyModel:316 - End build external matchings
2026-07-29 14:09:06,013 [WARN] IP:2250 - MaxTran not found: check if there is a RefParameter without a condition.
2026-07-29 14:09:06,013 [WARN] IP:2250 - Refresh not found: check if there is a RefParameter without a condition.
2026-07-29 14:09:06,014 [INFO] ImportTextPane:234 - (OptionalMessage_ERROR) IP (RCC) : Invalid parameter (FamilyName)
2026-07-29 14:09:06,554 [INFO] UtilMem:75 - End LoadConfig() Used Memory: 855584760 Bytes (1073741824)
2026-07-29 14:09:06,722 [WARN] ThirdParty:833 - waiting for thirdparty lock release [change project]
2026-07-29 14:09:06,722 [INFO] ThirdParty:835 - entering critical section [change project]
2026-07-29 14:09:06,722 [INFO] ThirdParty:1030 - CMSIS Pack Vendor :STMicroelectronics X-CUBE-AZRTOS-H7 3.5.0
2026-07-29 14:09:06,722 [INFO] ThirdParty:1030 - CMSIS Pack Vendor :STMicroelectronics X-CUBE-PM33A1 1.0.0
2026-07-29 14:09:06,722 [INFO] ThirdParty:1030 - CMSIS Pack Vendor :STMicroelectronics USBPD 4.1
2026-07-29 14:09:06,722 [INFO] ThirdParty:1030 - CMSIS Pack Vendor :STMicroelectronics X-CUBE-NFC9 1.0.0
2026-07-29 14:09:06,722 [INFO] ThirdParty:1030 - CMSIS Pack Vendor :STMicroelectronics USB_HOST 2.0.0
2026-07-29 14:09:06,722 [INFO] ThirdParty:1030 - CMSIS Pack Vendor :STMicroelectronics FP-ATR-ASTRA1 2.0.3
2026-07-29 14:09:06,722 [INFO] ThirdParty:1030 - CMSIS Pack Vendor :STMicroelectronics X-CUBE-AZRTOS-F4 1.1.0
2026-07-29 14:09:06,722 [INFO] ThirdParty:1030 - CMSIS Pack Vendor :STMicroelectronics LIBJPEG 8.0.0
2026-07-29 14:09:06,722 [INFO] ThirdParty:1030 - CMSIS Pack Vendor :STMicroelectronics X-CUBE-BLE1 7.1.0
2026-07-29 14:09:06,722 [INFO] ThirdParty:1030 - CMSIS Pack Vendor :wolfSSL I-CUBE-wolfMQTT 1.19.2
2026-07-29 14:09:06,722 [INFO] ThirdParty:1030 - CMSIS Pack Vendor :STMicroelectronics USB_DEVICE 3.0.0
2026-07-29 14:09:06,722 [INFO] ThirdParty:1030 - CMSIS Pack Vendor :STMicroelectronics X-CUBE-ISPU 2.1.0
2026-07-29 14:09:06,722 [INFO] ThirdParty:1030 - CMSIS Pack Vendor :STMicroelectronics X-CUBE-EEPRMA1 5.2.0
2026-07-29 14:09:06,722 [INFO] ThirdParty:1030 - CMSIS Pack Vendor :STMicroelectronics X-CUBE-IPS 3.2.0
2026-07-29 14:09:06,723 [INFO] ThirdParty:1030 - CMSIS Pack Vendor :STMicroelectronics eDS-WB_DPC_TT-BIDIR 2.1.1
2026-07-29 14:09:06,723 [INFO] ThirdParty:1030 - CMSIS Pack Vendor :STMicroelectronics X-CUBE-AZRTOS-WB 2.0.0
2026-07-29 14:09:06,723 [INFO] ThirdParty:1030 - CMSIS Pack Vendor :STMicroelectronics X-CUBE-NFC12 1.0.0
2026-07-29 14:09:06,723 [INFO] ThirdParty:1030 - CMSIS Pack Vendor :STMicroelectronics X-CUBE-AZRTOS-F7 1.1.0
2026-07-29 14:09:06,723 [INFO] ThirdParty:1030 - CMSIS Pack Vendor :STMicroelectronics X-CUBE-AZRTOS-L5 2.0.0
2026-07-29 14:09:06,723 [INFO] ThirdParty:1030 - CMSIS Pack Vendor :STMicroelectronics USB_DEVICE 2.0.0
2026-07-29 14:09:06,723 [INFO] ThirdParty:1030 - CMSIS Pack Vendor :STMicroelectronics X-CUBE-FREERTOS 1.6.0
2026-07-29 14:09:06,723 [INFO] ThirdParty:1030 - CMSIS Pack Vendor :STMicroelectronics FP-SNS-STAIOTCFT 1.1.0
2026-07-29 14:09:06,723 [INFO] ThirdParty:1030 - CMSIS Pack Vendor :quantropi X-CUBE-qispace-sdk-base 2.1.0
2026-07-29 14:09:06,723 [INFO] ThirdParty:1030 - CMSIS Pack Vendor :STMicroelectronics X-CUBE-STSE01 2.0.0
2026-07-29 14:09:06,723 [INFO] ThirdParty:1030 - CMSIS Pack Vendor :STMicroelectronics X-CUBE-ALGOBUILD 1.5.0
2026-07-29 14:09:06,723 [INFO] ThirdParty:1030 - CMSIS Pack Vendor :STMicroelectronics FP-SNS-MOTENV1 5.1.0
2026-07-29 14:09:06,723 [INFO] ThirdParty:1030 - CMSIS Pack Vendor :STMicroelectronics FreeRTOS 0.0.1
2026-07-29 14:09:06,723 [INFO] ThirdParty:1030 - CMSIS Pack Vendor :STMicroelectronics X-CUBE-AZRTOS-H7RS 1.3.0
2026-07-29 14:09:06,723 [INFO] ThirdParty:1030 - CMSIS Pack Vendor :STMicroelectronics X-CUBE-AZRTOS-G0 1.1.0
2026-07-29 14:09:06,723 [INFO] ThirdParty:1030 - CMSIS Pack Vendor :STMicroelectronics X-CUBE-NFC4 3.0.0
2026-07-29 14:09:06,723 [INFO] ThirdParty:1030 - CMSIS Pack Vendor :STMicroelectronics X-CUBE-SUBG2 5.0.0
2026-07-29 14:09:06,723 [INFO] ThirdParty:1030 - CMSIS Pack Vendor :STMicroelectronics STM32_WPAN 1.0.0
2026-07-29 14:09:06,723 [INFO] ThirdParty:1030 - CMSIS Pack Vendor :STMicroelectronics eDS-WB_DPC_VIENNA 1.2.0
2026-07-29 14:09:06,723 [INFO] ThirdParty:1030 - CMSIS Pack Vendor :EmbeddedOffice I-CUBE-FS-RTOS 1.0.1
2026-07-29 14:09:06,723 [INFO] ThirdParty:1030 - CMSIS Pack Vendor :STMicroelectronics lwIP 2.0.3
2026-07-29 14:09:06,723 [INFO] ThirdParty:1030 - CMSIS Pack Vendor :WES I-CUBE-Cesium 1.4.0
2026-07-29 14:09:06,723 [INFO] ThirdParty:1030 - CMSIS Pack Vendor :STMicroelectronics X-CUBE-MEMS1 13.0.0
2026-07-29 14:09:06,723 [INFO] ThirdParty:1030 - CMSIS Pack Vendor :STMicroelectronics eDS-WB_DPC_3PH2L-BIDIR 1.1.1
2026-07-29 14:09:06,723 [INFO] ThirdParty:1030 - CMSIS Pack Vendor :STMicroelectronics USB_HOST 1.0.0
2026-07-29 14:09:06,723 [INFO] ThirdParty:1030 - CMSIS Pack Vendor :STMicroelectronics X-CUBE-AZRTOS-G4 2.0.0
2026-07-29 14:09:06,723 [INFO] ThirdParty:1030 - CMSIS Pack Vendor :STMicroelectronics PDM2PCM 3.1.0
2026-07-29 14:09:06,723 [INFO] ThirdParty:1030 - CMSIS Pack Vendor :STMicroelectronics PDM2PCM 3.3.0
2026-07-29 14:09:06,723 [INFO] ThirdParty:1030 - CMSIS Pack Vendor :wolfSSL I-CUBE-wolfTPM 3.8.0
2026-07-29 14:09:06,723 [INFO] ThirdParty:1030 - CMSIS Pack Vendor :STMicroelectronics X-CUBE-DISPLAY 3.0.0
2026-07-29 14:09:06,723 [INFO] ThirdParty:1030 - CMSIS Pack Vendor :wolfSSL I-CUBE-wolfSSH 1.4.20
2026-07-29 14:09:06,723 [INFO] ThirdParty:1030 - CMSIS Pack Vendor :STMicroelectronics X-CUBE-NFC7 2.0.0
2026-07-29 14:09:06,723 [INFO] ThirdParty:1030 - CMSIS Pack Vendor :STMicroelectronics X-CUBE-GNSS1 7.1.1
2026-07-29 14:09:06,724 [INFO] ThirdParty:1030 - CMSIS Pack Vendor :STMicroelectronics FP-SNS-MOTENVWB1 1.5.0
2026-07-29 14:09:06,724 [INFO] ThirdParty:1030 - CMSIS Pack Vendor :STMicroelectronics X-CUBE-TCPP 4.2.0
2026-07-29 14:09:06,724 [INFO] ThirdParty:1030 - CMSIS Pack Vendor :RealThread X-CUBE-RT-Thread_Nano 4.1.1
2026-07-29 14:09:06,724 [INFO] ThirdParty:1030 - CMSIS Pack Vendor :STMicroelectronics FP-ATR-SIGFOX1 3.2.0
2026-07-29 14:09:06,724 [INFO] ThirdParty:1030 - CMSIS Pack Vendor :STMicroelectronics X-CUBE-NFC10 1.0.0
2026-07-29 14:09:06,724 [INFO] ThirdParty:1030 - CMSIS Pack Vendor :STMicroelectronics HAL Drivers 0.0.0
2026-07-29 14:09:06,724 [INFO] ThirdParty:1030 - CMSIS Pack Vendor :STMicroelectronics MBEDTLS 2.16.2
2026-07-29 14:09:06,724 [INFO] ThirdParty:1030 - CMSIS Pack Vendor :STMicroelectronics X-CUBE-ST60 1.1.0
2026-07-29 14:09:06,724 [INFO] ThirdParty:1030 - CMSIS Pack Vendor :STMicroelectronics X-CUBE-ALS 1.0.2
2026-07-29 14:09:06,724 [INFO] ThirdParty:1030 - CMSIS Pack Vendor :emotas I-CUBE-CANOPEN 1.3.0
2026-07-29 14:09:06,724 [INFO] ThirdParty:1030 - CMSIS Pack Vendor :wolfSSL I-CUBE-wolfSSL 5.9.2
2026-07-29 14:09:06,724 [INFO] ThirdParty:1030 - CMSIS Pack Vendor :STMicroelectronics MBEDTLS 2.14.1
2026-07-29 14:09:06,724 [INFO] ThirdParty:1030 - CMSIS Pack Vendor :ITTIA_DB I-CUBE-ITTIADB 8.9.0
2026-07-29 14:09:06,724 [INFO] ThirdParty:1030 - CMSIS Pack Vendor :Cesanta I-CUBE-Mongoose 7.21.7
2026-07-29 14:09:06,724 [INFO] ThirdParty:1030 - CMSIS Pack Vendor :STMicroelectronics X-CUBE-TOUCHGFX 4.26.1
2026-07-29 14:09:06,724 [INFO] ThirdParty:1030 - CMSIS Pack Vendor :STMicroelectronics X-CUBE-NFC6 3.2.0
2026-07-29 14:09:06,724 [INFO] ThirdParty:1030 - CMSIS Pack Vendor :STMicroelectronics FP-SNS-STBOX1 2.1.0
2026-07-29 14:09:06,724 [INFO] ThirdParty:1030 - CMSIS Pack Vendor :STMicroelectronics X-CUBE-AI 10.2.1
2026-07-29 14:09:06,724 [INFO] ThirdParty:1030 - CMSIS Pack Vendor :STMicroelectronics ThreadX 1.0.0
2026-07-29 14:09:06,724 [INFO] ThirdParty:1030 - CMSIS Pack Vendor :STMicroelectronics FP-SNS-SMARTAG2 1.2.0
2026-07-29 14:09:06,724 [INFO] ThirdParty:1030 - CMSIS Pack Vendor :STMicroelectronics FP-SNS-FLIGHT1 5.1.0
2026-07-29 14:09:06,724 [INFO] ThirdParty:1030 - CMSIS Pack Vendor :STMicroelectronics X-CUBE-AZRTOS-WL 2.0.0
2026-07-29 14:09:06,724 [INFO] ThirdParty:1030 - CMSIS Pack Vendor :SEGGER I-CUBE-embOS 1.3.1
2026-07-29 14:09:06,724 [INFO] ThirdParty:1030 - CMSIS Pack Vendor :STMicroelectronics X-CUBE-DPower 1.3.0
2026-07-29 14:09:06,724 [INFO] ThirdParty:1030 - CMSIS Pack Vendor :STMicroelectronics USB_DEVICE 1.0.0
2026-07-29 14:09:06,724 [INFO] ThirdParty:1030 - CMSIS Pack Vendor :STMicroelectronics X-CUBE-AZRTOS-L4 2.0.0
2026-07-29 14:09:06,724 [INFO] ThirdParty:1030 - CMSIS Pack Vendor :STMicroelectronics ThreadX 0.0.2
2026-07-29 14:09:06,724 [INFO] ThirdParty:1030 - CMSIS Pack Vendor :STMicroelectronics lwIP 2.1.2
2026-07-29 14:09:06,724 [INFO] ThirdParty:1030 - CMSIS Pack Vendor :STMicroelectronics X-CUBE-SFXS2LP1 4.0.0
2026-07-29 14:09:06,724 [INFO] ThirdParty:1030 - CMSIS Pack Vendor :STMicroelectronics X-CUBE-BLE2 3.3.0
2026-07-29 14:09:06,724 [INFO] ThirdParty:1030 - CMSIS Pack Vendor :Avnet-IOTCONNECT X-CUBE-iotc-st67-sdk 1.0.0
2026-07-29 14:09:06,724 [INFO] ThirdParty:1030 - CMSIS Pack Vendor :STMicroelectronics X-CUBE-TOF1 3.4.3
2026-07-29 14:09:06,724 [INFO] ThirdParty:1030 - CMSIS Pack Vendor :Infineon AIROC-Wi-Fi-Bluetooth-STM32 1.8.0
2026-07-29 14:09:06,724 [INFO] ThirdParty:1030 - CMSIS Pack Vendor :STMicroelectronics X-CUBE-NFC13 1.0.0
2026-07-29 14:09:06,724 [INFO] ThirdParty:1030 - CMSIS Pack Vendor :STMicroelectronics PDM2PCM 3.2.0
2026-07-29 14:09:06,724 [INFO] ThirdParty:1030 - CMSIS Pack Vendor :STMicroelectronics X-CUBE-WB05N 2.1.0
2026-07-29 14:09:06,725 [INFO] ThirdParty:841 - exiting critical section [change project]
2026-07-29 14:09:07,139 [INFO] PinOutPanel:1589 - setPackage(No Configuration,No Configuration)
2026-07-29 14:09:07,140 [INFO] PinOutPanel:1589 - setPackage(STM32L4S5VITx,LQFP100)
2026-07-29 14:09:07,781 [INFO] UtilMem:75 - Before build in PCC Used Memory: 934243920 Bytes (1073741824)
2026-07-29 14:09:08,494 [INFO] UtilMem:75 - After build in PCC Used Memory: 883920208 Bytes (1073741824)
2026-07-29 14:09:08,530 [INFO] IPUIPlugin:80 - create IPUIPlugin
2026-07-29 14:09:08,531 [INFO] IPUIPlugin:80 - create IPUIPlugin
2026-07-29 14:09:08,531 [INFO] IPUIPlugin:80 - create IPUIPlugin
2026-07-29 14:09:08,531 [INFO] IPUIPlugin:80 - create IPUIPlugin
2026-07-29 14:09:08,531 [INFO] IPUIPlugin:80 - create IPUIPlugin
2026-07-29 14:09:08,531 [INFO] IPUIPlugin:80 - create IPUIPlugin
2026-07-29 14:09:08,531 [INFO] IPUIPlugin:80 - create IPUIPlugin
2026-07-29 14:09:08,531 [INFO] IPUIPlugin:80 - create IPUIPlugin
2026-07-29 14:09:08,531 [INFO] IPUIPlugin:80 - create IPUIPlugin
2026-07-29 14:09:08,532 [INFO] IPUIPlugin:80 - create IPUIPlugin
2026-07-29 14:09:08,532 [INFO] IPUIPlugin:80 - create IPUIPlugin
2026-07-29 14:09:08,532 [INFO] IPUIPlugin:80 - create IPUIPlugin
2026-07-29 14:09:08,532 [INFO] IPUIPlugin:80 - create IPUIPlugin
2026-07-29 14:09:08,532 [INFO] IPUIPlugin:80 - create IPUIPlugin
2026-07-29 14:09:08,532 [INFO] IPUIPlugin:80 - create IPUIPlugin
2026-07-29 14:09:08,532 [INFO] IPUIPlugin:80 - create IPUIPlugin
2026-07-29 14:09:08,532 [INFO] IPUIPlugin:80 - create IPUIPlugin
2026-07-29 14:09:08,532 [INFO] IPUIPlugin:80 - create IPUIPlugin
2026-07-29 14:09:08,533 [INFO] IPUIPlugin:80 - create IPUIPlugin
2026-07-29 14:09:08,533 [INFO] IPUIPlugin:80 - create IPUIPlugin
2026-07-29 14:09:08,533 [INFO] IPUIPlugin:80 - create IPUIPlugin
2026-07-29 14:09:08,533 [INFO] IPUIPlugin:80 - create IPUIPlugin
2026-07-29 14:09:08,533 [INFO] IPUIPlugin:80 - create IPUIPlugin
2026-07-29 14:09:08,533 [INFO] IPUIPlugin:80 - create IPUIPlugin
2026-07-29 14:09:08,534 [INFO] IPUIPlugin:80 - create IPUIPlugin
2026-07-29 14:09:08,534 [INFO] IPUIPlugin:80 - create IPUIPlugin
2026-07-29 14:09:08,534 [INFO] IPUIPlugin:80 - create IPUIPlugin
2026-07-29 14:09:08,534 [INFO] IPUIPlugin:80 - create IPUIPlugin
2026-07-29 14:09:08,535 [INFO] IPUIPlugin:80 - create IPUIPlugin
2026-07-29 14:09:08,535 [INFO] IPUIPlugin:80 - create IPUIPlugin
2026-07-29 14:09:08,535 [INFO] IPUIPlugin:80 - create IPUIPlugin
2026-07-29 14:09:08,535 [INFO] IPUIPlugin:80 - create IPUIPlugin
2026-07-29 14:09:08,536 [INFO] IPUIPlugin:80 - create IPUIPlugin
2026-07-29 14:09:08,536 [INFO] IPUIPlugin:80 - create IPUIPlugin
2026-07-29 14:09:08,536 [INFO] IPUIPlugin:80 - create IPUIPlugin
2026-07-29 14:09:08,536 [INFO] IPUIPlugin:80 - create IPUIPlugin
2026-07-29 14:09:08,536 [INFO] IPUIPlugin:80 - create IPUIPlugin
2026-07-29 14:09:08,537 [INFO] IPUIPlugin:80 - create IPUIPlugin
2026-07-29 14:09:08,537 [INFO] IPUIPlugin:80 - create IPUIPlugin
2026-07-29 14:09:08,537 [INFO] IPUIPlugin:80 - create IPUIPlugin
2026-07-29 14:09:08,538 [INFO] IPUIPlugin:80 - create IPUIPlugin
2026-07-29 14:09:08,538 [INFO] IPUIPlugin:80 - create IPUIPlugin
2026-07-29 14:09:08,538 [INFO] IPUIPlugin:80 - create IPUIPlugin
2026-07-29 14:09:08,538 [INFO] IPUIPlugin:80 - create IPUIPlugin
2026-07-29 14:09:08,539 [INFO] IPUIPlugin:80 - create IPUIPlugin
2026-07-29 14:09:08,539 [INFO] IPUIPlugin:80 - create IPUIPlugin
2026-07-29 14:09:08,539 [INFO] IPUIPlugin:80 - create IPUIPlugin
2026-07-29 14:09:08,539 [INFO] IPUIPlugin:80 - create IPUIPlugin
2026-07-29 14:09:08,540 [INFO] IPUIPlugin:80 - create IPUIPlugin
2026-07-29 14:09:08,540 [INFO] IPUIPlugin:80 - create IPUIPlugin
2026-07-29 14:09:08,540 [INFO] IPUIPlugin:80 - create IPUIPlugin
2026-07-29 14:09:08,540 [INFO] IPUIPlugin:80 - create IPUIPlugin
2026-07-29 14:09:08,541 [INFO] IPUIPlugin:80 - create IPUIPlugin
2026-07-29 14:09:08,541 [INFO] IPUIPlugin:80 - create IPUIPlugin
2026-07-29 14:09:08,541 [INFO] IPUIPlugin:80 - create IPUIPlugin
2026-07-29 14:09:08,542 [INFO] IPUIPlugin:80 - create IPUIPlugin
2026-07-29 14:09:08,542 [INFO] IPUIPlugin:80 - create IPUIPlugin
2026-07-29 14:09:08,542 [INFO] IPUIPlugin:80 - create IPUIPlugin
2026-07-29 14:09:08,542 [INFO] IPUIPlugin:80 - create IPUIPlugin
2026-07-29 14:09:08,543 [INFO] IPUIPlugin:80 - create IPUIPlugin
2026-07-29 14:09:08,543 [INFO] IPUIPlugin:80 - create IPUIPlugin
2026-07-29 14:09:08,544 [INFO] IPUIPlugin:80 - create IPUIPlugin
2026-07-29 14:09:08,544 [INFO] IPUIPlugin:80 - create IPUIPlugin
2026-07-29 14:09:08,645 [INFO] CADModel:165 - CPN selected for project levelSTM32L4S5VIT6
2026-07-29 14:09:08,645 [INFO] CADModel:114 - Register for checkConnection events
2026-07-29 14:09:08,794 [INFO] OpenFileManager:386 - Restore cursor
2026-07-29 14:09:09,368 [WARN] IP:2250 - MaxTran not found: check if there is a RefParameter without a condition.
2026-07-29 14:09:09,369 [WARN] IP:2250 - Refresh not found: check if there is a RefParameter without a condition.
2026-07-29 14:09:09,370 [WARN] IP:2250 - MaxTran not found: check if there is a RefParameter without a condition.
2026-07-29 14:09:09,370 [WARN] IP:2250 - Refresh not found: check if there is a RefParameter without a condition.
2026-07-29 14:09:11,067 [INFO] UtilMem:75 - End SaveConfig() Used Memory: 987752896 Bytes (1073741824)
2026-07-29 14:09:11,279 [INFO] UtilMem:75 - End SaveConfig() Used Memory: 853966240 Bytes (1073741824)
2026-07-29 14:09:11,994 [INFO] BlockDiagram:2775 - set Specific Code input for plugin: SPI
2026-07-29 14:09:11,994 [INFO] BlockDiagram:2775 - set Specific Code input for plugin: SPI
2026-07-29 14:09:11,995 [INFO] BlockDiagram:2775 - set Specific Code input for plugin: DFSDM
2026-07-29 14:09:11,995 [INFO] BlockDiagram:2775 - set Specific Code input for plugin: SYS
2026-07-29 14:09:11,995 [INFO] BlockDiagram:2775 - set Specific Code input for plugin: ADC
2026-07-29 14:09:11,995 [INFO] BlockDiagram:2775 - set Specific Code input for plugin: RCC
2026-07-29 14:09:11,995 [INFO] BlockDiagram:2775 - set Specific Code input for plugin: I2C
2026-07-29 14:09:11,995 [INFO] BlockDiagram:2775 - set Specific Code input for plugin: I2C
2026-07-29 14:09:11,995 [INFO] BlockDiagram:2775 - set Specific Code input for plugin: USB_OTG_FS
2026-07-29 14:09:11,995 [INFO] BlockDiagram:2775 - set Specific Code input for plugin: NVIC
2026-07-29 14:09:11,995 [INFO] BlockDiagram:2775 - set Specific Code input for plugin: USART
2026-07-29 14:09:11,995 [INFO] BlockDiagram:2775 - set Specific Code input for plugin: USART
2026-07-29 14:09:11,995 [INFO] BlockDiagram:2775 - set Specific Code input for plugin: USART
2026-07-29 14:09:11,995 [INFO] BlockDiagram:2775 - set Specific Code input for plugin: OCTOSPI
2026-07-29 14:09:11,995 [INFO] BlockDiagram:2775 - set Specific Code input for plugin: UART
2026-07-29 14:09:11,995 [INFO] BlockDiagram:2775 - set Specific Code input for plugin: GPIO
2026-07-29 14:09:11,996 [INFO] CodeGenerator:892 - code generatio: config db path: C:\ST\STM32CubeIDE_1.19.0\STM32CubeIDE\plugins\com.st.stm32cube.common.mx_6.15.0.202507011659\\db\
2026-07-29 14:09:12,062 [WARN] IP:2250 - MaxTran not found: check if there is a RefParameter without a condition.
2026-07-29 14:09:12,062 [WARN] IP:2250 - Refresh not found: check if there is a RefParameter without a condition.
2026-07-29 14:09:12,245 [INFO] CodeEngine:265 - oldGeneratedFile, D:\Anusha_TinyML_FDP\TinyML_Workshop_Nitte-\STM32\MPU6050_DataAcqusition\MXTmpFiles\license.tmp_save
2026-07-29 14:09:12,640 [INFO] CodeEngine:289 - Generated code: D:\Anusha_TinyML_FDP\TinyML_Workshop_Nitte-\STM32\MPU6050_DataAcqusition\MXTmpFiles\license.tmp
2026-07-29 14:09:12,948 [INFO] CodeEngine:265 - oldGeneratedFile, D:\Anusha_TinyML_FDP\TinyML_Workshop_Nitte-\STM32\MPU6050_DataAcqusition\MXTmpFiles\gpio.tmp_save
2026-07-29 14:09:13,150 [INFO] CodeEngine:289 - Generated code: D:\Anusha_TinyML_FDP\TinyML_Workshop_Nitte-\STM32\MPU6050_DataAcqusition\MXTmpFiles\gpio.tmp
2026-07-29 14:09:16,569 [WARN] IPConfigManager:103 - WARNING: Missing Config File for USB ip!!
2026-07-29 14:09:16,771 [WARN] IPConfigManager:3238 - Warning: the RefConfig PWREx_EnableUSBVoltageDetector is not available in your config.xml file
2026-07-29 14:09:16,802 [INFO] CodeEngine:265 - oldGeneratedFile, D:\Anusha_TinyML_FDP\TinyML_Workshop_Nitte-\STM32\MPU6050_DataAcqusition\Core\Src\stm32l4xx_it.c_save
2026-07-29 14:09:17,071 [INFO] CodeEngine:289 - Generated code: D:\Anusha_TinyML_FDP\TinyML_Workshop_Nitte-\STM32\MPU6050_DataAcqusition\Core\Src\stm32l4xx_it.c
2026-07-29 14:09:17,077 [INFO] CodeEngine:265 - oldGeneratedFile, D:\Anusha_TinyML_FDP\TinyML_Workshop_Nitte-\STM32\MPU6050_DataAcqusition\Core\Inc\stm32l4xx_it.h_save
2026-07-29 14:09:17,172 [INFO] CodeEngine:289 - Generated code: D:\Anusha_TinyML_FDP\TinyML_Workshop_Nitte-\STM32\MPU6050_DataAcqusition\Core\Inc\stm32l4xx_it.h
2026-07-29 14:09:17,189 [INFO] CodeEngine:265 - oldGeneratedFile, D:\Anusha_TinyML_FDP\TinyML_Workshop_Nitte-\STM32\MPU6050_DataAcqusition\Core\Src\stm32l4xx_hal_msp.c_save
2026-07-29 14:09:17,407 [INFO] CodeEngine:289 - Generated code: D:\Anusha_TinyML_FDP\TinyML_Workshop_Nitte-\STM32\MPU6050_DataAcqusition\Core\Src\stm32l4xx_hal_msp.c
2026-07-29 14:09:17,412 [INFO] CodeEngine:265 - oldGeneratedFile, D:\Anusha_TinyML_FDP\TinyML_Workshop_Nitte-\STM32\MPU6050_DataAcqusition\MXTmpFiles\system.tmp_save
2026-07-29 14:09:17,512 [INFO] CodeEngine:289 - Generated code: D:\Anusha_TinyML_FDP\TinyML_Workshop_Nitte-\STM32\MPU6050_DataAcqusition\MXTmpFiles\system.tmp
2026-07-29 14:09:17,527 [INFO] CodeEngine:321 - oldGeneratedFile, D:\Anusha_TinyML_FDP\TinyML_Workshop_Nitte-\STM32\MPU6050_DataAcqusition\Core\Inc\stm32l4xx_hal_conf.h_save
2026-07-29 14:09:17,618 [INFO] CodeEngine:345 - Generated code: D:\Anusha_TinyML_FDP\TinyML_Workshop_Nitte-\STM32\MPU6050_DataAcqusition\Core\Inc\stm32l4xx_hal_conf.h
2026-07-29 14:09:17,658 [INFO] ApiDbMcu:532 - Load IP Config File for ADC1
2026-07-29 14:09:17,674 [INFO] ApiDbMcu:532 - Load IP Config File for DFSDM1
2026-07-29 14:09:17,679 [INFO] ApiDbMcu:532 - Load IP Config File for I2C1
2026-07-29 14:09:17,683 [INFO] ApiDbMcu:532 - Load IP Config File for I2C2
2026-07-29 14:09:17,688 [INFO] ApiDbMcu:532 - Load IP Config File for OCTOSPI1
2026-07-29 14:09:17,692 [INFO] ApiDbMcu:532 - Load IP Config File for SPI1
2026-07-29 14:09:17,696 [INFO] ApiDbMcu:532 - Load IP Config File for SPI3
2026-07-29 14:09:17,711 [INFO] ApiDbMcu:532 - Load IP Config File for UART4
2026-07-29 14:09:17,724 [INFO] ApiDbMcu:532 - Load IP Config File for USART1
2026-07-29 14:09:17,738 [INFO] ApiDbMcu:532 - Load IP Config File for USART2
2026-07-29 14:09:17,764 [INFO] ApiDbMcu:532 - Load IP Config File for USART3
2026-07-29 14:09:17,764 [ERROR] ApiDbMcu:560 - Cannot parse USB_OTG_FS_Config file : file do not exist
2026-07-29 14:09:17,765 [ERROR] ApiDbMcu:560 - Cannot parse USB_OTG_FS_Config file : file do not exist
2026-07-29 14:09:17,769 [INFO] ApiDbMcu:532 - Load IP Config File for RCC
2026-07-29 14:09:17,772 [WARN] IPConfigManager:3811 - IP not found : USB_OTG
2026-07-29 14:09:17,774 [WARN] CodeGenerator:4259 - IP not found : null
2026-07-29 14:09:17,782 [INFO] CodeEngine:265 - oldGeneratedFile, D:\Anusha_TinyML_FDP\TinyML_Workshop_Nitte-\STM32\MPU6050_DataAcqusition\Core\Inc\main.h_save
2026-07-29 14:09:17,909 [INFO] CodeEngine:289 - Generated code: D:\Anusha_TinyML_FDP\TinyML_Workshop_Nitte-\STM32\MPU6050_DataAcqusition\Core\Inc\main.h
2026-07-29 14:09:17,913 [INFO] CodeEngine:265 - oldGeneratedFile, D:\Anusha_TinyML_FDP\TinyML_Workshop_Nitte-\STM32\MPU6050_DataAcqusition\Core\Src\main.c_save
2026-07-29 14:09:18,061 [INFO] CodeEngine:289 - Generated code: D:\Anusha_TinyML_FDP\TinyML_Workshop_Nitte-\STM32\MPU6050_DataAcqusition\Core\Src\main.c
2026-07-29 14:09:18,382 [INFO] ProjectBuilder:3606 - Time for Copy HAL[1] : 150mS.
2026-07-29 14:09:18,386 [INFO] ProjectBuilder:5216 - Project Generator version: 4.7.0-B52
2026-07-29 14:09:18,478 [INFO] ConfigFileManager:1595 - The Die is : DIE470
2026-07-29 14:09:18,482 [INFO] ApiDbMcu:532 - Load IP Config File for FATFS
2026-07-29 14:09:18,490 [INFO] ApiDbMcu:532 - Load IP Config File for FREERTOS
2026-07-29 14:09:18,503 [INFO] ApiDbMcu:532 - Load IP Config File for TOUCHSENSING
2026-07-29 14:09:18,508 [INFO] ApiDbMcu:532 - Load IP Config File for USB_DEVICE
2026-07-29 14:09:18,512 [INFO] ApiDbMcu:532 - Load IP Config File for USB_HOST
2026-07-29 14:09:20,711 [INFO] ProjectBuilder:5496 - Time for Generating toolchain IDE Files: 2325mS.
2026-07-29 14:09:20,712 [INFO] ProjectBuilder:3463 - Time for Copy CMSIS : 1mS.
2026-07-29 14:09:20,713 [INFO] ProjectBuilder:3463 - Time for Copy CMSIS : 0mS.
2026-07-29 14:09:21,430 [INFO] McuFinderGlobals:76 - Set McuFinderConnectedMode to true
2026-07-29 14:09:21,435 [INFO] ApiDb:448 - Save user favorites file C:\Users\ADMIN/.stm32cubeide/favorites.mcus.txt: 0 item(s)
2026-07-29 14:09:21,435 [INFO] ApiDb:452 - User favorites MCUs=[]
2026-07-29 14:09:21,438 [INFO] ApiDb:448 - Save user favorites file C:\Users\ADMIN/.stm32cubeide/favorites.boards.txt: 0 item(s)
2026-07-29 14:09:21,438 [INFO] ApiDb:452 - User favorites Boards=[]
2026-07-29 14:10:25,892 [INFO] I2cTimingTraitement:330 - 0x30A175AB
2026-07-29 14:10:32,533 [INFO] UtilMem:75 - End SaveConfig() Used Memory: 813399752 Bytes (1073741824)
2026-07-29 14:10:33,941 [INFO] UtilMem:75 - End SaveConfig() Used Memory: 808188560 Bytes (1073741824)
2026-07-29 14:10:42,337 [INFO] UtilMem:75 - End SaveConfig() Used Memory: 935661352 Bytes (1073741824)
2026-07-29 14:10:43,094 [INFO] BlockDiagram:2775 - set Specific Code input for plugin: SYS
2026-07-29 14:10:43,094 [INFO] BlockDiagram:2775 - set Specific Code input for plugin: RCC
2026-07-29 14:10:43,094 [INFO] BlockDiagram:2775 - set Specific Code input for plugin: I2C
2026-07-29 14:10:43,094 [INFO] BlockDiagram:2775 - set Specific Code input for plugin: NVIC
2026-07-29 14:10:43,094 [INFO] BlockDiagram:2775 - set Specific Code input for plugin: USART
2026-07-29 14:10:43,095 [INFO] BlockDiagram:2775 - set Specific Code input for plugin: GPIO
2026-07-29 14:10:43,096 [INFO] CodeGenerator:892 - code generatio: config db path: C:\ST\STM32CubeIDE_1.19.0\STM32CubeIDE\plugins\com.st.stm32cube.common.mx_6.15.0.202507011659\\db\
2026-07-29 14:10:43,292 [INFO] CodeEngine:265 - oldGeneratedFile, D:\Anusha_TinyML_FDP\TinyML_Workshop_Nitte-\STM32\MPU6050_DataAcqusition\MXTmpFiles\license.tmp_save
2026-07-29 14:10:43,601 [INFO] CodeEngine:289 - Generated code: D:\Anusha_TinyML_FDP\TinyML_Workshop_Nitte-\STM32\MPU6050_DataAcqusition\MXTmpFiles\license.tmp
2026-07-29 14:10:43,627 [INFO] CodeEngine:265 - oldGeneratedFile, D:\Anusha_TinyML_FDP\TinyML_Workshop_Nitte-\STM32\MPU6050_DataAcqusition\MXTmpFiles\gpio.tmp_save
2026-07-29 14:10:43,819 [INFO] CodeEngine:289 - Generated code: D:\Anusha_TinyML_FDP\TinyML_Workshop_Nitte-\STM32\MPU6050_DataAcqusition\MXTmpFiles\gpio.tmp
2026-07-29 14:10:43,912 [INFO] CodeEngine:265 - oldGeneratedFile, D:\Anusha_TinyML_FDP\TinyML_Workshop_Nitte-\STM32\MPU6050_DataAcqusition\Core\Src\stm32l4xx_it.c_save
2026-07-29 14:10:44,081 [INFO] CodeEngine:289 - Generated code: D:\Anusha_TinyML_FDP\TinyML_Workshop_Nitte-\STM32\MPU6050_DataAcqusition\Core\Src\stm32l4xx_it.c
2026-07-29 14:10:44,087 [INFO] CodeEngine:265 - oldGeneratedFile, D:\Anusha_TinyML_FDP\TinyML_Workshop_Nitte-\STM32\MPU6050_DataAcqusition\Core\Inc\stm32l4xx_it.h_save
2026-07-29 14:10:44,227 [INFO] CodeEngine:289 - Generated code: D:\Anusha_TinyML_FDP\TinyML_Workshop_Nitte-\STM32\MPU6050_DataAcqusition\Core\Inc\stm32l4xx_it.h
2026-07-29 14:10:44,241 [INFO] CodeEngine:265 - oldGeneratedFile, D:\Anusha_TinyML_FDP\TinyML_Workshop_Nitte-\STM32\MPU6050_DataAcqusition\Core\Src\stm32l4xx_hal_msp.c_save
2026-07-29 14:10:44,470 [INFO] CodeEngine:289 - Generated code: D:\Anusha_TinyML_FDP\TinyML_Workshop_Nitte-\STM32\MPU6050_DataAcqusition\Core\Src\stm32l4xx_hal_msp.c
2026-07-29 14:10:44,475 [INFO] CodeEngine:265 - oldGeneratedFile, D:\Anusha_TinyML_FDP\TinyML_Workshop_Nitte-\STM32\MPU6050_DataAcqusition\MXTmpFiles\system.tmp_save
2026-07-29 14:10:44,591 [INFO] CodeEngine:289 - Generated code: D:\Anusha_TinyML_FDP\TinyML_Workshop_Nitte-\STM32\MPU6050_DataAcqusition\MXTmpFiles\system.tmp
2026-07-29 14:10:44,603 [INFO] CodeEngine:321 - oldGeneratedFile, D:\Anusha_TinyML_FDP\TinyML_Workshop_Nitte-\STM32\MPU6050_DataAcqusition\Core\Inc\stm32l4xx_hal_conf.h_save
2026-07-29 14:10:44,712 [INFO] CodeEngine:345 - Generated code: D:\Anusha_TinyML_FDP\TinyML_Workshop_Nitte-\STM32\MPU6050_DataAcqusition\Core\Inc\stm32l4xx_hal_conf.h
2026-07-29 14:10:44,737 [INFO] CodeEngine:265 - oldGeneratedFile, D:\Anusha_TinyML_FDP\TinyML_Workshop_Nitte-\STM32\MPU6050_DataAcqusition\Core\Inc\main.h_save
2026-07-29 14:10:44,841 [INFO] CodeEngine:289 - Generated code: D:\Anusha_TinyML_FDP\TinyML_Workshop_Nitte-\STM32\MPU6050_DataAcqusition\Core\Inc\main.h
2026-07-29 14:10:44,847 [INFO] CodeEngine:265 - oldGeneratedFile, D:\Anusha_TinyML_FDP\TinyML_Workshop_Nitte-\STM32\MPU6050_DataAcqusition\Core\Src\main.c_save
2026-07-29 14:10:45,011 [INFO] CodeEngine:289 - Generated code: D:\Anusha_TinyML_FDP\TinyML_Workshop_Nitte-\STM32\MPU6050_DataAcqusition\Core\Src\main.c
2026-07-29 14:10:45,396 [INFO] ProjectBuilder:3606 - Time for Copy HAL[1] : 167mS.
2026-07-29 14:10:45,400 [INFO] ProjectBuilder:5216 - Project Generator version: 4.7.0-B52
2026-07-29 14:10:45,522 [INFO] ConfigFileManager:1595 - The Die is : DIE470
2026-07-29 14:10:46,553 [INFO] ProjectBuilder:5496 - Time for Generating toolchain IDE Files: 1154mS.
2026-07-29 14:10:46,554 [INFO] ProjectBuilder:3463 - Time for Copy CMSIS : 1mS.
2026-07-29 14:10:46,556 [INFO] ProjectBuilder:3463 - Time for Copy CMSIS : 0mS.
2026-07-29 16:09:56,558 [ERROR] LogOutputStream:75 - [STDERR_REDIRECT] 
