2026-07-30 09:23:40,672 [INFO] Activator:176 - 


2026-07-30 09:23:40,680 [INFO] Activator:177 - !SESSION log4j initialized
2026-07-30 09:23:48,244 [INFO] LogOutputStream:77 - [STDOUT_REDIRECT] 
2026-07-30 09:23:54,236 [ERROR] ConfigurationRetriever:142 - IOException on connection: PKIX path building failed: sun.security.provider.certpath.SunCertPathBuilderException: unable to find valid certification path to requested target
2026-07-30 09:23:54,236 [ERROR] ConfigurationRetriever:142 - IOException on connection: PKIX path building failed: sun.security.provider.certpath.SunCertPathBuilderException: unable to find valid certification path to requested target
2026-07-30 09:23:54,252 [ERROR] ConfigurationRetriever:142 - IOException on connection: PKIX path building failed: sun.security.provider.certpath.SunCertPathBuilderException: unable to find valid certification path to requested target
2026-07-30 09:23:55,322 [INFO] ApplicationProperties:184 - Using Application install path: C:\ST\STM32CubeIDE_1.19.0\STM32CubeIDE\plugins\com.st.stm32cube.common.mx_6.15.0.202507011659
2026-07-30 09:23:55,350 [INFO] DbMcusXml:78 - Set database path to: C:\ST\STM32CubeIDE_1.19.0\STM32CubeIDE\plugins\com.st.stm32cube.common.mx_6.15.0.202507011659\\db\/mcu/
2026-07-30 09:23:55,351 [INFO] ApiDb:274 - Set plugin database path to: C:\ST\STM32CubeIDE_1.19.0\STM32CubeIDE\plugins\com.st.stm32cube.common.mx_6.15.0.202507011659\\db\/plugins/boardmanager/
2026-07-30 09:23:55,351 [WARN] ApiDb:259 - Overriding images path with different value:  => C:\ST\STM32CubeIDE_1.19.0\STM32CubeIDE\plugins\com.st.stm32cube.common.mx_6.15.0.202507011659\\db\/plugins/mcufinder/images/
2026-07-30 09:23:55,359 [INFO] ApiDb:250 - Set database path to: C:\Users\ADMIN\.stmcufinder\plugins\mcufinder//mcu/
2026-07-30 09:23:55,361 [INFO] DbMcusAds:125 - Set database path to: C:\Users\ADMIN\.stmcufinder\plugins\mcufinder//mcu/
2026-07-30 09:23:55,364 [INFO] CrossReferenceDbSqlite:203 - Set database path to: C:\Users\ADMIN\.stmcufinder\plugins\mcufinder//mcu/cs/
2026-07-30 09:23:55,531 [INFO] RulesReader:64 - Compatibility file has been processed (317 Rules)
2026-07-30 09:23:55,652 [INFO] DbMcusXml:78 - Set database path to: C:\ST\STM32CubeIDE_1.19.0\STM32CubeIDE\plugins\com.st.stm32cube.common.mx_6.15.0.202507011659\\db\/mcu/
2026-07-30 09:23:55,653 [INFO] ApiDb:274 - Set plugin database path to: C:\ST\STM32CubeIDE_1.19.0\STM32CubeIDE\plugins\com.st.stm32cube.common.mx_6.15.0.202507011659\\db\/plugins/boardmanager/
2026-07-30 09:23:55,653 [INFO] ApiDb:261 - Set plugin images path to: C:\ST\STM32CubeIDE_1.19.0\STM32CubeIDE\plugins\com.st.stm32cube.common.mx_6.15.0.202507011659\\db\/plugins/mcufinder/images/
2026-07-30 09:23:55,653 [WARN] DbFile:41 - Overriding database path with different value: C:\Users\ADMIN\.stmcufinder\plugins\mcufinder/ => C:\Users\ADMIN\.stmcufinder\plugins\mcufinder
2026-07-30 09:23:55,653 [INFO] ApiDb:250 - Set database path to: C:\Users\ADMIN\.stmcufinder\plugins\mcufinder//mcu/
2026-07-30 09:23:55,653 [WARN] DbFile:41 - Overriding database path with different value: C:\Users\ADMIN\.stmcufinder\plugins\mcufinder/ => C:\Users\ADMIN\.stmcufinder\plugins\mcufinder
2026-07-30 09:23:55,654 [INFO] DbMcusAds:125 - Set database path to: C:\Users\ADMIN\.stmcufinder\plugins\mcufinder//mcu/
2026-07-30 09:23:55,654 [WARN] DbFile:41 - Overriding database path with different value: C:\Users\ADMIN\.stmcufinder\plugins\mcufinder/ => C:\Users\ADMIN\.stmcufinder\plugins\mcufinder
2026-07-30 09:23:55,654 [WARN] DbFile:41 - Overriding database path with different value: C:\Users\ADMIN\.stmcufinder\plugins\mcufinder/ => C:\Users\ADMIN\.stmcufinder\plugins\mcufinder
2026-07-30 09:23:55,654 [INFO] CrossReferenceDbSqlite:203 - Set database path to: C:\Users\ADMIN\.stmcufinder\plugins\mcufinder//mcu/cs/
2026-07-30 09:23:55,747 [INFO] MainPanel:274 - HeapMemory: 268435456
2026-07-30 09:23:55,891 [INFO] DbMcusXml:78 - Set database path to: C:\ST\STM32CubeIDE_1.19.0\STM32CubeIDE\plugins\com.st.stm32cube.common.mx_6.15.0.202507011659\\db\/mcu/
2026-07-30 09:23:55,891 [INFO] ApiDb:274 - Set plugin database path to: C:\ST\STM32CubeIDE_1.19.0\STM32CubeIDE\plugins\com.st.stm32cube.common.mx_6.15.0.202507011659\\db\/plugins/boardmanager/
2026-07-30 09:23:55,891 [INFO] ApiDb:261 - Set plugin images path to: C:\ST\STM32CubeIDE_1.19.0\STM32CubeIDE\plugins\com.st.stm32cube.common.mx_6.15.0.202507011659\\db\/plugins/mcufinder/images/
2026-07-30 09:23:55,892 [WARN] DbFile:41 - Overriding database path with different value: C:\Users\ADMIN\.stmcufinder\plugins\mcufinder/ => C:\Users\ADMIN\.stmcufinder\plugins\mcufinder
2026-07-30 09:23:55,892 [INFO] ApiDb:250 - Set database path to: C:\Users\ADMIN\.stmcufinder\plugins\mcufinder//mcu/
2026-07-30 09:23:55,892 [WARN] DbFile:41 - Overriding database path with different value: C:\Users\ADMIN\.stmcufinder\plugins\mcufinder/ => C:\Users\ADMIN\.stmcufinder\plugins\mcufinder
2026-07-30 09:23:55,892 [INFO] DbMcusAds:125 - Set database path to: C:\Users\ADMIN\.stmcufinder\plugins\mcufinder//mcu/
2026-07-30 09:23:55,892 [WARN] DbFile:41 - Overriding database path with different value: C:\Users\ADMIN\.stmcufinder\plugins\mcufinder/ => C:\Users\ADMIN\.stmcufinder\plugins\mcufinder
2026-07-30 09:23:55,892 [WARN] DbFile:41 - Overriding database path with different value: C:\Users\ADMIN\.stmcufinder\plugins\mcufinder/ => C:\Users\ADMIN\.stmcufinder\plugins\mcufinder
2026-07-30 09:23:55,892 [INFO] CrossReferenceDbSqlite:203 - Set database path to: C:\Users\ADMIN\.stmcufinder\plugins\mcufinder//mcu/cs/
2026-07-30 09:23:55,916 [INFO] ApplicationProperties:184 - Using Application install path: C:\ST\STM32CubeIDE_1.19.0\STM32CubeIDE\plugins\com.st.stm32cube.common.mx_6.15.0.202507011659
2026-07-30 09:23:55,918 [INFO] PluginManage:196 - Search for loadable plugins [exclusion list=, ]
2026-07-30 09:23:55,920 [INFO] PluginManage:310 - Check plugin analytics
2026-07-30 09:24:01,196 [INFO] AnalyticsPlugin:253 - Accepted Software Licenses: 
2026-07-30 09:24:01,196 [INFO] AnalyticsPlugin:255 - Accepted CMSIS Pack Licenses: 
2026-07-30 09:24:01,196 [INFO] AnalyticsPlugin:257 - Accepted Firmware Licenses: FW.L4.1.18.0
2026-07-30 09:24:01,203 [INFO] PluginManage:359 - Loaded plugin analytics (category:tool,tabindex:-1)
2026-07-30 09:24:01,204 [INFO] PluginManage:310 - Check plugin cadmodel
2026-07-30 09:24:01,206 [ERROR] ConfigurationRetriever:142 - IOException on connection: PKIX path building failed: sun.security.provider.certpath.SunCertPathBuilderException: unable to find valid certification path to requested target
2026-07-30 09:24:01,211 [ERROR] ConfigurationRetriever:142 - IOException on connection: PKIX path building failed: sun.security.provider.certpath.SunCertPathBuilderException: unable to find valid certification path to requested target
2026-07-30 09:24:01,217 [ERROR] ConfigurationRetriever:142 - IOException on connection: PKIX path building failed: sun.security.provider.certpath.SunCertPathBuilderException: unable to find valid certification path to requested target
2026-07-30 09:24:01,226 [INFO] CADModel:105 - Init CAD model plugin
2026-07-30 09:24:01,227 [INFO] PluginManage:359 - Loaded plugin cadmodel (category:power,tabindex:5)
2026-07-30 09:24:01,227 [INFO] PluginManage:310 - Check plugin clock
2026-07-30 09:24:01,242 [INFO] PluginManage:359 - Loaded plugin clock (category:base,tabindex:2)
2026-07-30 09:24:01,243 [INFO] PluginManage:310 - Check plugin ddr
2026-07-30 09:24:01,247 [INFO] PluginManage:359 - Loaded plugin ddr (category:tool,tabindex:6)
2026-07-30 09:24:01,247 [INFO] PluginManage:310 - Check plugin filemanager
2026-07-30 09:24:01,478 [INFO] PluginManage:359 - Loaded plugin filemanager (category:base,tabindex:10)
2026-07-30 09:24:01,478 [INFO] PluginManage:310 - Check plugin ipmanager
2026-07-30 09:24:01,487 [INFO] PluginManage:359 - Loaded plugin ipmanager (category:base,tabindex:5)
2026-07-30 09:24:01,487 [INFO] PluginManage:310 - Check plugin lpbam
2026-07-30 09:24:01,499 [INFO] PluginManage:359 - Loaded plugin lpbam (category:base,tabindex:0)
2026-07-30 09:24:01,499 [INFO] PluginManage:310 - Check plugin memorymap
2026-07-30 09:24:01,521 [INFO] PluginManage:359 - Loaded plugin memorymap (category:base,tabindex:4)
2026-07-30 09:24:01,522 [INFO] PluginManage:310 - Check plugin pinoutandconfiguration
2026-07-30 09:24:01,535 [INFO] PluginManage:359 - Loaded plugin pinoutandconfiguration (category:base,tabindex:1)
2026-07-30 09:24:01,535 [INFO] PluginManage:310 - Check plugin pinoutconfig
2026-07-30 09:24:01,662 [WARN] SupportedApi:132 - Cannot load RTOS API schema: s4s-elt-must-match.1: The content of 'definitions' must match (annotation?, (simpleType | complexType)?, (unique | key | keyref)*)). A problem was found starting at: attribute.
2026-07-30 09:24:01,861 [INFO] PluginManage:359 - Loaded plugin pinoutconfig (category:base,tabindex:0)
2026-07-30 09:24:01,861 [INFO] PluginManage:310 - Check plugin power
2026-07-30 09:24:01,874 [INFO] PluginManage:359 - Loaded plugin power (category:power,tabindex:4)
2026-07-30 09:24:01,875 [INFO] PluginManage:310 - Check plugin projectmanager
2026-07-30 09:24:01,896 [INFO] PluginManage:359 - Loaded plugin projectmanager (category:projectmanager,tabindex:4)
2026-07-30 09:24:01,897 [INFO] PluginManage:310 - Check plugin rif
2026-07-30 09:24:01,909 [INFO] PluginManage:359 - Loaded plugin rif (category:base,tabindex:3)
2026-07-30 09:24:01,910 [INFO] PluginManage:310 - Check plugin thirdparty
2026-07-30 09:24:02,122 [INFO] PluginManage:359 - Loaded plugin thirdparty (category:base,tabindex:-1)
2026-07-30 09:24:02,122 [WARN] IntegrityCheckThread:84 - waiting for thirdparty lock release [integrity check]
2026-07-30 09:24:02,123 [INFO] PluginManage:310 - Check plugin tools
2026-07-30 09:24:02,123 [INFO] IntegrityCheckThread:86 - entering critical section [integrity check]
2026-07-30 09:24:02,123 [INFO] ThirdPartyUpdaterWithRetryManager:70 - Updater plugin not ready yet. [1/15]
2026-07-30 09:24:02,129 [INFO] PluginManage:359 - Loaded plugin tools (category:base,tabindex:7)
2026-07-30 09:24:02,129 [INFO] PluginManage:310 - Check plugin tutovideos
2026-07-30 09:24:02,472 [INFO] PluginManage:359 - Loaded plugin tutovideos (category:base,tabindex:-1)
2026-07-30 09:24:02,472 [INFO] PluginManage:310 - Check plugin updater
2026-07-30 09:24:02,505 [INFO] PluginManage:359 - Loaded plugin updater (category:base,tabindex:12)
2026-07-30 09:24:02,506 [INFO] PluginManage:310 - Check plugin userauth
2026-07-30 09:24:02,511 [INFO] UserAuth:118 - Init User Auth plugin
2026-07-30 09:24:02,512 [INFO] PluginManage:359 - Loaded plugin userauth (category:base,tabindex:14)
2026-07-30 09:24:02,513 [INFO] PluginManage:283 - PluginManage : Loaded plugins [18]
2026-07-30 09:24:02,799 [INFO] PinOutPanel:1589 - setPackage(No Configuration,No Configuration)
2026-07-30 09:24:02,904 [INFO] CADModel:165 - CPN selected for project level
2026-07-30 09:24:02,904 [INFO] CADModel:114 - Register for checkConnection events
2026-07-30 09:24:02,927 [INFO] IPUIPlugin:80 - create IPUIPlugin
2026-07-30 09:24:02,927 [INFO] PluginManager:220 - loadIPPluginJar : add adc
2026-07-30 09:24:02,931 [INFO] IPUIPlugin:80 - create IPUIPlugin
2026-07-30 09:24:02,931 [INFO] PluginManager:220 - loadIPPluginJar : add aes
2026-07-30 09:24:02,934 [INFO] IPUIPlugin:80 - create IPUIPlugin
2026-07-30 09:24:02,935 [INFO] PluginManager:220 - loadIPPluginJar : add can
2026-07-30 09:24:02,937 [INFO] IPUIPlugin:80 - create IPUIPlugin
2026-07-30 09:24:02,937 [INFO] PluginManager:220 - loadIPPluginJar : add comp
2026-07-30 09:24:02,939 [INFO] IPUIPlugin:80 - create IPUIPlugin
2026-07-30 09:24:02,940 [INFO] PluginManager:220 - loadIPPluginJar : add cryp
2026-07-30 09:24:02,944 [INFO] IPUIPlugin:80 - create IPUIPlugin
2026-07-30 09:24:02,944 [INFO] PluginManager:220 - loadIPPluginJar : add ddr_ctrl_phy
2026-07-30 09:24:02,947 [INFO] IPUIPlugin:80 - create IPUIPlugin
2026-07-30 09:24:02,947 [INFO] PluginManager:220 - loadIPPluginJar : add dfsdm
2026-07-30 09:24:02,954 [INFO] IPUIPlugin:80 - create IPUIPlugin
2026-07-30 09:24:02,955 [INFO] PluginManager:220 - loadIPPluginJar : add dma
2026-07-30 09:24:02,958 [INFO] IPUIPlugin:80 - create IPUIPlugin
2026-07-30 09:24:02,958 [INFO] PluginManager:220 - loadIPPluginJar : add dma3
2026-07-30 09:24:02,961 [INFO] IPUIPlugin:80 - create IPUIPlugin
2026-07-30 09:24:02,961 [INFO] PluginManager:220 - loadIPPluginJar : add extmemmanager
2026-07-30 09:24:02,964 [INFO] IPUIPlugin:80 - create IPUIPlugin
2026-07-30 09:24:02,964 [INFO] PluginManager:220 - loadIPPluginJar : add fatfs
2026-07-30 09:24:02,970 [INFO] IPUIPlugin:80 - create IPUIPlugin
2026-07-30 09:24:02,970 [INFO] PluginManager:220 - loadIPPluginJar : add fmc
2026-07-30 09:24:02,978 [INFO] IPUIPlugin:80 - create IPUIPlugin
2026-07-30 09:24:02,978 [INFO] PluginManager:220 - loadIPPluginJar : add freertos
2026-07-30 09:24:02,980 [INFO] IPUIPlugin:80 - create IPUIPlugin
2026-07-30 09:24:02,980 [INFO] PluginManager:220 - loadIPPluginJar : add genericplugin
2026-07-30 09:24:02,983 [INFO] IPUIPlugin:80 - create IPUIPlugin
2026-07-30 09:24:02,983 [INFO] PluginManager:220 - loadIPPluginJar : add gfxmmu
2026-07-30 09:24:02,988 [INFO] IPUIPlugin:80 - create IPUIPlugin
2026-07-30 09:24:02,989 [INFO] PluginManager:220 - loadIPPluginJar : add gic
2026-07-30 09:24:02,994 [INFO] IPUIPlugin:80 - create IPUIPlugin
2026-07-30 09:24:02,994 [INFO] PluginManager:220 - loadIPPluginJar : add gpio
2026-07-30 09:24:02,997 [INFO] IPUIPlugin:80 - create IPUIPlugin
2026-07-30 09:24:02,997 [INFO] PluginManager:220 - loadIPPluginJar : add gtzc
2026-07-30 09:24:03,001 [INFO] IPUIPlugin:80 - create IPUIPlugin
2026-07-30 09:24:03,001 [INFO] PluginManager:220 - loadIPPluginJar : add hash
2026-07-30 09:24:03,005 [INFO] IPUIPlugin:80 - create IPUIPlugin
2026-07-30 09:24:03,005 [INFO] PluginManager:220 - loadIPPluginJar : add i2c
2026-07-30 09:24:03,008 [INFO] IPUIPlugin:80 - create IPUIPlugin
2026-07-30 09:24:03,008 [INFO] PluginManager:220 - loadIPPluginJar : add i2s
2026-07-30 09:24:03,013 [INFO] IPUIPlugin:80 - create IPUIPlugin
2026-07-30 09:24:03,013 [INFO] PluginManager:220 - loadIPPluginJar : add i3c
2026-07-30 09:24:03,017 [INFO] IPUIPlugin:80 - create IPUIPlugin
2026-07-30 09:24:03,018 [INFO] PluginManager:220 - loadIPPluginJar : add ipddr
2026-07-30 09:24:03,027 [INFO] IPUIPlugin:80 - create IPUIPlugin
2026-07-30 09:24:03,027 [INFO] PluginManager:220 - loadIPPluginJar : add linkedlist
2026-07-30 09:24:03,030 [INFO] IPUIPlugin:80 - create IPUIPlugin
2026-07-30 09:24:03,030 [INFO] PluginManager:220 - loadIPPluginJar : add lorawan
2026-07-30 09:24:03,032 [INFO] IPUIPlugin:80 - create IPUIPlugin
2026-07-30 09:24:03,032 [INFO] PluginManager:220 - loadIPPluginJar : add ltdc
2026-07-30 09:24:03,039 [INFO] IPUIPlugin:80 - create IPUIPlugin
2026-07-30 09:24:03,039 [INFO] PluginManager:220 - loadIPPluginJar : add mdma
2026-07-30 09:24:03,043 [INFO] IPUIPlugin:80 - create IPUIPlugin
2026-07-30 09:24:03,043 [INFO] PluginManager:220 - loadIPPluginJar : add nvic
2026-07-30 09:24:03,046 [INFO] IPUIPlugin:80 - create IPUIPlugin
2026-07-30 09:24:03,047 [INFO] PluginManager:220 - loadIPPluginJar : add opamp
2026-07-30 09:24:03,050 [INFO] IPUIPlugin:80 - create IPUIPlugin
2026-07-30 09:24:03,050 [INFO] PluginManager:220 - loadIPPluginJar : add openamp
2026-07-30 09:24:03,054 [INFO] IPUIPlugin:80 - create IPUIPlugin
2026-07-30 09:24:03,054 [INFO] PluginManager:220 - loadIPPluginJar : add pdm2pcm
2026-07-30 09:24:03,061 [INFO] IPUIPlugin:80 - create IPUIPlugin
2026-07-30 09:24:03,064 [INFO] PluginManager:220 - loadIPPluginJar : add plateformsettings
2026-07-30 09:24:03,066 [INFO] IPUIPlugin:80 - create IPUIPlugin
2026-07-30 09:24:03,067 [INFO] PluginManager:220 - loadIPPluginJar : add quadspi
2026-07-30 09:24:03,069 [INFO] IPUIPlugin:80 - create IPUIPlugin
2026-07-30 09:24:03,069 [INFO] PluginManager:220 - loadIPPluginJar : add radio
2026-07-30 09:24:03,074 [INFO] IPUIPlugin:80 - create IPUIPlugin
2026-07-30 09:24:03,074 [INFO] PluginManager:220 - loadIPPluginJar : add resmgrutility
2026-07-30 09:24:03,078 [INFO] IPUIPlugin:80 - create IPUIPlugin
2026-07-30 09:24:03,078 [INFO] PluginManager:220 - loadIPPluginJar : add sai
2026-07-30 09:24:03,081 [INFO] IPUIPlugin:80 - create IPUIPlugin
2026-07-30 09:24:03,081 [INFO] PluginManager:220 - loadIPPluginJar : add spi
2026-07-30 09:24:03,089 [INFO] IPUIPlugin:80 - create IPUIPlugin
2026-07-30 09:24:03,089 [INFO] PluginManager:220 - loadIPPluginJar : add stm32_wpan
2026-07-30 09:24:03,091 [INFO] IPUIPlugin:80 - create IPUIPlugin
2026-07-30 09:24:03,091 [INFO] PluginManager:220 - loadIPPluginJar : add tim
2026-07-30 09:24:03,096 [INFO] IPUIPlugin:80 - create IPUIPlugin
2026-07-30 09:24:03,096 [INFO] PluginManager:220 - loadIPPluginJar : add touchsensing
2026-07-30 09:24:03,099 [INFO] IPUIPlugin:80 - create IPUIPlugin
2026-07-30 09:24:03,099 [INFO] PluginManager:220 - loadIPPluginJar : add tracer_emb
2026-07-30 09:24:03,101 [INFO] IPUIPlugin:80 - create IPUIPlugin
2026-07-30 09:24:03,101 [INFO] PluginManager:220 - loadIPPluginJar : add ts
2026-07-30 09:24:03,105 [INFO] IPUIPlugin:80 - create IPUIPlugin
2026-07-30 09:24:03,105 [INFO] PluginManager:220 - loadIPPluginJar : add tsc
2026-07-30 09:24:03,108 [INFO] IPUIPlugin:80 - create IPUIPlugin
2026-07-30 09:24:03,108 [INFO] PluginManager:220 - loadIPPluginJar : add ucpd
2026-07-30 09:24:03,112 [INFO] IPUIPlugin:80 - create IPUIPlugin
2026-07-30 09:24:03,112 [INFO] PluginManager:220 - loadIPPluginJar : add usart
2026-07-30 09:24:03,117 [INFO] IPUIPlugin:80 - create IPUIPlugin
2026-07-30 09:24:03,117 [INFO] PluginManager:220 - loadIPPluginJar : add usbx
2026-07-30 09:24:03,263 [FATAL] Updater:351 - Updater called before beeing initialized
2026-07-30 09:24:03,314 [INFO] RulesReader:64 - Compatibility file has been processed (317 Rules)
2026-07-30 09:24:03,335 [INFO] RulesReader:64 - Compatibility file has been processed (317 Rules)
2026-07-30 09:24:03,353 [INFO] CADModel:165 - CPN selected for project level
2026-07-30 09:24:03,353 [INFO] CADModel:114 - Register for checkConnection events
2026-07-30 09:24:03,354 [FATAL] Updater:351 - Updater called before beeing initialized
2026-07-30 09:24:03,354 [ERROR] CADModel:125 - Updater not yet initialized, retry later 
2026-07-30 09:24:03,566 [FATAL] Updater:351 - Updater called before beeing initialized
2026-07-30 09:24:03,568 [INFO] CADModel:165 - CPN selected for project level
2026-07-30 09:24:03,569 [INFO] CADModel:114 - Register for checkConnection events
2026-07-30 09:24:03,569 [FATAL] Updater:351 - Updater called before beeing initialized
2026-07-30 09:24:03,569 [ERROR] CADModel:125 - Updater not yet initialized, retry later 
2026-07-30 09:24:03,573 [FATAL] Updater:351 - Updater called before beeing initialized
2026-07-30 09:24:03,803 [FATAL] Updater:351 - Updater called before beeing initialized
2026-07-30 09:24:03,827 [INFO] DbMcusAds:53 - JSON generation date=Wed Jul 15 15:16:00 IST 2026 (1784108760991)
2026-07-30 09:24:03,827 [FATAL] Updater:351 - Updater called before beeing initialized
2026-07-30 09:24:03,906 [WARN] DetailPanel:346 - Failed to get advertising image, set to default
2026-07-30 09:24:04,062 [FATAL] Updater:351 - Updater called before beeing initialized
2026-07-30 09:24:04,064 [FATAL] Updater:351 - Updater called before beeing initialized
2026-07-30 09:24:04,065 [FATAL] Updater:351 - Updater called before beeing initialized
2026-07-30 09:24:04,065 [WARN] DetailPanel:346 - Failed to get advertising image, set to default
2026-07-30 09:24:04,066 [FATAL] Updater:351 - Updater called before beeing initialized
2026-07-30 09:24:04,136 [ERROR] Updater:1198 - MainUpdater not yet initialized. External WinMGr cannot be set.
2026-07-30 09:24:04,140 [INFO] Updater:1134 - Updater Version found : 6.15.0
2026-07-30 09:24:04,164 [INFO] ApplicationProperties:184 - Using Application install path: C:\ST\STM32CubeIDE_1.19.0\STM32CubeIDE\plugins\com.st.stm32cube.common.mx_6.15.0.202507011659
2026-07-30 09:24:05,124 [INFO] ThirdPartyUpdaterWithRetryManager:70 - Updater plugin not ready yet. [2/15]
2026-07-30 09:24:05,754 [ERROR] LogOutputStream:75 - [STDERR_REDIRECT] Jul 30, 2026 9:24:05 AM java.util.prefs.WindowsPreferences <init>
2026-07-30 09:24:05,757 [ERROR] LogOutputStream:75 - [STDERR_REDIRECT] WARNING: Could not open/create prefs root node Software\JavaSoft\Prefs at root 0xffffffff80000002. Windows RegCreateKeyEx(...) returned error code 5.
2026-07-30 09:24:05,757 [ERROR] LogOutputStream:75 - [STDERR_REDIRECT] 
2026-07-30 09:24:06,252 [INFO] MainUpdater:2872 - connection check result : 22
2026-07-30 09:24:06,253 [INFO] MainUpdater:289 - Updater Check For Update Now.
2026-07-30 09:24:06,254 [INFO] MicroXplorer:498 - Change Database Version : DB.6.0.150
2026-07-30 09:24:06,291 [INFO] McuFinderGlobals:63 - Set McuFinder mode to 2 (CubeIDE integrated)
2026-07-30 09:24:06,292 [INFO] UserAuth:487 - Internet connection configuration mode: 2
2026-07-30 09:24:06,298 [INFO] UserAuth:487 - Internet connection configuration mode: 2
2026-07-30 09:24:06,482 [INFO] CheckServerUpdateThread:120 - End of CheckServer Thread
2026-07-30 09:24:08,454 [WARN] PackLoader:240 - Cannot read IP mode file for STMicroelectronics.X-CUBE-AZRTOS-H7.3.5.0
2026-07-30 09:24:08,470 [WARN] PackLoader:240 - Cannot read IP mode file for STMicroelectronics.FP-ATR-ASTRA1.2.0.3
2026-07-30 09:24:08,480 [ERROR] Engine:466 - C:\Users\ADMIN\.stm32cubemx\thirdparties\pdsc\STMicroelectronics.X-CUBE-SMBUS.2.1.1.pdsc: PDSC version is not supported
2026-07-30 09:24:08,501 [WARN] PackLoader:240 - Cannot read IP mode file for STMicroelectronics.X-CUBE-AZRTOS-F7.1.1.0
2026-07-30 09:24:08,514 [WARN] PackLoader:240 - Cannot read IP mode file for STMicroelectronics.X-CUBE-FREERTOS.1.6.0
2026-07-30 09:24:08,521 [WARN] PackLoader:240 - Cannot read IP mode file for STMicroelectronics.FP-SNS-MOTENV1.5.1.0
2026-07-30 09:24:08,547 [WARN] PackLoader:240 - Cannot read IP mode file for STMicroelectronics.X-CUBE-AZRTOS-H7RS.1.3.0
2026-07-30 09:24:08,567 [WARN] PackLoader:240 - Cannot read IP mode file for WES.I-CUBE-Cesium.1.4.0
2026-07-30 09:24:08,577 [WARN] PackLoader:240 - Cannot read IP mode file for STMicroelectronics.X-CUBE-DISPLAY.3.0.0
2026-07-30 09:24:08,600 [WARN] PackLoader:240 - Cannot read IP mode file for STMicroelectronics.X-CUBE-GNSS1.7.1.1
2026-07-30 09:24:08,608 [WARN] PackLoader:240 - Cannot read IP mode file for STMicroelectronics.FP-SNS-MOTENVWB1.1.5.0
2026-07-30 09:24:08,616 [WARN] PackLoader:240 - Cannot read IP mode file for STMicroelectronics.X-CUBE-NFC10.1.0.0
2026-07-30 09:24:08,623 [WARN] PackLoader:240 - Cannot read IP mode file for STMicroelectronics.X-CUBE-ST60.1.1.0
2026-07-30 09:24:08,631 [WARN] PackLoader:240 - Cannot read IP mode file for emotas.I-CUBE-CANOPEN.1.3.0
2026-07-30 09:24:08,637 [WARN] PackLoader:240 - Cannot read IP mode file for wolfSSL.I-CUBE-wolfSSL.5.9.2
2026-07-30 09:24:08,641 [ERROR] Engine:466 - C:\Users\ADMIN\.stm32cubemx\thirdparties\pdsc\STMicroelectronics.X-CUBE-WBA.1.1.0.pdsc: PDSC version is not supported
2026-07-30 09:24:08,649 [WARN] PackLoader:240 - Cannot read IP mode file for STMicroelectronics.FP-SNS-STBOX1.2.1.0
2026-07-30 09:24:08,656 [WARN] PackLoader:240 - Cannot read IP mode file for STMicroelectronics.FP-SNS-SMARTAG2.1.2.0
2026-07-30 09:24:08,662 [WARN] PackLoader:240 - Cannot read IP mode file for STMicroelectronics.FP-SNS-FLIGHT1.5.1.0
2026-07-30 09:24:08,671 [INFO] LogOutputStream:77 - [STDOUT_REDIRECT] 1 : Invalid condition id : UX_CORESTACK_Condition cause : null
2026-07-30 09:24:08,673 [INFO] LogOutputStream:77 - [STDOUT_REDIRECT] 1 : Invalid condition id : UX_CORESTACK_Condition cause : null
2026-07-30 09:24:08,675 [INFO] LogOutputStream:77 - [STDOUT_REDIRECT] 1 : Invalid condition id : UX_CORESTACK_Condition cause : null
2026-07-30 09:24:08,677 [INFO] LogOutputStream:77 - [STDOUT_REDIRECT] 1 : Invalid condition id : UX_CORESTACK_Condition cause : null
2026-07-30 09:24:08,678 [INFO] LogOutputStream:77 - [STDOUT_REDIRECT] 1 : Invalid condition id : UX_CORESTACK_Condition cause : null
2026-07-30 09:24:08,681 [WARN] PackLoader:240 - Cannot read IP mode file for STMicroelectronics.X-CUBE-AZRTOS-WL.2.0.0
2026-07-30 09:24:08,689 [WARN] PackLoader:240 - Cannot read IP mode file for STMicroelectronics.X-CUBE-BLE2.3.3.0
2026-07-30 09:24:08,732 [WARN] PackLoader:240 - Cannot read IP mode file for Infineon.AIROC-Wi-Fi-Bluetooth-STM32.1.8.0
2026-07-30 09:24:08,743 [WARN] PackLoader:240 - Cannot read IP mode file for STMicroelectronics.X-CUBE-NFC9.1.0.0
2026-07-30 09:24:08,750 [WARN] PackLoader:240 - Cannot read IP mode file for STMicroelectronics.X-CUBE-BLE1.7.1.0
2026-07-30 09:24:08,755 [WARN] PackLoader:240 - Cannot read IP mode file for wolfSSL.I-CUBE-wolfMQTT.1.19.2
2026-07-30 09:24:08,762 [WARN] PackLoader:240 - Cannot read IP mode file for STMicroelectronics.X-CUBE-EEPRMA1.5.2.0
2026-07-30 09:24:08,771 [WARN] PackLoader:240 - Cannot read IP mode file for STMicroelectronics.FP-SNS-STAIOTCFT.1.1.0
2026-07-30 09:24:08,785 [WARN] PackLoader:240 - Cannot read IP mode file for STMicroelectronics.X-CUBE-AZRTOS-G0.1.1.0
2026-07-30 09:24:08,793 [WARN] PackLoader:240 - Cannot read IP mode file for STMicroelectronics.X-CUBE-NFC4.3.0.0
2026-07-30 09:24:08,803 [WARN] PackLoader:240 - Cannot read IP mode file for EmbeddedOffice.I-CUBE-FS-RTOS.1.0.1
2026-07-30 09:24:08,808 [WARN] PackLoader:240 - Cannot read IP mode file for wolfSSL.I-CUBE-wolfTPM.3.8.0
2026-07-30 09:24:08,814 [WARN] PackLoader:240 - Cannot read IP mode file for STMicroelectronics.X-CUBE-TCPP.4.2.0
2026-07-30 09:24:08,821 [WARN] PackLoader:240 - Cannot read IP mode file for RealThread.X-CUBE-RT-Thread_Nano.4.1.1
2026-07-30 09:24:08,826 [WARN] PackLoader:240 - Cannot read IP mode file for STMicroelectronics.FP-ATR-SIGFOX1.3.2.0
2026-07-30 09:24:08,833 [WARN] PackLoader:240 - Cannot read IP mode file for ITTIA_DB.I-CUBE-ITTIADB.8.9.0
2026-07-30 09:24:08,838 [WARN] PackLoader:240 - Cannot read IP mode file for Cesanta.I-CUBE-Mongoose.7.21.7
2026-07-30 09:24:08,845 [WARN] PackLoader:240 - Cannot read IP mode file for STMicroelectronics.X-CUBE-NFC6.3.2.0
2026-07-30 09:24:08,854 [WARN] PackLoader:240 - Cannot read IP mode file for STMicroelectronics.X-CUBE-AI.10.2.1
2026-07-30 09:24:08,886 [WARN] PackLoader:240 - Cannot read IP mode file for SEGGER.I-CUBE-embOS.1.3.1
2026-07-30 09:24:08,930 [WARN] PackLoader:240 - Cannot read IP mode file for STMicroelectronics.X-CUBE-NFC13.1.0.0
2026-07-30 09:24:08,937 [WARN] PackLoader:240 - Cannot read IP mode file for STMicroelectronics.X-CUBE-PM33A1.1.0.0
2026-07-30 09:24:08,953 [WARN] PackLoader:240 - Cannot read IP mode file for STMicroelectronics.X-CUBE-AZRTOS-F4.1.1.0
2026-07-30 09:24:08,961 [WARN] PackLoader:240 - Cannot read IP mode file for STMicroelectronics.X-CUBE-ISPU.2.1.0
2026-07-30 09:24:08,974 [WARN] PackLoader:240 - Cannot read IP mode file for STMicroelectronics.X-CUBE-IPS.3.2.0
2026-07-30 09:24:08,987 [WARN] PackLoader:240 - Cannot read IP mode file for STMicroelectronics.eDS-WB_DPC_TT-BIDIR.2.1.1
2026-07-30 09:24:08,994 [WARN] PackLoader:240 - Cannot read IP mode file for STMicroelectronics.X-CUBE-NFC12.1.0.0
2026-07-30 09:24:09,011 [WARN] PackLoader:240 - Cannot read IP mode file for STMicroelectronics.X-CUBE-AZRTOS-L5.2.0.0
2026-07-30 09:24:09,021 [WARN] PackLoader:240 - Cannot read IP mode file for STMicroelectronics.X-CUBE-ALGOBUILD.1.5.0
2026-07-30 09:24:09,027 [WARN] PackLoader:240 - Cannot read IP mode file for STMicroelectronics.eDS-WB_DPC_VIENNA.1.2.0
2026-07-30 09:24:09,073 [WARN] PackLoader:240 - Cannot read IP mode file for STMicroelectronics.X-CUBE-MEMS1.13.0.0
2026-07-30 09:24:09,224 [WARN] PackLoader:240 - Cannot read IP mode file for STMicroelectronics.eDS-WB_DPC_3PH2L-BIDIR.1.1.1
2026-07-30 09:24:09,228 [ERROR] Engine:466 - C:\Users\ADMIN\.stm32cubemx\thirdparties\pdsc\STMicroelectronics.X-CUBE-ST67W61.1.3.0.pdsc: PDSC version is not supported
2026-07-30 09:24:09,238 [WARN] PackLoader:240 - Cannot read IP mode file for STMicroelectronics.X-CUBE-TOUCHGFX.4.26.1
2026-07-30 09:24:09,244 [WARN] PackLoader:240 - Cannot read IP mode file for STMicroelectronics.X-CUBE-DPower.1.3.0
2026-07-30 09:24:09,258 [WARN] ConditionMgr:438 - getConditionDescription Invalid condition id : LAN8742 Phy interface Condition cause : null
2026-07-30 09:24:09,259 [WARN] PackLoader:240 - Cannot read IP mode file for STMicroelectronics.X-CUBE-AZRTOS-L4.2.0.0
2026-07-30 09:24:09,260 [WARN] ConditionMgr:1044 - genDependencies : Invalid condition id : LAN8742 Phy interface Condition cause : null
2026-07-30 09:24:09,260 [WARN] ConditionMgr:1044 - genDependencies : Invalid condition id : LAN8742 Phy interface Condition cause : null
2026-07-30 09:24:09,261 [WARN] ConditionMgr:1044 - genDependencies : Invalid condition id : LAN8742 Phy interface Condition cause : null
2026-07-30 09:24:09,269 [WARN] PackLoader:240 - Cannot read IP mode file for STMicroelectronics.X-CUBE-SFXS2LP1.4.0.0
2026-07-30 09:24:09,275 [WARN] PackLoader:240 - Cannot read IP mode file for STMicroelectronics.X-CUBE-WB05N.2.1.0
2026-07-30 09:24:09,286 [WARN] ConditionMgr:438 - getConditionDescription Invalid condition id : UX DEVICE CLASS RTOS Condition cause : null
2026-07-30 09:24:09,287 [WARN] ConditionMgr:438 - getConditionDescription Invalid condition id : UX DEVICE CLASS RTOS Condition cause : null
2026-07-30 09:24:09,289 [WARN] PackLoader:240 - Cannot read IP mode file for STMicroelectronics.X-CUBE-AZRTOS-WB.2.0.0
2026-07-30 09:24:09,289 [WARN] ConditionMgr:1044 - genDependencies : Invalid condition id : UX DEVICE CLASS RTOS Condition cause : null
2026-07-30 09:24:09,289 [WARN] ConditionMgr:1044 - genDependencies : Invalid condition id : UX DEVICE CLASS RTOS Condition cause : null
2026-07-30 09:24:09,290 [WARN] ConditionMgr:1044 - genDependencies : Invalid condition id : UX DEVICE CLASS RTOS Condition cause : null
2026-07-30 09:24:09,290 [WARN] ConditionMgr:1044 - genDependencies : Invalid condition id : UX DEVICE CLASS RTOS Condition cause : null
2026-07-30 09:24:09,290 [WARN] ConditionMgr:1044 - genDependencies : Invalid condition id : UX DEVICE CLASS RTOS Condition cause : null
2026-07-30 09:24:09,295 [WARN] ConditionMgr:438 - getConditionDescription Invalid condition id : Cortex-A Device cause : null
2026-07-30 09:24:09,304 [WARN] ConditionMgr:1044 - genDependencies : Invalid condition id : Cortex-A Device cause : null
2026-07-30 09:24:09,304 [WARN] ConditionMgr:1044 - genDependencies : Invalid condition id : Cortex-A Device cause : null
2026-07-30 09:24:09,304 [WARN] ConditionMgr:1044 - genDependencies : Invalid condition id : Cortex-A Device cause : null
2026-07-30 09:24:09,311 [WARN] PackLoader:240 - Cannot read IP mode file for STMicroelectronics.X-CUBE-STSE01.2.0.0
2026-07-30 09:24:09,322 [WARN] PackLoader:240 - Cannot read IP mode file for STMicroelectronics.X-CUBE-SUBG2.5.0.0
2026-07-30 09:24:09,341 [WARN] PackLoader:240 - Cannot read IP mode file for STMicroelectronics.X-CUBE-AZRTOS-G4.2.0.0
2026-07-30 09:24:09,348 [WARN] PackLoader:240 - Cannot read IP mode file for wolfSSL.I-CUBE-wolfSSH.1.4.20
2026-07-30 09:24:09,353 [WARN] PackLoader:240 - Cannot read IP mode file for STMicroelectronics.X-CUBE-NFC7.2.0.0
2026-07-30 09:24:09,358 [ERROR] Engine:466 - C:\Users\ADMIN\.stm32cubemx\thirdparties\pdsc\STMicroelectronics.X-CUBE-BLEMGR.4.2.0.pdsc: PDSC version is not supported
2026-07-30 09:24:09,362 [WARN] PackLoader:240 - Cannot read IP mode file for STMicroelectronics.X-CUBE-ALS.1.0.2
2026-07-30 09:24:09,376 [WARN] PackLoader:240 - Cannot read IP mode file for STMicroelectronics.X-CUBE-TOF1.3.4.3
2026-07-30 09:24:09,388 [INFO] ThirdParty:978 - Integrity check success = true
2026-07-30 09:24:09,389 [INFO] IntegrityCheckThread:100 - exiting critical section [integrity check]
2026-07-30 09:24:09,389 [INFO] IntegrityCheckThread:103 - End integrity checks thread
2026-07-30 09:34:00,540 [INFO] McuFinderGlobals:63 - Set McuFinder mode to 2 (CubeIDE integrated)
2026-07-30 09:34:00,769 [INFO] MainUpdater:2872 - connection check result : 10
2026-07-30 09:34:00,775 [INFO] McuFinderGlobals:76 - Set McuFinderConnectedMode to true
2026-07-30 09:34:01,239 [INFO] ServerAccessManage:452 - Complete download http(s) 200
2026-07-30 09:34:01,241 [INFO] ServerAccessManage:509 - Download File mcusAds.json._tmp_
2026-07-30 09:34:01,369 [INFO] LoadUrlFilesThread:156 - End of LoadUrlFiles Thread
2026-07-30 09:34:01,624 [INFO] ServerAccessManage:452 - Complete download http(s) 200
2026-07-30 09:34:01,625 [INFO] ServerAccessManage:509 - Download File cube-finder-db.zip
2026-07-30 09:34:51,562 [INFO] FileExtend:248 - Unzip File : cube-finder-db.zip
2026-07-30 09:34:51,563 [INFO] FileExtend:263 - Standard Zip Deflate
2026-07-30 09:34:52,703 [INFO] LoadUrlFilesThread:156 - End of LoadUrlFiles Thread
2026-07-30 09:35:13,936 [ERROR] ServerAccessManage:1295 - Problem during Server Connection :  IO error Connection timed out: getsockopt
2026-07-30 09:35:13,937 [ERROR] ServerAccessManage:740 - Problem during Server Connection :  : crdb.zip.
2026-07-30 09:35:18,220 [INFO] LoadUrlFilesThread:156 - End of LoadUrlFiles Thread
2026-07-30 09:35:19,329 [INFO] DbMcusAds:53 - JSON generation date=Wed Jul 15 15:16:00 IST 2026 (1784108760991)
2026-07-30 09:35:19,345 [ERROR] TargetSelectorAdapter:267 - Unable to refresh data
2026-07-30 09:35:19,707 [INFO] ApiDb:581 - Connected to CubeFinder SQLite database (C:\Users\ADMIN\.stmcufinder\plugins\mcufinder\mcu\cube-finder-db.db)
2026-07-30 09:35:19,817 [INFO] ApiDb:668 - CubeFinder database Data Model version=2.1
2026-07-30 09:35:19,818 [INFO] ApiDb:669 - CubeFinder database Configuration version=3.0.42
2026-07-30 09:35:19,818 [INFO] ApiDb:670 - CubeFinder database generation date=2026-06-23 (1782213372)
2026-07-30 09:35:19,818 [INFO] ApiDb:671 - CubeFinder database FW Pack versions=[FP-ATR-ASTRA1_V2.0.0, FP-SNS-FLIGHT1_V5.1.0, FP-SNS-MOTENV1_V5.1.0, FP-SNS-MOTENVWB1_V1.5.0, FP-SNS-SMARTAG2_V1.2.0, FP-SNS-STBOX1_V2.1.0, STM32Cube_FW_C0_V1.4.0, STM32Cube_FW_F4_V1.28.3, STM32Cube_FW_F7_V1.17.4, STM32Cube_FW_G0_V1.6.3, STM32Cube_FW_G4_V1.6.2, STM32Cube_FW_H5_V1.7.0, STM32Cube_FW_H7RS_V1.3.0, STM32Cube_FW_H7_V1.13.0, STM32Cube_FW_L0_V1.12.2, STM32Cube_FW_L4_V1.18.2, STM32Cube_FW_L5_V1.6.0, STM32Cube_FW_N6_V1.4.0, STM32Cube_FW_U0_V1.3.0, STM32Cube_FW_U3_V1.4.0, STM32Cube_FW_U5_V1.9.0, STM32Cube_FW_WB0_V1.5.0, STM32Cube_FW_WBA_V1.10.0, STM32Cube_FW_WB_V1.24.0, STM32Cube_FW_WL3_V1.5.0, STM32Cube_FW_WL_V1.6.0, X-CUBE-ALGOBUILD_V1.5.0, X-CUBE-ALS_V1.0.2, X-CUBE-AZRTOS-F4_V1.1.0, X-CUBE-AZRTOS-F7_V1.1.0, X-CUBE-AZRTOS-G0_V1.1.0, X-CUBE-AZRTOS-G4_V2.0.0, X-CUBE-AZRTOS-H7RS_V1.1.0, X-CUBE-AZRTOS-H7_V3.5.0, X-CUBE-AZRTOS-L4_V2.0.0, X-CUBE-AZRTOS-L5_V2.0.0, X-CUBE-AZRTOS-WB_V2.0.0, X-CUBE-AZRTOS-WL_V2.0.0, X-CUBE-BLE1_V7.1.0, X-CUBE-BLE2_V3.3.0, X-CUBE-BLEMGR_V4.1.0, X-CUBE-EEPRMA1_V5.2.0, X-CUBE-FREERTOS_V1.5.0, X-CUBE-GNSS1_V7.1.1, X-CUBE-MEMS1_V12.1.0, X-CUBE-NFC4_V3.0.0, X-CUBE-NFC7_V2.0.0, X-CUBE-SFXS2LP1_V4.0.0, X-CUBE-ST67W61_V1.3.0, X-CUBE-SUBG2_V5.0.0, X-CUBE-TOF1_V3.4.3]
2026-07-30 09:35:23,248 [INFO] ApiDb:240 - Found 880 in-development CPN: [B-G473E-ZEST1S, B-WB1M-WPAN1, B-WBA5M-WPAN, B-WL5M-SUBG1, NUCLEO-C031C6, NUCLEO-C051C8, NUCLEO-C071RB, NUCLEO-C092RC, NUCLEO-H503RB, NUCLEO-H533RE, NUCLEO-H563ZI, NUCLEO-H7S3L8, NUCLEO-N657X0-Q, NUCLEO-U031R8, NUCLEO-U083RC, NUCLEO-U385RG-Q, NUCLEO-U545RE-Q, NUCLEO-U5A5ZJ-Q, NUCLEO-WB05KZ, NUCLEO-WB07CC, NUCLEO-WB09KE, NUCLEO-WBA52CG, NUCLEO-WBA55CG, NUCLEO-WL33CC1, NUCLEO-WL33CC2, STEVAL-PROTEUS1, STEVAL-SMARTAG2, STEVAL-STWINBX1, STM320518-EVAL, STM32C0116-DK, STM32C011D6Y3TR, STM32C011D6Y6TR, STM32C011F4P3, STM32C011F4P6, STM32C011F4U3, STM32C011F4U6TR, STM32C011F6P3, STM32C011F6P6, STM32C011F6U3, STM32C011F6U6TR, STM32C011J4M3, STM32C011J4M6, STM32C011J6M3, STM32C011J6M6, STM32C0316-DK, STM32C031C4T3, STM32C031C4T6, STM32C031C4U3, STM32C031C4U6, STM32C031C6T3, STM32C031C6T6, STM32C031C6U3, STM32C031C6U6, STM32C031F4P3, STM32C031F4P6, STM32C031F6P3, STM32C031F6P6, STM32C031G4U3, STM32C031G4U6, STM32C031G6U3, STM32C031G6U6, STM32C031K4T3, STM32C031K4T6, STM32C031K4U3, STM32C031K4U6, STM32C031K6T3, STM32C031K6T6, STM32C031K6U3, STM32C031K6U6, STM32C051C6T6, STM32C051C6U6, STM32C051C8T6, STM32C051C8U6, STM32C051D8Y6TR, STM32C051F6P6, STM32C051F8P6, STM32C051G6U6, STM32C051G8U6, STM32C051K6T6, STM32C051K6U6, STM32C051K8T6, STM32C071C8T6, STM32C071C8T6N, STM32C071C8U6, STM32C071C8U6N, STM32C071CBT6, STM32C071CBT6N, STM32C071CBU6, STM32C071CBU6N, STM32C071F8P6, STM32C071F8P6N, STM32C071FBP6, STM32C071FBP6N, STM32C071FBY6TR, STM32C071G8U6, STM32C071G8U6N, STM32C071GBU6, STM32C071GBU6N, STM32C071K8T6, STM32C071K8T6N, STM32C071K8U6, STM32C071K8U6N, STM32C071KBT6, STM32C071KBT6N, STM32C071KBU6, STM32C071KBU6N, STM32C071R8T6, STM32C071R8T6N, STM32C071RBI6N, STM32C071RBT6, STM32C071RBT6N, STM32C091CBT6, STM32C091CBU6, STM32C091CCT6, STM32C091CCU6, STM32C091ECY6TR, STM32C091FBP6, STM32C091FCP6, STM32C091GBU6, STM32C091GCU6, STM32C091KBT6, STM32C091KBU6, STM32C091KCT6, STM32C091KCU6, STM32C091RBT6, STM32C091RCI6, STM32C091RCT6, STM32C092CBT6, STM32C092CBU6, STM32C092CCT6, STM32C092CCU6, STM32C092ECY6TR, STM32C092FBP6, STM32C092FCP6, STM32C092GBU6, STM32C092GCU6, STM32C092KBT6, STM32C092KBU6, STM32C092KCT6, STM32C092KCU6, STM32C092RBT6, STM32C092RCI6, STM32C092RCT6, STM32G071K8TXN, STM32G071K8UXN, STM32G081GBU6N, STM32G081KBT6N, STM32G081KBUXN, STM32G0B1CCT6N, STM32G0B1KCT6, STM32G0B1NEY6TR, STM32G0B1RCT6N, STM32G0C1CCT6, STM32G0C1CCT6N, STM32G0C1CCU6N, STM32G0C1CET6N, STM32G0C1CEU6N, STM32G0C1KCT6, STM32G0C1NEY6TR, STM32G0C1RCI6N, STM32G0C1RCT6N, STM32G0C1REI6N, STM32G0C1RET6N, STM32G0C1VCI6, STM32G0C1VEI6, STM32G411C6T3, STM32G411C6T6, STM32G411C6U3, STM32G411C6U6, STM32G411C8T3, STM32G411C8T6, STM32G411C8U3, STM32G411C8U6, STM32G411CBT3, STM32G411CBT6, STM32G411CBU3, STM32G411CBU6, STM32G411K6T3, STM32G411K6T6, STM32G411K6U3, STM32G411K6U6, STM32G411K8T3, STM32G411K8T6, STM32G411K8U3, STM32G411K8U6, STM32G411KBT3, STM32G411KBT6, STM32G411KBU3, STM32G411KBU6, STM32G411M6T3, STM32G411M6T6, STM32G411M8T3, STM32G411M8T6, STM32G411MBT3, STM32G411MBT6, STM32G411R6T3, STM32G411R6T6, STM32G411R8T3, STM32G411R8T6, STM32G411RBT3, STM32G411RBT6, STM32G414CBT3, STM32G414CBT6, STM32G414CBU3, STM32G414CBU6, STM32G414CCT3, STM32G414CCT6, STM32G414CCU3, STM32G414CCU6, STM32G414MBT3, STM32G414MBT6, STM32G414MCT3, STM32G414MCT6, STM32G414RBT3, STM32G414RBT6, STM32G414RCT3, STM32G414RCT6, STM32G414VBT3, STM32G414VBT6, STM32G414VCT3, STM32G414VCT6, STM32G431CBT3Z, STM32G431RBT3Z, STM32G471CCT6, STM32G471CCU6, STM32G471CET3, STM32G471CET6, STM32G471CEU3, STM32G471CEU6, STM32G471MCT6, STM32G471MET3, STM32G471MET6, STM32G471MEY6TR, STM32G471QCT6, STM32G471QET3, STM32G471RCT6, STM32G471RET3, STM32G471RET6, STM32G471VCH6, STM32G471VCI6, STM32G471VCT6, STM32G471VEH3, STM32G471VEH6, STM32G471VEI3, STM32G471VEI6, STM32G471VET3, STM32G471VET6, STM32G473QET3Z, STM32G473RET3Z, STM32G474CCT6, STM32G491RET3Z, STM32H503CBT6, STM32H503CBU6, STM32H503EBY6TR, STM32H503KBU6, STM32H503RBT6, STM32H523CCT6, STM32H523CCU6, STM32H523CET6, STM32H523CEU6, STM32H523HEY6TR, STM32H523RCT6, STM32H523RET6, STM32H523VCI6, STM32H523VCT6, STM32H523VEI6, STM32H523VET6, STM32H523ZCJ6, STM32H523ZCT6, STM32H523ZEJ6, STM32H523ZET6, STM32H533CET6, STM32H533CEU6, STM32H533HEY6TR, STM32H533RET6, STM32H533VEI6, STM32H533VET6, STM32H533ZEJ6, STM32H533ZET6, STM32H562AGI6, STM32H562AII6, STM32H562IGK6, STM32H562IGT6, STM32H562IIK6, STM32H562IIT6, STM32H562RGT6, STM32H562RGV6, STM32H562RIT6, STM32H562RIV6, STM32H562VGT6, STM32H562VIT6, STM32H562ZGT6, STM32H562ZIT6, STM32H563AGI6, STM32H563AII3Q, STM32H563AII6, STM32H563IGK6, STM32H563IGT6, STM32H563IIK3Q, STM32H563IIK6, STM32H563IIT3Q, STM32H563IIT6, STM32H563MIY3QTR, STM32H563RGT6, STM32H563RGV6, STM32H563RIT6, STM32H563RIV6, STM32H563VGT6, STM32H563VIT3Q, STM32H563VIT6, STM32H563ZGT6, STM32H563ZIT3Q, STM32H563ZIT6, STM32H573AII3Q, STM32H573AII6, STM32H573I-DK, STM32H573IIK3Q, STM32H573IIK6, STM32H573IIT3Q, STM32H573IIT6, STM32H573MIY3QTR, STM32H573RIT6, STM32H573RIV6, STM32H573VIT3Q, STM32H573VIT6, STM32H573ZIT3Q, STM32H573ZIT6, STM32H7R3A8I6, STM32H7R3I8K6, STM32H7R3I8T6, STM32H7R3L8H6, STM32H7R3L8H6H, STM32H7R3R8V6, STM32H7R3V8H6, STM32H7R3V8T6, STM32H7R3V8Y6TR, STM32H7R3Z8J6, STM32H7R3Z8T6, STM32H7R7A8I6, STM32H7R7I8K6, STM32H7R7I8T6, STM32H7R7L8H6, STM32H7R7L8H6H, STM32H7R7Z8J6, STM32H7S3A8I6, STM32H7S3I8K6, STM32H7S3I8T6, STM32H7S3L8H6, STM32H7S3L8H6H, STM32H7S3R8V6, STM32H7S3V8H6, STM32H7S3V8T6, STM32H7S3V8Y6TR, STM32H7S3Z8J6, STM32H7S3Z8T6, STM32H7S78-DK, STM32H7S7A8I6, STM32H7S7I8K6, STM32H7S7I8T6, STM32H7S7L8H6, STM32H7S7L8H6H, STM32H7S7Z8J6, STM32L4R5QGI6STR, STM32MP131AAE3, STM32MP131AAF3, STM32MP131AAG3, STM32MP131CAE3, STM32MP131CAF3, STM32MP131CAG3, STM32MP131DAE7, STM32MP131DAF7, STM32MP131DAG7, STM32MP131FAE7, STM32MP131FAF7, STM32MP131FAG7, STM32MP133AAE3, STM32MP133AAF3, STM32MP133AAG3, STM32MP133CAE3, STM32MP133CAF3, STM32MP133CAG3, STM32MP133DAE7, STM32MP133DAF7, STM32MP133DAG7, STM32MP133FAE7, STM32MP133FAF7, STM32MP133FAG7, STM32MP135AAE3, STM32MP135AAF3, STM32MP135AAG3, STM32MP135CAE3, STM32MP135CAF3, STM32MP135CAG3, STM32MP135DAE7, STM32MP135DAF7, STM32MP135DAG7, STM32MP135F-DK, STM32MP135FAE7, STM32MP135FAF7, STM32MP135FAF7T, STM32MP135FAF7U, STM32MP135FAG7, STM32MP211AAL3, STM32MP211AAM3, STM32MP211AAN3, STM32MP211AAO3, STM32MP211CAL3, STM32MP211CAM3, STM32MP211CAN3, STM32MP211CAO3, STM32MP211DAL3, STM32MP211DAM3, STM32MP211DAN3, STM32MP211DAO3, STM32MP211FAL3, STM32MP211FAM3, STM32MP211FAN3, STM32MP211FAO3, STM32MP213AAL3, STM32MP213AAM3, STM32MP213AAN3, STM32MP213AAO3, STM32MP213CAL3, STM32MP213CAM3, STM32MP213CAN3, STM32MP213CAO3, STM32MP213DAL3, STM32MP213DAM3, STM32MP213DAN3, STM32MP213DAO3, STM32MP213FAL3, STM32MP213FAM3, STM32MP213FAN3, STM32MP213FAO3, STM32MP215AAL3, STM32MP215AAM3, STM32MP215AAN3, STM32MP215AAO3, STM32MP215CAL3, STM32MP215CAM3, STM32MP215CAN3, STM32MP215CAO3, STM32MP215DAL3, STM32MP215DAM3, STM32MP215DAN3, STM32MP215DAO3, STM32MP215F-DK, STM32MP215FAL3, STM32MP215FAM3, STM32MP215FAN3, STM32MP215FAO3, STM32MP231AAJ3, STM32MP231AAK3, STM32MP231AAL3, STM32MP231CAJ3, STM32MP231CAK3, STM32MP231CAL3, STM32MP231DAJ3, STM32MP231DAK3, STM32MP231DAL3, STM32MP231FAJ3, STM32MP231FAK3, STM32MP231FAL3, STM32MP233AAJ3, STM32MP233AAK3, STM32MP233AAL3, STM32MP233CAJ3, STM32MP233CAK3, STM32MP233CAL3, STM32MP233DAJ3, STM32MP233DAK3, STM32MP233DAL3, STM32MP233FAJ3, STM32MP233FAK3, STM32MP233FAL3, STM32MP235AAJ3, STM32MP235AAK3, STM32MP235AAL3, STM32MP235CAJ3, STM32MP235CAK3, STM32MP235CAL3, STM32MP235DAJ3, STM32MP235DAK3, STM32MP235DAL3, STM32MP235FAJ3, STM32MP235FAK3, STM32MP235FAL3, STM32MP251AAI3, STM32MP251AAK3, STM32MP251AAL3, STM32MP251CAI3, STM32MP251CAK3, STM32MP251CAL3, STM32MP251DAI3, STM32MP251DAK3, STM32MP251DAL3, STM32MP251FAI3, STM32MP251FAK3, STM32MP251FAL3, STM32MP253AAI3, STM32MP253AAK3, STM32MP253AAL3, STM32MP253CAI3, STM32MP253CAK3, STM32MP253CAL3, STM32MP253DAI3, STM32MP253DAK3, STM32MP253DAL3, STM32MP253FAI3, STM32MP253FAK3, STM32MP253FAL3, STM32MP255AAI3, STM32MP255AAK3, STM32MP255AAL3, STM32MP255CAI3, STM32MP255CAK3, STM32MP255CAL3, STM32MP255DAI3, STM32MP255DAK3, STM32MP255DAL3, STM32MP255FAI3, STM32MP255FAK3, STM32MP255FAL3, STM32MP257AAI3, STM32MP257AAK3, STM32MP257AAL3, STM32MP257CAI3, STM32MP257CAK3, STM32MP257CAL3, STM32MP257DAI3, STM32MP257DAK3, STM32MP257DAL3, STM32MP257F-DK, STM32MP257F-EV1, STM32MP257FAI3, STM32MP257FAK3, STM32MP257FAL3, STM32N645A0H3Q, STM32N645B0H3Q, STM32N645I0H3Q, STM32N645L0H3Q, STM32N645X0H3Q, STM32N645Z0H3Q, STM32N647A0H3Q, STM32N647B0H3Q, STM32N647I0H3Q, STM32N647L0H3Q, STM32N647X0H3Q, STM32N647Z0H3Q, STM32N655A0H3Q, STM32N655B0H3Q, STM32N655I0H3Q, STM32N655L0H3Q, STM32N655X0H3Q, STM32N655Z0H3Q, STM32N6570-DK, STM32N657A0H3Q, STM32N657B0H3Q, STM32N657I0H3Q, STM32N657L0H3Q, STM32N657X0H3Q, STM32N657Z0H3Q, STM32U031C6T6, STM32U031C6U6, STM32U031C8T6, STM32U031C8U6, STM32U031F4P6, STM32U031F6P6, STM32U031F8P6, STM32U031G6Y6TR, STM32U031G8Y6TR, STM32U031K4U6, STM32U031K6U6, STM32U031K8U6, STM32U031R6I6, STM32U031R6T6, STM32U031R8I6, STM32U031R8T6, STM32U073C8T6, STM32U073C8U6, STM32U073CBT6, STM32U073CBU6, STM32U073CCT6, STM32U073CCU6, STM32U073H8Y6TR, STM32U073HBY6TR, STM32U073HCY6TR, STM32U073K8U6, STM32U073KBU6, STM32U073KCU6, STM32U073M8I6, STM32U073M8T6, STM32U073MBI6, STM32U073MBT6, STM32U073MCI6, STM32U073MCT6, STM32U073R8I6, STM32U073R8T6, STM32U073RBI6, STM32U073RBT6, STM32U073RCI6, STM32U073RCT6, STM32U083C-DK, STM32U083CCT6, STM32U083CCU6, STM32U083HCY6TR, STM32U083KCU6, STM32U083MCI6, STM32U083MCT6, STM32U083RCI6, STM32U083RCT6, STM32U375CET6, STM32U375CET6Q, STM32U375CEU6, STM32U375CEU6Q, STM32U375CEY6QTR, STM32U375CGT6, STM32U375CGT6Q, STM32U375CGU6, STM32U375CGU6Q, STM32U375CGY6QTR, STM32U375KEU6, STM32U375KGU6, STM32U375REI6, STM32U375REI6Q, STM32U375RET6, STM32U375RET6Q, STM32U375REY6GTR, STM32U375REY6QTR, STM32U375RGI6, STM32U375RGI6Q, STM32U375RGT6, STM32U375RGT6Q, STM32U375RGY6GTR, STM32U375RGY6QTR, STM32U375VEI6, STM32U375VEI6Q, STM32U375VET6, STM32U375VET6Q, STM32U375VGI6, STM32U375VGI6Q, STM32U375VGT6, STM32U375VGT6Q, STM32U385CGT6, STM32U385CGT6Q, STM32U385CGU6, STM32U385CGU6Q, STM32U385CGY6QTR, STM32U385KGU6, STM32U385RGI6, STM32U385RGI6Q, STM32U385RGT6, STM32U385RGT6Q, STM32U385RGY6GTR, STM32U385RGY6QTR, STM32U385VGI6, STM32U385VGI6Q, STM32U385VGT6, STM32U385VGT6Q, STM32U535CBT6, STM32U535CBT6Q, STM32U535CBU6, STM32U535CBU6Q, STM32U535CCT6, STM32U535CCT6Q, STM32U535CCU6, STM32U535CCU6Q, STM32U535CET6, STM32U535CET6Q, STM32U535CEU6, STM32U535CEU6Q, STM32U535JEY6QTR, STM32U535NCY6QTR, STM32U535NEY6QTR, STM32U535RBI6, STM32U535RBI6Q, STM32U535RBT6, STM32U535RBT6Q, STM32U535RCI6, STM32U535RCI6Q, STM32U535RCT6, STM32U535RCT6Q, STM32U535REI6, STM32U535REI6Q, STM32U535RET6, STM32U535RET6Q, STM32U535VCI6, STM32U535VCI6Q, STM32U535VCT6, STM32U535VCT6Q, STM32U535VEI6, STM32U535VEI6Q, STM32U535VET6, STM32U535VET6Q, STM32U545CET6, STM32U545CET6Q, STM32U545CEU6, STM32U545CEU6Q, STM32U545JEY6QTR, STM32U545NEY6QTR, STM32U545REI6, STM32U545REI6Q, STM32U545RET6, STM32U545RET6Q, STM32U545VEI6, STM32U545VEI6Q, STM32U545VET6, STM32U545VET6Q, STM32U595AIH6, STM32U595AIH6Q, STM32U595AJH6, STM32U595AJH6Q, STM32U595QII6, STM32U595QII6Q, STM32U595QJI6, STM32U595QJI6Q, STM32U595RIT6, STM32U595RIT6Q, STM32U595RJT6, STM32U595RJT6Q, STM32U595VIT6, STM32U595VIT6Q, STM32U595VJT6, STM32U595VJT6Q, STM32U595ZIT6, STM32U595ZIT6Q, STM32U595ZIY6QTR, STM32U595ZJT6, STM32U595ZJT6Q, STM32U595ZJY6QTR, STM32U599BJY6QTR, STM32U599NIH6Q, STM32U599NJH6Q, STM32U599VIT6Q, STM32U599VJT6, STM32U599VJT6Q, STM32U599ZIT6Q, STM32U599ZIY6QTR, STM32U599ZJT6Q, STM32U599ZJY6QTR, STM32U5A5AJH6, STM32U5A5AJH6Q, STM32U5A5QII3Q , STM32U5A5QJI6, STM32U5A5QJI6Q, STM32U5A5RJT6, STM32U5A5RJT6Q, STM32U5A5VJT6, STM32U5A5VJT6Q, STM32U5A5ZJT6, STM32U5A5ZJT6Q, STM32U5A5ZJY6QTR, STM32U5A9BJY6QTR, STM32U5A9J-DK, STM32U5A9NJH6Q, STM32U5A9VJT6Q, STM32U5A9ZJT6Q, STM32U5A9ZJY6QTR, STM32U5F7VIT6, STM32U5F7VIT6Q, STM32U5F7VJT6, STM32U5F7VJT6Q, STM32U5F9BJY6QTR, STM32U5F9NJH6Q, STM32U5F9VIT6Q, STM32U5F9VJT6Q, STM32U5F9ZIJ6QTR, STM32U5F9ZIT6Q, STM32U5F9ZJJ6QTR, STM32U5F9ZJT6Q, STM32U5G7VJT6, STM32U5G7VJT6Q, STM32U5G9BJY6QTR, STM32U5G9J-DK1, STM32U5G9J-DK2, STM32U5G9NJH6Q, STM32U5G9VJT6Q, STM32U5G9ZJJ6QTR, STM32U5G9ZJT6Q, STM32WB05KZV6TR, STM32WB05KZV7TR, STM32WB05TZF6TR, STM32WB05TZF7TR, STM32WB06CCF6TR, STM32WB06CCF7TR, STM32WB06CCV6TR, STM32WB06CCV7TR, STM32WB06KCV6TR, STM32WB06KCV7TR, STM32WB07CCF6TR, STM32WB07CCF7TR, STM32WB07CCV6TR, STM32WB07CCV7TR, STM32WB07KCV6TR, STM32WB07KCV7TR, STM32WB09KEV6TR, STM32WB09KEV7TR, STM32WB09TEF6TR, STM32WB09TEF7TR, STM32WB1MMCH6, STM32WBA50KGU6, STM32WBA50KGU6TR, STM32WBA52CEU6, STM32WBA52CEU6TR, STM32WBA52CEU7, STM32WBA52CEU7TR, STM32WBA52CGU6, STM32WBA52CGU6TR, STM32WBA52CGU6U, STM32WBA52CGU7, STM32WBA52CGU7TR, STM32WBA52KEU6, STM32WBA52KEU6TR, STM32WBA52KGU6, STM32WBA52KGU6TR, STM32WBA54CEU6, STM32WBA54CEU6TR, STM32WBA54CEU7, STM32WBA54CEU7TR, STM32WBA54CGU6, STM32WBA54CGU6TR, STM32WBA54CGU7, STM32WBA54CGU7TR, STM32WBA54KEU6, STM32WBA54KEU6TR, STM32WBA54KEU7, STM32WBA54KEU7TR, STM32WBA54KGU6, STM32WBA54KGU6TR, STM32WBA54KGU7, STM32WBA54KGU7TR, STM32WBA55CEU6, STM32WBA55CEU6TR, STM32WBA55CEU7, STM32WBA55CEU7TR, STM32WBA55CGU6, STM32WBA55CGU6TR, STM32WBA55CGU6U, STM32WBA55CGU7, STM32WBA55CGU7TR, STM32WBA55G-DK1, STM32WBA55HEF6, STM32WBA55HEF7, STM32WBA55HGF6, STM32WBA55HGF7, STM32WBA55UEI6, STM32WBA55UEI6TR, STM32WBA55UEI7, STM32WBA55UEI7TR, STM32WBA55UGI6, STM32WBA55UGI6TR, STM32WBA55UGI7, STM32WBA55UGI7TR, STM32WBA5MMGH6TR, STM32WBA62MGF6, STM32WBA62MIF6, STM32WBA65MGF7, STM32WBA65MIF6, STM32WBA65MIF7, STM32WL30K8V6, STM32WL30KBV6, STM32WL31C8V6, STM32WL31CBV6, STM32WL31K8V6, STM32WL31KBV6, STM32WL33C8V6, STM32WL33C8V6X, STM32WL33CBV6, STM32WL33CBV6X, STM32WL33CCV6, STM32WL33CCV6A, STM32WL33CCV6X, STM32WL33K8V7, STM32WL33K8V7X, STM32WL33KBV7 , STM32WL33KBV7X, STM32WL33KCV7, STM32WL33KCV7X, STM32WL5MOCH6, STM32WL5MOCH6TR]
2026-07-30 09:35:23,258 [INFO] DbMcus:218 - Found 5250 MCUs, 5097 are supported
2026-07-30 09:35:23,259 [INFO] ApiDb:423 - Load user favorites file C:\Users\ADMIN/.stm32cubeide/favorites.mcus.txt: 0 item(s)
2026-07-30 09:35:23,259 [INFO] ApiDb:427 - User favorites MCUs=[]
2026-07-30 09:35:23,259 [INFO] DbMcus:224 - Set 0 / 0 favorites MCUs
2026-07-30 09:35:23,964 [INFO] ApiDb:668 - CubeFinder database Data Model version=2.1
2026-07-30 09:35:23,964 [INFO] ApiDb:669 - CubeFinder database Configuration version=3.0.42
2026-07-30 09:35:23,964 [INFO] ApiDb:670 - CubeFinder database generation date=2026-06-23 (1782213372)
2026-07-30 09:35:23,964 [INFO] ApiDb:671 - CubeFinder database FW Pack versions=[FP-ATR-ASTRA1_V2.0.0, FP-SNS-FLIGHT1_V5.1.0, FP-SNS-MOTENV1_V5.1.0, FP-SNS-MOTENVWB1_V1.5.0, FP-SNS-SMARTAG2_V1.2.0, FP-SNS-STBOX1_V2.1.0, STM32Cube_FW_C0_V1.4.0, STM32Cube_FW_F4_V1.28.3, STM32Cube_FW_F7_V1.17.4, STM32Cube_FW_G0_V1.6.3, STM32Cube_FW_G4_V1.6.2, STM32Cube_FW_H5_V1.7.0, STM32Cube_FW_H7RS_V1.3.0, STM32Cube_FW_H7_V1.13.0, STM32Cube_FW_L0_V1.12.2, STM32Cube_FW_L4_V1.18.2, STM32Cube_FW_L5_V1.6.0, STM32Cube_FW_N6_V1.4.0, STM32Cube_FW_U0_V1.3.0, STM32Cube_FW_U3_V1.4.0, STM32Cube_FW_U5_V1.9.0, STM32Cube_FW_WB0_V1.5.0, STM32Cube_FW_WBA_V1.10.0, STM32Cube_FW_WB_V1.24.0, STM32Cube_FW_WL3_V1.5.0, STM32Cube_FW_WL_V1.6.0, X-CUBE-ALGOBUILD_V1.5.0, X-CUBE-ALS_V1.0.2, X-CUBE-AZRTOS-F4_V1.1.0, X-CUBE-AZRTOS-F7_V1.1.0, X-CUBE-AZRTOS-G0_V1.1.0, X-CUBE-AZRTOS-G4_V2.0.0, X-CUBE-AZRTOS-H7RS_V1.1.0, X-CUBE-AZRTOS-H7_V3.5.0, X-CUBE-AZRTOS-L4_V2.0.0, X-CUBE-AZRTOS-L5_V2.0.0, X-CUBE-AZRTOS-WB_V2.0.0, X-CUBE-AZRTOS-WL_V2.0.0, X-CUBE-BLE1_V7.1.0, X-CUBE-BLE2_V3.3.0, X-CUBE-BLEMGR_V4.1.0, X-CUBE-EEPRMA1_V5.2.0, X-CUBE-FREERTOS_V1.5.0, X-CUBE-GNSS1_V7.1.1, X-CUBE-MEMS1_V12.1.0, X-CUBE-NFC4_V3.0.0, X-CUBE-NFC7_V2.0.0, X-CUBE-SFXS2LP1_V4.0.0, X-CUBE-ST67W61_V1.3.0, X-CUBE-SUBG2_V5.0.0, X-CUBE-TOF1_V3.4.3]
2026-07-30 09:35:24,033 [INFO] DbBoardsSqlite:226 - include board P-NUCLEO-WB55-NUCLEO as a kit item of type 'Nucleo-64'
2026-07-30 09:35:24,034 [INFO] DbBoardsSqlite:226 - include board P-NUCLEO-WB55-USBDONGLE as a kit item of type 'Nucleo USB Dongle'
2026-07-30 09:35:24,034 [INFO] DbBoardsSqlite:226 - include board STEVAL-IDP005V1 as a kit item of type 'Evaluation Board'
2026-07-30 09:35:24,034 [INFO] DbBoardsSqlite:226 - include board STEVAL-IDP005V2 as a kit item of type 'Evaluation Board'
2026-07-30 09:35:24,132 [INFO] ApiDb:240 - Found 880 in-development CPN: [B-G473E-ZEST1S, B-WB1M-WPAN1, B-WBA5M-WPAN, B-WL5M-SUBG1, NUCLEO-C031C6, NUCLEO-C051C8, NUCLEO-C071RB, NUCLEO-C092RC, NUCLEO-H503RB, NUCLEO-H533RE, NUCLEO-H563ZI, NUCLEO-H7S3L8, NUCLEO-N657X0-Q, NUCLEO-U031R8, NUCLEO-U083RC, NUCLEO-U385RG-Q, NUCLEO-U545RE-Q, NUCLEO-U5A5ZJ-Q, NUCLEO-WB05KZ, NUCLEO-WB07CC, NUCLEO-WB09KE, NUCLEO-WBA52CG, NUCLEO-WBA55CG, NUCLEO-WL33CC1, NUCLEO-WL33CC2, STEVAL-PROTEUS1, STEVAL-SMARTAG2, STEVAL-STWINBX1, STM320518-EVAL, STM32C0116-DK, STM32C011D6Y3TR, STM32C011D6Y6TR, STM32C011F4P3, STM32C011F4P6, STM32C011F4U3, STM32C011F4U6TR, STM32C011F6P3, STM32C011F6P6, STM32C011F6U3, STM32C011F6U6TR, STM32C011J4M3, STM32C011J4M6, STM32C011J6M3, STM32C011J6M6, STM32C0316-DK, STM32C031C4T3, STM32C031C4T6, STM32C031C4U3, STM32C031C4U6, STM32C031C6T3, STM32C031C6T6, STM32C031C6U3, STM32C031C6U6, STM32C031F4P3, STM32C031F4P6, STM32C031F6P3, STM32C031F6P6, STM32C031G4U3, STM32C031G4U6, STM32C031G6U3, STM32C031G6U6, STM32C031K4T3, STM32C031K4T6, STM32C031K4U3, STM32C031K4U6, STM32C031K6T3, STM32C031K6T6, STM32C031K6U3, STM32C031K6U6, STM32C051C6T6, STM32C051C6U6, STM32C051C8T6, STM32C051C8U6, STM32C051D8Y6TR, STM32C051F6P6, STM32C051F8P6, STM32C051G6U6, STM32C051G8U6, STM32C051K6T6, STM32C051K6U6, STM32C051K8T6, STM32C071C8T6, STM32C071C8T6N, STM32C071C8U6, STM32C071C8U6N, STM32C071CBT6, STM32C071CBT6N, STM32C071CBU6, STM32C071CBU6N, STM32C071F8P6, STM32C071F8P6N, STM32C071FBP6, STM32C071FBP6N, STM32C071FBY6TR, STM32C071G8U6, STM32C071G8U6N, STM32C071GBU6, STM32C071GBU6N, STM32C071K8T6, STM32C071K8T6N, STM32C071K8U6, STM32C071K8U6N, STM32C071KBT6, STM32C071KBT6N, STM32C071KBU6, STM32C071KBU6N, STM32C071R8T6, STM32C071R8T6N, STM32C071RBI6N, STM32C071RBT6, STM32C071RBT6N, STM32C091CBT6, STM32C091CBU6, STM32C091CCT6, STM32C091CCU6, STM32C091ECY6TR, STM32C091FBP6, STM32C091FCP6, STM32C091GBU6, STM32C091GCU6, STM32C091KBT6, STM32C091KBU6, STM32C091KCT6, STM32C091KCU6, STM32C091RBT6, STM32C091RCI6, STM32C091RCT6, STM32C092CBT6, STM32C092CBU6, STM32C092CCT6, STM32C092CCU6, STM32C092ECY6TR, STM32C092FBP6, STM32C092FCP6, STM32C092GBU6, STM32C092GCU6, STM32C092KBT6, STM32C092KBU6, STM32C092KCT6, STM32C092KCU6, STM32C092RBT6, STM32C092RCI6, STM32C092RCT6, STM32G071K8TXN, STM32G071K8UXN, STM32G081GBU6N, STM32G081KBT6N, STM32G081KBUXN, STM32G0B1CCT6N, STM32G0B1KCT6, STM32G0B1NEY6TR, STM32G0B1RCT6N, STM32G0C1CCT6, STM32G0C1CCT6N, STM32G0C1CCU6N, STM32G0C1CET6N, STM32G0C1CEU6N, STM32G0C1KCT6, STM32G0C1NEY6TR, STM32G0C1RCI6N, STM32G0C1RCT6N, STM32G0C1REI6N, STM32G0C1RET6N, STM32G0C1VCI6, STM32G0C1VEI6, STM32G411C6T3, STM32G411C6T6, STM32G411C6U3, STM32G411C6U6, STM32G411C8T3, STM32G411C8T6, STM32G411C8U3, STM32G411C8U6, STM32G411CBT3, STM32G411CBT6, STM32G411CBU3, STM32G411CBU6, STM32G411K6T3, STM32G411K6T6, STM32G411K6U3, STM32G411K6U6, STM32G411K8T3, STM32G411K8T6, STM32G411K8U3, STM32G411K8U6, STM32G411KBT3, STM32G411KBT6, STM32G411KBU3, STM32G411KBU6, STM32G411M6T3, STM32G411M6T6, STM32G411M8T3, STM32G411M8T6, STM32G411MBT3, STM32G411MBT6, STM32G411R6T3, STM32G411R6T6, STM32G411R8T3, STM32G411R8T6, STM32G411RBT3, STM32G411RBT6, STM32G414CBT3, STM32G414CBT6, STM32G414CBU3, STM32G414CBU6, STM32G414CCT3, STM32G414CCT6, STM32G414CCU3, STM32G414CCU6, STM32G414MBT3, STM32G414MBT6, STM32G414MCT3, STM32G414MCT6, STM32G414RBT3, STM32G414RBT6, STM32G414RCT3, STM32G414RCT6, STM32G414VBT3, STM32G414VBT6, STM32G414VCT3, STM32G414VCT6, STM32G431CBT3Z, STM32G431RBT3Z, STM32G471CCT6, STM32G471CCU6, STM32G471CET3, STM32G471CET6, STM32G471CEU3, STM32G471CEU6, STM32G471MCT6, STM32G471MET3, STM32G471MET6, STM32G471MEY6TR, STM32G471QCT6, STM32G471QET3, STM32G471RCT6, STM32G471RET3, STM32G471RET6, STM32G471VCH6, STM32G471VCI6, STM32G471VCT6, STM32G471VEH3, STM32G471VEH6, STM32G471VEI3, STM32G471VEI6, STM32G471VET3, STM32G471VET6, STM32G473QET3Z, STM32G473RET3Z, STM32G474CCT6, STM32G491RET3Z, STM32H503CBT6, STM32H503CBU6, STM32H503EBY6TR, STM32H503KBU6, STM32H503RBT6, STM32H523CCT6, STM32H523CCU6, STM32H523CET6, STM32H523CEU6, STM32H523HEY6TR, STM32H523RCT6, STM32H523RET6, STM32H523VCI6, STM32H523VCT6, STM32H523VEI6, STM32H523VET6, STM32H523ZCJ6, STM32H523ZCT6, STM32H523ZEJ6, STM32H523ZET6, STM32H533CET6, STM32H533CEU6, STM32H533HEY6TR, STM32H533RET6, STM32H533VEI6, STM32H533VET6, STM32H533ZEJ6, STM32H533ZET6, STM32H562AGI6, STM32H562AII6, STM32H562IGK6, STM32H562IGT6, STM32H562IIK6, STM32H562IIT6, STM32H562RGT6, STM32H562RGV6, STM32H562RIT6, STM32H562RIV6, STM32H562VGT6, STM32H562VIT6, STM32H562ZGT6, STM32H562ZIT6, STM32H563AGI6, STM32H563AII3Q, STM32H563AII6, STM32H563IGK6, STM32H563IGT6, STM32H563IIK3Q, STM32H563IIK6, STM32H563IIT3Q, STM32H563IIT6, STM32H563MIY3QTR, STM32H563RGT6, STM32H563RGV6, STM32H563RIT6, STM32H563RIV6, STM32H563VGT6, STM32H563VIT3Q, STM32H563VIT6, STM32H563ZGT6, STM32H563ZIT3Q, STM32H563ZIT6, STM32H573AII3Q, STM32H573AII6, STM32H573I-DK, STM32H573IIK3Q, STM32H573IIK6, STM32H573IIT3Q, STM32H573IIT6, STM32H573MIY3QTR, STM32H573RIT6, STM32H573RIV6, STM32H573VIT3Q, STM32H573VIT6, STM32H573ZIT3Q, STM32H573ZIT6, STM32H7R3A8I6, STM32H7R3I8K6, STM32H7R3I8T6, STM32H7R3L8H6, STM32H7R3L8H6H, STM32H7R3R8V6, STM32H7R3V8H6, STM32H7R3V8T6, STM32H7R3V8Y6TR, STM32H7R3Z8J6, STM32H7R3Z8T6, STM32H7R7A8I6, STM32H7R7I8K6, STM32H7R7I8T6, STM32H7R7L8H6, STM32H7R7L8H6H, STM32H7R7Z8J6, STM32H7S3A8I6, STM32H7S3I8K6, STM32H7S3I8T6, STM32H7S3L8H6, STM32H7S3L8H6H, STM32H7S3R8V6, STM32H7S3V8H6, STM32H7S3V8T6, STM32H7S3V8Y6TR, STM32H7S3Z8J6, STM32H7S3Z8T6, STM32H7S78-DK, STM32H7S7A8I6, STM32H7S7I8K6, STM32H7S7I8T6, STM32H7S7L8H6, STM32H7S7L8H6H, STM32H7S7Z8J6, STM32L4R5QGI6STR, STM32MP131AAE3, STM32MP131AAF3, STM32MP131AAG3, STM32MP131CAE3, STM32MP131CAF3, STM32MP131CAG3, STM32MP131DAE7, STM32MP131DAF7, STM32MP131DAG7, STM32MP131FAE7, STM32MP131FAF7, STM32MP131FAG7, STM32MP133AAE3, STM32MP133AAF3, STM32MP133AAG3, STM32MP133CAE3, STM32MP133CAF3, STM32MP133CAG3, STM32MP133DAE7, STM32MP133DAF7, STM32MP133DAG7, STM32MP133FAE7, STM32MP133FAF7, STM32MP133FAG7, STM32MP135AAE3, STM32MP135AAF3, STM32MP135AAG3, STM32MP135CAE3, STM32MP135CAF3, STM32MP135CAG3, STM32MP135DAE7, STM32MP135DAF7, STM32MP135DAG7, STM32MP135F-DK, STM32MP135FAE7, STM32MP135FAF7, STM32MP135FAF7T, STM32MP135FAF7U, STM32MP135FAG7, STM32MP211AAL3, STM32MP211AAM3, STM32MP211AAN3, STM32MP211AAO3, STM32MP211CAL3, STM32MP211CAM3, STM32MP211CAN3, STM32MP211CAO3, STM32MP211DAL3, STM32MP211DAM3, STM32MP211DAN3, STM32MP211DAO3, STM32MP211FAL3, STM32MP211FAM3, STM32MP211FAN3, STM32MP211FAO3, STM32MP213AAL3, STM32MP213AAM3, STM32MP213AAN3, STM32MP213AAO3, STM32MP213CAL3, STM32MP213CAM3, STM32MP213CAN3, STM32MP213CAO3, STM32MP213DAL3, STM32MP213DAM3, STM32MP213DAN3, STM32MP213DAO3, STM32MP213FAL3, STM32MP213FAM3, STM32MP213FAN3, STM32MP213FAO3, STM32MP215AAL3, STM32MP215AAM3, STM32MP215AAN3, STM32MP215AAO3, STM32MP215CAL3, STM32MP215CAM3, STM32MP215CAN3, STM32MP215CAO3, STM32MP215DAL3, STM32MP215DAM3, STM32MP215DAN3, STM32MP215DAO3, STM32MP215F-DK, STM32MP215FAL3, STM32MP215FAM3, STM32MP215FAN3, STM32MP215FAO3, STM32MP231AAJ3, STM32MP231AAK3, STM32MP231AAL3, STM32MP231CAJ3, STM32MP231CAK3, STM32MP231CAL3, STM32MP231DAJ3, STM32MP231DAK3, STM32MP231DAL3, STM32MP231FAJ3, STM32MP231FAK3, STM32MP231FAL3, STM32MP233AAJ3, STM32MP233AAK3, STM32MP233AAL3, STM32MP233CAJ3, STM32MP233CAK3, STM32MP233CAL3, STM32MP233DAJ3, STM32MP233DAK3, STM32MP233DAL3, STM32MP233FAJ3, STM32MP233FAK3, STM32MP233FAL3, STM32MP235AAJ3, STM32MP235AAK3, STM32MP235AAL3, STM32MP235CAJ3, STM32MP235CAK3, STM32MP235CAL3, STM32MP235DAJ3, STM32MP235DAK3, STM32MP235DAL3, STM32MP235FAJ3, STM32MP235FAK3, STM32MP235FAL3, STM32MP251AAI3, STM32MP251AAK3, STM32MP251AAL3, STM32MP251CAI3, STM32MP251CAK3, STM32MP251CAL3, STM32MP251DAI3, STM32MP251DAK3, STM32MP251DAL3, STM32MP251FAI3, STM32MP251FAK3, STM32MP251FAL3, STM32MP253AAI3, STM32MP253AAK3, STM32MP253AAL3, STM32MP253CAI3, STM32MP253CAK3, STM32MP253CAL3, STM32MP253DAI3, STM32MP253DAK3, STM32MP253DAL3, STM32MP253FAI3, STM32MP253FAK3, STM32MP253FAL3, STM32MP255AAI3, STM32MP255AAK3, STM32MP255AAL3, STM32MP255CAI3, STM32MP255CAK3, STM32MP255CAL3, STM32MP255DAI3, STM32MP255DAK3, STM32MP255DAL3, STM32MP255FAI3, STM32MP255FAK3, STM32MP255FAL3, STM32MP257AAI3, STM32MP257AAK3, STM32MP257AAL3, STM32MP257CAI3, STM32MP257CAK3, STM32MP257CAL3, STM32MP257DAI3, STM32MP257DAK3, STM32MP257DAL3, STM32MP257F-DK, STM32MP257F-EV1, STM32MP257FAI3, STM32MP257FAK3, STM32MP257FAL3, STM32N645A0H3Q, STM32N645B0H3Q, STM32N645I0H3Q, STM32N645L0H3Q, STM32N645X0H3Q, STM32N645Z0H3Q, STM32N647A0H3Q, STM32N647B0H3Q, STM32N647I0H3Q, STM32N647L0H3Q, STM32N647X0H3Q, STM32N647Z0H3Q, STM32N655A0H3Q, STM32N655B0H3Q, STM32N655I0H3Q, STM32N655L0H3Q, STM32N655X0H3Q, STM32N655Z0H3Q, STM32N6570-DK, STM32N657A0H3Q, STM32N657B0H3Q, STM32N657I0H3Q, STM32N657L0H3Q, STM32N657X0H3Q, STM32N657Z0H3Q, STM32U031C6T6, STM32U031C6U6, STM32U031C8T6, STM32U031C8U6, STM32U031F4P6, STM32U031F6P6, STM32U031F8P6, STM32U031G6Y6TR, STM32U031G8Y6TR, STM32U031K4U6, STM32U031K6U6, STM32U031K8U6, STM32U031R6I6, STM32U031R6T6, STM32U031R8I6, STM32U031R8T6, STM32U073C8T6, STM32U073C8U6, STM32U073CBT6, STM32U073CBU6, STM32U073CCT6, STM32U073CCU6, STM32U073H8Y6TR, STM32U073HBY6TR, STM32U073HCY6TR, STM32U073K8U6, STM32U073KBU6, STM32U073KCU6, STM32U073M8I6, STM32U073M8T6, STM32U073MBI6, STM32U073MBT6, STM32U073MCI6, STM32U073MCT6, STM32U073R8I6, STM32U073R8T6, STM32U073RBI6, STM32U073RBT6, STM32U073RCI6, STM32U073RCT6, STM32U083C-DK, STM32U083CCT6, STM32U083CCU6, STM32U083HCY6TR, STM32U083KCU6, STM32U083MCI6, STM32U083MCT6, STM32U083RCI6, STM32U083RCT6, STM32U375CET6, STM32U375CET6Q, STM32U375CEU6, STM32U375CEU6Q, STM32U375CEY6QTR, STM32U375CGT6, STM32U375CGT6Q, STM32U375CGU6, STM32U375CGU6Q, STM32U375CGY6QTR, STM32U375KEU6, STM32U375KGU6, STM32U375REI6, STM32U375REI6Q, STM32U375RET6, STM32U375RET6Q, STM32U375REY6GTR, STM32U375REY6QTR, STM32U375RGI6, STM32U375RGI6Q, STM32U375RGT6, STM32U375RGT6Q, STM32U375RGY6GTR, STM32U375RGY6QTR, STM32U375VEI6, STM32U375VEI6Q, STM32U375VET6, STM32U375VET6Q, STM32U375VGI6, STM32U375VGI6Q, STM32U375VGT6, STM32U375VGT6Q, STM32U385CGT6, STM32U385CGT6Q, STM32U385CGU6, STM32U385CGU6Q, STM32U385CGY6QTR, STM32U385KGU6, STM32U385RGI6, STM32U385RGI6Q, STM32U385RGT6, STM32U385RGT6Q, STM32U385RGY6GTR, STM32U385RGY6QTR, STM32U385VGI6, STM32U385VGI6Q, STM32U385VGT6, STM32U385VGT6Q, STM32U535CBT6, STM32U535CBT6Q, STM32U535CBU6, STM32U535CBU6Q, STM32U535CCT6, STM32U535CCT6Q, STM32U535CCU6, STM32U535CCU6Q, STM32U535CET6, STM32U535CET6Q, STM32U535CEU6, STM32U535CEU6Q, STM32U535JEY6QTR, STM32U535NCY6QTR, STM32U535NEY6QTR, STM32U535RBI6, STM32U535RBI6Q, STM32U535RBT6, STM32U535RBT6Q, STM32U535RCI6, STM32U535RCI6Q, STM32U535RCT6, STM32U535RCT6Q, STM32U535REI6, STM32U535REI6Q, STM32U535RET6, STM32U535RET6Q, STM32U535VCI6, STM32U535VCI6Q, STM32U535VCT6, STM32U535VCT6Q, STM32U535VEI6, STM32U535VEI6Q, STM32U535VET6, STM32U535VET6Q, STM32U545CET6, STM32U545CET6Q, STM32U545CEU6, STM32U545CEU6Q, STM32U545JEY6QTR, STM32U545NEY6QTR, STM32U545REI6, STM32U545REI6Q, STM32U545RET6, STM32U545RET6Q, STM32U545VEI6, STM32U545VEI6Q, STM32U545VET6, STM32U545VET6Q, STM32U595AIH6, STM32U595AIH6Q, STM32U595AJH6, STM32U595AJH6Q, STM32U595QII6, STM32U595QII6Q, STM32U595QJI6, STM32U595QJI6Q, STM32U595RIT6, STM32U595RIT6Q, STM32U595RJT6, STM32U595RJT6Q, STM32U595VIT6, STM32U595VIT6Q, STM32U595VJT6, STM32U595VJT6Q, STM32U595ZIT6, STM32U595ZIT6Q, STM32U595ZIY6QTR, STM32U595ZJT6, STM32U595ZJT6Q, STM32U595ZJY6QTR, STM32U599BJY6QTR, STM32U599NIH6Q, STM32U599NJH6Q, STM32U599VIT6Q, STM32U599VJT6, STM32U599VJT6Q, STM32U599ZIT6Q, STM32U599ZIY6QTR, STM32U599ZJT6Q, STM32U599ZJY6QTR, STM32U5A5AJH6, STM32U5A5AJH6Q, STM32U5A5QII3Q , STM32U5A5QJI6, STM32U5A5QJI6Q, STM32U5A5RJT6, STM32U5A5RJT6Q, STM32U5A5VJT6, STM32U5A5VJT6Q, STM32U5A5ZJT6, STM32U5A5ZJT6Q, STM32U5A5ZJY6QTR, STM32U5A9BJY6QTR, STM32U5A9J-DK, STM32U5A9NJH6Q, STM32U5A9VJT6Q, STM32U5A9ZJT6Q, STM32U5A9ZJY6QTR, STM32U5F7VIT6, STM32U5F7VIT6Q, STM32U5F7VJT6, STM32U5F7VJT6Q, STM32U5F9BJY6QTR, STM32U5F9NJH6Q, STM32U5F9VIT6Q, STM32U5F9VJT6Q, STM32U5F9ZIJ6QTR, STM32U5F9ZIT6Q, STM32U5F9ZJJ6QTR, STM32U5F9ZJT6Q, STM32U5G7VJT6, STM32U5G7VJT6Q, STM32U5G9BJY6QTR, STM32U5G9J-DK1, STM32U5G9J-DK2, STM32U5G9NJH6Q, STM32U5G9VJT6Q, STM32U5G9ZJJ6QTR, STM32U5G9ZJT6Q, STM32WB05KZV6TR, STM32WB05KZV7TR, STM32WB05TZF6TR, STM32WB05TZF7TR, STM32WB06CCF6TR, STM32WB06CCF7TR, STM32WB06CCV6TR, STM32WB06CCV7TR, STM32WB06KCV6TR, STM32WB06KCV7TR, STM32WB07CCF6TR, STM32WB07CCF7TR, STM32WB07CCV6TR, STM32WB07CCV7TR, STM32WB07KCV6TR, STM32WB07KCV7TR, STM32WB09KEV6TR, STM32WB09KEV7TR, STM32WB09TEF6TR, STM32WB09TEF7TR, STM32WB1MMCH6, STM32WBA50KGU6, STM32WBA50KGU6TR, STM32WBA52CEU6, STM32WBA52CEU6TR, STM32WBA52CEU7, STM32WBA52CEU7TR, STM32WBA52CGU6, STM32WBA52CGU6TR, STM32WBA52CGU6U, STM32WBA52CGU7, STM32WBA52CGU7TR, STM32WBA52KEU6, STM32WBA52KEU6TR, STM32WBA52KGU6, STM32WBA52KGU6TR, STM32WBA54CEU6, STM32WBA54CEU6TR, STM32WBA54CEU7, STM32WBA54CEU7TR, STM32WBA54CGU6, STM32WBA54CGU6TR, STM32WBA54CGU7, STM32WBA54CGU7TR, STM32WBA54KEU6, STM32WBA54KEU6TR, STM32WBA54KEU7, STM32WBA54KEU7TR, STM32WBA54KGU6, STM32WBA54KGU6TR, STM32WBA54KGU7, STM32WBA54KGU7TR, STM32WBA55CEU6, STM32WBA55CEU6TR, STM32WBA55CEU7, STM32WBA55CEU7TR, STM32WBA55CGU6, STM32WBA55CGU6TR, STM32WBA55CGU6U, STM32WBA55CGU7, STM32WBA55CGU7TR, STM32WBA55G-DK1, STM32WBA55HEF6, STM32WBA55HEF7, STM32WBA55HGF6, STM32WBA55HGF7, STM32WBA55UEI6, STM32WBA55UEI6TR, STM32WBA55UEI7, STM32WBA55UEI7TR, STM32WBA55UGI6, STM32WBA55UGI6TR, STM32WBA55UGI7, STM32WBA55UGI7TR, STM32WBA5MMGH6TR, STM32WBA62MGF6, STM32WBA62MIF6, STM32WBA65MGF7, STM32WBA65MIF6, STM32WBA65MIF7, STM32WL30K8V6, STM32WL30KBV6, STM32WL31C8V6, STM32WL31CBV6, STM32WL31K8V6, STM32WL31KBV6, STM32WL33C8V6, STM32WL33C8V6X, STM32WL33CBV6, STM32WL33CBV6X, STM32WL33CCV6, STM32WL33CCV6A, STM32WL33CCV6X, STM32WL33K8V7, STM32WL33K8V7X, STM32WL33KBV7 , STM32WL33KBV7X, STM32WL33KCV7, STM32WL33KCV7X, STM32WL5MOCH6, STM32WL5MOCH6TR]
2026-07-30 09:35:24,346 [INFO] BoardInfo:889 - No configuration file found for board NUCLEO-H5E5ZJ
2026-07-30 09:35:24,348 [INFO] DbBoards:161 - Board is not supported: NUCLEO-H5E5ZJ
2026-07-30 09:35:24,467 [INFO] BoardInfo:889 - No configuration file found for board NUCLEO-U3C5ZI-Q
2026-07-30 09:35:24,469 [INFO] DbBoards:161 - Board is not supported: NUCLEO-U3C5ZI-Q
2026-07-30 09:35:24,500 [INFO] BoardInfo:889 - No configuration file found for board NUCLEO-WBA25CE1
2026-07-30 09:35:24,502 [INFO] DbBoards:161 - Board is not supported: NUCLEO-WBA25CE1
2026-07-30 09:35:24,522 [INFO] BoardInfo:889 - No configuration file found for board NUCLEO-WL3RKB1
2026-07-30 09:35:24,524 [INFO] DbBoards:161 - Board is not supported: NUCLEO-WL3RKB1
2026-07-30 09:35:24,526 [INFO] BoardInfo:889 - No configuration file found for board NUCLEO-WL3RKB2
2026-07-30 09:35:24,528 [INFO] DbBoards:161 - Board is not supported: NUCLEO-WL3RKB2
2026-07-30 09:35:24,545 [INFO] BoardInfo:889 - No configuration file found for board P-NUCLEO-WB55
2026-07-30 09:35:24,547 [INFO] DbBoards:161 - Kit is not supported: P-NUCLEO-WB55
2026-07-30 09:35:24,560 [INFO] BoardInfo:889 - No configuration file found for board STEVAL-BFA001V1B
2026-07-30 09:35:24,562 [INFO] DbBoards:161 - Kit is not supported: STEVAL-BFA001V1B
2026-07-30 09:35:24,564 [INFO] BoardInfo:889 - No configuration file found for board STEVAL-BFA001V2B
2026-07-30 09:35:24,566 [INFO] DbBoards:161 - Kit is not supported: STEVAL-BFA001V2B
2026-07-30 09:35:24,786 [INFO] BoardInfo:889 - No configuration file found for board STM32H5F5J-DK
2026-07-30 09:35:24,789 [INFO] DbBoards:161 - Board is not supported: STM32H5F5J-DK
2026-07-30 09:35:24,981 [INFO] DbBoards:168 - Found 218 boards, 209 are supported
2026-07-30 09:35:24,981 [INFO] DbBoards:169 - Found 218 boards, 43 of them is supported for  Bsp
2026-07-30 09:35:24,984 [INFO] ApiDb:423 - Load user favorites file C:\Users\ADMIN/.stm32cubeide/favorites.boards.txt: 0 item(s)
2026-07-30 09:35:24,984 [INFO] ApiDb:427 - User favorites Boards=[]
2026-07-30 09:35:24,984 [INFO] DbBoards:198 - Set 0 / 0 favorites Boards
2026-07-30 09:35:24,985 [INFO] McuFinderGlobals:76 - Set McuFinderConnectedMode to true
2026-07-30 09:35:24,994 [INFO] MultiScanPanel:200 - Auto-refresh data requested => check proxy status ongoing
2026-07-30 09:35:24,999 [INFO] FinderPluginLoader:96 - Searching for filters in installed packs
2026-07-30 09:35:27,121 [INFO] LoadUrlFilesThread:185 - End of LoadServerUrlFiles without Thread
2026-07-30 09:35:27,161 [INFO] DetailPanel:341 - Set advertising image to C:/Users/ADMIN/STM32Cube/Repository/\en.stm32h5cubemxbanner.png
2026-07-30 09:35:33,096 [INFO] MultiScanPanel:200 - Auto-refresh data requested => check proxy status ongoing
2026-07-30 09:35:33,299 [INFO] LoadUrlFilesThread:185 - End of LoadServerUrlFiles without Thread
2026-07-30 09:35:33,299 [INFO] DetailPanel:341 - Set advertising image to C:/Users/ADMIN/STM32Cube/Repository/\en.stm32h5cubemxbanner.png
2026-07-30 09:35:33,318 [INFO] DbBoards:642 - Loading board mini-images...
2026-07-30 09:35:36,399 [INFO] DbBoards:665 - Loaded 218 board mini-images
2026-07-30 09:36:36,496 [INFO] MainUpdater:2872 - connection check result : 10
2026-07-30 09:36:36,496 [INFO] MainUpdater:2872 - connection check result : 10
2026-07-30 09:36:36,519 [INFO] MicroXplorer:468 - Change Database Path : 
2026-07-30 09:36:36,519 [INFO] MicroXplorer:498 - Change Database Version : DB.6.0.150
2026-07-30 09:36:36,527 [WARN] ThirdParty:871 - waiting for thirdparty lock release [close project]
2026-07-30 09:36:36,527 [INFO] ThirdParty:873 - entering critical section [close project]
2026-07-30 09:36:36,529 [INFO] ThirdParty:883 - exiting critical section [close project]
2026-07-30 09:36:36,531 [INFO] PinOutPanel:1589 - setPackage(No Configuration,No Configuration)
2026-07-30 09:36:36,533 [INFO] UtilMem:75 - Begin LoadConfig() Used Memory: 560706360 Bytes (739246080)
2026-07-30 09:36:36,539 [INFO] OpenFileManager:355 - Change cursor
2026-07-30 09:36:36,640 [INFO] ProjectFactory:514 - No CPN specified for board B-L4S5I-IOT01A => set CPN to STM32L4S5VIT6
2026-07-30 09:36:36,640 [INFO] Mcu:2029 - Initializing MCU STM32L4S5VITx STM32L4S5VITx STM32L4S5VIT6
2026-07-30 09:36:40,274 [INFO] Context:786 - Trying to add GPIOservice into a context  which must be forbidden
2026-07-30 09:36:41,034 [INFO] Rule:233 - rule 117617 - U5Cobra4M][GTZC] default value MPCBB3 and MPCBB5 - Not Secured memory - MPCBB1 is applicable
2026-07-30 09:36:41,034 [INFO] Rule:233 - rule 117617 - U5Cobra4M][GTZC] default value MPCBB3 and MPCBB5 - Not Secured memory - MPCBB1 is applicable
2026-07-30 09:36:41,034 [INFO] Rule:233 - rule 117617 - U5Cobra4M][GTZC] default value MPCBB3 and MPCBB5 - Not Secured memory - MPCBB2 is applicable
2026-07-30 09:36:41,034 [INFO] Rule:233 - rule 117617 - U5Cobra4M][GTZC] default value MPCBB3 and MPCBB5 - Not Secured memory - MPCBB2 is applicable
2026-07-30 09:36:41,034 [INFO] Rule:233 - rule 117617 - U5Cobra4M][GTZC] default value MPCBB3 and MPCBB5 - Not Secured memory - MPCBB3 is applicable
2026-07-30 09:36:41,034 [INFO] Rule:233 - rule 117617 - U5Cobra4M][GTZC] default value MPCBB3 and MPCBB5 - Not Secured memory - MPCBB3 is applicable
2026-07-30 09:36:41,034 [INFO] Rule:233 - rule 117617 - U5Cobra4M][GTZC] default value MPCBB3 and MPCBB5 - Not Secured memory - MPCBB4 is applicable
2026-07-30 09:36:41,034 [INFO] Rule:233 - rule 117617 - U5Cobra4M][GTZC] default value MPCBB3 and MPCBB5 - Not Secured memory - MPCBB4 is applicable
2026-07-30 09:36:41,034 [INFO] Rule:233 - rule 117617 - U5Cobra4M][GTZC] default value MPCBB3 and MPCBB5 - Secured memory - MPCBB1 is applicable
2026-07-30 09:36:41,034 [INFO] Rule:233 - rule 117617 - U5Cobra4M][GTZC] default value MPCBB3 and MPCBB5 - Secured memory - MPCBB2 is applicable
2026-07-30 09:36:41,035 [INFO] Rule:233 - rule 117617 - U5Cobra4M][GTZC] default value MPCBB3 and MPCBB5 - Secured memory - MPCBB3 is applicable
2026-07-30 09:36:41,035 [INFO] Rule:233 - rule 117617 - U5Cobra4M][GTZC] default value MPCBB3 and MPCBB5 - Secured memory - MPCBB4 is applicable
2026-07-30 09:36:41,035 [INFO] Rule:233 - rule 117617 - U5Cobra4M][GTZC] default value MPCBB3 and MPCBB5 - Privileged memory - MPCBB1 is applicable
2026-07-30 09:36:41,035 [INFO] Rule:233 - rule 117617 - U5Cobra4M][GTZC] default value MPCBB3 and MPCBB5 - Privileged memory - MPCBB2 is applicable
2026-07-30 09:36:41,035 [INFO] Rule:233 - rule 117617 - U5Cobra4M][GTZC] default value MPCBB3 and MPCBB5 - Privileged memory - MPCBB3 is applicable
2026-07-30 09:36:41,035 [INFO] Rule:233 - rule 117617 - U5Cobra4M][GTZC] default value MPCBB3 and MPCBB5 - Privileged memory - MPCBB4 is applicable
2026-07-30 09:36:41,035 [INFO] Rule:233 - rule 117617 - U5Cobra4M][GTZC] default value MPCBB3 and MPCBB5 - Not Privileged memory - MPCBB1 is applicable
2026-07-30 09:36:41,035 [INFO] Rule:233 - rule 117617 - U5Cobra4M][GTZC] default value MPCBB3 and MPCBB5 - Not Privileged memory - MPCBB2 is applicable
2026-07-30 09:36:41,035 [INFO] Rule:233 - rule 117617 - U5Cobra4M][GTZC] default value MPCBB3 and MPCBB5 - Not Privileged memory - MPCBB3 is applicable
2026-07-30 09:36:41,035 [INFO] Rule:233 - rule 117617 - U5Cobra4M][GTZC] default value MPCBB3 and MPCBB5 - Not Privileged memory - MPCBB4 is applicable
2026-07-30 09:36:41,035 [INFO] Rule:233 - rule 117617 - U5Cobra4M][GTZC] default value MPCBB3 and MPCBB5 - Privileged memory - MPCBB1 is applicable
2026-07-30 09:36:41,035 [INFO] Rule:233 - rule 117617 - U5Cobra4M][GTZC] default value MPCBB3 and MPCBB5 - Privileged memory - MPCBB2 is applicable
2026-07-30 09:36:41,035 [INFO] Rule:233 - rule 117617 - U5Cobra4M][GTZC] default value MPCBB3 and MPCBB5 - Privileged memory - MPCBB3 is applicable
2026-07-30 09:36:41,035 [INFO] Rule:233 - rule 117617 - U5Cobra4M][GTZC] default value MPCBB3 and MPCBB5 - Privileged memory - MPCBB4 is applicable
2026-07-30 09:36:41,035 [INFO] Rule:233 - rule 117617 - U5Cobra4M][GTZC] default value MPCBB3 and MPCBB5 - Privileged memory - MPCBB1 is applicable
2026-07-30 09:36:41,035 [INFO] Rule:233 - rule 117617 - U5Cobra4M][GTZC] default value MPCBB3 and MPCBB5 - Privileged memory - MPCBB2 is applicable
2026-07-30 09:36:41,035 [INFO] Rule:233 - rule 117617 - U5Cobra4M][GTZC] default value MPCBB3 and MPCBB5 - Privileged memory - MPCBB3 is applicable
2026-07-30 09:36:41,036 [INFO] Rule:233 - rule 117617 - U5Cobra4M][GTZC] default value MPCBB3 and MPCBB5 - Privileged memory - MPCBB4 is applicable
2026-07-30 09:36:41,036 [INFO] Rule:233 - rule 117617 - U5Cobra4M][GTZC] default value MPCBB3 and MPCBB5 - Not Privileged memory - MPCBB1 is applicable
2026-07-30 09:36:41,036 [INFO] Rule:233 - rule 117617 - U5Cobra4M][GTZC] default value MPCBB3 and MPCBB5 - Not Privileged memory - MPCBB2 is applicable
2026-07-30 09:36:41,036 [INFO] Rule:233 - rule 117617 - U5Cobra4M][GTZC] default value MPCBB3 and MPCBB5 - Not Privileged memory - MPCBB3 is applicable
2026-07-30 09:36:41,036 [INFO] Rule:233 - rule 117617 - U5Cobra4M][GTZC] default value MPCBB3 and MPCBB5 - Not Privileged memory - MPCBB4 is applicable
2026-07-30 09:36:41,036 [INFO] Rule:233 - rule 117617 - U5Cobra4M][GTZC] default value MPCBB3 and MPCBB5 - Privileged memory - MPCBB1 is applicable
2026-07-30 09:36:41,036 [INFO] Rule:233 - rule 117617 - U5Cobra4M][GTZC] default value MPCBB3 and MPCBB5 - Privileged memory - MPCBB2 is applicable
2026-07-30 09:36:41,036 [INFO] Rule:233 - rule 117617 - U5Cobra4M][GTZC] default value MPCBB3 and MPCBB5 - Privileged memory - MPCBB3 is applicable
2026-07-30 09:36:41,036 [INFO] Rule:233 - rule 117617 - U5Cobra4M][GTZC] default value MPCBB3 and MPCBB5 - Privileged memory - MPCBB4 is applicable
2026-07-30 09:36:41,036 [INFO] Rule:233 - rule WakeUp0 Mode is applicable
2026-07-30 09:36:41,036 [INFO] Rule:233 - rule WakeUp0 SIGNAL is applicable
2026-07-30 09:36:41,036 [INFO] Rule:233 - rule WakeUp1 Mode is applicable
2026-07-30 09:36:41,036 [INFO] Rule:233 - rule WakeUp1 SIGNAL is applicable
2026-07-30 09:36:41,036 [INFO] Rule:233 - rule WakeUp2 Mode is applicable
2026-07-30 09:36:41,036 [INFO] Rule:233 - rule WakeUp2 SIGNAL is applicable
2026-07-30 09:36:41,036 [INFO] Rule:233 - rule WakeUp4 Mode is applicable
2026-07-30 09:36:41,037 [INFO] Rule:233 - rule WakeUp4 SIGNAL is applicable
2026-07-30 09:36:41,037 [INFO] Rule:233 - rule WakeUp5 Mode is applicable
2026-07-30 09:36:41,037 [INFO] Rule:233 - rule WakeUp5 SIGNAL is applicable
2026-07-30 09:36:41,037 [INFO] Rule:233 - rule Change Default Value for LSE Drive Capability for WB family is applicable
2026-07-30 09:36:41,038 [INFO] Rule:233 - rule change FDCAN default value is applicable
2026-07-30 09:36:41,038 [INFO] Rule:233 - rule Adapt Old IOC before rework replace old CORTEX_M33/CORTEX_M55 attributes by the new one. is applicable
2026-07-30 09:36:41,038 [INFO] Rule:233 - rule Rename parametre of RCC RCC_APBDBG_DIV2 to RCC_TIMPRES_DIV2 is applicable
2026-07-30 09:36:41,038 [INFO] Rule:233 - rule Rename DIE493 pin PA10 [PA12] -> PA10 is applicable
2026-07-30 09:36:41,038 [INFO] Rule:233 - rule Rename DIE493 pin PA9 [PA11] -> PA9 is applicable
2026-07-30 09:36:41,038 [INFO] Rule:233 - rule Rename DIE492 PartNumber CPN STM32WBA5MJGHx -> STM32WBA5MMGHx is applicable
2026-07-30 09:36:41,038 [INFO] Rule:233 - rule Rename DIE492 PartNumber  Name STM32WBA5MJGHx -> STM32WBA5MMGHx is applicable
2026-07-30 09:36:41,038 [INFO] Rule:233 - rule Rename DIE492 PartNumber UserName STM32WBA5MJGHx -> STM32WBA5MMGHx is applicable
2026-07-30 09:36:41,038 [INFO] Rule:233 - rule Rename DIE492 PartNumber DeviceId STM32WBA5MJGHx -> STM32WBA5MMGHx is applicable
2026-07-30 09:36:41,038 [INFO] Rule:233 - rule Adapt Old IOC CSI. is applicable
2026-07-30 09:36:41,038 [INFO] Rule:233 - rule Adapt Old IOC DCMIPP. is applicable
2026-07-30 09:36:41,038 [INFO] Rule:233 - rule Adapt Old IOC DCMIPP Mode Parallel. is applicable
2026-07-30 09:36:41,039 [INFO] Rule:233 - rule Adapt Old IOC LTDC. is applicable
2026-07-30 09:36:41,039 [INFO] Rule:233 - rule Rename STM32MP2 RIF Peripheral LTDC RIF.RISUP.LTDC_L0L1.Privilege -> RIF.RISUP.LTDC_L1L2.Privilege is applicable
2026-07-30 09:36:41,039 [INFO] Rule:233 - rule Rename STM32MP2 RIF Peripheral LTDC RIF.RISUP.LTDC_L0L1.Privilege -> RIF.RISUP.LTDC_L1L2.Privilege is applicable
2026-07-30 09:36:41,039 [INFO] Rule:233 - rule Rename STM32MP2 RIF Peripheral LTDC RIF.RISUP.LTDC_L0L1.Lock -> RIF.RISUP.LTDC_L1L2.Lock is applicable
2026-07-30 09:36:41,039 [INFO] Rule:233 - rule Rename STM32MP2 RIF Peripheral LTDC RIF.RISUP.LTDC_L2.Lock -> RIF.RISUP.LTDC_L3.Lock is applicable
2026-07-30 09:36:41,039 [INFO] Rule:233 - rule Adapt the old IOC example for updating the SYS when it is misconfigured. is applicable
2026-07-30 09:36:41,039 [INFO] Rule:233 - rule Rename STM32C09 Mcu.Package LQFP64 -> LQFP48 is applicable
2026-07-30 09:36:41,039 [INFO] Rule:233 - rule Adapt the old IOC example for updating the SYS when it is misconfigured. is applicable
2026-07-30 09:36:41,039 [INFO] Rule:233 - rule Adapt the old IOC example for updating the SYS when it is misconfigured. is applicable
2026-07-30 09:36:41,052 [INFO] DbConfProperties:307 - Apply Compatibility (5/68 Rules)
2026-07-30 09:36:41,116 [INFO] ImportTextPane:234 - (OptionalMessage_ERROR) Pin84 (VP_RIF_VS_RIF1) cannot be retrieved for this MCU
2026-07-30 09:36:41,380 [INFO] RtosManager:558 - Registered RTOS mode: class=CMSIS, group=RTOS, mode=CMSIS_V1, owner=FREERTOS
2026-07-30 09:36:41,380 [INFO] RtosManager:558 - Registered RTOS mode: class=CMSIS, group=RTOS2, mode=CMSIS_V2, owner=FREERTOS
2026-07-30 09:36:41,380 [INFO] RtosManager:558 - Registered RTOS mode: class=RTOS, group=Core, mode=CMSIS_V1, owner=FREERTOS
2026-07-30 09:36:41,381 [INFO] RtosManager:558 - Registered RTOS mode: class=RTOS, group=Core, mode=CMSIS_V2, owner=FREERTOS
2026-07-30 09:36:41,381 [WARN] ModelIntegratedComponent:184 - Missing modes for component STMicroelectronics:FreeRTOS:0.0.1:STMicroelectronics:RTOS:FreeRTOS:Core:::10.2.0:
2026-07-30 09:36:41,555 [WARN] ModelIntegratedComponent:63 - No mode defined for component null
2026-07-30 09:36:41,555 [WARN] ModelIntegratedComponent:63 - No mode defined for component null
2026-07-30 09:36:41,555 [WARN] ModelIntegratedComponent:63 - No mode defined for component null
2026-07-30 09:36:41,555 [WARN] ModelIntegratedComponent:63 - No mode defined for component null
2026-07-30 09:36:41,555 [WARN] ModelIntegratedComponent:63 - No mode defined for component null
2026-07-30 09:36:41,555 [WARN] ModelIntegratedComponent:63 - No mode defined for component null
2026-07-30 09:36:41,555 [WARN] ModelIntegratedComponent:63 - No mode defined for component null
2026-07-30 09:36:41,555 [WARN] ModelIntegratedComponent:63 - No mode defined for component null
2026-07-30 09:36:41,555 [WARN] ModelIntegratedComponent:63 - No mode defined for component null
2026-07-30 09:36:41,555 [WARN] ModelIntegratedComponent:63 - No mode defined for component null
2026-07-30 09:36:41,555 [WARN] ModelIntegratedComponent:63 - No mode defined for component null
2026-07-30 09:36:41,555 [WARN] ModelIntegratedComponent:63 - No mode defined for component null
2026-07-30 09:36:41,555 [WARN] ModelIntegratedComponent:63 - No mode defined for component null
2026-07-30 09:36:41,555 [WARN] ModelIntegratedComponent:63 - No mode defined for component null
2026-07-30 09:36:41,555 [WARN] ModelIntegratedComponent:63 - No mode defined for component null
2026-07-30 09:36:41,555 [WARN] ModelIntegratedComponent:63 - No mode defined for component null
2026-07-30 09:36:41,555 [WARN] ModelIntegratedComponent:63 - No mode defined for component null
2026-07-30 09:36:41,555 [WARN] ModelIntegratedComponent:63 - No mode defined for component null
2026-07-30 09:36:41,555 [WARN] ModelIntegratedComponent:63 - No mode defined for component null
2026-07-30 09:36:41,556 [WARN] ModelIntegratedComponent:63 - No mode defined for component null
2026-07-30 09:36:41,556 [WARN] ModelIntegratedComponent:63 - No mode defined for component null
2026-07-30 09:36:41,556 [WARN] ModelIntegratedComponent:63 - No mode defined for component null
2026-07-30 09:36:41,556 [WARN] ModelIntegratedComponent:63 - No mode defined for component null
2026-07-30 09:36:41,556 [WARN] ModelIntegratedComponent:63 - No mode defined for component null
2026-07-30 09:36:41,556 [WARN] ModelIntegratedComponent:63 - No mode defined for component null
2026-07-30 09:36:41,556 [WARN] ModelIntegratedComponent:63 - No mode defined for component null
2026-07-30 09:36:41,556 [WARN] ModelIntegratedComponent:63 - No mode defined for component null
2026-07-30 09:36:41,556 [WARN] ModelIntegratedComponent:63 - No mode defined for component null
2026-07-30 09:36:41,556 [WARN] ModelIntegratedComponent:63 - No mode defined for component null
2026-07-30 09:36:41,556 [WARN] ModelIntegratedComponent:63 - No mode defined for component null
2026-07-30 09:36:41,556 [WARN] ModelIntegratedComponent:63 - No mode defined for component null
2026-07-30 09:36:41,556 [WARN] ModelIntegratedComponent:63 - No mode defined for component null
2026-07-30 09:36:41,556 [WARN] ModelIntegratedComponent:63 - No mode defined for component null
2026-07-30 09:36:41,556 [WARN] ModelIntegratedComponent:63 - No mode defined for component null
2026-07-30 09:36:41,556 [WARN] ModelIntegratedComponent:63 - No mode defined for component null
2026-07-30 09:36:41,556 [WARN] ModelPack:524 - Component already loaded: STMicroelectronics:HAL Drivers:0.0.0:STMicroelectronics:Device:STMicro_Driver:XSPI:HAL::0.0.1:HAL_XSPI
2026-07-30 09:36:41,623 [INFO] ThirdPartyModel:298 - Start build external matchings
2026-07-30 09:36:42,180 [INFO] ThirdPartyModel:316 - End build external matchings
2026-07-30 09:36:42,216 [WARN] IP:2250 - MaxTran not found: check if there is a RefParameter without a condition.
2026-07-30 09:36:42,216 [WARN] IP:2250 - Refresh not found: check if there is a RefParameter without a condition.
2026-07-30 09:36:42,217 [INFO] ImportTextPane:234 - (OptionalMessage_ERROR) IP (RCC) : Invalid parameter (FamilyName)
2026-07-30 09:36:42,615 [INFO] UtilMem:75 - End LoadConfig() Used Memory: 737530840 Bytes (956301312)
2026-07-30 09:36:42,788 [WARN] ThirdParty:833 - waiting for thirdparty lock release [change project]
2026-07-30 09:36:42,789 [INFO] ThirdParty:835 - entering critical section [change project]
2026-07-30 09:36:42,789 [INFO] ThirdParty:1030 - CMSIS Pack Vendor :STMicroelectronics X-CUBE-AZRTOS-H7 3.5.0
2026-07-30 09:36:42,789 [INFO] ThirdParty:1030 - CMSIS Pack Vendor :STMicroelectronics X-CUBE-PM33A1 1.0.0
2026-07-30 09:36:42,789 [INFO] ThirdParty:1030 - CMSIS Pack Vendor :STMicroelectronics USBPD 4.1
2026-07-30 09:36:42,789 [INFO] ThirdParty:1030 - CMSIS Pack Vendor :STMicroelectronics X-CUBE-NFC9 1.0.0
2026-07-30 09:36:42,789 [INFO] ThirdParty:1030 - CMSIS Pack Vendor :STMicroelectronics USB_HOST 2.0.0
2026-07-30 09:36:42,789 [INFO] ThirdParty:1030 - CMSIS Pack Vendor :STMicroelectronics FP-ATR-ASTRA1 2.0.3
2026-07-30 09:36:42,789 [INFO] ThirdParty:1030 - CMSIS Pack Vendor :STMicroelectronics X-CUBE-AZRTOS-F4 1.1.0
2026-07-30 09:36:42,789 [INFO] ThirdParty:1030 - CMSIS Pack Vendor :STMicroelectronics LIBJPEG 8.0.0
2026-07-30 09:36:42,789 [INFO] ThirdParty:1030 - CMSIS Pack Vendor :STMicroelectronics X-CUBE-BLE1 7.1.0
2026-07-30 09:36:42,789 [INFO] ThirdParty:1030 - CMSIS Pack Vendor :wolfSSL I-CUBE-wolfMQTT 1.19.2
2026-07-30 09:36:42,789 [INFO] ThirdParty:1030 - CMSIS Pack Vendor :STMicroelectronics USB_DEVICE 3.0.0
2026-07-30 09:36:42,790 [INFO] ThirdParty:1030 - CMSIS Pack Vendor :STMicroelectronics X-CUBE-ISPU 2.1.0
2026-07-30 09:36:42,790 [INFO] ThirdParty:1030 - CMSIS Pack Vendor :STMicroelectronics X-CUBE-EEPRMA1 5.2.0
2026-07-30 09:36:42,790 [INFO] ThirdParty:1030 - CMSIS Pack Vendor :STMicroelectronics X-CUBE-IPS 3.2.0
2026-07-30 09:36:42,790 [INFO] ThirdParty:1030 - CMSIS Pack Vendor :STMicroelectronics eDS-WB_DPC_TT-BIDIR 2.1.1
2026-07-30 09:36:42,790 [INFO] ThirdParty:1030 - CMSIS Pack Vendor :STMicroelectronics X-CUBE-AZRTOS-WB 2.0.0
2026-07-30 09:36:42,790 [INFO] ThirdParty:1030 - CMSIS Pack Vendor :STMicroelectronics X-CUBE-NFC12 1.0.0
2026-07-30 09:36:42,790 [INFO] ThirdParty:1030 - CMSIS Pack Vendor :STMicroelectronics X-CUBE-AZRTOS-F7 1.1.0
2026-07-30 09:36:42,790 [INFO] ThirdParty:1030 - CMSIS Pack Vendor :STMicroelectronics X-CUBE-AZRTOS-L5 2.0.0
2026-07-30 09:36:42,790 [INFO] ThirdParty:1030 - CMSIS Pack Vendor :STMicroelectronics USB_DEVICE 2.0.0
2026-07-30 09:36:42,790 [INFO] ThirdParty:1030 - CMSIS Pack Vendor :STMicroelectronics X-CUBE-FREERTOS 1.6.0
2026-07-30 09:36:42,790 [INFO] ThirdParty:1030 - CMSIS Pack Vendor :STMicroelectronics FP-SNS-STAIOTCFT 1.1.0
2026-07-30 09:36:42,790 [INFO] ThirdParty:1030 - CMSIS Pack Vendor :quantropi X-CUBE-qispace-sdk-base 2.1.0
2026-07-30 09:36:42,790 [INFO] ThirdParty:1030 - CMSIS Pack Vendor :STMicroelectronics X-CUBE-STSE01 2.0.0
2026-07-30 09:36:42,790 [INFO] ThirdParty:1030 - CMSIS Pack Vendor :STMicroelectronics X-CUBE-ALGOBUILD 1.5.0
2026-07-30 09:36:42,791 [INFO] ThirdParty:1030 - CMSIS Pack Vendor :STMicroelectronics FP-SNS-MOTENV1 5.1.0
2026-07-30 09:36:42,791 [INFO] ThirdParty:1030 - CMSIS Pack Vendor :STMicroelectronics FreeRTOS 0.0.1
2026-07-30 09:36:42,791 [INFO] ThirdParty:1030 - CMSIS Pack Vendor :STMicroelectronics X-CUBE-AZRTOS-H7RS 1.3.0
2026-07-30 09:36:42,791 [INFO] ThirdParty:1030 - CMSIS Pack Vendor :STMicroelectronics X-CUBE-AZRTOS-G0 1.1.0
2026-07-30 09:36:42,791 [INFO] ThirdParty:1030 - CMSIS Pack Vendor :STMicroelectronics X-CUBE-NFC4 3.0.0
2026-07-30 09:36:42,791 [INFO] ThirdParty:1030 - CMSIS Pack Vendor :STMicroelectronics X-CUBE-SUBG2 5.0.0
2026-07-30 09:36:42,791 [INFO] ThirdParty:1030 - CMSIS Pack Vendor :STMicroelectronics STM32_WPAN 1.0.0
2026-07-30 09:36:42,791 [INFO] ThirdParty:1030 - CMSIS Pack Vendor :STMicroelectronics eDS-WB_DPC_VIENNA 1.2.0
2026-07-30 09:36:42,791 [INFO] ThirdParty:1030 - CMSIS Pack Vendor :EmbeddedOffice I-CUBE-FS-RTOS 1.0.1
2026-07-30 09:36:42,791 [INFO] ThirdParty:1030 - CMSIS Pack Vendor :STMicroelectronics lwIP 2.0.3
2026-07-30 09:36:42,791 [INFO] ThirdParty:1030 - CMSIS Pack Vendor :WES I-CUBE-Cesium 1.4.0
2026-07-30 09:36:42,791 [INFO] ThirdParty:1030 - CMSIS Pack Vendor :STMicroelectronics X-CUBE-MEMS1 13.0.0
2026-07-30 09:36:42,791 [INFO] ThirdParty:1030 - CMSIS Pack Vendor :STMicroelectronics eDS-WB_DPC_3PH2L-BIDIR 1.1.1
2026-07-30 09:36:42,791 [INFO] ThirdParty:1030 - CMSIS Pack Vendor :STMicroelectronics USB_HOST 1.0.0
2026-07-30 09:36:42,791 [INFO] ThirdParty:1030 - CMSIS Pack Vendor :STMicroelectronics X-CUBE-AZRTOS-G4 2.0.0
2026-07-30 09:36:42,791 [INFO] ThirdParty:1030 - CMSIS Pack Vendor :STMicroelectronics PDM2PCM 3.1.0
2026-07-30 09:36:42,791 [INFO] ThirdParty:1030 - CMSIS Pack Vendor :STMicroelectronics PDM2PCM 3.3.0
2026-07-30 09:36:42,791 [INFO] ThirdParty:1030 - CMSIS Pack Vendor :wolfSSL I-CUBE-wolfTPM 3.8.0
2026-07-30 09:36:42,791 [INFO] ThirdParty:1030 - CMSIS Pack Vendor :STMicroelectronics X-CUBE-DISPLAY 3.0.0
2026-07-30 09:36:42,791 [INFO] ThirdParty:1030 - CMSIS Pack Vendor :wolfSSL I-CUBE-wolfSSH 1.4.20
2026-07-30 09:36:42,791 [INFO] ThirdParty:1030 - CMSIS Pack Vendor :STMicroelectronics X-CUBE-NFC7 2.0.0
2026-07-30 09:36:42,791 [INFO] ThirdParty:1030 - CMSIS Pack Vendor :STMicroelectronics X-CUBE-GNSS1 7.1.1
2026-07-30 09:36:42,791 [INFO] ThirdParty:1030 - CMSIS Pack Vendor :STMicroelectronics FP-SNS-MOTENVWB1 1.5.0
2026-07-30 09:36:42,791 [INFO] ThirdParty:1030 - CMSIS Pack Vendor :STMicroelectronics X-CUBE-TCPP 4.2.0
2026-07-30 09:36:42,791 [INFO] ThirdParty:1030 - CMSIS Pack Vendor :RealThread X-CUBE-RT-Thread_Nano 4.1.1
2026-07-30 09:36:42,791 [INFO] ThirdParty:1030 - CMSIS Pack Vendor :STMicroelectronics FP-ATR-SIGFOX1 3.2.0
2026-07-30 09:36:42,791 [INFO] ThirdParty:1030 - CMSIS Pack Vendor :STMicroelectronics X-CUBE-NFC10 1.0.0
2026-07-30 09:36:42,792 [INFO] ThirdParty:1030 - CMSIS Pack Vendor :STMicroelectronics HAL Drivers 0.0.0
2026-07-30 09:36:42,792 [INFO] ThirdParty:1030 - CMSIS Pack Vendor :STMicroelectronics MBEDTLS 2.16.2
2026-07-30 09:36:42,792 [INFO] ThirdParty:1030 - CMSIS Pack Vendor :STMicroelectronics X-CUBE-ST60 1.1.0
2026-07-30 09:36:42,792 [INFO] ThirdParty:1030 - CMSIS Pack Vendor :STMicroelectronics X-CUBE-ALS 1.0.2
2026-07-30 09:36:42,792 [INFO] ThirdParty:1030 - CMSIS Pack Vendor :emotas I-CUBE-CANOPEN 1.3.0
2026-07-30 09:36:42,792 [INFO] ThirdParty:1030 - CMSIS Pack Vendor :wolfSSL I-CUBE-wolfSSL 5.9.2
2026-07-30 09:36:42,792 [INFO] ThirdParty:1030 - CMSIS Pack Vendor :STMicroelectronics MBEDTLS 2.14.1
2026-07-30 09:36:42,792 [INFO] ThirdParty:1030 - CMSIS Pack Vendor :ITTIA_DB I-CUBE-ITTIADB 8.9.0
2026-07-30 09:36:42,792 [INFO] ThirdParty:1030 - CMSIS Pack Vendor :Cesanta I-CUBE-Mongoose 7.21.7
2026-07-30 09:36:42,792 [INFO] ThirdParty:1030 - CMSIS Pack Vendor :STMicroelectronics X-CUBE-TOUCHGFX 4.26.1
2026-07-30 09:36:42,792 [INFO] ThirdParty:1030 - CMSIS Pack Vendor :STMicroelectronics X-CUBE-NFC6 3.2.0
2026-07-30 09:36:42,792 [INFO] ThirdParty:1030 - CMSIS Pack Vendor :STMicroelectronics FP-SNS-STBOX1 2.1.0
2026-07-30 09:36:42,792 [INFO] ThirdParty:1030 - CMSIS Pack Vendor :STMicroelectronics X-CUBE-AI 10.2.1
2026-07-30 09:36:42,792 [INFO] ThirdParty:1030 - CMSIS Pack Vendor :STMicroelectronics ThreadX 1.0.0
2026-07-30 09:36:42,792 [INFO] ThirdParty:1030 - CMSIS Pack Vendor :STMicroelectronics FP-SNS-SMARTAG2 1.2.0
2026-07-30 09:36:42,792 [INFO] ThirdParty:1030 - CMSIS Pack Vendor :STMicroelectronics FP-SNS-FLIGHT1 5.1.0
2026-07-30 09:36:42,792 [INFO] ThirdParty:1030 - CMSIS Pack Vendor :STMicroelectronics X-CUBE-AZRTOS-WL 2.0.0
2026-07-30 09:36:42,792 [INFO] ThirdParty:1030 - CMSIS Pack Vendor :SEGGER I-CUBE-embOS 1.3.1
2026-07-30 09:36:42,792 [INFO] ThirdParty:1030 - CMSIS Pack Vendor :STMicroelectronics X-CUBE-DPower 1.3.0
2026-07-30 09:36:42,792 [INFO] ThirdParty:1030 - CMSIS Pack Vendor :STMicroelectronics USB_DEVICE 1.0.0
2026-07-30 09:36:42,792 [INFO] ThirdParty:1030 - CMSIS Pack Vendor :STMicroelectronics X-CUBE-AZRTOS-L4 2.0.0
2026-07-30 09:36:42,792 [INFO] ThirdParty:1030 - CMSIS Pack Vendor :STMicroelectronics ThreadX 0.0.2
2026-07-30 09:36:42,792 [INFO] ThirdParty:1030 - CMSIS Pack Vendor :STMicroelectronics lwIP 2.1.2
2026-07-30 09:36:42,792 [INFO] ThirdParty:1030 - CMSIS Pack Vendor :STMicroelectronics X-CUBE-SFXS2LP1 4.0.0
2026-07-30 09:36:42,792 [INFO] ThirdParty:1030 - CMSIS Pack Vendor :STMicroelectronics X-CUBE-BLE2 3.3.0
2026-07-30 09:36:42,792 [INFO] ThirdParty:1030 - CMSIS Pack Vendor :Avnet-IOTCONNECT X-CUBE-iotc-st67-sdk 1.0.0
2026-07-30 09:36:42,792 [INFO] ThirdParty:1030 - CMSIS Pack Vendor :STMicroelectronics X-CUBE-TOF1 3.4.3
2026-07-30 09:36:42,793 [INFO] ThirdParty:1030 - CMSIS Pack Vendor :Infineon AIROC-Wi-Fi-Bluetooth-STM32 1.8.0
2026-07-30 09:36:42,793 [INFO] ThirdParty:1030 - CMSIS Pack Vendor :STMicroelectronics X-CUBE-NFC13 1.0.0
2026-07-30 09:36:42,793 [INFO] ThirdParty:1030 - CMSIS Pack Vendor :STMicroelectronics PDM2PCM 3.2.0
2026-07-30 09:36:42,793 [INFO] ThirdParty:1030 - CMSIS Pack Vendor :STMicroelectronics X-CUBE-WB05N 2.1.0
2026-07-30 09:36:42,793 [INFO] ThirdParty:841 - exiting critical section [change project]
2026-07-30 09:36:43,456 [INFO] PinOutPanel:1589 - setPackage(No Configuration,No Configuration)
2026-07-30 09:36:43,459 [INFO] PinOutPanel:1589 - setPackage(STM32L4S5VITx,LQFP100)
2026-07-30 09:36:44,446 [INFO] UtilMem:75 - Before build in PCC Used Memory: 622818688 Bytes (956301312)
2026-07-30 09:36:46,345 [INFO] UtilMem:75 - After build in PCC Used Memory: 743927168 Bytes (956301312)
2026-07-30 09:36:46,396 [INFO] IPUIPlugin:80 - create IPUIPlugin
2026-07-30 09:36:46,397 [INFO] IPUIPlugin:80 - create IPUIPlugin
2026-07-30 09:36:46,397 [INFO] IPUIPlugin:80 - create IPUIPlugin
2026-07-30 09:36:46,397 [INFO] IPUIPlugin:80 - create IPUIPlugin
2026-07-30 09:36:46,397 [INFO] IPUIPlugin:80 - create IPUIPlugin
2026-07-30 09:36:46,397 [INFO] IPUIPlugin:80 - create IPUIPlugin
2026-07-30 09:36:46,397 [INFO] IPUIPlugin:80 - create IPUIPlugin
2026-07-30 09:36:46,397 [INFO] IPUIPlugin:80 - create IPUIPlugin
2026-07-30 09:36:46,398 [INFO] IPUIPlugin:80 - create IPUIPlugin
2026-07-30 09:36:46,398 [INFO] IPUIPlugin:80 - create IPUIPlugin
2026-07-30 09:36:46,398 [INFO] IPUIPlugin:80 - create IPUIPlugin
2026-07-30 09:36:46,398 [INFO] IPUIPlugin:80 - create IPUIPlugin
2026-07-30 09:36:46,398 [INFO] IPUIPlugin:80 - create IPUIPlugin
2026-07-30 09:36:46,398 [INFO] IPUIPlugin:80 - create IPUIPlugin
2026-07-30 09:36:46,398 [INFO] IPUIPlugin:80 - create IPUIPlugin
2026-07-30 09:36:46,398 [INFO] IPUIPlugin:80 - create IPUIPlugin
2026-07-30 09:36:46,399 [INFO] IPUIPlugin:80 - create IPUIPlugin
2026-07-30 09:36:46,399 [INFO] IPUIPlugin:80 - create IPUIPlugin
2026-07-30 09:36:46,399 [INFO] IPUIPlugin:80 - create IPUIPlugin
2026-07-30 09:36:46,399 [INFO] IPUIPlugin:80 - create IPUIPlugin
2026-07-30 09:36:46,399 [INFO] IPUIPlugin:80 - create IPUIPlugin
2026-07-30 09:36:46,399 [INFO] IPUIPlugin:80 - create IPUIPlugin
2026-07-30 09:36:46,399 [INFO] IPUIPlugin:80 - create IPUIPlugin
2026-07-30 09:36:46,400 [INFO] IPUIPlugin:80 - create IPUIPlugin
2026-07-30 09:36:46,400 [INFO] IPUIPlugin:80 - create IPUIPlugin
2026-07-30 09:36:46,400 [INFO] IPUIPlugin:80 - create IPUIPlugin
2026-07-30 09:36:46,401 [INFO] IPUIPlugin:80 - create IPUIPlugin
2026-07-30 09:36:46,401 [INFO] IPUIPlugin:80 - create IPUIPlugin
2026-07-30 09:36:46,401 [INFO] IPUIPlugin:80 - create IPUIPlugin
2026-07-30 09:36:46,402 [INFO] IPUIPlugin:80 - create IPUIPlugin
2026-07-30 09:36:46,402 [INFO] IPUIPlugin:80 - create IPUIPlugin
2026-07-30 09:36:46,402 [INFO] IPUIPlugin:80 - create IPUIPlugin
2026-07-30 09:36:46,403 [INFO] IPUIPlugin:80 - create IPUIPlugin
2026-07-30 09:36:46,403 [INFO] IPUIPlugin:80 - create IPUIPlugin
2026-07-30 09:36:46,403 [INFO] IPUIPlugin:80 - create IPUIPlugin
2026-07-30 09:36:46,403 [INFO] IPUIPlugin:80 - create IPUIPlugin
2026-07-30 09:36:46,403 [INFO] IPUIPlugin:80 - create IPUIPlugin
2026-07-30 09:36:46,404 [INFO] IPUIPlugin:80 - create IPUIPlugin
2026-07-30 09:36:46,404 [INFO] IPUIPlugin:80 - create IPUIPlugin
2026-07-30 09:36:46,404 [INFO] IPUIPlugin:80 - create IPUIPlugin
2026-07-30 09:36:46,404 [INFO] IPUIPlugin:80 - create IPUIPlugin
2026-07-30 09:36:46,405 [INFO] IPUIPlugin:80 - create IPUIPlugin
2026-07-30 09:36:46,405 [INFO] IPUIPlugin:80 - create IPUIPlugin
2026-07-30 09:36:46,405 [INFO] IPUIPlugin:80 - create IPUIPlugin
2026-07-30 09:36:46,405 [INFO] IPUIPlugin:80 - create IPUIPlugin
2026-07-30 09:36:46,406 [INFO] IPUIPlugin:80 - create IPUIPlugin
2026-07-30 09:36:46,406 [INFO] IPUIPlugin:80 - create IPUIPlugin
2026-07-30 09:36:46,406 [INFO] IPUIPlugin:80 - create IPUIPlugin
2026-07-30 09:36:46,406 [INFO] IPUIPlugin:80 - create IPUIPlugin
2026-07-30 09:36:46,407 [INFO] IPUIPlugin:80 - create IPUIPlugin
2026-07-30 09:36:46,407 [INFO] IPUIPlugin:80 - create IPUIPlugin
2026-07-30 09:36:46,407 [INFO] IPUIPlugin:80 - create IPUIPlugin
2026-07-30 09:36:46,407 [INFO] IPUIPlugin:80 - create IPUIPlugin
2026-07-30 09:36:46,408 [INFO] IPUIPlugin:80 - create IPUIPlugin
2026-07-30 09:36:46,408 [INFO] IPUIPlugin:80 - create IPUIPlugin
2026-07-30 09:36:46,408 [INFO] IPUIPlugin:80 - create IPUIPlugin
2026-07-30 09:36:46,409 [INFO] IPUIPlugin:80 - create IPUIPlugin
2026-07-30 09:36:46,409 [INFO] IPUIPlugin:80 - create IPUIPlugin
2026-07-30 09:36:46,409 [INFO] IPUIPlugin:80 - create IPUIPlugin
2026-07-30 09:36:46,410 [INFO] IPUIPlugin:80 - create IPUIPlugin
2026-07-30 09:36:46,410 [INFO] IPUIPlugin:80 - create IPUIPlugin
2026-07-30 09:36:46,411 [INFO] IPUIPlugin:80 - create IPUIPlugin
2026-07-30 09:36:46,411 [INFO] IPUIPlugin:80 - create IPUIPlugin
2026-07-30 09:36:46,821 [INFO] CADModel:165 - CPN selected for project levelSTM32L4S5VIT6
2026-07-30 09:36:46,822 [INFO] CADModel:114 - Register for checkConnection events
2026-07-30 09:36:46,876 [INFO] OpenFileManager:386 - Restore cursor
2026-07-30 09:36:47,475 [WARN] IP:2250 - MaxTran not found: check if there is a RefParameter without a condition.
2026-07-30 09:36:47,475 [WARN] IP:2250 - Refresh not found: check if there is a RefParameter without a condition.
2026-07-30 09:36:47,476 [WARN] IP:2250 - MaxTran not found: check if there is a RefParameter without a condition.
2026-07-30 09:36:47,476 [WARN] IP:2250 - Refresh not found: check if there is a RefParameter without a condition.
2026-07-30 09:36:48,822 [INFO] UtilMem:75 - End SaveConfig() Used Memory: 676108952 Bytes (956301312)
2026-07-30 09:36:48,991 [INFO] UtilMem:75 - End SaveConfig() Used Memory: 694948968 Bytes (956301312)
2026-07-30 09:36:49,786 [INFO] BlockDiagram:2775 - set Specific Code input for plugin: SPI
2026-07-30 09:36:49,786 [INFO] BlockDiagram:2775 - set Specific Code input for plugin: SPI
2026-07-30 09:36:49,786 [INFO] BlockDiagram:2775 - set Specific Code input for plugin: DFSDM
2026-07-30 09:36:49,786 [INFO] BlockDiagram:2775 - set Specific Code input for plugin: SYS
2026-07-30 09:36:49,786 [INFO] BlockDiagram:2775 - set Specific Code input for plugin: ADC
2026-07-30 09:36:49,786 [INFO] BlockDiagram:2775 - set Specific Code input for plugin: RCC
2026-07-30 09:36:49,786 [INFO] BlockDiagram:2775 - set Specific Code input for plugin: I2C
2026-07-30 09:36:49,786 [INFO] BlockDiagram:2775 - set Specific Code input for plugin: I2C
2026-07-30 09:36:49,786 [INFO] BlockDiagram:2775 - set Specific Code input for plugin: USB_OTG_FS
2026-07-30 09:36:49,786 [INFO] BlockDiagram:2775 - set Specific Code input for plugin: NVIC
2026-07-30 09:36:49,786 [INFO] BlockDiagram:2775 - set Specific Code input for plugin: USART
2026-07-30 09:36:49,786 [INFO] BlockDiagram:2775 - set Specific Code input for plugin: USART
2026-07-30 09:36:49,786 [INFO] BlockDiagram:2775 - set Specific Code input for plugin: USART
2026-07-30 09:36:49,786 [INFO] BlockDiagram:2775 - set Specific Code input for plugin: OCTOSPI
2026-07-30 09:36:49,786 [INFO] BlockDiagram:2775 - set Specific Code input for plugin: UART
2026-07-30 09:36:49,788 [INFO] BlockDiagram:2775 - set Specific Code input for plugin: GPIO
2026-07-30 09:36:49,789 [INFO] CodeGenerator:892 - code generatio: config db path: C:\ST\STM32CubeIDE_1.19.0\STM32CubeIDE\plugins\com.st.stm32cube.common.mx_6.15.0.202507011659\\db\
2026-07-30 09:36:49,868 [WARN] IP:2250 - MaxTran not found: check if there is a RefParameter without a condition.
2026-07-30 09:36:49,868 [WARN] IP:2250 - Refresh not found: check if there is a RefParameter without a condition.
2026-07-30 09:36:50,131 [INFO] CodeEngine:265 - oldGeneratedFile, D:\Anusha_TinyML_FDP\TinyML_Workshop_Nitte-\STM32\On_Board_IMU\MXTmpFiles\license.tmp_save
2026-07-30 09:36:50,736 [INFO] CodeEngine:289 - Generated code: D:\Anusha_TinyML_FDP\TinyML_Workshop_Nitte-\STM32\On_Board_IMU\MXTmpFiles\license.tmp
2026-07-30 09:36:51,244 [INFO] CodeEngine:265 - oldGeneratedFile, D:\Anusha_TinyML_FDP\TinyML_Workshop_Nitte-\STM32\On_Board_IMU\MXTmpFiles\gpio.tmp_save
2026-07-30 09:36:51,508 [INFO] CodeEngine:289 - Generated code: D:\Anusha_TinyML_FDP\TinyML_Workshop_Nitte-\STM32\On_Board_IMU\MXTmpFiles\gpio.tmp
2026-07-30 09:36:54,405 [WARN] IPConfigManager:103 - WARNING: Missing Config File for USB ip!!
2026-07-30 09:36:54,590 [WARN] IPConfigManager:3238 - Warning: the RefConfig PWREx_EnableUSBVoltageDetector is not available in your config.xml file
2026-07-30 09:36:54,620 [INFO] CodeEngine:265 - oldGeneratedFile, D:\Anusha_TinyML_FDP\TinyML_Workshop_Nitte-\STM32\On_Board_IMU\Core\Src\stm32l4xx_it.c_save
2026-07-30 09:36:54,814 [INFO] CodeEngine:289 - Generated code: D:\Anusha_TinyML_FDP\TinyML_Workshop_Nitte-\STM32\On_Board_IMU\Core\Src\stm32l4xx_it.c
2026-07-30 09:36:54,819 [INFO] CodeEngine:265 - oldGeneratedFile, D:\Anusha_TinyML_FDP\TinyML_Workshop_Nitte-\STM32\On_Board_IMU\Core\Inc\stm32l4xx_it.h_save
2026-07-30 09:36:54,907 [INFO] CodeEngine:289 - Generated code: D:\Anusha_TinyML_FDP\TinyML_Workshop_Nitte-\STM32\On_Board_IMU\Core\Inc\stm32l4xx_it.h
2026-07-30 09:36:54,937 [INFO] CodeEngine:265 - oldGeneratedFile, D:\Anusha_TinyML_FDP\TinyML_Workshop_Nitte-\STM32\On_Board_IMU\Core\Src\stm32l4xx_hal_msp.c_save
2026-07-30 09:36:55,182 [INFO] CodeEngine:289 - Generated code: D:\Anusha_TinyML_FDP\TinyML_Workshop_Nitte-\STM32\On_Board_IMU\Core\Src\stm32l4xx_hal_msp.c
2026-07-30 09:36:55,187 [INFO] CodeEngine:265 - oldGeneratedFile, D:\Anusha_TinyML_FDP\TinyML_Workshop_Nitte-\STM32\On_Board_IMU\MXTmpFiles\system.tmp_save
2026-07-30 09:36:55,270 [INFO] CodeEngine:289 - Generated code: D:\Anusha_TinyML_FDP\TinyML_Workshop_Nitte-\STM32\On_Board_IMU\MXTmpFiles\system.tmp
2026-07-30 09:36:55,282 [INFO] CodeEngine:321 - oldGeneratedFile, D:\Anusha_TinyML_FDP\TinyML_Workshop_Nitte-\STM32\On_Board_IMU\Core\Inc\stm32l4xx_hal_conf.h_save
2026-07-30 09:36:55,372 [INFO] CodeEngine:345 - Generated code: D:\Anusha_TinyML_FDP\TinyML_Workshop_Nitte-\STM32\On_Board_IMU\Core\Inc\stm32l4xx_hal_conf.h
2026-07-30 09:36:55,440 [INFO] ApiDbMcu:532 - Load IP Config File for ADC1
2026-07-30 09:36:55,459 [INFO] ApiDbMcu:532 - Load IP Config File for DFSDM1
2026-07-30 09:36:55,466 [INFO] ApiDbMcu:532 - Load IP Config File for I2C1
2026-07-30 09:36:55,472 [INFO] ApiDbMcu:532 - Load IP Config File for I2C2
2026-07-30 09:36:55,477 [INFO] ApiDbMcu:532 - Load IP Config File for OCTOSPI1
2026-07-30 09:36:55,481 [INFO] ApiDbMcu:532 - Load IP Config File for SPI1
2026-07-30 09:36:55,484 [INFO] ApiDbMcu:532 - Load IP Config File for SPI3
2026-07-30 09:36:55,498 [INFO] ApiDbMcu:532 - Load IP Config File for UART4
2026-07-30 09:36:55,512 [INFO] ApiDbMcu:532 - Load IP Config File for USART1
2026-07-30 09:36:55,526 [INFO] ApiDbMcu:532 - Load IP Config File for USART2
2026-07-30 09:36:55,540 [INFO] ApiDbMcu:532 - Load IP Config File for USART3
2026-07-30 09:36:55,542 [ERROR] ApiDbMcu:560 - Cannot parse USB_OTG_FS_Config file : file do not exist
2026-07-30 09:36:55,542 [ERROR] ApiDbMcu:560 - Cannot parse USB_OTG_FS_Config file : file do not exist
2026-07-30 09:36:55,547 [INFO] ApiDbMcu:532 - Load IP Config File for RCC
2026-07-30 09:36:55,553 [WARN] IPConfigManager:3811 - IP not found : USB_OTG
2026-07-30 09:36:55,554 [WARN] CodeGenerator:4259 - IP not found : null
2026-07-30 09:36:55,562 [INFO] CodeEngine:265 - oldGeneratedFile, D:\Anusha_TinyML_FDP\TinyML_Workshop_Nitte-\STM32\On_Board_IMU\Core\Inc\main.h_save
2026-07-30 09:36:55,685 [INFO] CodeEngine:289 - Generated code: D:\Anusha_TinyML_FDP\TinyML_Workshop_Nitte-\STM32\On_Board_IMU\Core\Inc\main.h
2026-07-30 09:36:55,691 [INFO] CodeEngine:265 - oldGeneratedFile, D:\Anusha_TinyML_FDP\TinyML_Workshop_Nitte-\STM32\On_Board_IMU\Core\Src\main.c_save
2026-07-30 09:36:55,915 [INFO] CodeEngine:289 - Generated code: D:\Anusha_TinyML_FDP\TinyML_Workshop_Nitte-\STM32\On_Board_IMU\Core\Src\main.c
2026-07-30 09:36:56,454 [INFO] ProjectBuilder:3606 - Time for Copy HAL[1] : 210mS.
2026-07-30 09:36:56,473 [INFO] ProjectBuilder:5216 - Project Generator version: 4.7.0-B52
2026-07-30 09:36:56,575 [INFO] ConfigFileManager:1595 - The Die is : DIE470
2026-07-30 09:36:56,628 [INFO] ApiDbMcu:532 - Load IP Config File for FATFS
2026-07-30 09:36:56,635 [INFO] ApiDbMcu:532 - Load IP Config File for FREERTOS
2026-07-30 09:36:56,650 [INFO] ApiDbMcu:532 - Load IP Config File for TOUCHSENSING
2026-07-30 09:36:56,659 [INFO] ApiDbMcu:532 - Load IP Config File for USB_DEVICE
2026-07-30 09:36:56,665 [INFO] ApiDbMcu:532 - Load IP Config File for USB_HOST
2026-07-30 09:36:57,227 [INFO] LogOutputStream:77 - [STDOUT_REDIRECT] 
2026-07-30 09:37:00,044 [INFO] ProjectBuilder:5496 - Time for Generating toolchain IDE Files: 3571mS.
2026-07-30 09:37:00,045 [INFO] ProjectBuilder:3463 - Time for Copy CMSIS : 1mS.
2026-07-30 09:37:00,046 [INFO] ProjectBuilder:3463 - Time for Copy CMSIS : 0mS.
2026-07-30 09:37:01,189 [INFO] McuFinderGlobals:76 - Set McuFinderConnectedMode to true
2026-07-30 09:37:01,193 [INFO] ApiDb:448 - Save user favorites file C:\Users\ADMIN/.stm32cubeide/favorites.mcus.txt: 0 item(s)
2026-07-30 09:37:01,193 [INFO] ApiDb:452 - User favorites MCUs=[]
2026-07-30 09:37:01,195 [INFO] ApiDb:448 - Save user favorites file C:\Users\ADMIN/.stm32cubeide/favorites.boards.txt: 0 item(s)
2026-07-30 09:37:01,196 [INFO] ApiDb:452 - User favorites Boards=[]
2026-07-30 09:37:46,408 [INFO] I2cTimingTraitement:330 - 0x30A175AB
2026-07-30 09:38:08,034 [INFO] I2cTimingTraitement:330 - 0x30A175AB
2026-07-30 09:38:11,140 [INFO] I2cTimingTraitement:330 - 0x30A175AB
2026-07-30 09:39:02,574 [INFO] UtilMem:75 - End SaveConfig() Used Memory: 959647376 Bytes (1073741824)
2026-07-30 09:39:03,959 [INFO] UtilMem:75 - End SaveConfig() Used Memory: 564556984 Bytes (1073741824)
2026-07-30 09:39:05,708 [INFO] UtilMem:75 - End SaveConfig() Used Memory: 664814352 Bytes (1073741824)
2026-07-30 09:39:06,223 [INFO] BlockDiagram:2775 - set Specific Code input for plugin: SYS
2026-07-30 09:39:06,224 [INFO] BlockDiagram:2775 - set Specific Code input for plugin: RCC
2026-07-30 09:39:06,224 [INFO] BlockDiagram:2775 - set Specific Code input for plugin: I2C
2026-07-30 09:39:06,224 [INFO] BlockDiagram:2775 - set Specific Code input for plugin: NVIC
2026-07-30 09:39:06,224 [INFO] BlockDiagram:2775 - set Specific Code input for plugin: USART
2026-07-30 09:39:06,224 [INFO] BlockDiagram:2775 - set Specific Code input for plugin: GPIO
2026-07-30 09:39:06,226 [INFO] CodeGenerator:892 - code generatio: config db path: C:\ST\STM32CubeIDE_1.19.0\STM32CubeIDE\plugins\com.st.stm32cube.common.mx_6.15.0.202507011659\\db\
2026-07-30 09:39:06,320 [INFO] CodeEngine:265 - oldGeneratedFile, D:\Anusha_TinyML_FDP\TinyML_Workshop_Nitte-\STM32\On_Board_IMU\MXTmpFiles\license.tmp_save
2026-07-30 09:39:06,517 [INFO] CodeEngine:289 - Generated code: D:\Anusha_TinyML_FDP\TinyML_Workshop_Nitte-\STM32\On_Board_IMU\MXTmpFiles\license.tmp
2026-07-30 09:39:06,543 [INFO] CodeEngine:265 - oldGeneratedFile, D:\Anusha_TinyML_FDP\TinyML_Workshop_Nitte-\STM32\On_Board_IMU\MXTmpFiles\gpio.tmp_save
2026-07-30 09:39:06,665 [INFO] CodeEngine:289 - Generated code: D:\Anusha_TinyML_FDP\TinyML_Workshop_Nitte-\STM32\On_Board_IMU\MXTmpFiles\gpio.tmp
2026-07-30 09:39:06,749 [INFO] CodeEngine:265 - oldGeneratedFile, D:\Anusha_TinyML_FDP\TinyML_Workshop_Nitte-\STM32\On_Board_IMU\Core\Src\stm32l4xx_it.c_save
2026-07-30 09:39:06,886 [INFO] CodeEngine:289 - Generated code: D:\Anusha_TinyML_FDP\TinyML_Workshop_Nitte-\STM32\On_Board_IMU\Core\Src\stm32l4xx_it.c
2026-07-30 09:39:06,893 [INFO] CodeEngine:265 - oldGeneratedFile, D:\Anusha_TinyML_FDP\TinyML_Workshop_Nitte-\STM32\On_Board_IMU\Core\Inc\stm32l4xx_it.h_save
2026-07-30 09:39:06,992 [INFO] CodeEngine:289 - Generated code: D:\Anusha_TinyML_FDP\TinyML_Workshop_Nitte-\STM32\On_Board_IMU\Core\Inc\stm32l4xx_it.h
2026-07-30 09:39:07,006 [INFO] CodeEngine:265 - oldGeneratedFile, D:\Anusha_TinyML_FDP\TinyML_Workshop_Nitte-\STM32\On_Board_IMU\Core\Src\stm32l4xx_hal_msp.c_save
2026-07-30 09:39:07,194 [INFO] CodeEngine:289 - Generated code: D:\Anusha_TinyML_FDP\TinyML_Workshop_Nitte-\STM32\On_Board_IMU\Core\Src\stm32l4xx_hal_msp.c
2026-07-30 09:39:07,199 [INFO] CodeEngine:265 - oldGeneratedFile, D:\Anusha_TinyML_FDP\TinyML_Workshop_Nitte-\STM32\On_Board_IMU\MXTmpFiles\system.tmp_save
2026-07-30 09:39:07,290 [INFO] CodeEngine:289 - Generated code: D:\Anusha_TinyML_FDP\TinyML_Workshop_Nitte-\STM32\On_Board_IMU\MXTmpFiles\system.tmp
2026-07-30 09:39:07,301 [INFO] CodeEngine:321 - oldGeneratedFile, D:\Anusha_TinyML_FDP\TinyML_Workshop_Nitte-\STM32\On_Board_IMU\Core\Inc\stm32l4xx_hal_conf.h_save
2026-07-30 09:39:07,400 [INFO] CodeEngine:345 - Generated code: D:\Anusha_TinyML_FDP\TinyML_Workshop_Nitte-\STM32\On_Board_IMU\Core\Inc\stm32l4xx_hal_conf.h
2026-07-30 09:39:07,426 [INFO] CodeEngine:265 - oldGeneratedFile, D:\Anusha_TinyML_FDP\TinyML_Workshop_Nitte-\STM32\On_Board_IMU\Core\Inc\main.h_save
2026-07-30 09:39:07,526 [INFO] CodeEngine:289 - Generated code: D:\Anusha_TinyML_FDP\TinyML_Workshop_Nitte-\STM32\On_Board_IMU\Core\Inc\main.h
2026-07-30 09:39:07,532 [INFO] CodeEngine:265 - oldGeneratedFile, D:\Anusha_TinyML_FDP\TinyML_Workshop_Nitte-\STM32\On_Board_IMU\Core\Src\main.c_save
2026-07-30 09:39:07,694 [INFO] CodeEngine:289 - Generated code: D:\Anusha_TinyML_FDP\TinyML_Workshop_Nitte-\STM32\On_Board_IMU\Core\Src\main.c
2026-07-30 09:39:08,028 [INFO] ProjectBuilder:3606 - Time for Copy HAL[1] : 152mS.
2026-07-30 09:39:08,032 [INFO] ProjectBuilder:5216 - Project Generator version: 4.7.0-B52
2026-07-30 09:39:08,138 [INFO] ConfigFileManager:1595 - The Die is : DIE470
2026-07-30 09:39:09,640 [INFO] ProjectBuilder:5496 - Time for Generating toolchain IDE Files: 1608mS.
2026-07-30 09:39:09,642 [INFO] ProjectBuilder:3463 - Time for Copy CMSIS : 0mS.
2026-07-30 09:39:09,643 [INFO] ProjectBuilder:3463 - Time for Copy CMSIS : 0mS.
2026-07-30 12:10:34,467 [INFO] MainUpdater:2872 - connection check result : 10
2026-07-30 12:10:34,468 [INFO] McuFinderGlobals:76 - Set McuFinderConnectedMode to true
2026-07-30 12:10:34,887 [INFO] ServerAccessManage:452 - Complete download http(s) 200
2026-07-30 12:10:34,889 [INFO] ServerAccessManage:509 - Download File mcusAds.json._tmp_
2026-07-30 12:10:35,043 [INFO] LoadUrlFilesThread:156 - End of LoadUrlFiles Thread
2026-07-30 12:10:35,750 [INFO] ServerAccessManage:452 - Complete download http(s) 200
2026-07-30 12:10:35,751 [INFO] ServerAccessManage:509 - Download File cube-finder-db.zip
2026-07-30 12:11:22,796 [INFO] FileExtend:248 - Unzip File : cube-finder-db.zip
2026-07-30 12:11:22,797 [INFO] FileExtend:263 - Standard Zip Deflate
2026-07-30 12:11:24,013 [INFO] LoadUrlFilesThread:156 - End of LoadUrlFiles Thread
2026-07-30 12:11:45,253 [ERROR] ServerAccessManage:1295 - Problem during Server Connection :  IO error Connection timed out: getsockopt
2026-07-30 12:11:45,254 [ERROR] ServerAccessManage:740 - Problem during Server Connection :  : crdb.zip.
2026-07-30 12:11:52,454 [INFO] LoadUrlFilesThread:156 - End of LoadUrlFiles Thread
2026-07-30 12:11:53,978 [INFO] DbMcusAds:53 - JSON generation date=Wed Jul 15 15:16:00 IST 2026 (1784108760991)
2026-07-30 12:11:53,984 [INFO] ApiDb:448 - Save user favorites file C:\Users\ADMIN/.stm32cubeide/favorites.mcus.txt: 0 item(s)
2026-07-30 12:11:53,985 [INFO] ApiDb:452 - User favorites MCUs=[]
2026-07-30 12:11:53,992 [INFO] ApiDb:581 - Connected to CubeFinder SQLite database (C:\Users\ADMIN\.stmcufinder\plugins\mcufinder\mcu\cube-finder-db.db)
2026-07-30 12:11:54,101 [INFO] ApiDb:668 - CubeFinder database Data Model version=2.1
2026-07-30 12:11:54,101 [INFO] ApiDb:669 - CubeFinder database Configuration version=3.0.42
2026-07-30 12:11:54,102 [INFO] ApiDb:670 - CubeFinder database generation date=2026-06-23 (1782213372)
2026-07-30 12:11:54,102 [INFO] ApiDb:671 - CubeFinder database FW Pack versions=[FP-ATR-ASTRA1_V2.0.0, FP-SNS-FLIGHT1_V5.1.0, FP-SNS-MOTENV1_V5.1.0, FP-SNS-MOTENVWB1_V1.5.0, FP-SNS-SMARTAG2_V1.2.0, FP-SNS-STBOX1_V2.1.0, STM32Cube_FW_C0_V1.4.0, STM32Cube_FW_F4_V1.28.3, STM32Cube_FW_F7_V1.17.4, STM32Cube_FW_G0_V1.6.3, STM32Cube_FW_G4_V1.6.2, STM32Cube_FW_H5_V1.7.0, STM32Cube_FW_H7RS_V1.3.0, STM32Cube_FW_H7_V1.13.0, STM32Cube_FW_L0_V1.12.2, STM32Cube_FW_L4_V1.18.2, STM32Cube_FW_L5_V1.6.0, STM32Cube_FW_N6_V1.4.0, STM32Cube_FW_U0_V1.3.0, STM32Cube_FW_U3_V1.4.0, STM32Cube_FW_U5_V1.9.0, STM32Cube_FW_WB0_V1.5.0, STM32Cube_FW_WBA_V1.10.0, STM32Cube_FW_WB_V1.24.0, STM32Cube_FW_WL3_V1.5.0, STM32Cube_FW_WL_V1.6.0, X-CUBE-ALGOBUILD_V1.5.0, X-CUBE-ALS_V1.0.2, X-CUBE-AZRTOS-F4_V1.1.0, X-CUBE-AZRTOS-F7_V1.1.0, X-CUBE-AZRTOS-G0_V1.1.0, X-CUBE-AZRTOS-G4_V2.0.0, X-CUBE-AZRTOS-H7RS_V1.1.0, X-CUBE-AZRTOS-H7_V3.5.0, X-CUBE-AZRTOS-L4_V2.0.0, X-CUBE-AZRTOS-L5_V2.0.0, X-CUBE-AZRTOS-WB_V2.0.0, X-CUBE-AZRTOS-WL_V2.0.0, X-CUBE-BLE1_V7.1.0, X-CUBE-BLE2_V3.3.0, X-CUBE-BLEMGR_V4.1.0, X-CUBE-EEPRMA1_V5.2.0, X-CUBE-FREERTOS_V1.5.0, X-CUBE-GNSS1_V7.1.1, X-CUBE-MEMS1_V12.1.0, X-CUBE-NFC4_V3.0.0, X-CUBE-NFC7_V2.0.0, X-CUBE-SFXS2LP1_V4.0.0, X-CUBE-ST67W61_V1.3.0, X-CUBE-SUBG2_V5.0.0, X-CUBE-TOF1_V3.4.3]
2026-07-30 12:11:57,491 [INFO] ApiDb:240 - Found 880 in-development CPN: [B-G473E-ZEST1S, B-WB1M-WPAN1, B-WBA5M-WPAN, B-WL5M-SUBG1, NUCLEO-C031C6, NUCLEO-C051C8, NUCLEO-C071RB, NUCLEO-C092RC, NUCLEO-H503RB, NUCLEO-H533RE, NUCLEO-H563ZI, NUCLEO-H7S3L8, NUCLEO-N657X0-Q, NUCLEO-U031R8, NUCLEO-U083RC, NUCLEO-U385RG-Q, NUCLEO-U545RE-Q, NUCLEO-U5A5ZJ-Q, NUCLEO-WB05KZ, NUCLEO-WB07CC, NUCLEO-WB09KE, NUCLEO-WBA52CG, NUCLEO-WBA55CG, NUCLEO-WL33CC1, NUCLEO-WL33CC2, STEVAL-PROTEUS1, STEVAL-SMARTAG2, STEVAL-STWINBX1, STM320518-EVAL, STM32C0116-DK, STM32C011D6Y3TR, STM32C011D6Y6TR, STM32C011F4P3, STM32C011F4P6, STM32C011F4U3, STM32C011F4U6TR, STM32C011F6P3, STM32C011F6P6, STM32C011F6U3, STM32C011F6U6TR, STM32C011J4M3, STM32C011J4M6, STM32C011J6M3, STM32C011J6M6, STM32C0316-DK, STM32C031C4T3, STM32C031C4T6, STM32C031C4U3, STM32C031C4U6, STM32C031C6T3, STM32C031C6T6, STM32C031C6U3, STM32C031C6U6, STM32C031F4P3, STM32C031F4P6, STM32C031F6P3, STM32C031F6P6, STM32C031G4U3, STM32C031G4U6, STM32C031G6U3, STM32C031G6U6, STM32C031K4T3, STM32C031K4T6, STM32C031K4U3, STM32C031K4U6, STM32C031K6T3, STM32C031K6T6, STM32C031K6U3, STM32C031K6U6, STM32C051C6T6, STM32C051C6U6, STM32C051C8T6, STM32C051C8U6, STM32C051D8Y6TR, STM32C051F6P6, STM32C051F8P6, STM32C051G6U6, STM32C051G8U6, STM32C051K6T6, STM32C051K6U6, STM32C051K8T6, STM32C071C8T6, STM32C071C8T6N, STM32C071C8U6, STM32C071C8U6N, STM32C071CBT6, STM32C071CBT6N, STM32C071CBU6, STM32C071CBU6N, STM32C071F8P6, STM32C071F8P6N, STM32C071FBP6, STM32C071FBP6N, STM32C071FBY6TR, STM32C071G8U6, STM32C071G8U6N, STM32C071GBU6, STM32C071GBU6N, STM32C071K8T6, STM32C071K8T6N, STM32C071K8U6, STM32C071K8U6N, STM32C071KBT6, STM32C071KBT6N, STM32C071KBU6, STM32C071KBU6N, STM32C071R8T6, STM32C071R8T6N, STM32C071RBI6N, STM32C071RBT6, STM32C071RBT6N, STM32C091CBT6, STM32C091CBU6, STM32C091CCT6, STM32C091CCU6, STM32C091ECY6TR, STM32C091FBP6, STM32C091FCP6, STM32C091GBU6, STM32C091GCU6, STM32C091KBT6, STM32C091KBU6, STM32C091KCT6, STM32C091KCU6, STM32C091RBT6, STM32C091RCI6, STM32C091RCT6, STM32C092CBT6, STM32C092CBU6, STM32C092CCT6, STM32C092CCU6, STM32C092ECY6TR, STM32C092FBP6, STM32C092FCP6, STM32C092GBU6, STM32C092GCU6, STM32C092KBT6, STM32C092KBU6, STM32C092KCT6, STM32C092KCU6, STM32C092RBT6, STM32C092RCI6, STM32C092RCT6, STM32G071K8TXN, STM32G071K8UXN, STM32G081GBU6N, STM32G081KBT6N, STM32G081KBUXN, STM32G0B1CCT6N, STM32G0B1KCT6, STM32G0B1NEY6TR, STM32G0B1RCT6N, STM32G0C1CCT6, STM32G0C1CCT6N, STM32G0C1CCU6N, STM32G0C1CET6N, STM32G0C1CEU6N, STM32G0C1KCT6, STM32G0C1NEY6TR, STM32G0C1RCI6N, STM32G0C1RCT6N, STM32G0C1REI6N, STM32G0C1RET6N, STM32G0C1VCI6, STM32G0C1VEI6, STM32G411C6T3, STM32G411C6T6, STM32G411C6U3, STM32G411C6U6, STM32G411C8T3, STM32G411C8T6, STM32G411C8U3, STM32G411C8U6, STM32G411CBT3, STM32G411CBT6, STM32G411CBU3, STM32G411CBU6, STM32G411K6T3, STM32G411K6T6, STM32G411K6U3, STM32G411K6U6, STM32G411K8T3, STM32G411K8T6, STM32G411K8U3, STM32G411K8U6, STM32G411KBT3, STM32G411KBT6, STM32G411KBU3, STM32G411KBU6, STM32G411M6T3, STM32G411M6T6, STM32G411M8T3, STM32G411M8T6, STM32G411MBT3, STM32G411MBT6, STM32G411R6T3, STM32G411R6T6, STM32G411R8T3, STM32G411R8T6, STM32G411RBT3, STM32G411RBT6, STM32G414CBT3, STM32G414CBT6, STM32G414CBU3, STM32G414CBU6, STM32G414CCT3, STM32G414CCT6, STM32G414CCU3, STM32G414CCU6, STM32G414MBT3, STM32G414MBT6, STM32G414MCT3, STM32G414MCT6, STM32G414RBT3, STM32G414RBT6, STM32G414RCT3, STM32G414RCT6, STM32G414VBT3, STM32G414VBT6, STM32G414VCT3, STM32G414VCT6, STM32G431CBT3Z, STM32G431RBT3Z, STM32G471CCT6, STM32G471CCU6, STM32G471CET3, STM32G471CET6, STM32G471CEU3, STM32G471CEU6, STM32G471MCT6, STM32G471MET3, STM32G471MET6, STM32G471MEY6TR, STM32G471QCT6, STM32G471QET3, STM32G471RCT6, STM32G471RET3, STM32G471RET6, STM32G471VCH6, STM32G471VCI6, STM32G471VCT6, STM32G471VEH3, STM32G471VEH6, STM32G471VEI3, STM32G471VEI6, STM32G471VET3, STM32G471VET6, STM32G473QET3Z, STM32G473RET3Z, STM32G474CCT6, STM32G491RET3Z, STM32H503CBT6, STM32H503CBU6, STM32H503EBY6TR, STM32H503KBU6, STM32H503RBT6, STM32H523CCT6, STM32H523CCU6, STM32H523CET6, STM32H523CEU6, STM32H523HEY6TR, STM32H523RCT6, STM32H523RET6, STM32H523VCI6, STM32H523VCT6, STM32H523VEI6, STM32H523VET6, STM32H523ZCJ6, STM32H523ZCT6, STM32H523ZEJ6, STM32H523ZET6, STM32H533CET6, STM32H533CEU6, STM32H533HEY6TR, STM32H533RET6, STM32H533VEI6, STM32H533VET6, STM32H533ZEJ6, STM32H533ZET6, STM32H562AGI6, STM32H562AII6, STM32H562IGK6, STM32H562IGT6, STM32H562IIK6, STM32H562IIT6, STM32H562RGT6, STM32H562RGV6, STM32H562RIT6, STM32H562RIV6, STM32H562VGT6, STM32H562VIT6, STM32H562ZGT6, STM32H562ZIT6, STM32H563AGI6, STM32H563AII3Q, STM32H563AII6, STM32H563IGK6, STM32H563IGT6, STM32H563IIK3Q, STM32H563IIK6, STM32H563IIT3Q, STM32H563IIT6, STM32H563MIY3QTR, STM32H563RGT6, STM32H563RGV6, STM32H563RIT6, STM32H563RIV6, STM32H563VGT6, STM32H563VIT3Q, STM32H563VIT6, STM32H563ZGT6, STM32H563ZIT3Q, STM32H563ZIT6, STM32H573AII3Q, STM32H573AII6, STM32H573I-DK, STM32H573IIK3Q, STM32H573IIK6, STM32H573IIT3Q, STM32H573IIT6, STM32H573MIY3QTR, STM32H573RIT6, STM32H573RIV6, STM32H573VIT3Q, STM32H573VIT6, STM32H573ZIT3Q, STM32H573ZIT6, STM32H7R3A8I6, STM32H7R3I8K6, STM32H7R3I8T6, STM32H7R3L8H6, STM32H7R3L8H6H, STM32H7R3R8V6, STM32H7R3V8H6, STM32H7R3V8T6, STM32H7R3V8Y6TR, STM32H7R3Z8J6, STM32H7R3Z8T6, STM32H7R7A8I6, STM32H7R7I8K6, STM32H7R7I8T6, STM32H7R7L8H6, STM32H7R7L8H6H, STM32H7R7Z8J6, STM32H7S3A8I6, STM32H7S3I8K6, STM32H7S3I8T6, STM32H7S3L8H6, STM32H7S3L8H6H, STM32H7S3R8V6, STM32H7S3V8H6, STM32H7S3V8T6, STM32H7S3V8Y6TR, STM32H7S3Z8J6, STM32H7S3Z8T6, STM32H7S78-DK, STM32H7S7A8I6, STM32H7S7I8K6, STM32H7S7I8T6, STM32H7S7L8H6, STM32H7S7L8H6H, STM32H7S7Z8J6, STM32L4R5QGI6STR, STM32MP131AAE3, STM32MP131AAF3, STM32MP131AAG3, STM32MP131CAE3, STM32MP131CAF3, STM32MP131CAG3, STM32MP131DAE7, STM32MP131DAF7, STM32MP131DAG7, STM32MP131FAE7, STM32MP131FAF7, STM32MP131FAG7, STM32MP133AAE3, STM32MP133AAF3, STM32MP133AAG3, STM32MP133CAE3, STM32MP133CAF3, STM32MP133CAG3, STM32MP133DAE7, STM32MP133DAF7, STM32MP133DAG7, STM32MP133FAE7, STM32MP133FAF7, STM32MP133FAG7, STM32MP135AAE3, STM32MP135AAF3, STM32MP135AAG3, STM32MP135CAE3, STM32MP135CAF3, STM32MP135CAG3, STM32MP135DAE7, STM32MP135DAF7, STM32MP135DAG7, STM32MP135F-DK, STM32MP135FAE7, STM32MP135FAF7, STM32MP135FAF7T, STM32MP135FAF7U, STM32MP135FAG7, STM32MP211AAL3, STM32MP211AAM3, STM32MP211AAN3, STM32MP211AAO3, STM32MP211CAL3, STM32MP211CAM3, STM32MP211CAN3, STM32MP211CAO3, STM32MP211DAL3, STM32MP211DAM3, STM32MP211DAN3, STM32MP211DAO3, STM32MP211FAL3, STM32MP211FAM3, STM32MP211FAN3, STM32MP211FAO3, STM32MP213AAL3, STM32MP213AAM3, STM32MP213AAN3, STM32MP213AAO3, STM32MP213CAL3, STM32MP213CAM3, STM32MP213CAN3, STM32MP213CAO3, STM32MP213DAL3, STM32MP213DAM3, STM32MP213DAN3, STM32MP213DAO3, STM32MP213FAL3, STM32MP213FAM3, STM32MP213FAN3, STM32MP213FAO3, STM32MP215AAL3, STM32MP215AAM3, STM32MP215AAN3, STM32MP215AAO3, STM32MP215CAL3, STM32MP215CAM3, STM32MP215CAN3, STM32MP215CAO3, STM32MP215DAL3, STM32MP215DAM3, STM32MP215DAN3, STM32MP215DAO3, STM32MP215F-DK, STM32MP215FAL3, STM32MP215FAM3, STM32MP215FAN3, STM32MP215FAO3, STM32MP231AAJ3, STM32MP231AAK3, STM32MP231AAL3, STM32MP231CAJ3, STM32MP231CAK3, STM32MP231CAL3, STM32MP231DAJ3, STM32MP231DAK3, STM32MP231DAL3, STM32MP231FAJ3, STM32MP231FAK3, STM32MP231FAL3, STM32MP233AAJ3, STM32MP233AAK3, STM32MP233AAL3, STM32MP233CAJ3, STM32MP233CAK3, STM32MP233CAL3, STM32MP233DAJ3, STM32MP233DAK3, STM32MP233DAL3, STM32MP233FAJ3, STM32MP233FAK3, STM32MP233FAL3, STM32MP235AAJ3, STM32MP235AAK3, STM32MP235AAL3, STM32MP235CAJ3, STM32MP235CAK3, STM32MP235CAL3, STM32MP235DAJ3, STM32MP235DAK3, STM32MP235DAL3, STM32MP235FAJ3, STM32MP235FAK3, STM32MP235FAL3, STM32MP251AAI3, STM32MP251AAK3, STM32MP251AAL3, STM32MP251CAI3, STM32MP251CAK3, STM32MP251CAL3, STM32MP251DAI3, STM32MP251DAK3, STM32MP251DAL3, STM32MP251FAI3, STM32MP251FAK3, STM32MP251FAL3, STM32MP253AAI3, STM32MP253AAK3, STM32MP253AAL3, STM32MP253CAI3, STM32MP253CAK3, STM32MP253CAL3, STM32MP253DAI3, STM32MP253DAK3, STM32MP253DAL3, STM32MP253FAI3, STM32MP253FAK3, STM32MP253FAL3, STM32MP255AAI3, STM32MP255AAK3, STM32MP255AAL3, STM32MP255CAI3, STM32MP255CAK3, STM32MP255CAL3, STM32MP255DAI3, STM32MP255DAK3, STM32MP255DAL3, STM32MP255FAI3, STM32MP255FAK3, STM32MP255FAL3, STM32MP257AAI3, STM32MP257AAK3, STM32MP257AAL3, STM32MP257CAI3, STM32MP257CAK3, STM32MP257CAL3, STM32MP257DAI3, STM32MP257DAK3, STM32MP257DAL3, STM32MP257F-DK, STM32MP257F-EV1, STM32MP257FAI3, STM32MP257FAK3, STM32MP257FAL3, STM32N645A0H3Q, STM32N645B0H3Q, STM32N645I0H3Q, STM32N645L0H3Q, STM32N645X0H3Q, STM32N645Z0H3Q, STM32N647A0H3Q, STM32N647B0H3Q, STM32N647I0H3Q, STM32N647L0H3Q, STM32N647X0H3Q, STM32N647Z0H3Q, STM32N655A0H3Q, STM32N655B0H3Q, STM32N655I0H3Q, STM32N655L0H3Q, STM32N655X0H3Q, STM32N655Z0H3Q, STM32N6570-DK, STM32N657A0H3Q, STM32N657B0H3Q, STM32N657I0H3Q, STM32N657L0H3Q, STM32N657X0H3Q, STM32N657Z0H3Q, STM32U031C6T6, STM32U031C6U6, STM32U031C8T6, STM32U031C8U6, STM32U031F4P6, STM32U031F6P6, STM32U031F8P6, STM32U031G6Y6TR, STM32U031G8Y6TR, STM32U031K4U6, STM32U031K6U6, STM32U031K8U6, STM32U031R6I6, STM32U031R6T6, STM32U031R8I6, STM32U031R8T6, STM32U073C8T6, STM32U073C8U6, STM32U073CBT6, STM32U073CBU6, STM32U073CCT6, STM32U073CCU6, STM32U073H8Y6TR, STM32U073HBY6TR, STM32U073HCY6TR, STM32U073K8U6, STM32U073KBU6, STM32U073KCU6, STM32U073M8I6, STM32U073M8T6, STM32U073MBI6, STM32U073MBT6, STM32U073MCI6, STM32U073MCT6, STM32U073R8I6, STM32U073R8T6, STM32U073RBI6, STM32U073RBT6, STM32U073RCI6, STM32U073RCT6, STM32U083C-DK, STM32U083CCT6, STM32U083CCU6, STM32U083HCY6TR, STM32U083KCU6, STM32U083MCI6, STM32U083MCT6, STM32U083RCI6, STM32U083RCT6, STM32U375CET6, STM32U375CET6Q, STM32U375CEU6, STM32U375CEU6Q, STM32U375CEY6QTR, STM32U375CGT6, STM32U375CGT6Q, STM32U375CGU6, STM32U375CGU6Q, STM32U375CGY6QTR, STM32U375KEU6, STM32U375KGU6, STM32U375REI6, STM32U375REI6Q, STM32U375RET6, STM32U375RET6Q, STM32U375REY6GTR, STM32U375REY6QTR, STM32U375RGI6, STM32U375RGI6Q, STM32U375RGT6, STM32U375RGT6Q, STM32U375RGY6GTR, STM32U375RGY6QTR, STM32U375VEI6, STM32U375VEI6Q, STM32U375VET6, STM32U375VET6Q, STM32U375VGI6, STM32U375VGI6Q, STM32U375VGT6, STM32U375VGT6Q, STM32U385CGT6, STM32U385CGT6Q, STM32U385CGU6, STM32U385CGU6Q, STM32U385CGY6QTR, STM32U385KGU6, STM32U385RGI6, STM32U385RGI6Q, STM32U385RGT6, STM32U385RGT6Q, STM32U385RGY6GTR, STM32U385RGY6QTR, STM32U385VGI6, STM32U385VGI6Q, STM32U385VGT6, STM32U385VGT6Q, STM32U535CBT6, STM32U535CBT6Q, STM32U535CBU6, STM32U535CBU6Q, STM32U535CCT6, STM32U535CCT6Q, STM32U535CCU6, STM32U535CCU6Q, STM32U535CET6, STM32U535CET6Q, STM32U535CEU6, STM32U535CEU6Q, STM32U535JEY6QTR, STM32U535NCY6QTR, STM32U535NEY6QTR, STM32U535RBI6, STM32U535RBI6Q, STM32U535RBT6, STM32U535RBT6Q, STM32U535RCI6, STM32U535RCI6Q, STM32U535RCT6, STM32U535RCT6Q, STM32U535REI6, STM32U535REI6Q, STM32U535RET6, STM32U535RET6Q, STM32U535VCI6, STM32U535VCI6Q, STM32U535VCT6, STM32U535VCT6Q, STM32U535VEI6, STM32U535VEI6Q, STM32U535VET6, STM32U535VET6Q, STM32U545CET6, STM32U545CET6Q, STM32U545CEU6, STM32U545CEU6Q, STM32U545JEY6QTR, STM32U545NEY6QTR, STM32U545REI6, STM32U545REI6Q, STM32U545RET6, STM32U545RET6Q, STM32U545VEI6, STM32U545VEI6Q, STM32U545VET6, STM32U545VET6Q, STM32U595AIH6, STM32U595AIH6Q, STM32U595AJH6, STM32U595AJH6Q, STM32U595QII6, STM32U595QII6Q, STM32U595QJI6, STM32U595QJI6Q, STM32U595RIT6, STM32U595RIT6Q, STM32U595RJT6, STM32U595RJT6Q, STM32U595VIT6, STM32U595VIT6Q, STM32U595VJT6, STM32U595VJT6Q, STM32U595ZIT6, STM32U595ZIT6Q, STM32U595ZIY6QTR, STM32U595ZJT6, STM32U595ZJT6Q, STM32U595ZJY6QTR, STM32U599BJY6QTR, STM32U599NIH6Q, STM32U599NJH6Q, STM32U599VIT6Q, STM32U599VJT6, STM32U599VJT6Q, STM32U599ZIT6Q, STM32U599ZIY6QTR, STM32U599ZJT6Q, STM32U599ZJY6QTR, STM32U5A5AJH6, STM32U5A5AJH6Q, STM32U5A5QII3Q , STM32U5A5QJI6, STM32U5A5QJI6Q, STM32U5A5RJT6, STM32U5A5RJT6Q, STM32U5A5VJT6, STM32U5A5VJT6Q, STM32U5A5ZJT6, STM32U5A5ZJT6Q, STM32U5A5ZJY6QTR, STM32U5A9BJY6QTR, STM32U5A9J-DK, STM32U5A9NJH6Q, STM32U5A9VJT6Q, STM32U5A9ZJT6Q, STM32U5A9ZJY6QTR, STM32U5F7VIT6, STM32U5F7VIT6Q, STM32U5F7VJT6, STM32U5F7VJT6Q, STM32U5F9BJY6QTR, STM32U5F9NJH6Q, STM32U5F9VIT6Q, STM32U5F9VJT6Q, STM32U5F9ZIJ6QTR, STM32U5F9ZIT6Q, STM32U5F9ZJJ6QTR, STM32U5F9ZJT6Q, STM32U5G7VJT6, STM32U5G7VJT6Q, STM32U5G9BJY6QTR, STM32U5G9J-DK1, STM32U5G9J-DK2, STM32U5G9NJH6Q, STM32U5G9VJT6Q, STM32U5G9ZJJ6QTR, STM32U5G9ZJT6Q, STM32WB05KZV6TR, STM32WB05KZV7TR, STM32WB05TZF6TR, STM32WB05TZF7TR, STM32WB06CCF6TR, STM32WB06CCF7TR, STM32WB06CCV6TR, STM32WB06CCV7TR, STM32WB06KCV6TR, STM32WB06KCV7TR, STM32WB07CCF6TR, STM32WB07CCF7TR, STM32WB07CCV6TR, STM32WB07CCV7TR, STM32WB07KCV6TR, STM32WB07KCV7TR, STM32WB09KEV6TR, STM32WB09KEV7TR, STM32WB09TEF6TR, STM32WB09TEF7TR, STM32WB1MMCH6, STM32WBA50KGU6, STM32WBA50KGU6TR, STM32WBA52CEU6, STM32WBA52CEU6TR, STM32WBA52CEU7, STM32WBA52CEU7TR, STM32WBA52CGU6, STM32WBA52CGU6TR, STM32WBA52CGU6U, STM32WBA52CGU7, STM32WBA52CGU7TR, STM32WBA52KEU6, STM32WBA52KEU6TR, STM32WBA52KGU6, STM32WBA52KGU6TR, STM32WBA54CEU6, STM32WBA54CEU6TR, STM32WBA54CEU7, STM32WBA54CEU7TR, STM32WBA54CGU6, STM32WBA54CGU6TR, STM32WBA54CGU7, STM32WBA54CGU7TR, STM32WBA54KEU6, STM32WBA54KEU6TR, STM32WBA54KEU7, STM32WBA54KEU7TR, STM32WBA54KGU6, STM32WBA54KGU6TR, STM32WBA54KGU7, STM32WBA54KGU7TR, STM32WBA55CEU6, STM32WBA55CEU6TR, STM32WBA55CEU7, STM32WBA55CEU7TR, STM32WBA55CGU6, STM32WBA55CGU6TR, STM32WBA55CGU6U, STM32WBA55CGU7, STM32WBA55CGU7TR, STM32WBA55G-DK1, STM32WBA55HEF6, STM32WBA55HEF7, STM32WBA55HGF6, STM32WBA55HGF7, STM32WBA55UEI6, STM32WBA55UEI6TR, STM32WBA55UEI7, STM32WBA55UEI7TR, STM32WBA55UGI6, STM32WBA55UGI6TR, STM32WBA55UGI7, STM32WBA55UGI7TR, STM32WBA5MMGH6TR, STM32WBA62MGF6, STM32WBA62MIF6, STM32WBA65MGF7, STM32WBA65MIF6, STM32WBA65MIF7, STM32WL30K8V6, STM32WL30KBV6, STM32WL31C8V6, STM32WL31CBV6, STM32WL31K8V6, STM32WL31KBV6, STM32WL33C8V6, STM32WL33C8V6X, STM32WL33CBV6, STM32WL33CBV6X, STM32WL33CCV6, STM32WL33CCV6A, STM32WL33CCV6X, STM32WL33K8V7, STM32WL33K8V7X, STM32WL33KBV7 , STM32WL33KBV7X, STM32WL33KCV7, STM32WL33KCV7X, STM32WL5MOCH6, STM32WL5MOCH6TR]
2026-07-30 12:11:57,497 [INFO] DbMcus:218 - Found 5250 MCUs, 5097 are supported
2026-07-30 12:11:57,498 [INFO] ApiDb:423 - Load user favorites file C:\Users\ADMIN/.stm32cubeide/favorites.mcus.txt: 0 item(s)
2026-07-30 12:11:57,498 [INFO] ApiDb:427 - User favorites MCUs=[]
2026-07-30 12:11:57,498 [INFO] DbMcus:224 - Set 0 / 0 favorites MCUs
2026-07-30 12:11:58,142 [INFO] ApiDb:448 - Save user favorites file C:\Users\ADMIN/.stm32cubeide/favorites.boards.txt: 0 item(s)
2026-07-30 12:11:58,143 [INFO] ApiDb:452 - User favorites Boards=[]
2026-07-30 12:11:58,144 [INFO] ApiDb:581 - Connected to CubeFinder SQLite database (C:\Users\ADMIN\.stmcufinder\plugins\mcufinder\mcu\cube-finder-db.db)
2026-07-30 12:11:58,243 [INFO] ApiDb:668 - CubeFinder database Data Model version=2.1
2026-07-30 12:11:58,243 [INFO] ApiDb:669 - CubeFinder database Configuration version=3.0.42
2026-07-30 12:11:58,243 [INFO] ApiDb:670 - CubeFinder database generation date=2026-06-23 (1782213372)
2026-07-30 12:11:58,243 [INFO] ApiDb:671 - CubeFinder database FW Pack versions=[FP-ATR-ASTRA1_V2.0.0, FP-SNS-FLIGHT1_V5.1.0, FP-SNS-MOTENV1_V5.1.0, FP-SNS-MOTENVWB1_V1.5.0, FP-SNS-SMARTAG2_V1.2.0, FP-SNS-STBOX1_V2.1.0, STM32Cube_FW_C0_V1.4.0, STM32Cube_FW_F4_V1.28.3, STM32Cube_FW_F7_V1.17.4, STM32Cube_FW_G0_V1.6.3, STM32Cube_FW_G4_V1.6.2, STM32Cube_FW_H5_V1.7.0, STM32Cube_FW_H7RS_V1.3.0, STM32Cube_FW_H7_V1.13.0, STM32Cube_FW_L0_V1.12.2, STM32Cube_FW_L4_V1.18.2, STM32Cube_FW_L5_V1.6.0, STM32Cube_FW_N6_V1.4.0, STM32Cube_FW_U0_V1.3.0, STM32Cube_FW_U3_V1.4.0, STM32Cube_FW_U5_V1.9.0, STM32Cube_FW_WB0_V1.5.0, STM32Cube_FW_WBA_V1.10.0, STM32Cube_FW_WB_V1.24.0, STM32Cube_FW_WL3_V1.5.0, STM32Cube_FW_WL_V1.6.0, X-CUBE-ALGOBUILD_V1.5.0, X-CUBE-ALS_V1.0.2, X-CUBE-AZRTOS-F4_V1.1.0, X-CUBE-AZRTOS-F7_V1.1.0, X-CUBE-AZRTOS-G0_V1.1.0, X-CUBE-AZRTOS-G4_V2.0.0, X-CUBE-AZRTOS-H7RS_V1.1.0, X-CUBE-AZRTOS-H7_V3.5.0, X-CUBE-AZRTOS-L4_V2.0.0, X-CUBE-AZRTOS-L5_V2.0.0, X-CUBE-AZRTOS-WB_V2.0.0, X-CUBE-AZRTOS-WL_V2.0.0, X-CUBE-BLE1_V7.1.0, X-CUBE-BLE2_V3.3.0, X-CUBE-BLEMGR_V4.1.0, X-CUBE-EEPRMA1_V5.2.0, X-CUBE-FREERTOS_V1.5.0, X-CUBE-GNSS1_V7.1.1, X-CUBE-MEMS1_V12.1.0, X-CUBE-NFC4_V3.0.0, X-CUBE-NFC7_V2.0.0, X-CUBE-SFXS2LP1_V4.0.0, X-CUBE-ST67W61_V1.3.0, X-CUBE-SUBG2_V5.0.0, X-CUBE-TOF1_V3.4.3]
2026-07-30 12:11:58,310 [INFO] DbBoardsSqlite:226 - include board P-NUCLEO-WB55-NUCLEO as a kit item of type 'Nucleo-64'
2026-07-30 12:11:58,310 [INFO] DbBoardsSqlite:226 - include board P-NUCLEO-WB55-USBDONGLE as a kit item of type 'Nucleo USB Dongle'
2026-07-30 12:11:58,310 [INFO] DbBoardsSqlite:226 - include board STEVAL-IDP005V1 as a kit item of type 'Evaluation Board'
2026-07-30 12:11:58,311 [INFO] DbBoardsSqlite:226 - include board STEVAL-IDP005V2 as a kit item of type 'Evaluation Board'
2026-07-30 12:11:58,407 [INFO] ApiDb:240 - Found 880 in-development CPN: [B-G473E-ZEST1S, B-WB1M-WPAN1, B-WBA5M-WPAN, B-WL5M-SUBG1, NUCLEO-C031C6, NUCLEO-C051C8, NUCLEO-C071RB, NUCLEO-C092RC, NUCLEO-H503RB, NUCLEO-H533RE, NUCLEO-H563ZI, NUCLEO-H7S3L8, NUCLEO-N657X0-Q, NUCLEO-U031R8, NUCLEO-U083RC, NUCLEO-U385RG-Q, NUCLEO-U545RE-Q, NUCLEO-U5A5ZJ-Q, NUCLEO-WB05KZ, NUCLEO-WB07CC, NUCLEO-WB09KE, NUCLEO-WBA52CG, NUCLEO-WBA55CG, NUCLEO-WL33CC1, NUCLEO-WL33CC2, STEVAL-PROTEUS1, STEVAL-SMARTAG2, STEVAL-STWINBX1, STM320518-EVAL, STM32C0116-DK, STM32C011D6Y3TR, STM32C011D6Y6TR, STM32C011F4P3, STM32C011F4P6, STM32C011F4U3, STM32C011F4U6TR, STM32C011F6P3, STM32C011F6P6, STM32C011F6U3, STM32C011F6U6TR, STM32C011J4M3, STM32C011J4M6, STM32C011J6M3, STM32C011J6M6, STM32C0316-DK, STM32C031C4T3, STM32C031C4T6, STM32C031C4U3, STM32C031C4U6, STM32C031C6T3, STM32C031C6T6, STM32C031C6U3, STM32C031C6U6, STM32C031F4P3, STM32C031F4P6, STM32C031F6P3, STM32C031F6P6, STM32C031G4U3, STM32C031G4U6, STM32C031G6U3, STM32C031G6U6, STM32C031K4T3, STM32C031K4T6, STM32C031K4U3, STM32C031K4U6, STM32C031K6T3, STM32C031K6T6, STM32C031K6U3, STM32C031K6U6, STM32C051C6T6, STM32C051C6U6, STM32C051C8T6, STM32C051C8U6, STM32C051D8Y6TR, STM32C051F6P6, STM32C051F8P6, STM32C051G6U6, STM32C051G8U6, STM32C051K6T6, STM32C051K6U6, STM32C051K8T6, STM32C071C8T6, STM32C071C8T6N, STM32C071C8U6, STM32C071C8U6N, STM32C071CBT6, STM32C071CBT6N, STM32C071CBU6, STM32C071CBU6N, STM32C071F8P6, STM32C071F8P6N, STM32C071FBP6, STM32C071FBP6N, STM32C071FBY6TR, STM32C071G8U6, STM32C071G8U6N, STM32C071GBU6, STM32C071GBU6N, STM32C071K8T6, STM32C071K8T6N, STM32C071K8U6, STM32C071K8U6N, STM32C071KBT6, STM32C071KBT6N, STM32C071KBU6, STM32C071KBU6N, STM32C071R8T6, STM32C071R8T6N, STM32C071RBI6N, STM32C071RBT6, STM32C071RBT6N, STM32C091CBT6, STM32C091CBU6, STM32C091CCT6, STM32C091CCU6, STM32C091ECY6TR, STM32C091FBP6, STM32C091FCP6, STM32C091GBU6, STM32C091GCU6, STM32C091KBT6, STM32C091KBU6, STM32C091KCT6, STM32C091KCU6, STM32C091RBT6, STM32C091RCI6, STM32C091RCT6, STM32C092CBT6, STM32C092CBU6, STM32C092CCT6, STM32C092CCU6, STM32C092ECY6TR, STM32C092FBP6, STM32C092FCP6, STM32C092GBU6, STM32C092GCU6, STM32C092KBT6, STM32C092KBU6, STM32C092KCT6, STM32C092KCU6, STM32C092RBT6, STM32C092RCI6, STM32C092RCT6, STM32G071K8TXN, STM32G071K8UXN, STM32G081GBU6N, STM32G081KBT6N, STM32G081KBUXN, STM32G0B1CCT6N, STM32G0B1KCT6, STM32G0B1NEY6TR, STM32G0B1RCT6N, STM32G0C1CCT6, STM32G0C1CCT6N, STM32G0C1CCU6N, STM32G0C1CET6N, STM32G0C1CEU6N, STM32G0C1KCT6, STM32G0C1NEY6TR, STM32G0C1RCI6N, STM32G0C1RCT6N, STM32G0C1REI6N, STM32G0C1RET6N, STM32G0C1VCI6, STM32G0C1VEI6, STM32G411C6T3, STM32G411C6T6, STM32G411C6U3, STM32G411C6U6, STM32G411C8T3, STM32G411C8T6, STM32G411C8U3, STM32G411C8U6, STM32G411CBT3, STM32G411CBT6, STM32G411CBU3, STM32G411CBU6, STM32G411K6T3, STM32G411K6T6, STM32G411K6U3, STM32G411K6U6, STM32G411K8T3, STM32G411K8T6, STM32G411K8U3, STM32G411K8U6, STM32G411KBT3, STM32G411KBT6, STM32G411KBU3, STM32G411KBU6, STM32G411M6T3, STM32G411M6T6, STM32G411M8T3, STM32G411M8T6, STM32G411MBT3, STM32G411MBT6, STM32G411R6T3, STM32G411R6T6, STM32G411R8T3, STM32G411R8T6, STM32G411RBT3, STM32G411RBT6, STM32G414CBT3, STM32G414CBT6, STM32G414CBU3, STM32G414CBU6, STM32G414CCT3, STM32G414CCT6, STM32G414CCU3, STM32G414CCU6, STM32G414MBT3, STM32G414MBT6, STM32G414MCT3, STM32G414MCT6, STM32G414RBT3, STM32G414RBT6, STM32G414RCT3, STM32G414RCT6, STM32G414VBT3, STM32G414VBT6, STM32G414VCT3, STM32G414VCT6, STM32G431CBT3Z, STM32G431RBT3Z, STM32G471CCT6, STM32G471CCU6, STM32G471CET3, STM32G471CET6, STM32G471CEU3, STM32G471CEU6, STM32G471MCT6, STM32G471MET3, STM32G471MET6, STM32G471MEY6TR, STM32G471QCT6, STM32G471QET3, STM32G471RCT6, STM32G471RET3, STM32G471RET6, STM32G471VCH6, STM32G471VCI6, STM32G471VCT6, STM32G471VEH3, STM32G471VEH6, STM32G471VEI3, STM32G471VEI6, STM32G471VET3, STM32G471VET6, STM32G473QET3Z, STM32G473RET3Z, STM32G474CCT6, STM32G491RET3Z, STM32H503CBT6, STM32H503CBU6, STM32H503EBY6TR, STM32H503KBU6, STM32H503RBT6, STM32H523CCT6, STM32H523CCU6, STM32H523CET6, STM32H523CEU6, STM32H523HEY6TR, STM32H523RCT6, STM32H523RET6, STM32H523VCI6, STM32H523VCT6, STM32H523VEI6, STM32H523VET6, STM32H523ZCJ6, STM32H523ZCT6, STM32H523ZEJ6, STM32H523ZET6, STM32H533CET6, STM32H533CEU6, STM32H533HEY6TR, STM32H533RET6, STM32H533VEI6, STM32H533VET6, STM32H533ZEJ6, STM32H533ZET6, STM32H562AGI6, STM32H562AII6, STM32H562IGK6, STM32H562IGT6, STM32H562IIK6, STM32H562IIT6, STM32H562RGT6, STM32H562RGV6, STM32H562RIT6, STM32H562RIV6, STM32H562VGT6, STM32H562VIT6, STM32H562ZGT6, STM32H562ZIT6, STM32H563AGI6, STM32H563AII3Q, STM32H563AII6, STM32H563IGK6, STM32H563IGT6, STM32H563IIK3Q, STM32H563IIK6, STM32H563IIT3Q, STM32H563IIT6, STM32H563MIY3QTR, STM32H563RGT6, STM32H563RGV6, STM32H563RIT6, STM32H563RIV6, STM32H563VGT6, STM32H563VIT3Q, STM32H563VIT6, STM32H563ZGT6, STM32H563ZIT3Q, STM32H563ZIT6, STM32H573AII3Q, STM32H573AII6, STM32H573I-DK, STM32H573IIK3Q, STM32H573IIK6, STM32H573IIT3Q, STM32H573IIT6, STM32H573MIY3QTR, STM32H573RIT6, STM32H573RIV6, STM32H573VIT3Q, STM32H573VIT6, STM32H573ZIT3Q, STM32H573ZIT6, STM32H7R3A8I6, STM32H7R3I8K6, STM32H7R3I8T6, STM32H7R3L8H6, STM32H7R3L8H6H, STM32H7R3R8V6, STM32H7R3V8H6, STM32H7R3V8T6, STM32H7R3V8Y6TR, STM32H7R3Z8J6, STM32H7R3Z8T6, STM32H7R7A8I6, STM32H7R7I8K6, STM32H7R7I8T6, STM32H7R7L8H6, STM32H7R7L8H6H, STM32H7R7Z8J6, STM32H7S3A8I6, STM32H7S3I8K6, STM32H7S3I8T6, STM32H7S3L8H6, STM32H7S3L8H6H, STM32H7S3R8V6, STM32H7S3V8H6, STM32H7S3V8T6, STM32H7S3V8Y6TR, STM32H7S3Z8J6, STM32H7S3Z8T6, STM32H7S78-DK, STM32H7S7A8I6, STM32H7S7I8K6, STM32H7S7I8T6, STM32H7S7L8H6, STM32H7S7L8H6H, STM32H7S7Z8J6, STM32L4R5QGI6STR, STM32MP131AAE3, STM32MP131AAF3, STM32MP131AAG3, STM32MP131CAE3, STM32MP131CAF3, STM32MP131CAG3, STM32MP131DAE7, STM32MP131DAF7, STM32MP131DAG7, STM32MP131FAE7, STM32MP131FAF7, STM32MP131FAG7, STM32MP133AAE3, STM32MP133AAF3, STM32MP133AAG3, STM32MP133CAE3, STM32MP133CAF3, STM32MP133CAG3, STM32MP133DAE7, STM32MP133DAF7, STM32MP133DAG7, STM32MP133FAE7, STM32MP133FAF7, STM32MP133FAG7, STM32MP135AAE3, STM32MP135AAF3, STM32MP135AAG3, STM32MP135CAE3, STM32MP135CAF3, STM32MP135CAG3, STM32MP135DAE7, STM32MP135DAF7, STM32MP135DAG7, STM32MP135F-DK, STM32MP135FAE7, STM32MP135FAF7, STM32MP135FAF7T, STM32MP135FAF7U, STM32MP135FAG7, STM32MP211AAL3, STM32MP211AAM3, STM32MP211AAN3, STM32MP211AAO3, STM32MP211CAL3, STM32MP211CAM3, STM32MP211CAN3, STM32MP211CAO3, STM32MP211DAL3, STM32MP211DAM3, STM32MP211DAN3, STM32MP211DAO3, STM32MP211FAL3, STM32MP211FAM3, STM32MP211FAN3, STM32MP211FAO3, STM32MP213AAL3, STM32MP213AAM3, STM32MP213AAN3, STM32MP213AAO3, STM32MP213CAL3, STM32MP213CAM3, STM32MP213CAN3, STM32MP213CAO3, STM32MP213DAL3, STM32MP213DAM3, STM32MP213DAN3, STM32MP213DAO3, STM32MP213FAL3, STM32MP213FAM3, STM32MP213FAN3, STM32MP213FAO3, STM32MP215AAL3, STM32MP215AAM3, STM32MP215AAN3, STM32MP215AAO3, STM32MP215CAL3, STM32MP215CAM3, STM32MP215CAN3, STM32MP215CAO3, STM32MP215DAL3, STM32MP215DAM3, STM32MP215DAN3, STM32MP215DAO3, STM32MP215F-DK, STM32MP215FAL3, STM32MP215FAM3, STM32MP215FAN3, STM32MP215FAO3, STM32MP231AAJ3, STM32MP231AAK3, STM32MP231AAL3, STM32MP231CAJ3, STM32MP231CAK3, STM32MP231CAL3, STM32MP231DAJ3, STM32MP231DAK3, STM32MP231DAL3, STM32MP231FAJ3, STM32MP231FAK3, STM32MP231FAL3, STM32MP233AAJ3, STM32MP233AAK3, STM32MP233AAL3, STM32MP233CAJ3, STM32MP233CAK3, STM32MP233CAL3, STM32MP233DAJ3, STM32MP233DAK3, STM32MP233DAL3, STM32MP233FAJ3, STM32MP233FAK3, STM32MP233FAL3, STM32MP235AAJ3, STM32MP235AAK3, STM32MP235AAL3, STM32MP235CAJ3, STM32MP235CAK3, STM32MP235CAL3, STM32MP235DAJ3, STM32MP235DAK3, STM32MP235DAL3, STM32MP235FAJ3, STM32MP235FAK3, STM32MP235FAL3, STM32MP251AAI3, STM32MP251AAK3, STM32MP251AAL3, STM32MP251CAI3, STM32MP251CAK3, STM32MP251CAL3, STM32MP251DAI3, STM32MP251DAK3, STM32MP251DAL3, STM32MP251FAI3, STM32MP251FAK3, STM32MP251FAL3, STM32MP253AAI3, STM32MP253AAK3, STM32MP253AAL3, STM32MP253CAI3, STM32MP253CAK3, STM32MP253CAL3, STM32MP253DAI3, STM32MP253DAK3, STM32MP253DAL3, STM32MP253FAI3, STM32MP253FAK3, STM32MP253FAL3, STM32MP255AAI3, STM32MP255AAK3, STM32MP255AAL3, STM32MP255CAI3, STM32MP255CAK3, STM32MP255CAL3, STM32MP255DAI3, STM32MP255DAK3, STM32MP255DAL3, STM32MP255FAI3, STM32MP255FAK3, STM32MP255FAL3, STM32MP257AAI3, STM32MP257AAK3, STM32MP257AAL3, STM32MP257CAI3, STM32MP257CAK3, STM32MP257CAL3, STM32MP257DAI3, STM32MP257DAK3, STM32MP257DAL3, STM32MP257F-DK, STM32MP257F-EV1, STM32MP257FAI3, STM32MP257FAK3, STM32MP257FAL3, STM32N645A0H3Q, STM32N645B0H3Q, STM32N645I0H3Q, STM32N645L0H3Q, STM32N645X0H3Q, STM32N645Z0H3Q, STM32N647A0H3Q, STM32N647B0H3Q, STM32N647I0H3Q, STM32N647L0H3Q, STM32N647X0H3Q, STM32N647Z0H3Q, STM32N655A0H3Q, STM32N655B0H3Q, STM32N655I0H3Q, STM32N655L0H3Q, STM32N655X0H3Q, STM32N655Z0H3Q, STM32N6570-DK, STM32N657A0H3Q, STM32N657B0H3Q, STM32N657I0H3Q, STM32N657L0H3Q, STM32N657X0H3Q, STM32N657Z0H3Q, STM32U031C6T6, STM32U031C6U6, STM32U031C8T6, STM32U031C8U6, STM32U031F4P6, STM32U031F6P6, STM32U031F8P6, STM32U031G6Y6TR, STM32U031G8Y6TR, STM32U031K4U6, STM32U031K6U6, STM32U031K8U6, STM32U031R6I6, STM32U031R6T6, STM32U031R8I6, STM32U031R8T6, STM32U073C8T6, STM32U073C8U6, STM32U073CBT6, STM32U073CBU6, STM32U073CCT6, STM32U073CCU6, STM32U073H8Y6TR, STM32U073HBY6TR, STM32U073HCY6TR, STM32U073K8U6, STM32U073KBU6, STM32U073KCU6, STM32U073M8I6, STM32U073M8T6, STM32U073MBI6, STM32U073MBT6, STM32U073MCI6, STM32U073MCT6, STM32U073R8I6, STM32U073R8T6, STM32U073RBI6, STM32U073RBT6, STM32U073RCI6, STM32U073RCT6, STM32U083C-DK, STM32U083CCT6, STM32U083CCU6, STM32U083HCY6TR, STM32U083KCU6, STM32U083MCI6, STM32U083MCT6, STM32U083RCI6, STM32U083RCT6, STM32U375CET6, STM32U375CET6Q, STM32U375CEU6, STM32U375CEU6Q, STM32U375CEY6QTR, STM32U375CGT6, STM32U375CGT6Q, STM32U375CGU6, STM32U375CGU6Q, STM32U375CGY6QTR, STM32U375KEU6, STM32U375KGU6, STM32U375REI6, STM32U375REI6Q, STM32U375RET6, STM32U375RET6Q, STM32U375REY6GTR, STM32U375REY6QTR, STM32U375RGI6, STM32U375RGI6Q, STM32U375RGT6, STM32U375RGT6Q, STM32U375RGY6GTR, STM32U375RGY6QTR, STM32U375VEI6, STM32U375VEI6Q, STM32U375VET6, STM32U375VET6Q, STM32U375VGI6, STM32U375VGI6Q, STM32U375VGT6, STM32U375VGT6Q, STM32U385CGT6, STM32U385CGT6Q, STM32U385CGU6, STM32U385CGU6Q, STM32U385CGY6QTR, STM32U385KGU6, STM32U385RGI6, STM32U385RGI6Q, STM32U385RGT6, STM32U385RGT6Q, STM32U385RGY6GTR, STM32U385RGY6QTR, STM32U385VGI6, STM32U385VGI6Q, STM32U385VGT6, STM32U385VGT6Q, STM32U535CBT6, STM32U535CBT6Q, STM32U535CBU6, STM32U535CBU6Q, STM32U535CCT6, STM32U535CCT6Q, STM32U535CCU6, STM32U535CCU6Q, STM32U535CET6, STM32U535CET6Q, STM32U535CEU6, STM32U535CEU6Q, STM32U535JEY6QTR, STM32U535NCY6QTR, STM32U535NEY6QTR, STM32U535RBI6, STM32U535RBI6Q, STM32U535RBT6, STM32U535RBT6Q, STM32U535RCI6, STM32U535RCI6Q, STM32U535RCT6, STM32U535RCT6Q, STM32U535REI6, STM32U535REI6Q, STM32U535RET6, STM32U535RET6Q, STM32U535VCI6, STM32U535VCI6Q, STM32U535VCT6, STM32U535VCT6Q, STM32U535VEI6, STM32U535VEI6Q, STM32U535VET6, STM32U535VET6Q, STM32U545CET6, STM32U545CET6Q, STM32U545CEU6, STM32U545CEU6Q, STM32U545JEY6QTR, STM32U545NEY6QTR, STM32U545REI6, STM32U545REI6Q, STM32U545RET6, STM32U545RET6Q, STM32U545VEI6, STM32U545VEI6Q, STM32U545VET6, STM32U545VET6Q, STM32U595AIH6, STM32U595AIH6Q, STM32U595AJH6, STM32U595AJH6Q, STM32U595QII6, STM32U595QII6Q, STM32U595QJI6, STM32U595QJI6Q, STM32U595RIT6, STM32U595RIT6Q, STM32U595RJT6, STM32U595RJT6Q, STM32U595VIT6, STM32U595VIT6Q, STM32U595VJT6, STM32U595VJT6Q, STM32U595ZIT6, STM32U595ZIT6Q, STM32U595ZIY6QTR, STM32U595ZJT6, STM32U595ZJT6Q, STM32U595ZJY6QTR, STM32U599BJY6QTR, STM32U599NIH6Q, STM32U599NJH6Q, STM32U599VIT6Q, STM32U599VJT6, STM32U599VJT6Q, STM32U599ZIT6Q, STM32U599ZIY6QTR, STM32U599ZJT6Q, STM32U599ZJY6QTR, STM32U5A5AJH6, STM32U5A5AJH6Q, STM32U5A5QII3Q , STM32U5A5QJI6, STM32U5A5QJI6Q, STM32U5A5RJT6, STM32U5A5RJT6Q, STM32U5A5VJT6, STM32U5A5VJT6Q, STM32U5A5ZJT6, STM32U5A5ZJT6Q, STM32U5A5ZJY6QTR, STM32U5A9BJY6QTR, STM32U5A9J-DK, STM32U5A9NJH6Q, STM32U5A9VJT6Q, STM32U5A9ZJT6Q, STM32U5A9ZJY6QTR, STM32U5F7VIT6, STM32U5F7VIT6Q, STM32U5F7VJT6, STM32U5F7VJT6Q, STM32U5F9BJY6QTR, STM32U5F9NJH6Q, STM32U5F9VIT6Q, STM32U5F9VJT6Q, STM32U5F9ZIJ6QTR, STM32U5F9ZIT6Q, STM32U5F9ZJJ6QTR, STM32U5F9ZJT6Q, STM32U5G7VJT6, STM32U5G7VJT6Q, STM32U5G9BJY6QTR, STM32U5G9J-DK1, STM32U5G9J-DK2, STM32U5G9NJH6Q, STM32U5G9VJT6Q, STM32U5G9ZJJ6QTR, STM32U5G9ZJT6Q, STM32WB05KZV6TR, STM32WB05KZV7TR, STM32WB05TZF6TR, STM32WB05TZF7TR, STM32WB06CCF6TR, STM32WB06CCF7TR, STM32WB06CCV6TR, STM32WB06CCV7TR, STM32WB06KCV6TR, STM32WB06KCV7TR, STM32WB07CCF6TR, STM32WB07CCF7TR, STM32WB07CCV6TR, STM32WB07CCV7TR, STM32WB07KCV6TR, STM32WB07KCV7TR, STM32WB09KEV6TR, STM32WB09KEV7TR, STM32WB09TEF6TR, STM32WB09TEF7TR, STM32WB1MMCH6, STM32WBA50KGU6, STM32WBA50KGU6TR, STM32WBA52CEU6, STM32WBA52CEU6TR, STM32WBA52CEU7, STM32WBA52CEU7TR, STM32WBA52CGU6, STM32WBA52CGU6TR, STM32WBA52CGU6U, STM32WBA52CGU7, STM32WBA52CGU7TR, STM32WBA52KEU6, STM32WBA52KEU6TR, STM32WBA52KGU6, STM32WBA52KGU6TR, STM32WBA54CEU6, STM32WBA54CEU6TR, STM32WBA54CEU7, STM32WBA54CEU7TR, STM32WBA54CGU6, STM32WBA54CGU6TR, STM32WBA54CGU7, STM32WBA54CGU7TR, STM32WBA54KEU6, STM32WBA54KEU6TR, STM32WBA54KEU7, STM32WBA54KEU7TR, STM32WBA54KGU6, STM32WBA54KGU6TR, STM32WBA54KGU7, STM32WBA54KGU7TR, STM32WBA55CEU6, STM32WBA55CEU6TR, STM32WBA55CEU7, STM32WBA55CEU7TR, STM32WBA55CGU6, STM32WBA55CGU6TR, STM32WBA55CGU6U, STM32WBA55CGU7, STM32WBA55CGU7TR, STM32WBA55G-DK1, STM32WBA55HEF6, STM32WBA55HEF7, STM32WBA55HGF6, STM32WBA55HGF7, STM32WBA55UEI6, STM32WBA55UEI6TR, STM32WBA55UEI7, STM32WBA55UEI7TR, STM32WBA55UGI6, STM32WBA55UGI6TR, STM32WBA55UGI7, STM32WBA55UGI7TR, STM32WBA5MMGH6TR, STM32WBA62MGF6, STM32WBA62MIF6, STM32WBA65MGF7, STM32WBA65MIF6, STM32WBA65MIF7, STM32WL30K8V6, STM32WL30KBV6, STM32WL31C8V6, STM32WL31CBV6, STM32WL31K8V6, STM32WL31KBV6, STM32WL33C8V6, STM32WL33C8V6X, STM32WL33CBV6, STM32WL33CBV6X, STM32WL33CCV6, STM32WL33CCV6A, STM32WL33CCV6X, STM32WL33K8V7, STM32WL33K8V7X, STM32WL33KBV7 , STM32WL33KBV7X, STM32WL33KCV7, STM32WL33KCV7X, STM32WL5MOCH6, STM32WL5MOCH6TR]
2026-07-30 12:11:58,632 [INFO] BoardInfo:889 - No configuration file found for board NUCLEO-H5E5ZJ
2026-07-30 12:11:58,634 [INFO] DbBoards:161 - Board is not supported: NUCLEO-H5E5ZJ
2026-07-30 12:11:58,764 [INFO] BoardInfo:889 - No configuration file found for board NUCLEO-U3C5ZI-Q
2026-07-30 12:11:58,767 [INFO] DbBoards:161 - Board is not supported: NUCLEO-U3C5ZI-Q
2026-07-30 12:11:58,801 [INFO] BoardInfo:889 - No configuration file found for board NUCLEO-WBA25CE1
2026-07-30 12:11:58,803 [INFO] DbBoards:161 - Board is not supported: NUCLEO-WBA25CE1
2026-07-30 12:11:58,825 [INFO] BoardInfo:889 - No configuration file found for board NUCLEO-WL3RKB1
2026-07-30 12:11:58,827 [INFO] DbBoards:161 - Board is not supported: NUCLEO-WL3RKB1
2026-07-30 12:11:58,829 [INFO] BoardInfo:889 - No configuration file found for board NUCLEO-WL3RKB2
2026-07-30 12:11:58,832 [INFO] DbBoards:161 - Board is not supported: NUCLEO-WL3RKB2
2026-07-30 12:11:58,850 [INFO] BoardInfo:889 - No configuration file found for board P-NUCLEO-WB55
2026-07-30 12:11:58,852 [INFO] DbBoards:161 - Kit is not supported: P-NUCLEO-WB55
2026-07-30 12:11:58,867 [INFO] BoardInfo:889 - No configuration file found for board STEVAL-BFA001V1B
2026-07-30 12:11:58,869 [INFO] DbBoards:161 - Kit is not supported: STEVAL-BFA001V1B
2026-07-30 12:11:58,871 [INFO] BoardInfo:889 - No configuration file found for board STEVAL-BFA001V2B
2026-07-30 12:11:58,873 [INFO] DbBoards:161 - Kit is not supported: STEVAL-BFA001V2B
2026-07-30 12:11:59,118 [INFO] BoardInfo:889 - No configuration file found for board STM32H5F5J-DK
2026-07-30 12:11:59,120 [INFO] DbBoards:161 - Board is not supported: STM32H5F5J-DK
2026-07-30 12:11:59,310 [INFO] DbBoards:168 - Found 218 boards, 209 are supported
2026-07-30 12:11:59,310 [INFO] DbBoards:169 - Found 218 boards, 43 of them is supported for  Bsp
2026-07-30 12:11:59,313 [INFO] ApiDb:423 - Load user favorites file C:\Users\ADMIN/.stm32cubeide/favorites.boards.txt: 0 item(s)
2026-07-30 12:11:59,313 [INFO] ApiDb:427 - User favorites Boards=[]
2026-07-30 12:11:59,313 [INFO] DbBoards:198 - Set 0 / 0 favorites Boards
2026-07-30 12:11:59,314 [ERROR] TargetSelectorAdapter:267 - Unable to refresh data
2026-07-30 12:11:59,368 [INFO] McuFinderGlobals:76 - Set McuFinderConnectedMode to true
2026-07-30 12:11:59,369 [INFO] MultiScanPanel:200 - Auto-refresh data requested => check proxy status ongoing
2026-07-30 12:11:59,370 [INFO] FinderPluginLoader:96 - Searching for filters in installed packs
2026-07-30 12:12:02,199 [INFO] LoadUrlFilesThread:185 - End of LoadServerUrlFiles without Thread
2026-07-30 12:12:02,200 [INFO] DetailPanel:341 - Set advertising image to C:/Users/ADMIN/STM32Cube/Repository/\en.stm32h5cubemxbanner.png
2026-07-30 12:12:06,110 [INFO] MultiScanPanel:200 - Auto-refresh data requested => check proxy status ongoing
2026-07-30 12:12:06,216 [INFO] LoadUrlFilesThread:185 - End of LoadServerUrlFiles without Thread
2026-07-30 12:12:06,216 [INFO] DetailPanel:341 - Set advertising image to C:/Users/ADMIN/STM32Cube/Repository/\en.stm32h5cubemxbanner.png
2026-07-30 12:12:06,228 [INFO] DbBoards:642 - Loading board mini-images...
2026-07-30 12:12:09,443 [INFO] DbBoards:665 - Loaded 218 board mini-images
2026-07-30 12:12:39,266 [INFO] MainUpdater:2872 - connection check result : 10
2026-07-30 12:12:39,266 [INFO] MainUpdater:2872 - connection check result : 10
2026-07-30 12:12:39,554 [INFO] I2cTimingTraitement:330 - 0x30A175AB
2026-07-30 12:12:39,583 [INFO] MicroXplorer:468 - Change Database Path : 
2026-07-30 12:12:39,584 [INFO] MicroXplorer:498 - Change Database Version : DB.6.0.150
2026-07-30 12:12:39,674 [ERROR] ProjectManagerView:395 - 
java.lang.NullPointerException: Cannot invoke "javax.swing.JTextField.getText()" because the return value of "java.util.List.get(int)" is null
	at com.st.microxplorer.plugins.projectmanager.gui.ProjectChoiceTab$9.caretUpdate(ProjectChoiceTab.java:2706) ~[filemanager.jar:?]
	at javax.swing.text.JTextComponent.fireCaretUpdate(JTextComponent.java:408) ~[?:?]
	at javax.swing.text.JTextComponent$MutableCaretEvent.fire(JTextComponent.java:4484) ~[?:?]
	at javax.swing.text.JTextComponent$MutableCaretEvent.stateChanged(JTextComponent.java:4506) ~[?:?]
	at javax.swing.text.DefaultCaret.fireStateChanged(DefaultCaret.java:857) ~[?:?]
	at javax.swing.text.DefaultCaret.changeCaretPosition(DefaultCaret.java:1343) ~[?:?]
	at javax.swing.text.DefaultCaret.handleSetDot(DefaultCaret.java:1242) ~[?:?]
	at javax.swing.text.DefaultCaret.setDot(DefaultCaret.java:1223) ~[?:?]
	at javax.swing.text.DefaultCaret$Handler.insertUpdate(DefaultCaret.java:1819) ~[?:?]
	at javax.swing.text.AbstractDocument.fireInsertUpdate(AbstractDocument.java:227) ~[?:?]
	at javax.swing.text.AbstractDocument.handleInsertString(AbstractDocument.java:781) ~[?:?]
	at javax.swing.text.AbstractDocument.insertString(AbstractDocument.java:740) ~[?:?]
	at javax.swing.text.PlainDocument.insertString(PlainDocument.java:131) ~[?:?]
	at javax.swing.text.AbstractDocument.replace(AbstractDocument.java:699) ~[?:?]
	at javax.swing.text.JTextComponent.setText(JTextComponent.java:1725) ~[?:?]
	at com.st.microxplorer.plugins.projectmanager.gui.ProjectChoiceTab.createHeapStackFields(ProjectChoiceTab.java:993) ~[filemanager.jar:?]
	at com.st.microxplorer.plugins.projectmanager.gui.ProjectChoiceTab.buildLinkSettingsPanel(ProjectChoiceTab.java:3813) ~[filemanager.jar:?]
	at com.st.microxplorer.plugins.projectmanager.gui.ProjectChoiceTab.defineWindowsFields(ProjectChoiceTab.java:1987) ~[filemanager.jar:?]
	at com.st.microxplorer.plugins.projectmanager.gui.ProjectChoiceTab.updateSettings(ProjectChoiceTab.java:558) ~[filemanager.jar:?]
	at com.st.microxplorer.plugins.projectmanager.gui.ProjectSettingsPanel.UpdateDialog(ProjectSettingsPanel.java:247) ~[filemanager.jar:?]
	at com.st.microxplorer.plugins.projectmanager.ProjectManagerView.propertyChange(ProjectManagerView.java:392) ~[filemanager.jar:?]
	at java.beans.PropertyChangeSupport.fire(PropertyChangeSupport.java:343) ~[?:?]
	at java.beans.PropertyChangeSupport.firePropertyChange(PropertyChangeSupport.java:335) ~[?:?]
	at java.beans.PropertyChangeSupport.firePropertyChange(PropertyChangeSupport.java:268) ~[?:?]
	at com.st.microxplorer.util.MXPropertyChangeSupport.firePropertyChange(MXPropertyChangeSupport.java:54) ~[STM32CubeMX.jar:?]
	at com.st.microxplorer.mxsystem.MxSystem.closeConfig(MxSystem.java:899) ~[STM32CubeMX.jar:?]
	at com.st.microxplorer.maingui.MainPanel.closeConfig(MainPanel.java:792) ~[STM32CubeMX.jar:?]
	at com.st.microxplorer.plugins.filemanager.engine.OpenFileManager.loadConfigurationFile(OpenFileManager.java:288) ~[filemanager.jar:?]
	at com.st.microxplorer.plugins.filemanager.engine.MainFileManager.userLoadConfig(MainFileManager.java:364) ~[filemanager.jar:?]
	at com.st.microxplorer.plugins.filemanager.FileManagerView.getSpecificTask(FileManagerView.java:268) ~[filemanager.jar:?]
	at com.st.stm32cube.common.mx.editor.CubeMxEditor.getMxTabbedPaneInstance(CubeMxEditor.java:1191) ~[com.st.stm32cube.common.mx_6.15.0.202507011659/:?]
	at com.st.stm32cube.common.mx.editor.CubeMxEditor$12$1.createSwingComponent(CubeMxEditor.java:1068) ~[com.st.stm32cube.common.mx_6.15.0.202507011659/:?]
	at com.st.stm32cube.common.mx.oss.core.awtswtbridge.EmbeddedSwingComposite.doComponentCreation(EmbeddedSwingComposite.java:492) ~[com.st.stm32cube.common.mx.oss_6.15.0.202507011659/:?]
	at com.st.stm32cube.common.mx.oss.core.awtswtbridge.EmbeddedSwingComposite$4.run(EmbeddedSwingComposite.java:291) ~[com.st.stm32cube.common.mx.oss_6.15.0.202507011659/:?]
	at com.st.stm32cube.common.mx.oss.core.awtswtbridge.AwtEnvironment$2.run(AwtEnvironment.java:166) ~[com.st.stm32cube.common.mx.oss_6.15.0.202507011659/:?]
	at java.awt.event.InvocationEvent.dispatch(InvocationEvent.java:318) ~[?:?]
	at java.awt.EventQueue.dispatchEventImpl(EventQueue.java:773) ~[?:?]
	at java.awt.EventQueue$4.run(EventQueue.java:720) ~[?:?]
	at java.awt.EventQueue$4.run(EventQueue.java:714) ~[?:?]
	at java.security.AccessController.doPrivileged(AccessController.java:400) ~[?:?]
	at java.security.ProtectionDomain$JavaSecurityAccessImpl.doIntersectionPrivilege(ProtectionDomain.java:87) ~[?:?]
	at java.awt.EventQueue.dispatchEvent(EventQueue.java:742) ~[?:?]
	at java.awt.EventDispatchThread.pumpOneEventForFilters(EventDispatchThread.java:203) ~[?:?]
	at java.awt.EventDispatchThread.pumpEventsForFilter(EventDispatchThread.java:124) ~[?:?]
	at java.awt.EventDispatchThread.pumpEventsForHierarchy(EventDispatchThread.java:113) ~[?:?]
	at java.awt.EventDispatchThread.pumpEvents(EventDispatchThread.java:109) ~[?:?]
	at java.awt.EventDispatchThread.pumpEvents(EventDispatchThread.java:101) ~[?:?]
	at java.awt.EventDispatchThread.run(EventDispatchThread.java:90) ~[?:?]
2026-07-30 12:12:39,715 [WARN] ThirdParty:871 - waiting for thirdparty lock release [close project]
2026-07-30 12:12:39,715 [INFO] ThirdParty:873 - entering critical section [close project]
2026-07-30 12:12:39,715 [INFO] ThirdParty:883 - exiting critical section [close project]
2026-07-30 12:12:39,726 [INFO] PinOutPanel:1589 - setPackage(No Configuration,No Configuration)
2026-07-30 12:12:39,766 [INFO] UtilMem:75 - Begin LoadConfig() Used Memory: 966952496 Bytes (1073741824)
2026-07-30 12:12:39,768 [INFO] OpenFileManager:355 - Change cursor
2026-07-30 12:12:39,818 [INFO] RulesReader:64 - Compatibility file has been processed (317 Rules)
2026-07-30 12:12:39,829 [INFO] ProjectFactory:514 - No CPN specified for board B-L4S5I-IOT01A => set CPN to STM32L4S5VIT6
2026-07-30 12:12:39,829 [INFO] Mcu:2029 - Initializing MCU STM32L4S5VITx STM32L4S5VITx STM32L4S5VIT6
2026-07-30 12:12:43,422 [INFO] Context:786 - Trying to add GPIOservice into a context  which must be forbidden
2026-07-30 12:12:44,933 [INFO] Rule:233 - rule 117617 - U5Cobra4M][GTZC] default value MPCBB3 and MPCBB5 - Not Secured memory - MPCBB1 is applicable
2026-07-30 12:12:44,933 [INFO] Rule:233 - rule 117617 - U5Cobra4M][GTZC] default value MPCBB3 and MPCBB5 - Not Secured memory - MPCBB1 is applicable
2026-07-30 12:12:44,933 [INFO] Rule:233 - rule 117617 - U5Cobra4M][GTZC] default value MPCBB3 and MPCBB5 - Not Secured memory - MPCBB2 is applicable
2026-07-30 12:12:44,933 [INFO] Rule:233 - rule 117617 - U5Cobra4M][GTZC] default value MPCBB3 and MPCBB5 - Not Secured memory - MPCBB2 is applicable
2026-07-30 12:12:44,933 [INFO] Rule:233 - rule 117617 - U5Cobra4M][GTZC] default value MPCBB3 and MPCBB5 - Not Secured memory - MPCBB3 is applicable
2026-07-30 12:12:44,933 [INFO] Rule:233 - rule 117617 - U5Cobra4M][GTZC] default value MPCBB3 and MPCBB5 - Not Secured memory - MPCBB3 is applicable
2026-07-30 12:12:44,933 [INFO] Rule:233 - rule 117617 - U5Cobra4M][GTZC] default value MPCBB3 and MPCBB5 - Not Secured memory - MPCBB4 is applicable
2026-07-30 12:12:44,933 [INFO] Rule:233 - rule 117617 - U5Cobra4M][GTZC] default value MPCBB3 and MPCBB5 - Not Secured memory - MPCBB4 is applicable
2026-07-30 12:12:44,933 [INFO] Rule:233 - rule 117617 - U5Cobra4M][GTZC] default value MPCBB3 and MPCBB5 - Secured memory - MPCBB1 is applicable
2026-07-30 12:12:44,933 [INFO] Rule:233 - rule 117617 - U5Cobra4M][GTZC] default value MPCBB3 and MPCBB5 - Secured memory - MPCBB2 is applicable
2026-07-30 12:12:44,933 [INFO] Rule:233 - rule 117617 - U5Cobra4M][GTZC] default value MPCBB3 and MPCBB5 - Secured memory - MPCBB3 is applicable
2026-07-30 12:12:44,933 [INFO] Rule:233 - rule 117617 - U5Cobra4M][GTZC] default value MPCBB3 and MPCBB5 - Secured memory - MPCBB4 is applicable
2026-07-30 12:12:44,933 [INFO] Rule:233 - rule 117617 - U5Cobra4M][GTZC] default value MPCBB3 and MPCBB5 - Privileged memory - MPCBB1 is applicable
2026-07-30 12:12:44,934 [INFO] Rule:233 - rule 117617 - U5Cobra4M][GTZC] default value MPCBB3 and MPCBB5 - Privileged memory - MPCBB2 is applicable
2026-07-30 12:12:44,934 [INFO] Rule:233 - rule 117617 - U5Cobra4M][GTZC] default value MPCBB3 and MPCBB5 - Privileged memory - MPCBB3 is applicable
2026-07-30 12:12:44,934 [INFO] Rule:233 - rule 117617 - U5Cobra4M][GTZC] default value MPCBB3 and MPCBB5 - Privileged memory - MPCBB4 is applicable
2026-07-30 12:12:44,934 [INFO] Rule:233 - rule 117617 - U5Cobra4M][GTZC] default value MPCBB3 and MPCBB5 - Not Privileged memory - MPCBB1 is applicable
2026-07-30 12:12:44,934 [INFO] Rule:233 - rule 117617 - U5Cobra4M][GTZC] default value MPCBB3 and MPCBB5 - Not Privileged memory - MPCBB2 is applicable
2026-07-30 12:12:44,934 [INFO] Rule:233 - rule 117617 - U5Cobra4M][GTZC] default value MPCBB3 and MPCBB5 - Not Privileged memory - MPCBB3 is applicable
2026-07-30 12:12:44,934 [INFO] Rule:233 - rule 117617 - U5Cobra4M][GTZC] default value MPCBB3 and MPCBB5 - Not Privileged memory - MPCBB4 is applicable
2026-07-30 12:12:44,934 [INFO] Rule:233 - rule 117617 - U5Cobra4M][GTZC] default value MPCBB3 and MPCBB5 - Privileged memory - MPCBB1 is applicable
2026-07-30 12:12:44,934 [INFO] Rule:233 - rule 117617 - U5Cobra4M][GTZC] default value MPCBB3 and MPCBB5 - Privileged memory - MPCBB2 is applicable
2026-07-30 12:12:44,934 [INFO] Rule:233 - rule 117617 - U5Cobra4M][GTZC] default value MPCBB3 and MPCBB5 - Privileged memory - MPCBB3 is applicable
2026-07-30 12:12:44,934 [INFO] Rule:233 - rule 117617 - U5Cobra4M][GTZC] default value MPCBB3 and MPCBB5 - Privileged memory - MPCBB4 is applicable
2026-07-30 12:12:44,934 [INFO] Rule:233 - rule 117617 - U5Cobra4M][GTZC] default value MPCBB3 and MPCBB5 - Privileged memory - MPCBB1 is applicable
2026-07-30 12:12:44,934 [INFO] Rule:233 - rule 117617 - U5Cobra4M][GTZC] default value MPCBB3 and MPCBB5 - Privileged memory - MPCBB2 is applicable
2026-07-30 12:12:44,934 [INFO] Rule:233 - rule 117617 - U5Cobra4M][GTZC] default value MPCBB3 and MPCBB5 - Privileged memory - MPCBB3 is applicable
2026-07-30 12:12:44,934 [INFO] Rule:233 - rule 117617 - U5Cobra4M][GTZC] default value MPCBB3 and MPCBB5 - Privileged memory - MPCBB4 is applicable
2026-07-30 12:12:44,934 [INFO] Rule:233 - rule 117617 - U5Cobra4M][GTZC] default value MPCBB3 and MPCBB5 - Not Privileged memory - MPCBB1 is applicable
2026-07-30 12:12:44,934 [INFO] Rule:233 - rule 117617 - U5Cobra4M][GTZC] default value MPCBB3 and MPCBB5 - Not Privileged memory - MPCBB2 is applicable
2026-07-30 12:12:44,934 [INFO] Rule:233 - rule 117617 - U5Cobra4M][GTZC] default value MPCBB3 and MPCBB5 - Not Privileged memory - MPCBB3 is applicable
2026-07-30 12:12:44,934 [INFO] Rule:233 - rule 117617 - U5Cobra4M][GTZC] default value MPCBB3 and MPCBB5 - Not Privileged memory - MPCBB4 is applicable
2026-07-30 12:12:44,934 [INFO] Rule:233 - rule 117617 - U5Cobra4M][GTZC] default value MPCBB3 and MPCBB5 - Privileged memory - MPCBB1 is applicable
2026-07-30 12:12:44,934 [INFO] Rule:233 - rule 117617 - U5Cobra4M][GTZC] default value MPCBB3 and MPCBB5 - Privileged memory - MPCBB2 is applicable
2026-07-30 12:12:44,934 [INFO] Rule:233 - rule 117617 - U5Cobra4M][GTZC] default value MPCBB3 and MPCBB5 - Privileged memory - MPCBB3 is applicable
2026-07-30 12:12:44,934 [INFO] Rule:233 - rule 117617 - U5Cobra4M][GTZC] default value MPCBB3 and MPCBB5 - Privileged memory - MPCBB4 is applicable
2026-07-30 12:12:44,935 [INFO] Rule:233 - rule WakeUp0 Mode is applicable
2026-07-30 12:12:44,935 [INFO] Rule:233 - rule WakeUp0 SIGNAL is applicable
2026-07-30 12:12:44,935 [INFO] Rule:233 - rule WakeUp1 Mode is applicable
2026-07-30 12:12:44,935 [INFO] Rule:233 - rule WakeUp1 SIGNAL is applicable
2026-07-30 12:12:44,935 [INFO] Rule:233 - rule WakeUp2 Mode is applicable
2026-07-30 12:12:44,935 [INFO] Rule:233 - rule WakeUp2 SIGNAL is applicable
2026-07-30 12:12:44,935 [INFO] Rule:233 - rule WakeUp4 Mode is applicable
2026-07-30 12:12:44,935 [INFO] Rule:233 - rule WakeUp4 SIGNAL is applicable
2026-07-30 12:12:44,935 [INFO] Rule:233 - rule WakeUp5 Mode is applicable
2026-07-30 12:12:44,935 [INFO] Rule:233 - rule WakeUp5 SIGNAL is applicable
2026-07-30 12:12:44,935 [INFO] Rule:233 - rule Change Default Value for LSE Drive Capability for WB family is applicable
2026-07-30 12:12:44,935 [INFO] Rule:233 - rule change FDCAN default value is applicable
2026-07-30 12:12:44,936 [INFO] Rule:233 - rule Adapt Old IOC before rework replace old CORTEX_M33/CORTEX_M55 attributes by the new one. is applicable
2026-07-30 12:12:44,936 [INFO] Rule:233 - rule Rename parametre of RCC RCC_APBDBG_DIV2 to RCC_TIMPRES_DIV2 is applicable
2026-07-30 12:12:44,936 [INFO] Rule:233 - rule Rename DIE493 pin PA10 [PA12] -> PA10 is applicable
2026-07-30 12:12:44,936 [INFO] Rule:233 - rule Rename DIE493 pin PA9 [PA11] -> PA9 is applicable
2026-07-30 12:12:44,936 [INFO] Rule:233 - rule Rename DIE492 PartNumber CPN STM32WBA5MJGHx -> STM32WBA5MMGHx is applicable
2026-07-30 12:12:44,936 [INFO] Rule:233 - rule Rename DIE492 PartNumber  Name STM32WBA5MJGHx -> STM32WBA5MMGHx is applicable
2026-07-30 12:12:44,936 [INFO] Rule:233 - rule Rename DIE492 PartNumber UserName STM32WBA5MJGHx -> STM32WBA5MMGHx is applicable
2026-07-30 12:12:44,936 [INFO] Rule:233 - rule Rename DIE492 PartNumber DeviceId STM32WBA5MJGHx -> STM32WBA5MMGHx is applicable
2026-07-30 12:12:44,936 [INFO] Rule:233 - rule Adapt Old IOC CSI. is applicable
2026-07-30 12:12:44,936 [INFO] Rule:233 - rule Adapt Old IOC DCMIPP. is applicable
2026-07-30 12:12:44,936 [INFO] Rule:233 - rule Adapt Old IOC DCMIPP Mode Parallel. is applicable
2026-07-30 12:12:44,936 [INFO] Rule:233 - rule Adapt Old IOC LTDC. is applicable
2026-07-30 12:12:44,936 [INFO] Rule:233 - rule Rename STM32MP2 RIF Peripheral LTDC RIF.RISUP.LTDC_L0L1.Privilege -> RIF.RISUP.LTDC_L1L2.Privilege is applicable
2026-07-30 12:12:44,936 [INFO] Rule:233 - rule Rename STM32MP2 RIF Peripheral LTDC RIF.RISUP.LTDC_L0L1.Privilege -> RIF.RISUP.LTDC_L1L2.Privilege is applicable
2026-07-30 12:12:44,936 [INFO] Rule:233 - rule Rename STM32MP2 RIF Peripheral LTDC RIF.RISUP.LTDC_L0L1.Lock -> RIF.RISUP.LTDC_L1L2.Lock is applicable
2026-07-30 12:12:44,936 [INFO] Rule:233 - rule Rename STM32MP2 RIF Peripheral LTDC RIF.RISUP.LTDC_L2.Lock -> RIF.RISUP.LTDC_L3.Lock is applicable
2026-07-30 12:12:44,936 [INFO] Rule:233 - rule Adapt the old IOC example for updating the SYS when it is misconfigured. is applicable
2026-07-30 12:12:44,936 [INFO] Rule:233 - rule Rename STM32C09 Mcu.Package LQFP64 -> LQFP48 is applicable
2026-07-30 12:12:44,936 [INFO] Rule:233 - rule Adapt the old IOC example for updating the SYS when it is misconfigured. is applicable
2026-07-30 12:12:44,936 [INFO] Rule:233 - rule Adapt the old IOC example for updating the SYS when it is misconfigured. is applicable
2026-07-30 12:12:44,946 [INFO] DbConfProperties:307 - Apply Compatibility (5/68 Rules)
2026-07-30 12:12:45,004 [INFO] ImportTextPane:234 - (OptionalMessage_ERROR) Pin84 (VP_RIF_VS_RIF1) cannot be retrieved for this MCU
2026-07-30 12:12:45,130 [INFO] RtosManager:558 - Registered RTOS mode: class=CMSIS, group=RTOS, mode=CMSIS_V1, owner=FREERTOS
2026-07-30 12:12:45,130 [INFO] RtosManager:558 - Registered RTOS mode: class=CMSIS, group=RTOS2, mode=CMSIS_V2, owner=FREERTOS
2026-07-30 12:12:45,130 [INFO] RtosManager:558 - Registered RTOS mode: class=RTOS, group=Core, mode=CMSIS_V1, owner=FREERTOS
2026-07-30 12:12:45,130 [INFO] RtosManager:558 - Registered RTOS mode: class=RTOS, group=Core, mode=CMSIS_V2, owner=FREERTOS
2026-07-30 12:12:45,131 [WARN] ModelIntegratedComponent:184 - Missing modes for component STMicroelectronics:FreeRTOS:0.0.1:STMicroelectronics:RTOS:FreeRTOS:Core:::10.2.0:
2026-07-30 12:12:45,354 [WARN] ModelIntegratedComponent:63 - No mode defined for component null
2026-07-30 12:12:45,355 [WARN] ModelIntegratedComponent:63 - No mode defined for component null
2026-07-30 12:12:45,355 [WARN] ModelIntegratedComponent:63 - No mode defined for component null
2026-07-30 12:12:45,355 [WARN] ModelIntegratedComponent:63 - No mode defined for component null
2026-07-30 12:12:45,355 [WARN] ModelIntegratedComponent:63 - No mode defined for component null
2026-07-30 12:12:45,355 [WARN] ModelIntegratedComponent:63 - No mode defined for component null
2026-07-30 12:12:45,355 [WARN] ModelIntegratedComponent:63 - No mode defined for component null
2026-07-30 12:12:45,355 [WARN] ModelIntegratedComponent:63 - No mode defined for component null
2026-07-30 12:12:45,355 [WARN] ModelIntegratedComponent:63 - No mode defined for component null
2026-07-30 12:12:45,355 [WARN] ModelIntegratedComponent:63 - No mode defined for component null
2026-07-30 12:12:45,355 [WARN] ModelIntegratedComponent:63 - No mode defined for component null
2026-07-30 12:12:45,355 [WARN] ModelIntegratedComponent:63 - No mode defined for component null
2026-07-30 12:12:45,355 [WARN] ModelIntegratedComponent:63 - No mode defined for component null
2026-07-30 12:12:45,355 [WARN] ModelIntegratedComponent:63 - No mode defined for component null
2026-07-30 12:12:45,355 [WARN] ModelIntegratedComponent:63 - No mode defined for component null
2026-07-30 12:12:45,355 [WARN] ModelIntegratedComponent:63 - No mode defined for component null
2026-07-30 12:12:45,355 [WARN] ModelIntegratedComponent:63 - No mode defined for component null
2026-07-30 12:12:45,355 [WARN] ModelIntegratedComponent:63 - No mode defined for component null
2026-07-30 12:12:45,355 [WARN] ModelIntegratedComponent:63 - No mode defined for component null
2026-07-30 12:12:45,355 [WARN] ModelIntegratedComponent:63 - No mode defined for component null
2026-07-30 12:12:45,355 [WARN] ModelIntegratedComponent:63 - No mode defined for component null
2026-07-30 12:12:45,355 [WARN] ModelIntegratedComponent:63 - No mode defined for component null
2026-07-30 12:12:45,355 [WARN] ModelIntegratedComponent:63 - No mode defined for component null
2026-07-30 12:12:45,355 [WARN] ModelIntegratedComponent:63 - No mode defined for component null
2026-07-30 12:12:45,355 [WARN] ModelIntegratedComponent:63 - No mode defined for component null
2026-07-30 12:12:45,355 [WARN] ModelIntegratedComponent:63 - No mode defined for component null
2026-07-30 12:12:45,355 [WARN] ModelIntegratedComponent:63 - No mode defined for component null
2026-07-30 12:12:45,355 [WARN] ModelIntegratedComponent:63 - No mode defined for component null
2026-07-30 12:12:45,355 [WARN] ModelIntegratedComponent:63 - No mode defined for component null
2026-07-30 12:12:45,355 [WARN] ModelIntegratedComponent:63 - No mode defined for component null
2026-07-30 12:12:45,356 [WARN] ModelIntegratedComponent:63 - No mode defined for component null
2026-07-30 12:12:45,356 [WARN] ModelIntegratedComponent:63 - No mode defined for component null
2026-07-30 12:12:45,356 [WARN] ModelIntegratedComponent:63 - No mode defined for component null
2026-07-30 12:12:45,356 [WARN] ModelIntegratedComponent:63 - No mode defined for component null
2026-07-30 12:12:45,356 [WARN] ModelIntegratedComponent:63 - No mode defined for component null
2026-07-30 12:12:45,356 [WARN] ModelPack:524 - Component already loaded: STMicroelectronics:HAL Drivers:0.0.0:STMicroelectronics:Device:STMicro_Driver:XSPI:HAL::0.0.1:HAL_XSPI
2026-07-30 12:12:45,391 [INFO] ThirdPartyModel:298 - Start build external matchings
2026-07-30 12:12:45,775 [INFO] ThirdPartyModel:316 - End build external matchings
2026-07-30 12:12:45,814 [WARN] IP:2250 - MaxTran not found: check if there is a RefParameter without a condition.
2026-07-30 12:12:45,814 [WARN] IP:2250 - Refresh not found: check if there is a RefParameter without a condition.
2026-07-30 12:12:45,815 [INFO] ImportTextPane:234 - (OptionalMessage_ERROR) IP (RCC) : Invalid parameter (FamilyName)
2026-07-30 12:12:46,250 [INFO] UtilMem:75 - End LoadConfig() Used Memory: 970842160 Bytes (1073741824)
2026-07-30 12:12:46,414 [WARN] ThirdParty:833 - waiting for thirdparty lock release [change project]
2026-07-30 12:12:46,415 [INFO] ThirdParty:835 - entering critical section [change project]
2026-07-30 12:12:46,415 [INFO] ThirdParty:1030 - CMSIS Pack Vendor :STMicroelectronics X-CUBE-AZRTOS-H7 3.5.0
2026-07-30 12:12:46,415 [INFO] ThirdParty:1030 - CMSIS Pack Vendor :STMicroelectronics X-CUBE-PM33A1 1.0.0
2026-07-30 12:12:46,415 [INFO] ThirdParty:1030 - CMSIS Pack Vendor :STMicroelectronics USBPD 4.1
2026-07-30 12:12:46,415 [INFO] ThirdParty:1030 - CMSIS Pack Vendor :STMicroelectronics X-CUBE-NFC9 1.0.0
2026-07-30 12:12:46,415 [INFO] ThirdParty:1030 - CMSIS Pack Vendor :STMicroelectronics USB_HOST 2.0.0
2026-07-30 12:12:46,415 [INFO] ThirdParty:1030 - CMSIS Pack Vendor :STMicroelectronics FP-ATR-ASTRA1 2.0.3
2026-07-30 12:12:46,415 [INFO] ThirdParty:1030 - CMSIS Pack Vendor :STMicroelectronics X-CUBE-AZRTOS-F4 1.1.0
2026-07-30 12:12:46,415 [INFO] ThirdParty:1030 - CMSIS Pack Vendor :STMicroelectronics LIBJPEG 8.0.0
2026-07-30 12:12:46,415 [INFO] ThirdParty:1030 - CMSIS Pack Vendor :STMicroelectronics X-CUBE-BLE1 7.1.0
2026-07-30 12:12:46,415 [INFO] ThirdParty:1030 - CMSIS Pack Vendor :wolfSSL I-CUBE-wolfMQTT 1.19.2
2026-07-30 12:12:46,415 [INFO] ThirdParty:1030 - CMSIS Pack Vendor :STMicroelectronics USB_DEVICE 3.0.0
2026-07-30 12:12:46,415 [INFO] ThirdParty:1030 - CMSIS Pack Vendor :STMicroelectronics X-CUBE-ISPU 2.1.0
2026-07-30 12:12:46,415 [INFO] ThirdParty:1030 - CMSIS Pack Vendor :STMicroelectronics X-CUBE-EEPRMA1 5.2.0
2026-07-30 12:12:46,415 [INFO] ThirdParty:1030 - CMSIS Pack Vendor :STMicroelectronics X-CUBE-IPS 3.2.0
2026-07-30 12:12:46,415 [INFO] ThirdParty:1030 - CMSIS Pack Vendor :STMicroelectronics eDS-WB_DPC_TT-BIDIR 2.1.1
2026-07-30 12:12:46,415 [INFO] ThirdParty:1030 - CMSIS Pack Vendor :STMicroelectronics X-CUBE-AZRTOS-WB 2.0.0
2026-07-30 12:12:46,415 [INFO] ThirdParty:1030 - CMSIS Pack Vendor :STMicroelectronics X-CUBE-NFC12 1.0.0
2026-07-30 12:12:46,415 [INFO] ThirdParty:1030 - CMSIS Pack Vendor :STMicroelectronics X-CUBE-AZRTOS-F7 1.1.0
2026-07-30 12:12:46,415 [INFO] ThirdParty:1030 - CMSIS Pack Vendor :STMicroelectronics X-CUBE-AZRTOS-L5 2.0.0
2026-07-30 12:12:46,415 [INFO] ThirdParty:1030 - CMSIS Pack Vendor :STMicroelectronics USB_DEVICE 2.0.0
2026-07-30 12:12:46,415 [INFO] ThirdParty:1030 - CMSIS Pack Vendor :STMicroelectronics X-CUBE-FREERTOS 1.6.0
2026-07-30 12:12:46,415 [INFO] ThirdParty:1030 - CMSIS Pack Vendor :STMicroelectronics FP-SNS-STAIOTCFT 1.1.0
2026-07-30 12:12:46,415 [INFO] ThirdParty:1030 - CMSIS Pack Vendor :quantropi X-CUBE-qispace-sdk-base 2.1.0
2026-07-30 12:12:46,415 [INFO] ThirdParty:1030 - CMSIS Pack Vendor :STMicroelectronics X-CUBE-STSE01 2.0.0
2026-07-30 12:12:46,415 [INFO] ThirdParty:1030 - CMSIS Pack Vendor :STMicroelectronics X-CUBE-ALGOBUILD 1.5.0
2026-07-30 12:12:46,415 [INFO] ThirdParty:1030 - CMSIS Pack Vendor :STMicroelectronics FP-SNS-MOTENV1 5.1.0
2026-07-30 12:12:46,415 [INFO] ThirdParty:1030 - CMSIS Pack Vendor :STMicroelectronics FreeRTOS 0.0.1
2026-07-30 12:12:46,415 [INFO] ThirdParty:1030 - CMSIS Pack Vendor :STMicroelectronics X-CUBE-AZRTOS-H7RS 1.3.0
2026-07-30 12:12:46,415 [INFO] ThirdParty:1030 - CMSIS Pack Vendor :STMicroelectronics X-CUBE-AZRTOS-G0 1.1.0
2026-07-30 12:12:46,415 [INFO] ThirdParty:1030 - CMSIS Pack Vendor :STMicroelectronics X-CUBE-NFC4 3.0.0
2026-07-30 12:12:46,415 [INFO] ThirdParty:1030 - CMSIS Pack Vendor :STMicroelectronics X-CUBE-SUBG2 5.0.0
2026-07-30 12:12:46,415 [INFO] ThirdParty:1030 - CMSIS Pack Vendor :STMicroelectronics STM32_WPAN 1.0.0
2026-07-30 12:12:46,415 [INFO] ThirdParty:1030 - CMSIS Pack Vendor :STMicroelectronics eDS-WB_DPC_VIENNA 1.2.0
2026-07-30 12:12:46,415 [INFO] ThirdParty:1030 - CMSIS Pack Vendor :EmbeddedOffice I-CUBE-FS-RTOS 1.0.1
2026-07-30 12:12:46,415 [INFO] ThirdParty:1030 - CMSIS Pack Vendor :STMicroelectronics lwIP 2.0.3
2026-07-30 12:12:46,415 [INFO] ThirdParty:1030 - CMSIS Pack Vendor :WES I-CUBE-Cesium 1.4.0
2026-07-30 12:12:46,415 [INFO] ThirdParty:1030 - CMSIS Pack Vendor :STMicroelectronics X-CUBE-MEMS1 13.0.0
2026-07-30 12:12:46,415 [INFO] ThirdParty:1030 - CMSIS Pack Vendor :STMicroelectronics eDS-WB_DPC_3PH2L-BIDIR 1.1.1
2026-07-30 12:12:46,415 [INFO] ThirdParty:1030 - CMSIS Pack Vendor :STMicroelectronics USB_HOST 1.0.0
2026-07-30 12:12:46,415 [INFO] ThirdParty:1030 - CMSIS Pack Vendor :STMicroelectronics X-CUBE-AZRTOS-G4 2.0.0
2026-07-30 12:12:46,415 [INFO] ThirdParty:1030 - CMSIS Pack Vendor :STMicroelectronics PDM2PCM 3.1.0
2026-07-30 12:12:46,415 [INFO] ThirdParty:1030 - CMSIS Pack Vendor :STMicroelectronics PDM2PCM 3.3.0
2026-07-30 12:12:46,415 [INFO] ThirdParty:1030 - CMSIS Pack Vendor :wolfSSL I-CUBE-wolfTPM 3.8.0
2026-07-30 12:12:46,415 [INFO] ThirdParty:1030 - CMSIS Pack Vendor :STMicroelectronics X-CUBE-DISPLAY 3.0.0
2026-07-30 12:12:46,415 [INFO] ThirdParty:1030 - CMSIS Pack Vendor :wolfSSL I-CUBE-wolfSSH 1.4.20
2026-07-30 12:12:46,415 [INFO] ThirdParty:1030 - CMSIS Pack Vendor :STMicroelectronics X-CUBE-NFC7 2.0.0
2026-07-30 12:12:46,416 [INFO] ThirdParty:1030 - CMSIS Pack Vendor :STMicroelectronics X-CUBE-GNSS1 7.1.1
2026-07-30 12:12:46,416 [INFO] ThirdParty:1030 - CMSIS Pack Vendor :STMicroelectronics FP-SNS-MOTENVWB1 1.5.0
2026-07-30 12:12:46,416 [INFO] ThirdParty:1030 - CMSIS Pack Vendor :STMicroelectronics X-CUBE-TCPP 4.2.0
2026-07-30 12:12:46,416 [INFO] ThirdParty:1030 - CMSIS Pack Vendor :RealThread X-CUBE-RT-Thread_Nano 4.1.1
2026-07-30 12:12:46,416 [INFO] ThirdParty:1030 - CMSIS Pack Vendor :STMicroelectronics FP-ATR-SIGFOX1 3.2.0
2026-07-30 12:12:46,416 [INFO] ThirdParty:1030 - CMSIS Pack Vendor :STMicroelectronics X-CUBE-NFC10 1.0.0
2026-07-30 12:12:46,416 [INFO] ThirdParty:1030 - CMSIS Pack Vendor :STMicroelectronics HAL Drivers 0.0.0
2026-07-30 12:12:46,416 [INFO] ThirdParty:1030 - CMSIS Pack Vendor :STMicroelectronics MBEDTLS 2.16.2
2026-07-30 12:12:46,416 [INFO] ThirdParty:1030 - CMSIS Pack Vendor :STMicroelectronics X-CUBE-ST60 1.1.0
2026-07-30 12:12:46,416 [INFO] ThirdParty:1030 - CMSIS Pack Vendor :STMicroelectronics X-CUBE-ALS 1.0.2
2026-07-30 12:12:46,416 [INFO] ThirdParty:1030 - CMSIS Pack Vendor :emotas I-CUBE-CANOPEN 1.3.0
2026-07-30 12:12:46,416 [INFO] ThirdParty:1030 - CMSIS Pack Vendor :wolfSSL I-CUBE-wolfSSL 5.9.2
2026-07-30 12:12:46,416 [INFO] ThirdParty:1030 - CMSIS Pack Vendor :STMicroelectronics MBEDTLS 2.14.1
2026-07-30 12:12:46,416 [INFO] ThirdParty:1030 - CMSIS Pack Vendor :ITTIA_DB I-CUBE-ITTIADB 8.9.0
2026-07-30 12:12:46,416 [INFO] ThirdParty:1030 - CMSIS Pack Vendor :Cesanta I-CUBE-Mongoose 7.21.7
2026-07-30 12:12:46,416 [INFO] ThirdParty:1030 - CMSIS Pack Vendor :STMicroelectronics X-CUBE-TOUCHGFX 4.26.1
2026-07-30 12:12:46,416 [INFO] ThirdParty:1030 - CMSIS Pack Vendor :STMicroelectronics X-CUBE-NFC6 3.2.0
2026-07-30 12:12:46,416 [INFO] ThirdParty:1030 - CMSIS Pack Vendor :STMicroelectronics FP-SNS-STBOX1 2.1.0
2026-07-30 12:12:46,416 [INFO] ThirdParty:1030 - CMSIS Pack Vendor :STMicroelectronics X-CUBE-AI 10.2.1
2026-07-30 12:12:46,416 [INFO] ThirdParty:1030 - CMSIS Pack Vendor :STMicroelectronics ThreadX 1.0.0
2026-07-30 12:12:46,416 [INFO] ThirdParty:1030 - CMSIS Pack Vendor :STMicroelectronics FP-SNS-SMARTAG2 1.2.0
2026-07-30 12:12:46,416 [INFO] ThirdParty:1030 - CMSIS Pack Vendor :STMicroelectronics FP-SNS-FLIGHT1 5.1.0
2026-07-30 12:12:46,416 [INFO] ThirdParty:1030 - CMSIS Pack Vendor :STMicroelectronics X-CUBE-AZRTOS-WL 2.0.0
2026-07-30 12:12:46,416 [INFO] ThirdParty:1030 - CMSIS Pack Vendor :SEGGER I-CUBE-embOS 1.3.1
2026-07-30 12:12:46,416 [INFO] ThirdParty:1030 - CMSIS Pack Vendor :STMicroelectronics X-CUBE-DPower 1.3.0
2026-07-30 12:12:46,416 [INFO] ThirdParty:1030 - CMSIS Pack Vendor :STMicroelectronics USB_DEVICE 1.0.0
2026-07-30 12:12:46,416 [INFO] ThirdParty:1030 - CMSIS Pack Vendor :STMicroelectronics X-CUBE-AZRTOS-L4 2.0.0
2026-07-30 12:12:46,416 [INFO] ThirdParty:1030 - CMSIS Pack Vendor :STMicroelectronics ThreadX 0.0.2
2026-07-30 12:12:46,416 [INFO] ThirdParty:1030 - CMSIS Pack Vendor :STMicroelectronics lwIP 2.1.2
2026-07-30 12:12:46,416 [INFO] ThirdParty:1030 - CMSIS Pack Vendor :STMicroelectronics X-CUBE-SFXS2LP1 4.0.0
2026-07-30 12:12:46,416 [INFO] ThirdParty:1030 - CMSIS Pack Vendor :STMicroelectronics X-CUBE-BLE2 3.3.0
2026-07-30 12:12:46,416 [INFO] ThirdParty:1030 - CMSIS Pack Vendor :Avnet-IOTCONNECT X-CUBE-iotc-st67-sdk 1.0.0
2026-07-30 12:12:46,416 [INFO] ThirdParty:1030 - CMSIS Pack Vendor :STMicroelectronics X-CUBE-TOF1 3.4.3
2026-07-30 12:12:46,416 [INFO] ThirdParty:1030 - CMSIS Pack Vendor :Infineon AIROC-Wi-Fi-Bluetooth-STM32 1.8.0
2026-07-30 12:12:46,416 [INFO] ThirdParty:1030 - CMSIS Pack Vendor :STMicroelectronics X-CUBE-NFC13 1.0.0
2026-07-30 12:12:46,416 [INFO] ThirdParty:1030 - CMSIS Pack Vendor :STMicroelectronics PDM2PCM 3.2.0
2026-07-30 12:12:46,416 [INFO] ThirdParty:1030 - CMSIS Pack Vendor :STMicroelectronics X-CUBE-WB05N 2.1.0
2026-07-30 12:12:46,417 [INFO] ThirdParty:841 - exiting critical section [change project]
2026-07-30 12:12:46,802 [INFO] PinOutPanel:1589 - setPackage(No Configuration,No Configuration)
2026-07-30 12:12:46,803 [INFO] PinOutPanel:1589 - setPackage(STM32L4S5VITx,LQFP100)
2026-07-30 12:12:47,467 [INFO] UtilMem:75 - Before build in PCC Used Memory: 734739528 Bytes (1073741824)
2026-07-30 12:12:48,098 [INFO] UtilMem:75 - After build in PCC Used Memory: 844338504 Bytes (1073741824)
2026-07-30 12:12:48,130 [INFO] IPUIPlugin:80 - create IPUIPlugin
2026-07-30 12:12:48,131 [INFO] IPUIPlugin:80 - create IPUIPlugin
2026-07-30 12:12:48,131 [INFO] IPUIPlugin:80 - create IPUIPlugin
2026-07-30 12:12:48,131 [INFO] IPUIPlugin:80 - create IPUIPlugin
2026-07-30 12:12:48,131 [INFO] IPUIPlugin:80 - create IPUIPlugin
2026-07-30 12:12:48,131 [INFO] IPUIPlugin:80 - create IPUIPlugin
2026-07-30 12:12:48,131 [INFO] IPUIPlugin:80 - create IPUIPlugin
2026-07-30 12:12:48,131 [INFO] IPUIPlugin:80 - create IPUIPlugin
2026-07-30 12:12:48,131 [INFO] IPUIPlugin:80 - create IPUIPlugin
2026-07-30 12:12:48,131 [INFO] IPUIPlugin:80 - create IPUIPlugin
2026-07-30 12:12:48,132 [INFO] IPUIPlugin:80 - create IPUIPlugin
2026-07-30 12:12:48,132 [INFO] IPUIPlugin:80 - create IPUIPlugin
2026-07-30 12:12:48,132 [INFO] IPUIPlugin:80 - create IPUIPlugin
2026-07-30 12:12:48,132 [INFO] IPUIPlugin:80 - create IPUIPlugin
2026-07-30 12:12:48,132 [INFO] IPUIPlugin:80 - create IPUIPlugin
2026-07-30 12:12:48,132 [INFO] IPUIPlugin:80 - create IPUIPlugin
2026-07-30 12:12:48,132 [INFO] IPUIPlugin:80 - create IPUIPlugin
2026-07-30 12:12:48,132 [INFO] IPUIPlugin:80 - create IPUIPlugin
2026-07-30 12:12:48,132 [INFO] IPUIPlugin:80 - create IPUIPlugin
2026-07-30 12:12:48,132 [INFO] IPUIPlugin:80 - create IPUIPlugin
2026-07-30 12:12:48,132 [INFO] IPUIPlugin:80 - create IPUIPlugin
2026-07-30 12:12:48,133 [INFO] IPUIPlugin:80 - create IPUIPlugin
2026-07-30 12:12:48,133 [INFO] IPUIPlugin:80 - create IPUIPlugin
2026-07-30 12:12:48,133 [INFO] IPUIPlugin:80 - create IPUIPlugin
2026-07-30 12:12:48,133 [INFO] IPUIPlugin:80 - create IPUIPlugin
2026-07-30 12:12:48,133 [INFO] IPUIPlugin:80 - create IPUIPlugin
2026-07-30 12:12:48,134 [INFO] IPUIPlugin:80 - create IPUIPlugin
2026-07-30 12:12:48,134 [INFO] IPUIPlugin:80 - create IPUIPlugin
2026-07-30 12:12:48,134 [INFO] IPUIPlugin:80 - create IPUIPlugin
2026-07-30 12:12:48,134 [INFO] IPUIPlugin:80 - create IPUIPlugin
2026-07-30 12:12:48,134 [INFO] IPUIPlugin:80 - create IPUIPlugin
2026-07-30 12:12:48,135 [INFO] IPUIPlugin:80 - create IPUIPlugin
2026-07-30 12:12:48,135 [INFO] IPUIPlugin:80 - create IPUIPlugin
2026-07-30 12:12:48,135 [INFO] IPUIPlugin:80 - create IPUIPlugin
2026-07-30 12:12:48,135 [INFO] IPUIPlugin:80 - create IPUIPlugin
2026-07-30 12:12:48,135 [INFO] IPUIPlugin:80 - create IPUIPlugin
2026-07-30 12:12:48,136 [INFO] IPUIPlugin:80 - create IPUIPlugin
2026-07-30 12:12:48,136 [INFO] IPUIPlugin:80 - create IPUIPlugin
2026-07-30 12:12:48,136 [INFO] IPUIPlugin:80 - create IPUIPlugin
2026-07-30 12:12:48,136 [INFO] IPUIPlugin:80 - create IPUIPlugin
2026-07-30 12:12:48,137 [INFO] IPUIPlugin:80 - create IPUIPlugin
2026-07-30 12:12:48,137 [INFO] IPUIPlugin:80 - create IPUIPlugin
2026-07-30 12:12:48,137 [INFO] IPUIPlugin:80 - create IPUIPlugin
2026-07-30 12:12:48,137 [INFO] IPUIPlugin:80 - create IPUIPlugin
2026-07-30 12:12:48,138 [INFO] IPUIPlugin:80 - create IPUIPlugin
2026-07-30 12:12:48,138 [INFO] IPUIPlugin:80 - create IPUIPlugin
2026-07-30 12:12:48,138 [INFO] IPUIPlugin:80 - create IPUIPlugin
2026-07-30 12:12:48,138 [INFO] IPUIPlugin:80 - create IPUIPlugin
2026-07-30 12:12:48,138 [INFO] IPUIPlugin:80 - create IPUIPlugin
2026-07-30 12:12:48,139 [INFO] IPUIPlugin:80 - create IPUIPlugin
2026-07-30 12:12:48,139 [INFO] IPUIPlugin:80 - create IPUIPlugin
2026-07-30 12:12:48,139 [INFO] IPUIPlugin:80 - create IPUIPlugin
2026-07-30 12:12:48,139 [INFO] IPUIPlugin:80 - create IPUIPlugin
2026-07-30 12:12:48,140 [INFO] IPUIPlugin:80 - create IPUIPlugin
2026-07-30 12:12:48,140 [INFO] IPUIPlugin:80 - create IPUIPlugin
2026-07-30 12:12:48,140 [INFO] IPUIPlugin:80 - create IPUIPlugin
2026-07-30 12:12:48,141 [INFO] IPUIPlugin:80 - create IPUIPlugin
2026-07-30 12:12:48,141 [INFO] IPUIPlugin:80 - create IPUIPlugin
2026-07-30 12:12:48,141 [INFO] IPUIPlugin:80 - create IPUIPlugin
2026-07-30 12:12:48,142 [INFO] IPUIPlugin:80 - create IPUIPlugin
2026-07-30 12:12:48,142 [INFO] IPUIPlugin:80 - create IPUIPlugin
2026-07-30 12:12:48,142 [INFO] IPUIPlugin:80 - create IPUIPlugin
2026-07-30 12:12:48,142 [INFO] IPUIPlugin:80 - create IPUIPlugin
2026-07-30 12:12:48,241 [INFO] CADModel:165 - CPN selected for project levelSTM32L4S5VIT6
2026-07-30 12:12:48,241 [INFO] CADModel:114 - Register for checkConnection events
2026-07-30 12:12:48,379 [INFO] OpenFileManager:386 - Restore cursor
2026-07-30 12:12:48,903 [WARN] IP:2250 - MaxTran not found: check if there is a RefParameter without a condition.
2026-07-30 12:12:48,903 [WARN] IP:2250 - Refresh not found: check if there is a RefParameter without a condition.
2026-07-30 12:12:48,903 [WARN] IP:2250 - MaxTran not found: check if there is a RefParameter without a condition.
2026-07-30 12:12:48,903 [WARN] IP:2250 - Refresh not found: check if there is a RefParameter without a condition.
2026-07-30 12:12:49,591 [INFO] UtilMem:75 - End SaveConfig() Used Memory: 765884920 Bytes (1073741824)
2026-07-30 12:12:49,763 [INFO] UtilMem:75 - End SaveConfig() Used Memory: 784724832 Bytes (1073741824)
2026-07-30 12:12:50,401 [INFO] BlockDiagram:2775 - set Specific Code input for plugin: SPI
2026-07-30 12:12:50,402 [INFO] BlockDiagram:2775 - set Specific Code input for plugin: SPI
2026-07-30 12:12:50,402 [INFO] BlockDiagram:2775 - set Specific Code input for plugin: DFSDM
2026-07-30 12:12:50,402 [INFO] BlockDiagram:2775 - set Specific Code input for plugin: SYS
2026-07-30 12:12:50,402 [INFO] BlockDiagram:2775 - set Specific Code input for plugin: ADC
2026-07-30 12:12:50,402 [INFO] BlockDiagram:2775 - set Specific Code input for plugin: RCC
2026-07-30 12:12:50,402 [INFO] BlockDiagram:2775 - set Specific Code input for plugin: I2C
2026-07-30 12:12:50,402 [INFO] BlockDiagram:2775 - set Specific Code input for plugin: I2C
2026-07-30 12:12:50,402 [INFO] BlockDiagram:2775 - set Specific Code input for plugin: USB_OTG_FS
2026-07-30 12:12:50,402 [INFO] BlockDiagram:2775 - set Specific Code input for plugin: NVIC
2026-07-30 12:12:50,402 [INFO] BlockDiagram:2775 - set Specific Code input for plugin: USART
2026-07-30 12:12:50,402 [INFO] BlockDiagram:2775 - set Specific Code input for plugin: USART
2026-07-30 12:12:50,402 [INFO] BlockDiagram:2775 - set Specific Code input for plugin: USART
2026-07-30 12:12:50,402 [INFO] BlockDiagram:2775 - set Specific Code input for plugin: OCTOSPI
2026-07-30 12:12:50,402 [INFO] BlockDiagram:2775 - set Specific Code input for plugin: UART
2026-07-30 12:12:50,403 [INFO] BlockDiagram:2775 - set Specific Code input for plugin: GPIO
2026-07-30 12:12:50,404 [INFO] CodeGenerator:892 - code generatio: config db path: C:\ST\STM32CubeIDE_1.19.0\STM32CubeIDE\plugins\com.st.stm32cube.common.mx_6.15.0.202507011659\\db\
2026-07-30 12:12:50,465 [WARN] IP:2250 - MaxTran not found: check if there is a RefParameter without a condition.
2026-07-30 12:12:50,465 [WARN] IP:2250 - Refresh not found: check if there is a RefParameter without a condition.
2026-07-30 12:12:50,617 [INFO] CodeEngine:265 - oldGeneratedFile, D:\Anusha_TinyML_FDP\TinyML_Workshop_Nitte-\STM32\Inference_OnBoard_IMU\MXTmpFiles\license.tmp_save
2026-07-30 12:12:50,992 [INFO] CodeEngine:289 - Generated code: D:\Anusha_TinyML_FDP\TinyML_Workshop_Nitte-\STM32\Inference_OnBoard_IMU\MXTmpFiles\license.tmp
2026-07-30 12:12:51,283 [INFO] CodeEngine:265 - oldGeneratedFile, D:\Anusha_TinyML_FDP\TinyML_Workshop_Nitte-\STM32\Inference_OnBoard_IMU\MXTmpFiles\gpio.tmp_save
2026-07-30 12:12:51,463 [INFO] CodeEngine:289 - Generated code: D:\Anusha_TinyML_FDP\TinyML_Workshop_Nitte-\STM32\Inference_OnBoard_IMU\MXTmpFiles\gpio.tmp
2026-07-30 12:12:54,429 [WARN] IPConfigManager:103 - WARNING: Missing Config File for USB ip!!
2026-07-30 12:12:54,676 [WARN] IPConfigManager:3238 - Warning: the RefConfig PWREx_EnableUSBVoltageDetector is not available in your config.xml file
2026-07-30 12:12:54,703 [INFO] CodeEngine:265 - oldGeneratedFile, D:\Anusha_TinyML_FDP\TinyML_Workshop_Nitte-\STM32\Inference_OnBoard_IMU\Core\Src\stm32l4xx_it.c_save
2026-07-30 12:12:54,948 [INFO] CodeEngine:289 - Generated code: D:\Anusha_TinyML_FDP\TinyML_Workshop_Nitte-\STM32\Inference_OnBoard_IMU\Core\Src\stm32l4xx_it.c
2026-07-30 12:12:54,952 [INFO] CodeEngine:265 - oldGeneratedFile, D:\Anusha_TinyML_FDP\TinyML_Workshop_Nitte-\STM32\Inference_OnBoard_IMU\Core\Inc\stm32l4xx_it.h_save
2026-07-30 12:12:55,022 [INFO] CodeEngine:289 - Generated code: D:\Anusha_TinyML_FDP\TinyML_Workshop_Nitte-\STM32\Inference_OnBoard_IMU\Core\Inc\stm32l4xx_it.h
2026-07-30 12:12:55,036 [INFO] CodeEngine:265 - oldGeneratedFile, D:\Anusha_TinyML_FDP\TinyML_Workshop_Nitte-\STM32\Inference_OnBoard_IMU\Core\Src\stm32l4xx_hal_msp.c_save
2026-07-30 12:12:55,212 [INFO] CodeEngine:289 - Generated code: D:\Anusha_TinyML_FDP\TinyML_Workshop_Nitte-\STM32\Inference_OnBoard_IMU\Core\Src\stm32l4xx_hal_msp.c
2026-07-30 12:12:55,217 [INFO] CodeEngine:265 - oldGeneratedFile, D:\Anusha_TinyML_FDP\TinyML_Workshop_Nitte-\STM32\Inference_OnBoard_IMU\MXTmpFiles\system.tmp_save
2026-07-30 12:12:55,294 [INFO] CodeEngine:289 - Generated code: D:\Anusha_TinyML_FDP\TinyML_Workshop_Nitte-\STM32\Inference_OnBoard_IMU\MXTmpFiles\system.tmp
2026-07-30 12:12:55,305 [INFO] CodeEngine:321 - oldGeneratedFile, D:\Anusha_TinyML_FDP\TinyML_Workshop_Nitte-\STM32\Inference_OnBoard_IMU\Core\Inc\stm32l4xx_hal_conf.h_save
2026-07-30 12:12:55,388 [INFO] CodeEngine:345 - Generated code: D:\Anusha_TinyML_FDP\TinyML_Workshop_Nitte-\STM32\Inference_OnBoard_IMU\Core\Inc\stm32l4xx_hal_conf.h
2026-07-30 12:12:55,420 [INFO] ApiDbMcu:532 - Load IP Config File for ADC1
2026-07-30 12:12:55,435 [INFO] ApiDbMcu:532 - Load IP Config File for DFSDM1
2026-07-30 12:12:55,441 [INFO] ApiDbMcu:532 - Load IP Config File for I2C1
2026-07-30 12:12:55,445 [INFO] ApiDbMcu:532 - Load IP Config File for I2C2
2026-07-30 12:12:55,448 [INFO] ApiDbMcu:532 - Load IP Config File for OCTOSPI1
2026-07-30 12:12:55,452 [INFO] ApiDbMcu:532 - Load IP Config File for SPI1
2026-07-30 12:12:55,456 [INFO] ApiDbMcu:532 - Load IP Config File for SPI3
2026-07-30 12:12:55,470 [INFO] ApiDbMcu:532 - Load IP Config File for UART4
2026-07-30 12:12:55,484 [INFO] ApiDbMcu:532 - Load IP Config File for USART1
2026-07-30 12:12:55,497 [INFO] ApiDbMcu:532 - Load IP Config File for USART2
2026-07-30 12:12:55,511 [INFO] ApiDbMcu:532 - Load IP Config File for USART3
2026-07-30 12:12:55,512 [ERROR] ApiDbMcu:560 - Cannot parse USB_OTG_FS_Config file : file do not exist
2026-07-30 12:12:55,512 [ERROR] ApiDbMcu:560 - Cannot parse USB_OTG_FS_Config file : file do not exist
2026-07-30 12:12:55,516 [INFO] ApiDbMcu:532 - Load IP Config File for RCC
2026-07-30 12:12:55,519 [WARN] IPConfigManager:3811 - IP not found : USB_OTG
2026-07-30 12:12:55,520 [WARN] CodeGenerator:4259 - IP not found : null
2026-07-30 12:12:55,528 [INFO] CodeEngine:265 - oldGeneratedFile, D:\Anusha_TinyML_FDP\TinyML_Workshop_Nitte-\STM32\Inference_OnBoard_IMU\Core\Inc\main.h_save
2026-07-30 12:12:55,652 [INFO] CodeEngine:289 - Generated code: D:\Anusha_TinyML_FDP\TinyML_Workshop_Nitte-\STM32\Inference_OnBoard_IMU\Core\Inc\main.h
2026-07-30 12:12:55,657 [INFO] CodeEngine:265 - oldGeneratedFile, D:\Anusha_TinyML_FDP\TinyML_Workshop_Nitte-\STM32\Inference_OnBoard_IMU\Core\Src\main.c_save
2026-07-30 12:12:55,789 [INFO] CodeEngine:289 - Generated code: D:\Anusha_TinyML_FDP\TinyML_Workshop_Nitte-\STM32\Inference_OnBoard_IMU\Core\Src\main.c
2026-07-30 12:12:56,111 [INFO] ProjectBuilder:3606 - Time for Copy HAL[1] : 142mS.
2026-07-30 12:12:56,115 [INFO] ProjectBuilder:5216 - Project Generator version: 4.7.0-B52
2026-07-30 12:12:56,202 [INFO] ConfigFileManager:1595 - The Die is : DIE470
2026-07-30 12:12:56,205 [INFO] ApiDbMcu:532 - Load IP Config File for FATFS
2026-07-30 12:12:56,209 [INFO] ApiDbMcu:532 - Load IP Config File for FREERTOS
2026-07-30 12:12:56,221 [INFO] ApiDbMcu:532 - Load IP Config File for TOUCHSENSING
2026-07-30 12:12:56,225 [INFO] ApiDbMcu:532 - Load IP Config File for USB_DEVICE
2026-07-30 12:12:56,228 [INFO] ApiDbMcu:532 - Load IP Config File for USB_HOST
2026-07-30 12:12:58,298 [INFO] ProjectBuilder:5496 - Time for Generating toolchain IDE Files: 2182mS.
2026-07-30 12:12:58,298 [INFO] ProjectBuilder:3463 - Time for Copy CMSIS : 0mS.
2026-07-30 12:12:58,299 [INFO] ProjectBuilder:3463 - Time for Copy CMSIS : 0mS.
2026-07-30 12:12:59,095 [INFO] McuFinderGlobals:76 - Set McuFinderConnectedMode to true
2026-07-30 12:12:59,098 [INFO] ApiDb:448 - Save user favorites file C:\Users\ADMIN/.stm32cubeide/favorites.mcus.txt: 0 item(s)
2026-07-30 12:12:59,098 [INFO] ApiDb:452 - User favorites MCUs=[]
2026-07-30 12:12:59,099 [INFO] ApiDb:448 - Save user favorites file C:\Users\ADMIN/.stm32cubeide/favorites.boards.txt: 0 item(s)
2026-07-30 12:12:59,100 [INFO] ApiDb:452 - User favorites Boards=[]
2026-07-30 12:13:51,017 [INFO] UserAuth:487 - Internet connection configuration mode: 1
2026-07-30 12:13:51,072 [INFO] JxBrowserEngine:152 - Initiate JxBrowser Engine with user profile folder
2026-07-30 12:13:52,412 [INFO] WebApp:169 - Instantiating new browser for Auth
2026-07-30 12:13:53,481 [INFO] WebApp:463 - Apply proxy settings
2026-07-30 12:13:53,482 [INFO] WebApp:548 - Chromium requires no authentication
2026-07-30 12:13:53,513 [INFO] WebApp:491 - Direct internet connection detected
2026-07-30 12:13:53,584 [INFO] WebApp:900 - Register for checkConnection events
2026-07-30 12:13:53,584 [INFO] WebApp:463 - Apply proxy settings
2026-07-30 12:13:53,584 [INFO] WebApp:548 - Chromium requires no authentication
2026-07-30 12:13:53,585 [INFO] WebApp:491 - Direct internet connection detected
2026-07-30 12:13:53,866 [INFO] WebApp:225 - Starting web application
2026-07-30 12:13:53,866 [INFO] WebApp:593 - Web application path used C:\ST\STM32CubeIDE_1.19.0\STM32CubeIDE\plugins\com.st.stm32cube.common.mx_6.15.0.202507011659\db\plugins\mcufinder\reactClient1\index.html
2026-07-30 12:13:54,043 [INFO] WebApp:191 - Connection restablished
2026-07-30 12:16:19,095 [INFO] ServerAccessManage:452 - Complete download http(s) 200
2026-07-30 12:16:19,096 [INFO] ServerAccessManage:509 - Download File STMicroelectronics.X-CUBE-AI.10.2.1.pack
2026-07-30 12:16:24,593 [INFO] AnalyticsPlugin:368 - Accepted License(s): [STMicroelectronics.X-CUBE-AI.10.2.1]
2026-07-30 12:16:24,595 [INFO] FileExtend:248 - Unzip File : STMicroelectronics.X-CUBE-AI.10.2.1.pack
2026-07-30 12:16:24,595 [INFO] FileExtend:263 - Standard Zip Deflate
2026-07-30 12:16:25,441 [INFO] LoadServerPackagesThread:196 - End of LoadServerPackages Thread
2026-07-30 12:16:25,737 [WARN] ThirdParty:509 - waiting for thirdparty lock release [add software pack]
2026-07-30 12:16:25,737 [INFO] ThirdParty:511 - entering critical section [add software pack]
2026-07-30 12:16:25,839 [INFO] ThirdPartyModel:298 - Start build external matchings
2026-07-30 12:16:26,383 [INFO] ThirdPartyModel:316 - End build external matchings
2026-07-30 12:16:26,554 [INFO] ThirdPartyPackRequestProcessor:621 - CMSIS Pack Vendor :STMicroelectronics X-CUBE-AZRTOS-H7 3.5.0
2026-07-30 12:16:26,554 [INFO] ThirdPartyPackRequestProcessor:621 - CMSIS Pack Vendor :STMicroelectronics X-CUBE-PM33A1 1.0.0
2026-07-30 12:16:26,554 [INFO] ThirdPartyPackRequestProcessor:621 - CMSIS Pack Vendor :STMicroelectronics USBPD 4.1
2026-07-30 12:16:26,554 [INFO] ThirdPartyPackRequestProcessor:621 - CMSIS Pack Vendor :STMicroelectronics X-CUBE-NFC9 1.0.0
2026-07-30 12:16:26,554 [INFO] ThirdPartyPackRequestProcessor:621 - CMSIS Pack Vendor :STMicroelectronics USB_HOST 2.0.0
2026-07-30 12:16:26,554 [INFO] ThirdPartyPackRequestProcessor:621 - CMSIS Pack Vendor :STMicroelectronics FP-ATR-ASTRA1 2.0.3
2026-07-30 12:16:26,554 [INFO] ThirdPartyPackRequestProcessor:621 - CMSIS Pack Vendor :STMicroelectronics X-CUBE-AZRTOS-F4 1.1.0
2026-07-30 12:16:26,554 [INFO] ThirdPartyPackRequestProcessor:621 - CMSIS Pack Vendor :STMicroelectronics LIBJPEG 8.0.0
2026-07-30 12:16:26,554 [INFO] ThirdPartyPackRequestProcessor:621 - CMSIS Pack Vendor :STMicroelectronics X-CUBE-BLE1 7.1.0
2026-07-30 12:16:26,554 [INFO] ThirdPartyPackRequestProcessor:621 - CMSIS Pack Vendor :wolfSSL I-CUBE-wolfMQTT 1.19.2
2026-07-30 12:16:26,554 [INFO] ThirdPartyPackRequestProcessor:621 - CMSIS Pack Vendor :STMicroelectronics USB_DEVICE 3.0.0
2026-07-30 12:16:26,554 [INFO] ThirdPartyPackRequestProcessor:621 - CMSIS Pack Vendor :STMicroelectronics X-CUBE-ISPU 2.1.0
2026-07-30 12:16:26,554 [INFO] ThirdPartyPackRequestProcessor:621 - CMSIS Pack Vendor :STMicroelectronics X-CUBE-EEPRMA1 5.2.0
2026-07-30 12:16:26,554 [INFO] ThirdPartyPackRequestProcessor:621 - CMSIS Pack Vendor :STMicroelectronics X-CUBE-IPS 3.2.0
2026-07-30 12:16:26,554 [INFO] ThirdPartyPackRequestProcessor:621 - CMSIS Pack Vendor :STMicroelectronics eDS-WB_DPC_TT-BIDIR 2.1.1
2026-07-30 12:16:26,554 [INFO] ThirdPartyPackRequestProcessor:621 - CMSIS Pack Vendor :STMicroelectronics X-CUBE-AZRTOS-WB 2.0.0
2026-07-30 12:16:26,554 [INFO] ThirdPartyPackRequestProcessor:621 - CMSIS Pack Vendor :STMicroelectronics X-CUBE-NFC12 1.0.0
2026-07-30 12:16:26,554 [INFO] ThirdPartyPackRequestProcessor:621 - CMSIS Pack Vendor :STMicroelectronics X-CUBE-AZRTOS-F7 1.1.0
2026-07-30 12:16:26,554 [INFO] ThirdPartyPackRequestProcessor:621 - CMSIS Pack Vendor :STMicroelectronics X-CUBE-AZRTOS-L5 2.0.0
2026-07-30 12:16:26,554 [INFO] ThirdPartyPackRequestProcessor:621 - CMSIS Pack Vendor :STMicroelectronics USB_DEVICE 2.0.0
2026-07-30 12:16:26,554 [INFO] ThirdPartyPackRequestProcessor:621 - CMSIS Pack Vendor :STMicroelectronics X-CUBE-FREERTOS 1.6.0
2026-07-30 12:16:26,554 [INFO] ThirdPartyPackRequestProcessor:621 - CMSIS Pack Vendor :STMicroelectronics FP-SNS-STAIOTCFT 1.1.0
2026-07-30 12:16:26,554 [INFO] ThirdPartyPackRequestProcessor:621 - CMSIS Pack Vendor :quantropi X-CUBE-qispace-sdk-base 2.1.0
2026-07-30 12:16:26,554 [INFO] ThirdPartyPackRequestProcessor:621 - CMSIS Pack Vendor :STMicroelectronics X-CUBE-STSE01 2.0.0
2026-07-30 12:16:26,554 [INFO] ThirdPartyPackRequestProcessor:621 - CMSIS Pack Vendor :STMicroelectronics X-CUBE-ALGOBUILD 1.5.0
2026-07-30 12:16:26,554 [INFO] ThirdPartyPackRequestProcessor:621 - CMSIS Pack Vendor :STMicroelectronics FP-SNS-MOTENV1 5.1.0
2026-07-30 12:16:26,554 [INFO] ThirdPartyPackRequestProcessor:621 - CMSIS Pack Vendor :STMicroelectronics FreeRTOS 0.0.1
2026-07-30 12:16:26,554 [INFO] ThirdPartyPackRequestProcessor:621 - CMSIS Pack Vendor :STMicroelectronics X-CUBE-AZRTOS-H7RS 1.3.0
2026-07-30 12:16:26,554 [INFO] ThirdPartyPackRequestProcessor:621 - CMSIS Pack Vendor :STMicroelectronics X-CUBE-AZRTOS-G0 1.1.0
2026-07-30 12:16:26,554 [INFO] ThirdPartyPackRequestProcessor:621 - CMSIS Pack Vendor :STMicroelectronics X-CUBE-NFC4 3.0.0
2026-07-30 12:16:26,554 [INFO] ThirdPartyPackRequestProcessor:621 - CMSIS Pack Vendor :STMicroelectronics X-CUBE-SUBG2 5.0.0
2026-07-30 12:16:26,554 [INFO] ThirdPartyPackRequestProcessor:621 - CMSIS Pack Vendor :STMicroelectronics STM32_WPAN 1.0.0
2026-07-30 12:16:26,554 [INFO] ThirdPartyPackRequestProcessor:621 - CMSIS Pack Vendor :STMicroelectronics eDS-WB_DPC_VIENNA 1.2.0
2026-07-30 12:16:26,554 [INFO] ThirdPartyPackRequestProcessor:621 - CMSIS Pack Vendor :EmbeddedOffice I-CUBE-FS-RTOS 1.0.1
2026-07-30 12:16:26,554 [INFO] ThirdPartyPackRequestProcessor:621 - CMSIS Pack Vendor :STMicroelectronics lwIP 2.0.3
2026-07-30 12:16:26,554 [INFO] ThirdPartyPackRequestProcessor:621 - CMSIS Pack Vendor :WES I-CUBE-Cesium 1.4.0
2026-07-30 12:16:26,554 [INFO] ThirdPartyPackRequestProcessor:621 - CMSIS Pack Vendor :STMicroelectronics X-CUBE-MEMS1 13.0.0
2026-07-30 12:16:26,554 [INFO] ThirdPartyPackRequestProcessor:621 - CMSIS Pack Vendor :STMicroelectronics eDS-WB_DPC_3PH2L-BIDIR 1.1.1
2026-07-30 12:16:26,554 [INFO] ThirdPartyPackRequestProcessor:621 - CMSIS Pack Vendor :STMicroelectronics USB_HOST 1.0.0
2026-07-30 12:16:26,554 [INFO] ThirdPartyPackRequestProcessor:621 - CMSIS Pack Vendor :STMicroelectronics X-CUBE-AZRTOS-G4 2.0.0
2026-07-30 12:16:26,554 [INFO] ThirdPartyPackRequestProcessor:621 - CMSIS Pack Vendor :STMicroelectronics PDM2PCM 3.1.0
2026-07-30 12:16:26,554 [INFO] ThirdPartyPackRequestProcessor:621 - CMSIS Pack Vendor :STMicroelectronics PDM2PCM 3.3.0
2026-07-30 12:16:26,554 [INFO] ThirdPartyPackRequestProcessor:621 - CMSIS Pack Vendor :wolfSSL I-CUBE-wolfTPM 3.8.0
2026-07-30 12:16:26,554 [INFO] ThirdPartyPackRequestProcessor:621 - CMSIS Pack Vendor :STMicroelectronics X-CUBE-DISPLAY 3.0.0
2026-07-30 12:16:26,554 [INFO] ThirdPartyPackRequestProcessor:621 - CMSIS Pack Vendor :wolfSSL I-CUBE-wolfSSH 1.4.20
2026-07-30 12:16:26,554 [INFO] ThirdPartyPackRequestProcessor:621 - CMSIS Pack Vendor :STMicroelectronics X-CUBE-NFC7 2.0.0
2026-07-30 12:16:26,554 [INFO] ThirdPartyPackRequestProcessor:621 - CMSIS Pack Vendor :STMicroelectronics X-CUBE-GNSS1 7.1.1
2026-07-30 12:16:26,554 [INFO] ThirdPartyPackRequestProcessor:621 - CMSIS Pack Vendor :STMicroelectronics FP-SNS-MOTENVWB1 1.5.0
2026-07-30 12:16:26,554 [INFO] ThirdPartyPackRequestProcessor:621 - CMSIS Pack Vendor :STMicroelectronics X-CUBE-TCPP 4.2.0
2026-07-30 12:16:26,554 [INFO] ThirdPartyPackRequestProcessor:621 - CMSIS Pack Vendor :RealThread X-CUBE-RT-Thread_Nano 4.1.1
2026-07-30 12:16:26,554 [INFO] ThirdPartyPackRequestProcessor:621 - CMSIS Pack Vendor :STMicroelectronics FP-ATR-SIGFOX1 3.2.0
2026-07-30 12:16:26,554 [INFO] ThirdPartyPackRequestProcessor:621 - CMSIS Pack Vendor :STMicroelectronics X-CUBE-NFC10 1.0.0
2026-07-30 12:16:26,554 [INFO] ThirdPartyPackRequestProcessor:621 - CMSIS Pack Vendor :STMicroelectronics HAL Drivers 0.0.0
2026-07-30 12:16:26,554 [INFO] ThirdPartyPackRequestProcessor:621 - CMSIS Pack Vendor :STMicroelectronics MBEDTLS 2.16.2
2026-07-30 12:16:26,554 [INFO] ThirdPartyPackRequestProcessor:621 - CMSIS Pack Vendor :STMicroelectronics X-CUBE-ST60 1.1.0
2026-07-30 12:16:26,554 [INFO] ThirdPartyPackRequestProcessor:621 - CMSIS Pack Vendor :STMicroelectronics X-CUBE-ALS 1.0.2
2026-07-30 12:16:26,554 [INFO] ThirdPartyPackRequestProcessor:621 - CMSIS Pack Vendor :emotas I-CUBE-CANOPEN 1.3.0
2026-07-30 12:16:26,554 [INFO] ThirdPartyPackRequestProcessor:621 - CMSIS Pack Vendor :wolfSSL I-CUBE-wolfSSL 5.9.2
2026-07-30 12:16:26,554 [INFO] ThirdPartyPackRequestProcessor:621 - CMSIS Pack Vendor :STMicroelectronics MBEDTLS 2.14.1
2026-07-30 12:16:26,554 [INFO] ThirdPartyPackRequestProcessor:621 - CMSIS Pack Vendor :ITTIA_DB I-CUBE-ITTIADB 8.9.0
2026-07-30 12:16:26,554 [INFO] ThirdPartyPackRequestProcessor:621 - CMSIS Pack Vendor :Cesanta I-CUBE-Mongoose 7.21.7
2026-07-30 12:16:26,554 [INFO] ThirdPartyPackRequestProcessor:621 - CMSIS Pack Vendor :STMicroelectronics X-CUBE-TOUCHGFX 4.26.1
2026-07-30 12:16:26,554 [INFO] ThirdPartyPackRequestProcessor:621 - CMSIS Pack Vendor :STMicroelectronics X-CUBE-NFC6 3.2.0
2026-07-30 12:16:26,554 [INFO] ThirdPartyPackRequestProcessor:621 - CMSIS Pack Vendor :STMicroelectronics FP-SNS-STBOX1 2.1.0
2026-07-30 12:16:26,554 [INFO] ThirdPartyPackRequestProcessor:621 - CMSIS Pack Vendor :STMicroelectronics X-CUBE-AI 10.2.1
2026-07-30 12:16:26,554 [INFO] ThirdPartyPackRequestProcessor:621 - CMSIS Pack Vendor :STMicroelectronics ThreadX 1.0.0
2026-07-30 12:16:26,554 [INFO] ThirdPartyPackRequestProcessor:621 - CMSIS Pack Vendor :STMicroelectronics FP-SNS-SMARTAG2 1.2.0
2026-07-30 12:16:26,554 [INFO] ThirdPartyPackRequestProcessor:621 - CMSIS Pack Vendor :STMicroelectronics FP-SNS-FLIGHT1 5.1.0
2026-07-30 12:16:26,554 [INFO] ThirdPartyPackRequestProcessor:621 - CMSIS Pack Vendor :STMicroelectronics X-CUBE-AZRTOS-WL 2.0.0
2026-07-30 12:16:26,554 [INFO] ThirdPartyPackRequestProcessor:621 - CMSIS Pack Vendor :SEGGER I-CUBE-embOS 1.3.1
2026-07-30 12:16:26,554 [INFO] ThirdPartyPackRequestProcessor:621 - CMSIS Pack Vendor :STMicroelectronics X-CUBE-DPower 1.3.0
2026-07-30 12:16:26,554 [INFO] ThirdPartyPackRequestProcessor:621 - CMSIS Pack Vendor :STMicroelectronics USB_DEVICE 1.0.0
2026-07-30 12:16:26,554 [INFO] ThirdPartyPackRequestProcessor:621 - CMSIS Pack Vendor :STMicroelectronics X-CUBE-AZRTOS-L4 2.0.0
2026-07-30 12:16:26,554 [INFO] ThirdPartyPackRequestProcessor:621 - CMSIS Pack Vendor :STMicroelectronics ThreadX 0.0.2
2026-07-30 12:16:26,554 [INFO] ThirdPartyPackRequestProcessor:621 - CMSIS Pack Vendor :STMicroelectronics lwIP 2.1.2
2026-07-30 12:16:26,554 [INFO] ThirdPartyPackRequestProcessor:621 - CMSIS Pack Vendor :STMicroelectronics X-CUBE-SFXS2LP1 4.0.0
2026-07-30 12:16:26,554 [INFO] ThirdPartyPackRequestProcessor:621 - CMSIS Pack Vendor :STMicroelectronics X-CUBE-BLE2 3.3.0
2026-07-30 12:16:26,554 [INFO] ThirdPartyPackRequestProcessor:621 - CMSIS Pack Vendor :Avnet-IOTCONNECT X-CUBE-iotc-st67-sdk 1.0.0
2026-07-30 12:16:26,554 [INFO] ThirdPartyPackRequestProcessor:621 - CMSIS Pack Vendor :STMicroelectronics X-CUBE-TOF1 3.4.3
2026-07-30 12:16:26,554 [INFO] ThirdPartyPackRequestProcessor:621 - CMSIS Pack Vendor :Infineon AIROC-Wi-Fi-Bluetooth-STM32 1.8.0
2026-07-30 12:16:26,554 [INFO] ThirdPartyPackRequestProcessor:621 - CMSIS Pack Vendor :STMicroelectronics X-CUBE-NFC13 1.0.0
2026-07-30 12:16:26,554 [INFO] ThirdPartyPackRequestProcessor:621 - CMSIS Pack Vendor :STMicroelectronics PDM2PCM 3.2.0
2026-07-30 12:16:26,554 [INFO] ThirdPartyPackRequestProcessor:621 - CMSIS Pack Vendor :STMicroelectronics X-CUBE-WB05N 2.1.0
2026-07-30 12:16:26,554 [INFO] ThirdParty:514 - exiting critical section [add software pack]
2026-07-30 12:16:26,554 [INFO] LoadServerUpdatesThread:375 - End of LoadServerUpdate Thread
2026-07-30 12:16:26,733 [INFO] MainUpdater:1610 - ProgressBar Return now
2026-07-30 12:16:26,733 [INFO] ThirdPartyModel:298 - Start build external matchings
2026-07-30 12:16:27,221 [INFO] ThirdPartyModel:316 - End build external matchings
2026-07-30 12:16:27,315 [INFO] CheckServerUpdateThread:120 - End of CheckServer Thread
2026-07-30 12:20:19,392 [INFO] ApiDbMcu:532 - Load IP Config File for STMicroelectronics.X-CUBE-AI.10.2.1
2026-07-30 12:20:19,684 [WARN] SupportedApi:132 - Cannot load RTOS API schema: s4s-elt-must-match.1: The content of 'definitions' must match (annotation?, (simpleType | complexType)?, (unique | key | keyref)*)). A problem was found starting at: attribute.
2026-07-30 12:20:19,729 [INFO] IPUIPlugin:80 - create IPUIPlugin
2026-07-30 12:20:26,411 [INFO] PlatformPackageDownloader:268 - STEdgeAI Core will be downloaded from: https://api.stm32ai.com/marketplace/v1/file/stedgeai-windows-10.2.0.zip?o=X-CUBE-AI&token=10
2026-07-30 12:20:27,523 [INFO] PlatformPackageDownloader:439 - 888924835 bytes to download
2026-07-30 12:20:37,538 [INFO] PlatformPackageDownloader:458 - 72192000 bytes downloaded
2026-07-30 12:20:47,539 [INFO] PlatformPackageDownloader:458 - 147984384 bytes downloaded
2026-07-30 12:20:57,541 [INFO] PlatformPackageDownloader:458 - 220057600 bytes downloaded
2026-07-30 12:21:07,542 [INFO] PlatformPackageDownloader:458 - 290463744 bytes downloaded
2026-07-30 12:21:17,544 [INFO] PlatformPackageDownloader:458 - 363581440 bytes downloaded
2026-07-30 12:21:27,552 [INFO] PlatformPackageDownloader:458 - 436129792 bytes downloaded
2026-07-30 12:21:37,556 [INFO] PlatformPackageDownloader:458 - 679874560 bytes downloaded
2026-07-30 12:21:42,927 [INFO] PlatformPackageDownloader:462 - 888924835 bytes downloaded
2026-07-30 12:21:44,723 [INFO] ZipFileManager:192 - unzip 11%
2026-07-30 12:21:54,782 [INFO] ZipFileManager:192 - unzip 22%
2026-07-30 12:22:09,151 [INFO] ZipFileManager:192 - unzip 33%
2026-07-30 12:22:22,428 [INFO] ZipFileManager:192 - unzip 44%
2026-07-30 12:22:23,473 [INFO] ZipFileManager:192 - unzip 75%
2026-07-30 12:22:37,938 [INFO] ZipFileManager:192 - unzip 86%
2026-07-30 12:22:44,775 [INFO] ZipFileManager:192 - unzip 97%
2026-07-30 12:22:45,789 [INFO] PluginManager:220 - loadIPPluginJar : add ai.10.2.1
2026-07-30 12:22:48,565 [INFO] IPUIPlugin:80 - create IPUIPlugin
2026-07-30 12:22:50,003 [INFO] ServerAccessManage:452 - Complete download http(s) 200
2026-07-30 12:22:50,003 [INFO] ServerAccessManage:509 - Download File 
2026-07-30 12:22:50,006 [INFO] LoadUrlFilesThread:185 - End of LoadServerUrlFiles without Thread
2026-07-30 12:24:35,946 [INFO] AIMainUI:1269 - Restoring parameters from IP...
2026-07-30 12:24:35,946 [INFO] AIMainUI:1392 - No old model detected
2026-07-30 12:24:35,994 [INFO] AI:955 - getUI adding AI com.st.microxplorer.plugins.ip.ai.AI@28227629 on STMicroelectronics.X-CUBE-AI.10.2.1
2026-07-30 12:37:51,878 [INFO] AI:955 - getUI adding AI com.st.microxplorer.plugins.ip.ai.AI@28227629 on STMicroelectronics.X-CUBE-AI.10.2.1
2026-07-30 12:37:54,955 [INFO] AInterface:116 - AInterface using toolDir: C:/Users/ADMIN/STM32Cube/Repository//Packs/STMicroelectronics/X-CUBE-AI/10.2.1/Utilities/windows
2026-07-30 12:37:55,028 [INFO] AIModelDetailledView:2264 - Analysis status: -
2026-07-30 12:37:55,029 [INFO] AIModelDetailledView:898 - Selected model: Keras
2026-07-30 12:38:07,208 [INFO] AIModelDetailledView:898 - Selected model: ONNX
2026-07-30 12:39:21,369 [INFO] AInterface:259 - ModelName:network; files:[D:\Anusha_TinyML_FDP\TinyML_Workshop_Nitte-\ONNX\random_forest_model.onnx]; type:ONNX; compression:None
2026-07-30 12:39:21,369 [INFO] AInterface:526 - workspaceTempDir: C:/Users/ADMIN/AppData/Local/Temp/mxAI_workspace89934379364174018403748439196939858
2026-07-30 12:39:21,369 [INFO] AInterface:1179 - Setting Env: C:/Users/ADMIN/STM32Cube/Repository//Packs/STMicroelectronics/X-CUBE-AI/10.2.1/Utilities/windows
2026-07-30 12:39:21,588 [INFO] STM32CubeIDEBuilder:265 - Looking for gnu-tools-for-stm32 tools/bin/arm-none-eabi-gcc.exe in C:\ST\STM32CubeIDE_1.19.0\STM32CubeIDE
2026-07-30 12:39:21,588 [INFO] STM32CubeIDEBuilder:294 - checking C:\ST\STM32CubeIDE_1.19.0\STM32CubeIDE\plugins\com.st.stm32cube.ide.mcu.externaltools.gnu-tools-for-stm32.13.3.rel1.win32_1.0.0.202411081344\tools\bin\arm-none-eabi-gcc.exe
2026-07-30 12:39:21,588 [INFO] STM32CubeIDEBuilder:297 - ret=C:\ST\STM32CubeIDE_1.19.0\STM32CubeIDE\plugins\com.st.stm32cube.ide.mcu.externaltools.gnu-tools-for-stm32.13.3.rel1.win32_1.0.0.202411081344\tools\bin\arm-none-eabi-gcc.exe
2026-07-30 12:39:21,588 [INFO] STM32CubeIDEBuilder:311 - returning C:\ST\STM32CubeIDE_1.19.0\STM32CubeIDE\plugins\com.st.stm32cube.ide.mcu.externaltools.gnu-tools-for-stm32.13.3.rel1.win32_1.0.0.202411081344\tools\bin\arm-none-eabi-gcc.exe
2026-07-30 12:39:21,588 [INFO] AInterface:1236 - Custom PATH variable: C:/Users/ADMIN/STM32Cube/Repository//Packs/STMicroelectronics/X-CUBE-AI/10.2.1/Utilities/windows;C:/Users/ADMIN/STM32Cube/Repository//Packs/STMicroelectronics/X-CUBE-AI/10.2.1/Utilities/windows/mingw64/bin;C:/Users/ADMIN/STM32Cube/Repository//Packs/STMicroelectronics/X-CUBE-AI/10.2.1/Utilities/windows/mingw64/libexec/gcc/x86_64-w64-mingw32/7.3.0;;C:\ST\STM32CubeIDE_1.19.0\STM32CubeIDE\plugins\com.st.stm32cube.ide.mcu.externaltools.gnu-tools-for-stm32.13.3.rel1.win32_1.0.0.202411081344\tools\bin
2026-07-30 12:39:21,620 [INFO] CmdLine:115 - Command: C:/Users/ADMIN/STM32Cube/Repository//Packs/STMicroelectronics/X-CUBE-AI/10.2.1/Utilities/windows/stedgeai.exe analyze --target stm32l4 --name network -m D:/Anusha_TinyML_FDP/TinyML_Workshop_Nitte-/ONNX/random_forest_model.onnx --compression none --verbosity 1 --workspace C:/Users/ADMIN/AppData/Local/Temp/mxAI_workspace89934379364174018403748439196939858 --output C:/Users/ADMIN/.stm32cubemx/network_output
2026-07-30 12:39:21,620 [INFO] AIModelDetailledView:2264 - Analysis status: pending
2026-07-30 12:39:51,281 [INFO] CmdLine:76 - ST Edge AI Core v2.2.0-20266 2adc00962
2026-07-30 12:43:49,770 [INFO] CmdLine:76 - Creating c (debug) info json file C:\Users\ADMIN\.stm32cubemx\network_output\network_c_info.json
2026-07-30 12:43:49,941 [INFO] CmdLine:76 -  
2026-07-30 12:43:49,942 [INFO] CmdLine:76 -  Exec/report summary (analyze)
2026-07-30 12:43:49,942 [INFO] CmdLine:76 -  -------------------------------------------------------------------------------------------------------------
2026-07-30 12:43:49,943 [INFO] CmdLine:76 -  model file         :   D:\Anusha_TinyML_FDP\TinyML_Workshop_Nitte-\ONNX\random_forest_model.onnx             
2026-07-30 12:43:49,943 [INFO] CmdLine:76 -  type               :   onnx                                                                                  
2026-07-30 12:43:49,943 [INFO] CmdLine:76 -  c_name             :   network                                                                               
2026-07-30 12:43:49,944 [INFO] CmdLine:76 -  compression        :   none                                                                                  
2026-07-30 12:43:49,944 [INFO] CmdLine:76 -  options            :   allocate-inputs, allocate-outputs                                                     
2026-07-30 12:43:49,944 [INFO] CmdLine:76 -  optimization       :   balanced                                                                              
2026-07-30 12:43:49,944 [INFO] CmdLine:76 -  target/series      :   stm32l4                                                                               
2026-07-30 12:43:49,945 [INFO] CmdLine:76 -  workspace dir      :   C:\Users\ADMIN\AppData\Local\Temp\mxAI_workspace89934379364174018403748439196939858   
2026-07-30 12:43:49,945 [INFO] CmdLine:76 -  output dir         :   C:\Users\ADMIN\.stm32cubemx\network_output                                            
2026-07-30 12:43:49,945 [INFO] CmdLine:76 -  model_fmt          :   undefined                                                                             
2026-07-30 12:43:49,945 [INFO] CmdLine:76 -  model_name         :   random_forest_model                                                                   
2026-07-30 12:43:49,946 [INFO] CmdLine:76 -  model_hash         :   0x02671c89313b5c38f6f3662027efc470                                                    
2026-07-30 12:43:49,951 [INFO] CmdLine:76 -  params #           :   520,842 items (1.25 MiB)                                                              
2026-07-30 12:43:49,951 [INFO] CmdLine:76 -  -------------------------------------------------------------------------------------------------------------
2026-07-30 12:43:49,952 [INFO] CmdLine:76 -  input 1/1          :   'float_input', f32(1x1x6), 24 Bytes, activations                                      
2026-07-30 12:43:49,953 [INFO] CmdLine:76 -  output 1/2         :   'label0', int32(1x1), 4 Bytes, activations                                            
2026-07-30 12:43:49,954 [INFO] CmdLine:76 -  output 2/2         :   'output_probability', f32(1x1x5x2), 40 Bytes, activations                             
2026-07-30 12:43:49,954 [INFO] CmdLine:76 -  outputs (total)    :   44 Bytes                                                                              
2026-07-30 12:43:49,954 [INFO] CmdLine:76 -  macc               :   1,311                                                                                 
2026-07-30 12:43:49,955 [INFO] CmdLine:76 -  weights (ro)       :   1,313,296 B (1.25 MiB) (1 segment) / -770,072(-37.0%) vs float model                  
2026-07-30 12:43:49,955 [INFO] CmdLine:76 -  activations (rw)   :   64 B (64 B) (1 segment) *                                                             
2026-07-30 12:43:49,955 [INFO] CmdLine:76 -  ram (total)        :   64 B (64 B) = 64 + 0 + 0                                                              
2026-07-30 12:43:49,956 [INFO] CmdLine:76 -  -------------------------------------------------------------------------------------------------------------
2026-07-30 12:43:49,956 [INFO] CmdLine:76 -  (*) 'input'/'output' buffers are allocated in the activations buffer
2026-07-30 12:43:50,008 [INFO] CmdLine:76 - Computing AI RT data/code size (target=stm32l4)..
2026-07-30 12:43:54,285 [INFO] CmdLine:76 -  Model name - random_forest_model
2026-07-30 12:43:54,286 [INFO] CmdLine:76 -  ------ -------------------------------- ---------------- ------------------- ------- --------------
2026-07-30 12:43:54,286 [INFO] CmdLine:76 -  m_id   layer (original)                 oshape           param/size             macc   connected to
2026-07-30 12:43:54,287 [INFO] CmdLine:76 -  ------ -------------------------------- ---------------- ------------------- ------- --------------
2026-07-30 12:43:54,288 [INFO] CmdLine:76 -  0      float_input ()                   [h:1,c:6]
2026-07-30 12:43:54,289 [INFO] CmdLine:76 -  ------ -------------------------------- ---------------- ------------------- ------- --------------
2026-07-30 12:43:54,289 [INFO] CmdLine:76 -  1      label (TreeEnsembleClassifier)   [c:1][h:1,c:5]   520,837/1,313,282     1,311    float_input
2026-07-30 12:43:54,290 [INFO] CmdLine:76 -  ------ -------------------------------- ---------------- ------------------- ------- --------------
2026-07-30 12:43:54,290 [INFO] CmdLine:76 -  2      output_label (Cast)              [c:1]                                      2          label
2026-07-30 12:43:54,290 [INFO] CmdLine:76 -  ------ -------------------------------- ---------------- ------------------- ------- --------------
2026-07-30 12:43:54,291 [INFO] CmdLine:76 -  3      output_probability (ZipMap)      [h:1,w:5,c:2]    5/5                                  label
2026-07-30 12:43:54,291 [INFO] CmdLine:76 -  ------ -------------------------------- ---------------- ------------------- ------- --------------
2026-07-30 12:43:54,291 [INFO] CmdLine:76 -  model: macc=1,313 weights=1,313,287 activations=-- io=--
2026-07-30 12:43:54,292 [INFO] CmdLine:76 -  Number of operations per c-layer
2026-07-30 12:43:54,295 [INFO] CmdLine:76 -  ------- ------ -------------------------------- ------- -------------
2026-07-30 12:43:54,296 [INFO] CmdLine:76 -  c_id    m_id   name (type)                          #op          type
2026-07-30 12:43:54,296 [INFO] CmdLine:76 -  ------- ------ -------------------------------- ------- -------------
2026-07-30 12:43:54,296 [INFO] CmdLine:76 -  0       1      label (TreeEnsembleClassifier)     1,311   smul_f32_s8
2026-07-30 12:43:54,297 [INFO] CmdLine:76 -  1       3      output_probability (ZipMap)            0   smul_f32_s8
2026-07-30 12:43:54,297 [INFO] CmdLine:76 -  ------- ------ -------------------------------- ------- -------------
2026-07-30 12:43:54,297 [INFO] CmdLine:76 -  total                                             1,311
2026-07-30 12:43:54,297 [INFO] CmdLine:76 -  Number of operation types
2026-07-30 12:43:54,298 [INFO] CmdLine:76 -  ---------------- ------- -----------
2026-07-30 12:43:54,298 [INFO] CmdLine:76 -  operation type         #           %
2026-07-30 12:43:54,298 [INFO] CmdLine:76 -  ---------------- ------- -----------
2026-07-30 12:43:54,299 [INFO] CmdLine:76 -  smul_f32_s8        1,311      100.0%
2026-07-30 12:43:54,299 [INFO] CmdLine:76 -  Complexity report (model)
2026-07-30 12:43:54,299 [INFO] CmdLine:76 -  ------ -------------------- ------------------------- ------------------------- ------
2026-07-30 12:43:54,300 [INFO] CmdLine:76 -  m_id   name                 c_macc                    c_rom                     c_id
2026-07-30 12:43:54,300 [INFO] CmdLine:76 -  ------ -------------------- ------------------------- ------------------------- ------
2026-07-30 12:43:54,300 [INFO] CmdLine:76 -  1      label                |||||||||||||||| 100.0%   |||||||||||||||| 100.0%   [0]
2026-07-30 12:43:54,301 [INFO] CmdLine:76 -  3      output_probability   |                  0.0%   |                  0.0%   [1]
2026-07-30 12:43:54,301 [INFO] CmdLine:76 -  ------ -------------------- ------------------------- ------------------------- ------
2026-07-30 12:43:54,301 [INFO] CmdLine:76 -  macc=1,311 weights=1,313,296 act=64 ram_io=0
2026-07-30 12:43:54,302 [INFO] CmdLine:76 -  Requested memory size by section - "stm32l4" target
2026-07-30 12:43:54,302 [INFO] CmdLine:76 -  ------------------------------ ------- ----------- ------- -----
2026-07-30 12:43:54,302 [INFO] CmdLine:76 -  module                            text      rodata    data   bss
2026-07-30 12:43:54,303 [INFO] CmdLine:76 -  ------------------------------ ------- ----------- ------- -----
2026-07-30 12:43:54,304 [INFO] CmdLine:76 -  NetworkRuntime1020_CM4_GCC.a     5,508           0       0     0
2026-07-30 12:43:54,305 [INFO] CmdLine:76 -  network.o                          704          16   1,768   172
2026-07-30 12:43:54,305 [INFO] CmdLine:76 -  network_data.o                      48          16      88     0
2026-07-30 12:43:54,306 [INFO] CmdLine:76 -  lib (toolchain)*                     0           0       0     0
2026-07-30 12:43:54,306 [INFO] CmdLine:76 -  ------------------------------ ------- ----------- ------- -----
2026-07-30 12:43:54,306 [INFO] CmdLine:76 -  RT total**                       6,260          32   1,856   172
2026-07-30 12:43:54,307 [INFO] CmdLine:76 -  ------------------------------ ------- ----------- ------- -----
2026-07-30 12:43:54,307 [INFO] CmdLine:76 -  weights                              0   1,313,296       0     0
2026-07-30 12:43:54,307 [INFO] CmdLine:76 -  activations                          0           0       0    64
2026-07-30 12:43:54,308 [INFO] CmdLine:76 -  io                                   0           0       0     0
2026-07-30 12:43:54,308 [INFO] CmdLine:76 -  ------------------------------ ------- ----------- ------- -----
2026-07-30 12:43:54,308 [INFO] CmdLine:76 -  TOTAL                            6,260   1,313,328   1,856   236
2026-07-30 12:43:54,309 [INFO] CmdLine:76 -  ------------------------------ ------- ----------- ------- -----
2026-07-30 12:43:54,309 [INFO] CmdLine:76 -  *  toolchain objects (libm/libgcc*)
2026-07-30 12:43:54,309 [INFO] CmdLine:76 -  ** RT AI runtime objects (kernels+infrastructure)
2026-07-30 12:43:54,310 [INFO] CmdLine:76 -   Summary - "stm32l4" target
2026-07-30 12:43:54,310 [INFO] CmdLine:76 -   --------------------------------------------------
2026-07-30 12:43:54,310 [INFO] CmdLine:76 -                FLASH (ro)     %*   RAM (rw)       %
2026-07-30 12:43:54,311 [INFO] CmdLine:76 -   --------------------------------------------------
2026-07-30 12:43:54,311 [INFO] CmdLine:76 -   RT total          8,148   0.6%      2,028   96.9%
2026-07-30 12:43:54,312 [INFO] CmdLine:76 -   --------------------------------------------------
2026-07-30 12:43:54,312 [INFO] CmdLine:76 -   TOTAL         1,321,444             2,092
2026-07-30 12:43:54,313 [INFO] CmdLine:76 -   --------------------------------------------------
2026-07-30 12:43:54,313 [INFO] CmdLine:76 -   *  rt/total
2026-07-30 12:43:54,313 [INFO] CmdLine:76 - Creating txt report file C:\Users\ADMIN\.stm32cubemx\network_output\network_analyze_report.txt
2026-07-30 12:44:06,781 [INFO] CmdLine:76 - elapsed time (analyze): 255.499s
2026-07-30 12:44:07,483 [INFO] CmdLine:148 - stedgeai exit with status: 0
2026-07-30 12:44:07,652 [INFO] AIModelDetailledView:1077 - Model file:      random_forest_model.onnx
2026-07-30 12:44:07,653 [INFO] AIModelDetailledView:1077 - Total Flash:     1321444 B (1.26 MiB)
2026-07-30 12:44:07,654 [INFO] AIModelDetailledView:1077 -     Weights:     1313296 B (1.25 MiB)
2026-07-30 12:44:07,654 [INFO] AIModelDetailledView:1077 -     Library:     8148 B (7.96 KiB)
2026-07-30 12:44:07,655 [INFO] AIModelDetailledView:1077 - Total Ram:       2092 B (2.04 KiB)
2026-07-30 12:44:07,655 [INFO] AIModelDetailledView:1077 -     Activations: 64 B
2026-07-30 12:44:07,656 [INFO] AIModelDetailledView:1077 -     Library:     2028 B (1.98 KiB)
2026-07-30 12:44:07,656 [INFO] AIModelDetailledView:1077 -     Input:       24 B (included in Activations)
2026-07-30 12:44:07,656 [INFO] AIModelDetailledView:1077 -     Output:      44 B (included in Activations)
2026-07-30 12:44:07,656 [INFO] AIModelDetailledView:1077 - Done
2026-07-30 12:44:07,657 [INFO] AIModelDetailledView:2598 - Analyze complete on AI model
2026-07-30 12:44:07,817 [INFO] AIModelDetailledView:2264 - Analysis status: done
2026-07-30 12:44:31,394 [INFO] UtilMem:75 - End SaveConfig() Used Memory: 841835696 Bytes (1073741824)
2026-07-30 12:44:31,767 [INFO] AIModelDetailledView:2264 - Analysis status: -
2026-07-30 12:44:31,771 [INFO] AInterface:259 - ModelName:network; files:[D:\Anusha_TinyML_FDP\TinyML_Workshop_Nitte-\ONNX\random_forest_model.onnx]; type:ONNX; compression:None
2026-07-30 12:44:31,772 [INFO] AInterface:526 - workspaceTempDir: C:/Users/ADMIN/AppData/Local/Temp/mxAI_workspace89937483287772003901364612798433817
2026-07-30 12:44:31,773 [INFO] AInterface:1179 - Setting Env: C:/Users/ADMIN/STM32Cube/Repository//Packs/STMicroelectronics/X-CUBE-AI/10.2.1/Utilities/windows
2026-07-30 12:44:31,779 [INFO] STM32CubeIDEBuilder:265 - Looking for gnu-tools-for-stm32 tools/bin/arm-none-eabi-gcc.exe in C:\ST\STM32CubeIDE_1.19.0\STM32CubeIDE
2026-07-30 12:44:31,782 [INFO] STM32CubeIDEBuilder:294 - checking C:\ST\STM32CubeIDE_1.19.0\STM32CubeIDE\plugins\com.st.stm32cube.ide.mcu.externaltools.gnu-tools-for-stm32.13.3.rel1.win32_1.0.0.202411081344\tools\bin\arm-none-eabi-gcc.exe
2026-07-30 12:44:31,782 [INFO] STM32CubeIDEBuilder:297 - ret=C:\ST\STM32CubeIDE_1.19.0\STM32CubeIDE\plugins\com.st.stm32cube.ide.mcu.externaltools.gnu-tools-for-stm32.13.3.rel1.win32_1.0.0.202411081344\tools\bin\arm-none-eabi-gcc.exe
2026-07-30 12:44:31,782 [INFO] STM32CubeIDEBuilder:311 - returning C:\ST\STM32CubeIDE_1.19.0\STM32CubeIDE\plugins\com.st.stm32cube.ide.mcu.externaltools.gnu-tools-for-stm32.13.3.rel1.win32_1.0.0.202411081344\tools\bin\arm-none-eabi-gcc.exe
2026-07-30 12:44:31,783 [INFO] AInterface:1236 - Custom PATH variable: C:/Users/ADMIN/STM32Cube/Repository//Packs/STMicroelectronics/X-CUBE-AI/10.2.1/Utilities/windows;C:/Users/ADMIN/STM32Cube/Repository//Packs/STMicroelectronics/X-CUBE-AI/10.2.1/Utilities/windows/mingw64/bin;C:/Users/ADMIN/STM32Cube/Repository//Packs/STMicroelectronics/X-CUBE-AI/10.2.1/Utilities/windows/mingw64/libexec/gcc/x86_64-w64-mingw32/7.3.0;;C:\ST\STM32CubeIDE_1.19.0\STM32CubeIDE\plugins\com.st.stm32cube.ide.mcu.externaltools.gnu-tools-for-stm32.13.3.rel1.win32_1.0.0.202411081344\tools\bin
2026-07-30 12:44:31,785 [INFO] CmdLine:115 - Command: C:/Users/ADMIN/STM32Cube/Repository//Packs/STMicroelectronics/X-CUBE-AI/10.2.1/Utilities/windows/stedgeai.exe analyze --target stm32l4 --name network -m D:/Anusha_TinyML_FDP/TinyML_Workshop_Nitte-/ONNX/random_forest_model.onnx --compression none --verbosity 1 --workspace C:/Users/ADMIN/AppData/Local/Temp/mxAI_workspace89937483287772003901364612798433817 --output C:/Users/ADMIN/.stm32cubemx/network_output
2026-07-30 12:44:31,788 [INFO] AIModelDetailledView:2264 - Analysis status: pending
2026-07-30 12:44:32,543 [INFO] CmdLine:76 - ST Edge AI Core v2.2.0-20266 2adc00962
2026-07-30 12:44:48,879 [INFO] CmdLine:76 - Creating c (debug) info json file C:\Users\ADMIN\.stm32cubemx\network_output\network_c_info.json
2026-07-30 12:44:49,048 [INFO] CmdLine:76 -  
2026-07-30 12:44:49,049 [INFO] CmdLine:76 -  Exec/report summary (analyze)
2026-07-30 12:44:49,049 [INFO] CmdLine:76 -  -------------------------------------------------------------------------------------------------------------
2026-07-30 12:44:49,049 [INFO] CmdLine:76 -  model file         :   D:\Anusha_TinyML_FDP\TinyML_Workshop_Nitte-\ONNX\random_forest_model.onnx             
2026-07-30 12:44:49,049 [INFO] CmdLine:76 -  type               :   onnx                                                                                  
2026-07-30 12:44:49,049 [INFO] CmdLine:76 -  c_name             :   network                                                                               
2026-07-30 12:44:49,049 [INFO] CmdLine:76 -  compression        :   none                                                                                  
2026-07-30 12:44:49,050 [INFO] CmdLine:76 -  options            :   allocate-inputs, allocate-outputs                                                     
2026-07-30 12:44:49,050 [INFO] CmdLine:76 -  optimization       :   balanced                                                                              
2026-07-30 12:44:49,050 [INFO] CmdLine:76 -  target/series      :   stm32l4                                                                               
2026-07-30 12:44:49,050 [INFO] CmdLine:76 -  workspace dir      :   C:\Users\ADMIN\AppData\Local\Temp\mxAI_workspace89937483287772003901364612798433817   
2026-07-30 12:44:49,050 [INFO] CmdLine:76 -  output dir         :   C:\Users\ADMIN\.stm32cubemx\network_output                                            
2026-07-30 12:44:49,050 [INFO] CmdLine:76 -  model_fmt          :   undefined                                                                             
2026-07-30 12:44:49,050 [INFO] CmdLine:76 -  model_name         :   random_forest_model                                                                   
2026-07-30 12:44:49,051 [INFO] CmdLine:76 -  model_hash         :   0x02671c89313b5c38f6f3662027efc470                                                    
2026-07-30 12:44:49,051 [INFO] CmdLine:76 -  params #           :   520,842 items (1.25 MiB)                                                              
2026-07-30 12:44:49,051 [INFO] CmdLine:76 -  -------------------------------------------------------------------------------------------------------------
2026-07-30 12:44:49,051 [INFO] CmdLine:76 -  input 1/1          :   'float_input', f32(1x1x6), 24 Bytes, activations                                      
2026-07-30 12:44:49,051 [INFO] CmdLine:76 -  output 1/2         :   'label0', int32(1x1), 4 Bytes, activations                                            
2026-07-30 12:44:49,051 [INFO] CmdLine:76 -  output 2/2         :   'output_probability', f32(1x1x5x2), 40 Bytes, activations                             
2026-07-30 12:44:49,051 [INFO] CmdLine:76 -  outputs (total)    :   44 Bytes                                                                              
2026-07-30 12:44:49,051 [INFO] CmdLine:76 -  macc               :   1,311                                                                                 
2026-07-30 12:44:49,052 [INFO] CmdLine:76 -  weights (ro)       :   1,313,296 B (1.25 MiB) (1 segment) / -770,072(-37.0%) vs float model                  
2026-07-30 12:44:49,052 [INFO] CmdLine:76 -  activations (rw)   :   64 B (64 B) (1 segment) *                                                             
2026-07-30 12:44:49,052 [INFO] CmdLine:76 -  ram (total)        :   64 B (64 B) = 64 + 0 + 0                                                              
2026-07-30 12:44:49,052 [INFO] CmdLine:76 -  -------------------------------------------------------------------------------------------------------------
2026-07-30 12:44:49,052 [INFO] CmdLine:76 -  (*) 'input'/'output' buffers are allocated in the activations buffer
2026-07-30 12:44:49,110 [INFO] CmdLine:76 - Computing AI RT data/code size (target=stm32l4)..
2026-07-30 12:44:51,700 [INFO] CmdLine:76 -  Model name - random_forest_model
2026-07-30 12:44:51,701 [INFO] CmdLine:76 -  ------ -------------------------------- ---------------- ------------------- ------- --------------
2026-07-30 12:44:51,701 [INFO] CmdLine:76 -  m_id   layer (original)                 oshape           param/size             macc   connected to
2026-07-30 12:44:51,701 [INFO] CmdLine:76 -  ------ -------------------------------- ---------------- ------------------- ------- --------------
2026-07-30 12:44:51,701 [INFO] CmdLine:76 -  0      float_input ()                   [h:1,c:6]
2026-07-30 12:44:51,702 [INFO] CmdLine:76 -  ------ -------------------------------- ---------------- ------------------- ------- --------------
2026-07-30 12:44:51,702 [INFO] CmdLine:76 -  1      label (TreeEnsembleClassifier)   [c:1][h:1,c:5]   520,837/1,313,282     1,311    float_input
2026-07-30 12:44:51,702 [INFO] CmdLine:76 -  ------ -------------------------------- ---------------- ------------------- ------- --------------
2026-07-30 12:44:51,702 [INFO] CmdLine:76 -  2      output_label (Cast)              [c:1]                                      2          label
2026-07-30 12:44:51,702 [INFO] CmdLine:76 -  ------ -------------------------------- ---------------- ------------------- ------- --------------
2026-07-30 12:44:51,703 [INFO] CmdLine:76 -  3      output_probability (ZipMap)      [h:1,w:5,c:2]    5/5                                  label
2026-07-30 12:44:51,703 [INFO] CmdLine:76 -  ------ -------------------------------- ---------------- ------------------- ------- --------------
2026-07-30 12:44:51,703 [INFO] CmdLine:76 -  model: macc=1,313 weights=1,313,287 activations=-- io=--
2026-07-30 12:44:51,703 [INFO] CmdLine:76 -  Number of operations per c-layer
2026-07-30 12:44:51,703 [INFO] CmdLine:76 -  ------- ------ -------------------------------- ------- -------------
2026-07-30 12:44:51,703 [INFO] CmdLine:76 -  c_id    m_id   name (type)                          #op          type
2026-07-30 12:44:51,704 [INFO] CmdLine:76 -  ------- ------ -------------------------------- ------- -------------
2026-07-30 12:44:51,704 [INFO] CmdLine:76 -  0       1      label (TreeEnsembleClassifier)     1,311   smul_f32_s8
2026-07-30 12:44:51,704 [INFO] CmdLine:76 -  1       3      output_probability (ZipMap)            0   smul_f32_s8
2026-07-30 12:44:51,704 [INFO] CmdLine:76 -  ------- ------ -------------------------------- ------- -------------
2026-07-30 12:44:51,704 [INFO] CmdLine:76 -  total                                             1,311
2026-07-30 12:44:51,705 [INFO] CmdLine:76 -  Number of operation types
2026-07-30 12:44:51,705 [INFO] CmdLine:76 -  ---------------- ------- -----------
2026-07-30 12:44:51,705 [INFO] CmdLine:76 -  operation type         #           %
2026-07-30 12:44:51,705 [INFO] CmdLine:76 -  ---------------- ------- -----------
2026-07-30 12:44:51,705 [INFO] CmdLine:76 -  smul_f32_s8        1,311      100.0%
2026-07-30 12:44:51,705 [INFO] CmdLine:76 -  Complexity report (model)
2026-07-30 12:44:51,705 [INFO] CmdLine:76 -  ------ -------------------- ------------------------- ------------------------- ------
2026-07-30 12:44:51,705 [INFO] CmdLine:76 -  m_id   name                 c_macc                    c_rom                     c_id
2026-07-30 12:44:51,706 [INFO] CmdLine:76 -  ------ -------------------- ------------------------- ------------------------- ------
2026-07-30 12:44:51,706 [INFO] CmdLine:76 -  1      label                |||||||||||||||| 100.0%   |||||||||||||||| 100.0%   [0]
2026-07-30 12:44:51,706 [INFO] CmdLine:76 -  3      output_probability   |                  0.0%   |                  0.0%   [1]
2026-07-30 12:44:51,706 [INFO] CmdLine:76 -  ------ -------------------- ------------------------- ------------------------- ------
2026-07-30 12:44:51,706 [INFO] CmdLine:76 -  macc=1,311 weights=1,313,296 act=64 ram_io=0
2026-07-30 12:44:51,707 [INFO] CmdLine:76 -  Requested memory size by section - "stm32l4" target
2026-07-30 12:44:51,707 [INFO] CmdLine:76 -  ------------------------------ ------- ----------- ------- -----
2026-07-30 12:44:51,707 [INFO] CmdLine:76 -  module                            text      rodata    data   bss
2026-07-30 12:44:51,708 [INFO] CmdLine:76 -  ------------------------------ ------- ----------- ------- -----
2026-07-30 12:44:51,708 [INFO] CmdLine:76 -  NetworkRuntime1020_CM4_GCC.a     5,508           0       0     0
2026-07-30 12:44:51,708 [INFO] CmdLine:76 -  network.o                          704          16   1,768   172
2026-07-30 12:44:51,708 [INFO] CmdLine:76 -  network_data.o                      48          16      88     0
2026-07-30 12:44:51,708 [INFO] CmdLine:76 -  lib (toolchain)*                     0           0       0     0
2026-07-30 12:44:51,708 [INFO] CmdLine:76 -  ------------------------------ ------- ----------- ------- -----
2026-07-30 12:44:51,709 [INFO] CmdLine:76 -  RT total**                       6,260          32   1,856   172
2026-07-30 12:44:51,709 [INFO] CmdLine:76 -  ------------------------------ ------- ----------- ------- -----
2026-07-30 12:44:51,709 [INFO] CmdLine:76 -  weights                              0   1,313,296       0     0
2026-07-30 12:44:51,709 [INFO] CmdLine:76 -  activations                          0           0       0    64
2026-07-30 12:44:51,709 [INFO] CmdLine:76 -  io                                   0           0       0     0
2026-07-30 12:44:51,709 [INFO] CmdLine:76 -  ------------------------------ ------- ----------- ------- -----
2026-07-30 12:44:51,709 [INFO] CmdLine:76 -  TOTAL                            6,260   1,313,328   1,856   236
2026-07-30 12:44:51,709 [INFO] CmdLine:76 -  ------------------------------ ------- ----------- ------- -----
2026-07-30 12:44:51,710 [INFO] CmdLine:76 -  *  toolchain objects (libm/libgcc*)
2026-07-30 12:44:51,710 [INFO] CmdLine:76 -  ** RT AI runtime objects (kernels+infrastructure)
2026-07-30 12:44:51,710 [INFO] CmdLine:76 -   Summary - "stm32l4" target
2026-07-30 12:44:51,710 [INFO] CmdLine:76 -   --------------------------------------------------
2026-07-30 12:44:51,710 [INFO] CmdLine:76 -                FLASH (ro)     %*   RAM (rw)       %
2026-07-30 12:44:51,710 [INFO] CmdLine:76 -   --------------------------------------------------
2026-07-30 12:44:51,710 [INFO] CmdLine:76 -   RT total          8,148   0.6%      2,028   96.9%
2026-07-30 12:44:51,710 [INFO] CmdLine:76 -   --------------------------------------------------
2026-07-30 12:44:51,710 [INFO] CmdLine:76 -   TOTAL         1,321,444             2,092
2026-07-30 12:44:51,711 [INFO] CmdLine:76 -   --------------------------------------------------
2026-07-30 12:44:51,711 [INFO] CmdLine:76 -   *  rt/total
2026-07-30 12:44:51,711 [INFO] CmdLine:76 - Creating txt report file C:\Users\ADMIN\.stm32cubemx\network_output\network_analyze_report.txt
2026-07-30 12:44:52,741 [INFO] CmdLine:76 - elapsed time (analyze): 20.198s
2026-07-30 12:44:53,363 [INFO] CmdLine:148 - stedgeai exit with status: 0
2026-07-30 12:44:53,519 [INFO] AIModelDetailledView:2598 - Analyze complete on AI model
2026-07-30 12:44:53,521 [INFO] AIModelDetailledView:2264 - Analysis status: done
2026-07-30 12:44:53,534 [ERROR] LogOutputStream:75 - [STDERR_REDIRECT] Exception in thread "AWT-EventQueue-0" java.lang.ClassCastException: class javax.swing.SwingUtilities$SharedOwnerFrame cannot be cast to class com.st.microxplorer.maingui.MainFrame (javax.swing.SwingUtilities$SharedOwnerFrame is in module java.desktop of loader 'bootstrap'; com.st.microxplorer.maingui.MainFrame is in unnamed module of loader org.eclipse.osgi.internal.loader.EquinoxClassLoader @701d2b59)
2026-07-30 12:44:53,536 [ERROR] LogOutputStream:75 - [STDERR_REDIRECT] 	at com.st.microxplorer.plugins.ip.ai.model.AIAdvancedSettingsData.saveSettings(AIAdvancedSettingsData.java:655)
2026-07-30 12:44:53,538 [ERROR] LogOutputStream:75 - [STDERR_REDIRECT] 	at com.st.microxplorer.plugins.ip.ai.model.AIAdvancedSettingsData.cmdSaveSettings(AIAdvancedSettingsData.java:527)
2026-07-30 12:44:53,540 [ERROR] LogOutputStream:75 - [STDERR_REDIRECT] 	at com.st.microxplorer.plugins.ip.ai.gui.AIModelDetailledView.saveData(AIModelDetailledView.java:471)
2026-07-30 12:44:53,542 [ERROR] LogOutputStream:75 - [STDERR_REDIRECT] 	at com.st.microxplorer.plugins.ip.ai.gui.AIMainUI.saveModelDataNeededForGeneration(AIMainUI.java:912)
2026-07-30 12:44:53,543 [ERROR] LogOutputStream:75 - [STDERR_REDIRECT] 	at com.st.microxplorer.plugins.ip.ai.gui.AITopWindow.saveModelsData(AITopWindow.java:253)
2026-07-30 12:44:53,544 [ERROR] LogOutputStream:75 - [STDERR_REDIRECT] 	at com.st.microxplorer.plugins.ip.ai.AI.propertyChange(AI.java:1654)
2026-07-30 12:44:53,546 [ERROR] LogOutputStream:75 - [STDERR_REDIRECT] 	at java.desktop/java.beans.PropertyChangeSupport.fire(PropertyChangeSupport.java:343)
2026-07-30 12:44:53,547 [ERROR] LogOutputStream:75 - [STDERR_REDIRECT] 	at java.desktop/java.beans.PropertyChangeSupport.firePropertyChange(PropertyChangeSupport.java:335)
2026-07-30 12:44:53,549 [ERROR] LogOutputStream:75 - [STDERR_REDIRECT] 	at java.desktop/java.beans.PropertyChangeSupport.firePropertyChange(PropertyChangeSupport.java:268)
2026-07-30 12:44:53,550 [ERROR] LogOutputStream:75 - [STDERR_REDIRECT] 	at com.st.microxplorer.util.MXPropertyChangeSupport.firePropertyChange(MXPropertyChangeSupport.java:54)
2026-07-30 12:44:53,551 [ERROR] LogOutputStream:75 - [STDERR_REDIRECT] 	at com.st.microxplorer.mxsystem.MxSystem.completeSaveConfig(MxSystem.java:843)
2026-07-30 12:44:53,553 [ERROR] LogOutputStream:75 - [STDERR_REDIRECT] 	at com.st.microxplorer.plugins.filemanager.engine.SaveFileManager.saveConfiguration(SaveFileManager.java:125)
2026-07-30 12:44:53,555 [ERROR] LogOutputStream:75 - [STDERR_REDIRECT] 	at com.st.microxplorer.plugins.filemanager.engine.MainFileManager.userSaveConfig(MainFileManager.java:482)
2026-07-30 12:44:53,557 [ERROR] LogOutputStream:75 - [STDERR_REDIRECT] 	at com.st.microxplorer.plugins.filemanager.FileManagerView.getSpecificTask(FileManagerView.java:280)
2026-07-30 12:44:53,558 [ERROR] LogOutputStream:75 - [STDERR_REDIRECT] 	at com.st.stm32cube.common.mx.editor.CubeMxEditor$9.run(CubeMxEditor.java:690)
2026-07-30 12:44:53,560 [ERROR] LogOutputStream:75 - [STDERR_REDIRECT] 	at com.st.stm32cube.common.mx.oss.core.awtswtbridge.AwtEnvironment$2.run(AwtEnvironment.java:166)
2026-07-30 12:44:53,561 [ERROR] LogOutputStream:75 - [STDERR_REDIRECT] 	at java.desktop/java.awt.event.InvocationEvent.dispatch(InvocationEvent.java:318)
2026-07-30 12:44:53,562 [ERROR] LogOutputStream:75 - [STDERR_REDIRECT] 	at java.desktop/java.awt.EventQueue.dispatchEventImpl(EventQueue.java:773)
2026-07-30 12:44:53,563 [ERROR] LogOutputStream:75 - [STDERR_REDIRECT] 	at java.desktop/java.awt.EventQueue$4.run(EventQueue.java:720)
2026-07-30 12:44:53,564 [ERROR] LogOutputStream:75 - [STDERR_REDIRECT] 	at java.desktop/java.awt.EventQueue$4.run(EventQueue.java:714)
2026-07-30 12:44:53,565 [ERROR] LogOutputStream:75 - [STDERR_REDIRECT] 	at java.base/java.security.AccessController.doPrivileged(AccessController.java:400)
2026-07-30 12:44:53,567 [ERROR] LogOutputStream:75 - [STDERR_REDIRECT] 	at java.base/java.security.ProtectionDomain$JavaSecurityAccessImpl.doIntersectionPrivilege(ProtectionDomain.java:87)
2026-07-30 12:44:53,568 [ERROR] LogOutputStream:75 - [STDERR_REDIRECT] 	at java.desktop/java.awt.EventQueue.dispatchEvent(EventQueue.java:742)
2026-07-30 12:44:53,569 [ERROR] LogOutputStream:75 - [STDERR_REDIRECT] 	at java.desktop/java.awt.EventDispatchThread.pumpOneEventForFilters(EventDispatchThread.java:203)
2026-07-30 12:44:53,571 [ERROR] LogOutputStream:75 - [STDERR_REDIRECT] 	at java.desktop/java.awt.EventDispatchThread.pumpEventsForFilter(EventDispatchThread.java:124)
2026-07-30 12:44:53,572 [ERROR] LogOutputStream:75 - [STDERR_REDIRECT] 	at java.desktop/java.awt.EventDispatchThread.pumpEventsForHierarchy(EventDispatchThread.java:113)
2026-07-30 12:44:53,574 [ERROR] LogOutputStream:75 - [STDERR_REDIRECT] 	at java.desktop/java.awt.EventDispatchThread.pumpEvents(EventDispatchThread.java:109)
2026-07-30 12:44:53,576 [ERROR] LogOutputStream:75 - [STDERR_REDIRECT] 	at java.desktop/java.awt.EventDispatchThread.pumpEvents(EventDispatchThread.java:101)
2026-07-30 12:44:53,577 [ERROR] LogOutputStream:75 - [STDERR_REDIRECT] 	at java.desktop/java.awt.EventDispatchThread.run(EventDispatchThread.java:90)
2026-07-30 12:44:59,728 [INFO] UtilMem:75 - End SaveConfig() Used Memory: 659749880 Bytes (1073741824)
2026-07-30 12:45:01,366 [INFO] UtilMem:75 - End SaveConfig() Used Memory: 861076416 Bytes (1073741824)
2026-07-30 12:45:03,558 [INFO] UtilMem:75 - End SaveConfig() Used Memory: 980121952 Bytes (1073741824)
2026-07-30 12:45:03,964 [INFO] BlockDiagram:2775 - set Specific Code input for plugin: SYS
2026-07-30 12:45:03,964 [INFO] BlockDiagram:2775 - set Specific Code input for plugin: RCC
2026-07-30 12:45:03,964 [INFO] BlockDiagram:2775 - set Specific Code input for plugin: NVIC
2026-07-30 12:45:03,964 [INFO] BlockDiagram:2775 - set Specific Code input for plugin: STMicroelectronics.X-CUBE-AI.10.2.1
2026-07-30 12:45:03,978 [INFO] CodeGenerator:892 - code generatio: config db path: C:\ST\STM32CubeIDE_1.19.0\STM32CubeIDE\plugins\com.st.stm32cube.common.mx_6.15.0.202507011659\\db\
2026-07-30 12:45:04,064 [INFO] IP:3329 - RTE Config file name : RTE_Component
2026-07-30 12:45:04,064 [INFO] IP:3347 - RTE template : RTE_Components.ftl
2026-07-30 12:45:04,078 [INFO] CodeEngine:265 - oldGeneratedFile, D:\Anusha_TinyML_FDP\TinyML_Workshop_Nitte-\STM32\Inference_OnBoard_IMU\MXTmpFiles\license.tmp_save
2026-07-30 12:45:04,449 [INFO] CodeEngine:289 - Generated code: D:\Anusha_TinyML_FDP\TinyML_Workshop_Nitte-\STM32\Inference_OnBoard_IMU\MXTmpFiles\license.tmp
2026-07-30 12:45:04,556 [INFO] Middleware:1452 - No code input for Bsp Dependency
2026-07-30 12:45:04,557 [INFO] Middleware:1452 - No code input for Bsp Dependency
2026-07-30 12:45:04,567 [INFO] CodeEngine:265 - oldGeneratedFile, D:\Anusha_TinyML_FDP\TinyML_Workshop_Nitte-\STM32\Inference_OnBoard_IMU\Core\Src\stm32l4xx_it.c_save
2026-07-30 12:45:04,968 [INFO] CodeEngine:289 - Generated code: D:\Anusha_TinyML_FDP\TinyML_Workshop_Nitte-\STM32\Inference_OnBoard_IMU\Core\Src\stm32l4xx_it.c
2026-07-30 12:45:04,976 [INFO] CodeEngine:265 - oldGeneratedFile, D:\Anusha_TinyML_FDP\TinyML_Workshop_Nitte-\STM32\Inference_OnBoard_IMU\Core\Inc\stm32l4xx_it.h_save
2026-07-30 12:45:05,119 [INFO] CodeEngine:289 - Generated code: D:\Anusha_TinyML_FDP\TinyML_Workshop_Nitte-\STM32\Inference_OnBoard_IMU\Core\Inc\stm32l4xx_it.h
2026-07-30 12:45:05,136 [INFO] CodeEngine:265 - oldGeneratedFile, D:\Anusha_TinyML_FDP\TinyML_Workshop_Nitte-\STM32\Inference_OnBoard_IMU\Core\Src\stm32l4xx_hal_msp.c_save
2026-07-30 12:45:05,363 [INFO] CodeEngine:289 - Generated code: D:\Anusha_TinyML_FDP\TinyML_Workshop_Nitte-\STM32\Inference_OnBoard_IMU\Core\Src\stm32l4xx_hal_msp.c
2026-07-30 12:45:05,368 [INFO] CodeEngine:265 - oldGeneratedFile, D:\Anusha_TinyML_FDP\TinyML_Workshop_Nitte-\STM32\Inference_OnBoard_IMU\MXTmpFiles\system.tmp_save
2026-07-30 12:45:05,502 [INFO] CodeEngine:289 - Generated code: D:\Anusha_TinyML_FDP\TinyML_Workshop_Nitte-\STM32\Inference_OnBoard_IMU\MXTmpFiles\system.tmp
2026-07-30 12:45:05,514 [INFO] CodeEngine:321 - oldGeneratedFile, D:\Anusha_TinyML_FDP\TinyML_Workshop_Nitte-\STM32\Inference_OnBoard_IMU\Core\Inc\stm32l4xx_hal_conf.h_save
2026-07-30 12:45:05,654 [INFO] CodeEngine:345 - Generated code: D:\Anusha_TinyML_FDP\TinyML_Workshop_Nitte-\STM32\Inference_OnBoard_IMU\Core\Inc\stm32l4xx_hal_conf.h
2026-07-30 12:45:05,683 [INFO] CodeEngine:265 - oldGeneratedFile, D:\Anusha_TinyML_FDP\TinyML_Workshop_Nitte-\STM32\Inference_OnBoard_IMU\Core\Inc\main.h_save
2026-07-30 12:45:05,871 [INFO] CodeEngine:289 - Generated code: D:\Anusha_TinyML_FDP\TinyML_Workshop_Nitte-\STM32\Inference_OnBoard_IMU\Core\Inc\main.h
2026-07-30 12:45:05,878 [INFO] CodeEngine:265 - oldGeneratedFile, D:\Anusha_TinyML_FDP\TinyML_Workshop_Nitte-\STM32\Inference_OnBoard_IMU\Core\Src\main.c_save
2026-07-30 12:45:06,072 [INFO] CodeEngine:289 - Generated code: D:\Anusha_TinyML_FDP\TinyML_Workshop_Nitte-\STM32\Inference_OnBoard_IMU\Core\Src\main.c
2026-07-30 12:45:06,261 [INFO] AInterface:322 - ModelName:network; files:[D:\Anusha_TinyML_FDP\TinyML_Workshop_Nitte-\ONNX\random_forest_model.onnx]; type:ONNX; compression:None
2026-07-30 12:45:06,262 [INFO] AInterface:526 - workspaceTempDir: C:/Users/ADMIN/AppData/Local/Temp/mxAI_workspace89937828185720002817261579414805963
2026-07-30 12:45:06,262 [INFO] AInterface:1179 - Setting Env: C:/Users/ADMIN/STM32Cube/Repository//Packs/STMicroelectronics/X-CUBE-AI/10.2.1/Utilities/windows
2026-07-30 12:45:06,268 [INFO] STM32CubeIDEBuilder:265 - Looking for gnu-tools-for-stm32 tools/bin/arm-none-eabi-gcc.exe in C:\ST\STM32CubeIDE_1.19.0\STM32CubeIDE
2026-07-30 12:45:06,271 [INFO] STM32CubeIDEBuilder:294 - checking C:\ST\STM32CubeIDE_1.19.0\STM32CubeIDE\plugins\com.st.stm32cube.ide.mcu.externaltools.gnu-tools-for-stm32.13.3.rel1.win32_1.0.0.202411081344\tools\bin\arm-none-eabi-gcc.exe
2026-07-30 12:45:06,272 [INFO] STM32CubeIDEBuilder:297 - ret=C:\ST\STM32CubeIDE_1.19.0\STM32CubeIDE\plugins\com.st.stm32cube.ide.mcu.externaltools.gnu-tools-for-stm32.13.3.rel1.win32_1.0.0.202411081344\tools\bin\arm-none-eabi-gcc.exe
2026-07-30 12:45:06,272 [INFO] STM32CubeIDEBuilder:311 - returning C:\ST\STM32CubeIDE_1.19.0\STM32CubeIDE\plugins\com.st.stm32cube.ide.mcu.externaltools.gnu-tools-for-stm32.13.3.rel1.win32_1.0.0.202411081344\tools\bin\arm-none-eabi-gcc.exe
2026-07-30 12:45:06,273 [INFO] AInterface:1236 - Custom PATH variable: C:/Users/ADMIN/STM32Cube/Repository//Packs/STMicroelectronics/X-CUBE-AI/10.2.1/Utilities/windows;C:/Users/ADMIN/STM32Cube/Repository//Packs/STMicroelectronics/X-CUBE-AI/10.2.1/Utilities/windows/mingw64/bin;C:/Users/ADMIN/STM32Cube/Repository//Packs/STMicroelectronics/X-CUBE-AI/10.2.1/Utilities/windows/mingw64/libexec/gcc/x86_64-w64-mingw32/7.3.0;;C:\ST\STM32CubeIDE_1.19.0\STM32CubeIDE\plugins\com.st.stm32cube.ide.mcu.externaltools.gnu-tools-for-stm32.13.3.rel1.win32_1.0.0.202411081344\tools\bin
2026-07-30 12:45:06,275 [INFO] CmdLine:115 - Command: C:/Users/ADMIN/STM32Cube/Repository//Packs/STMicroelectronics/X-CUBE-AI/10.2.1/Utilities/windows/stedgeai.exe generate --target stm32l4 --name network -m D:/Anusha_TinyML_FDP/TinyML_Workshop_Nitte-/ONNX/random_forest_model.onnx --compression none --verbosity 1 --workspace C:/Users/ADMIN/AppData/Local/Temp/mxAI_workspace89937828185720002817261579414805963 --output C:/Users/ADMIN/.stm32cubemx/network_output
2026-07-30 12:45:06,276 [INFO] AIModelDetailledView:2264 - Analysis status: pending
2026-07-30 12:45:07,051 [INFO] CmdLine:76 - ST Edge AI Core v2.2.0-20266 2adc00962
2026-07-30 12:45:23,463 [INFO] CmdLine:76 - Creating c (debug) info json file C:\Users\ADMIN\.stm32cubemx\network_output\network_c_info.json
2026-07-30 12:45:23,631 [INFO] CmdLine:76 -  
2026-07-30 12:45:23,631 [INFO] CmdLine:76 -  Exec/report summary (generate)
2026-07-30 12:45:23,631 [INFO] CmdLine:76 -  -------------------------------------------------------------------------------------------------------------
2026-07-30 12:45:23,631 [INFO] CmdLine:76 -  model file         :   D:\Anusha_TinyML_FDP\TinyML_Workshop_Nitte-\ONNX\random_forest_model.onnx             
2026-07-30 12:45:23,631 [INFO] CmdLine:76 -  type               :   onnx                                                                                  
2026-07-30 12:45:23,632 [INFO] CmdLine:76 -  c_name             :   network                                                                               
2026-07-30 12:45:23,632 [INFO] CmdLine:76 -  compression        :   none                                                                                  
2026-07-30 12:45:23,632 [INFO] CmdLine:76 -  options            :   allocate-inputs, allocate-outputs                                                     
2026-07-30 12:45:23,632 [INFO] CmdLine:76 -  optimization       :   balanced                                                                              
2026-07-30 12:45:23,632 [INFO] CmdLine:76 -  target/series      :   stm32l4                                                                               
2026-07-30 12:45:23,632 [INFO] CmdLine:76 -  workspace dir      :   C:\Users\ADMIN\AppData\Local\Temp\mxAI_workspace89937828185720002817261579414805963   
2026-07-30 12:45:23,632 [INFO] CmdLine:76 -  output dir         :   C:\Users\ADMIN\.stm32cubemx\network_output                                            
2026-07-30 12:45:23,632 [INFO] CmdLine:76 -  model_fmt          :   undefined                                                                             
2026-07-30 12:45:23,632 [INFO] CmdLine:76 -  model_name         :   random_forest_model                                                                   
2026-07-30 12:45:23,632 [INFO] CmdLine:76 -  model_hash         :   0x02671c89313b5c38f6f3662027efc470                                                    
2026-07-30 12:45:23,632 [INFO] CmdLine:76 -  params #           :   520,842 items (1.25 MiB)                                                              
2026-07-30 12:45:23,632 [INFO] CmdLine:76 -  -------------------------------------------------------------------------------------------------------------
2026-07-30 12:45:23,632 [INFO] CmdLine:76 -  input 1/1          :   'float_input', f32(1x1x6), 24 Bytes, activations                                      
2026-07-30 12:45:23,633 [INFO] CmdLine:76 -  output 1/2         :   'label0', int32(1x1), 4 Bytes, activations                                            
2026-07-30 12:45:23,633 [INFO] CmdLine:76 -  output 2/2         :   'output_probability', f32(1x1x5x2), 40 Bytes, activations                             
2026-07-30 12:45:23,633 [INFO] CmdLine:76 -  outputs (total)    :   44 Bytes                                                                              
2026-07-30 12:45:23,633 [INFO] CmdLine:76 -  macc               :   1,311                                                                                 
2026-07-30 12:45:23,633 [INFO] CmdLine:76 -  weights (ro)       :   1,313,296 B (1.25 MiB) (1 segment) / -770,072(-37.0%) vs float model                  
2026-07-30 12:45:23,633 [INFO] CmdLine:76 -  activations (rw)   :   64 B (64 B) (1 segment) *                                                             
2026-07-30 12:45:23,633 [INFO] CmdLine:76 -  ram (total)        :   64 B (64 B) = 64 + 0 + 0                                                              
2026-07-30 12:45:23,633 [INFO] CmdLine:76 -  -------------------------------------------------------------------------------------------------------------
2026-07-30 12:45:23,633 [INFO] CmdLine:76 -  (*) 'input'/'output' buffers are allocated in the activations buffer
2026-07-30 12:45:23,690 [INFO] CmdLine:76 - Computing AI RT data/code size (target=stm32l4)..
2026-07-30 12:45:26,382 [INFO] CmdLine:76 -  Requested memory size by section - "stm32l4" target
2026-07-30 12:45:26,382 [INFO] CmdLine:76 -  ------------------------------ ------- ----------- ------- -----
2026-07-30 12:45:26,383 [INFO] CmdLine:76 -  module                            text      rodata    data   bss
2026-07-30 12:45:26,383 [INFO] CmdLine:76 -  ------------------------------ ------- ----------- ------- -----
2026-07-30 12:45:26,383 [INFO] CmdLine:76 -  NetworkRuntime1020_CM4_GCC.a     5,508           0       0     0
2026-07-30 12:45:26,383 [INFO] CmdLine:76 -  network.o                          704          16   1,768   172
2026-07-30 12:45:26,383 [INFO] CmdLine:76 -  network_data.o                      48          16      88     0
2026-07-30 12:45:26,383 [INFO] CmdLine:76 -  lib (toolchain)*                     0           0       0     0
2026-07-30 12:45:26,384 [INFO] CmdLine:76 -  ------------------------------ ------- ----------- ------- -----
2026-07-30 12:45:26,384 [INFO] CmdLine:76 -  RT total**                       6,260          32   1,856   172
2026-07-30 12:45:26,384 [INFO] CmdLine:76 -  ------------------------------ ------- ----------- ------- -----
2026-07-30 12:45:26,384 [INFO] CmdLine:76 -  weights                              0   1,313,296       0     0
2026-07-30 12:45:26,384 [INFO] CmdLine:76 -  activations                          0           0       0    64
2026-07-30 12:45:26,384 [INFO] CmdLine:76 -  io                                   0           0       0     0
2026-07-30 12:45:26,384 [INFO] CmdLine:76 -  ------------------------------ ------- ----------- ------- -----
2026-07-30 12:45:26,385 [INFO] CmdLine:76 -  TOTAL                            6,260   1,313,328   1,856   236
2026-07-30 12:45:26,385 [INFO] CmdLine:76 -  ------------------------------ ------- ----------- ------- -----
2026-07-30 12:45:26,385 [INFO] CmdLine:76 -  *  toolchain objects (libm/libgcc*)
2026-07-30 12:45:26,385 [INFO] CmdLine:76 -  ** RT AI runtime objects (kernels+infrastructure)
2026-07-30 12:45:26,385 [INFO] CmdLine:76 -   Summary - "stm32l4" target
2026-07-30 12:45:26,385 [INFO] CmdLine:76 -   --------------------------------------------------
2026-07-30 12:45:26,385 [INFO] CmdLine:76 -                FLASH (ro)     %*   RAM (rw)       %
2026-07-30 12:45:26,385 [INFO] CmdLine:76 -   --------------------------------------------------
2026-07-30 12:45:26,385 [INFO] CmdLine:76 -   RT total          8,148   0.6%      2,028   96.9%
2026-07-30 12:45:26,385 [INFO] CmdLine:76 -   --------------------------------------------------
2026-07-30 12:45:26,386 [INFO] CmdLine:76 -   TOTAL         1,321,444             2,092
2026-07-30 12:45:26,386 [INFO] CmdLine:76 -   --------------------------------------------------
2026-07-30 12:45:26,386 [INFO] CmdLine:76 -   *  rt/total
2026-07-30 12:45:26,386 [INFO] CmdLine:76 -  Generated files (7)
2026-07-30 12:45:26,386 [INFO] CmdLine:76 -  ------------------------------------------------------------------
2026-07-30 12:45:26,386 [INFO] CmdLine:76 -  C:\Users\ADMIN\.stm32cubemx\network_output\network_data_params.h
2026-07-30 12:45:26,386 [INFO] CmdLine:76 -  C:\Users\ADMIN\.stm32cubemx\network_output\network_data_params.c
2026-07-30 12:45:26,386 [INFO] CmdLine:76 -  C:\Users\ADMIN\.stm32cubemx\network_output\network_data.h
2026-07-30 12:45:26,387 [INFO] CmdLine:76 -  C:\Users\ADMIN\.stm32cubemx\network_output\network_data.c
2026-07-30 12:45:26,387 [INFO] CmdLine:76 -  C:\Users\ADMIN\.stm32cubemx\network_output\network_config.h
2026-07-30 12:45:26,387 [INFO] CmdLine:76 -  C:\Users\ADMIN\.stm32cubemx\network_output\network.h
2026-07-30 12:45:26,387 [INFO] CmdLine:76 -  C:\Users\ADMIN\.stm32cubemx\network_output\network.c
2026-07-30 12:45:26,387 [INFO] CmdLine:76 - Creating txt report file C:\Users\ADMIN\.stm32cubemx\network_output\network_generate_report.txt
2026-07-30 12:45:31,904 [INFO] CmdLine:76 - elapsed time (generate): 24.853s
2026-07-30 12:45:32,537 [INFO] CmdLine:148 - stedgeai exit with status: 0
2026-07-30 12:45:32,688 [INFO] AIModelDetailledView:2264 - Analysis status: done
2026-07-30 12:45:33,105 [INFO] ProjectBuilder:3606 - Time for Copy HAL[1] : 147mS.
2026-07-30 12:45:33,106 [ERROR] Middleware:2950 - Invalid RefComponent list
2026-07-30 12:45:33,107 [ERROR] Middleware:2950 - Invalid RefComponent list
2026-07-30 12:45:33,107 [ERROR] Middleware:2950 - Invalid RefComponent list
2026-07-30 12:45:33,107 [ERROR] Middleware:2950 - Invalid RefComponent list
2026-07-30 12:45:33,107 [ERROR] Middleware:2950 - Invalid RefComponent list
2026-07-30 12:45:33,107 [ERROR] Middleware:2950 - Invalid RefComponent list
2026-07-30 12:45:33,107 [ERROR] Middleware:2950 - Invalid RefComponent list
2026-07-30 12:45:33,107 [ERROR] Middleware:2950 - Invalid RefComponent list
2026-07-30 12:45:33,107 [ERROR] Middleware:2950 - Invalid RefComponent list
2026-07-30 12:45:33,107 [ERROR] Middleware:2950 - Invalid RefComponent list
2026-07-30 12:45:33,107 [ERROR] Middleware:2950 - Invalid RefComponent list
2026-07-30 12:45:33,107 [ERROR] Middleware:2950 - Invalid RefComponent list
2026-07-30 12:45:33,107 [ERROR] Middleware:2950 - Invalid RefComponent list
2026-07-30 12:45:33,107 [ERROR] Middleware:2950 - Invalid RefComponent list
2026-07-30 12:45:33,107 [ERROR] Middleware:2950 - Invalid RefComponent list
2026-07-30 12:45:33,107 [ERROR] Middleware:2950 - Invalid RefComponent list
2026-07-30 12:45:33,107 [ERROR] Middleware:2950 - Invalid RefComponent list
2026-07-30 12:45:33,107 [ERROR] Middleware:2950 - Invalid RefComponent list
2026-07-30 12:45:33,107 [ERROR] Middleware:2950 - Invalid RefComponent list
2026-07-30 12:45:33,107 [ERROR] Middleware:2950 - Invalid RefComponent list
2026-07-30 12:45:33,107 [ERROR] Middleware:2950 - Invalid RefComponent list
2026-07-30 12:45:33,107 [ERROR] Middleware:2950 - Invalid RefComponent list
2026-07-30 12:45:33,107 [ERROR] Middleware:2950 - Invalid RefComponent list
2026-07-30 12:45:33,107 [ERROR] Middleware:2950 - Invalid RefComponent list
2026-07-30 12:45:33,107 [ERROR] Middleware:2950 - Invalid RefComponent list
2026-07-30 12:45:33,108 [ERROR] Middleware:2950 - Invalid RefComponent list
2026-07-30 12:45:33,108 [ERROR] Middleware:2950 - Invalid RefComponent list
2026-07-30 12:45:33,108 [ERROR] Middleware:2950 - Invalid RefComponent list
2026-07-30 12:45:33,108 [ERROR] Middleware:2950 - Invalid RefComponent list
2026-07-30 12:45:33,108 [ERROR] Middleware:2950 - Invalid RefComponent list
2026-07-30 12:45:33,108 [ERROR] Middleware:2950 - Invalid RefComponent list
2026-07-30 12:45:33,108 [ERROR] Middleware:2950 - Invalid RefComponent list
2026-07-30 12:45:33,108 [ERROR] Middleware:2950 - Invalid RefComponent list
2026-07-30 12:45:33,108 [ERROR] Middleware:2950 - Invalid RefComponent list
2026-07-30 12:45:33,108 [ERROR] Middleware:2950 - Invalid RefComponent list
2026-07-30 12:45:33,108 [ERROR] Middleware:2950 - Invalid RefComponent list
2026-07-30 12:45:33,108 [ERROR] Middleware:2950 - Invalid RefComponent list
2026-07-30 12:45:33,108 [ERROR] Middleware:2950 - Invalid RefComponent list
2026-07-30 12:45:33,108 [ERROR] Middleware:2950 - Invalid RefComponent list
2026-07-30 12:45:33,108 [ERROR] Middleware:2950 - Invalid RefComponent list
2026-07-30 12:45:33,108 [ERROR] Middleware:2950 - Invalid RefComponent list
2026-07-30 12:45:33,108 [ERROR] Middleware:2950 - Invalid RefComponent list
2026-07-30 12:45:33,108 [ERROR] Middleware:2950 - Invalid RefComponent list
2026-07-30 12:45:33,108 [ERROR] Middleware:2950 - Invalid RefComponent list
2026-07-30 12:45:33,108 [ERROR] Middleware:2950 - Invalid RefComponent list
2026-07-30 12:45:33,108 [ERROR] Middleware:2950 - Invalid RefComponent list
2026-07-30 12:45:33,108 [ERROR] Middleware:2950 - Invalid RefComponent list
2026-07-30 12:45:33,108 [ERROR] Middleware:2950 - Invalid RefComponent list
2026-07-30 12:45:33,108 [ERROR] Middleware:2950 - Invalid RefComponent list
2026-07-30 12:45:33,108 [ERROR] Middleware:2950 - Invalid RefComponent list
2026-07-30 12:45:33,112 [INFO] ProjectBuilder:5216 - Project Generator version: 4.7.0-B52
2026-07-30 12:45:33,206 [INFO] ConfigFileManager:1595 - The Die is : DIE470
2026-07-30 12:45:34,663 [INFO] ProjectBuilder:5496 - Time for Generating toolchain IDE Files: 1550mS.
2026-07-30 12:45:34,664 [INFO] ProjectBuilder:3463 - Time for Copy CMSIS : 1mS.
2026-07-30 12:45:34,665 [INFO] ProjectBuilder:3463 - Time for Copy CMSIS : 0mS.
2026-07-30 13:12:29,975 [INFO] WebApp:194 - Connection lost
2026-07-30 13:12:42,680 [INFO] WebApp:191 - Connection restablished
2026-07-30 13:19:57,010 [INFO] WebApp:194 - Connection lost
2026-07-30 13:20:09,960 [INFO] WebApp:191 - Connection restablished
2026-07-30 13:23:51,921 [INFO] WebApp:194 - Connection lost
2026-07-30 13:24:05,005 [INFO] WebApp:191 - Connection restablished
2026-07-30 13:32:08,960 [INFO] WebApp:194 - Connection lost
2026-07-30 13:32:21,970 [INFO] WebApp:191 - Connection restablished
2026-07-30 13:37:43,933 [INFO] WebApp:194 - Connection lost
2026-07-30 13:37:56,966 [INFO] WebApp:191 - Connection restablished
2026-07-30 13:43:26,923 [INFO] WebApp:194 - Connection lost
2026-07-30 13:43:39,426 [INFO] WebApp:191 - Connection restablished
2026-07-30 13:46:44,945 [INFO] WebApp:194 - Connection lost
2026-07-30 13:46:57,961 [INFO] WebApp:191 - Connection restablished
2026-07-30 13:50:44,950 [INFO] WebApp:194 - Connection lost
2026-07-30 13:50:57,946 [INFO] WebApp:191 - Connection restablished
2026-07-30 14:00:36,942 [INFO] WebApp:194 - Connection lost
2026-07-30 14:00:49,920 [INFO] WebApp:191 - Connection restablished
2026-07-30 14:04:27,926 [INFO] WebApp:194 - Connection lost
2026-07-30 14:04:40,408 [INFO] WebApp:191 - Connection restablished
2026-07-30 14:07:06,858 [INFO] WebApp:194 - Connection lost
2026-07-30 14:07:19,924 [INFO] WebApp:191 - Connection restablished
2026-07-30 14:25:24,541 [INFO] AI:955 - getUI adding AI com.st.microxplorer.plugins.ip.ai.AI@28227629 on STMicroelectronics.X-CUBE-AI.10.2.1
2026-07-30 14:25:28,386 [INFO] AI:955 - getUI adding AI com.st.microxplorer.plugins.ip.ai.AI@28227629 on STMicroelectronics.X-CUBE-AI.10.2.1
2026-07-30 14:25:46,070 [INFO] AI:955 - getUI adding AI com.st.microxplorer.plugins.ip.ai.AI@28227629 on STMicroelectronics.X-CUBE-AI.10.2.1
2026-07-30 14:25:50,637 [INFO] AI:955 - getUI adding AI com.st.microxplorer.plugins.ip.ai.AI@28227629 on STMicroelectronics.X-CUBE-AI.10.2.1
2026-07-30 14:25:53,742 [INFO] UtilMem:75 - End SaveConfig() Used Memory: 768991176 Bytes (1073741824)
2026-07-30 14:25:55,266 [INFO] UtilMem:75 - End SaveConfig() Used Memory: 816125728 Bytes (1073741824)
2026-07-30 14:25:57,381 [INFO] UtilMem:75 - End SaveConfig() Used Memory: 882430456 Bytes (1073741824)
2026-07-30 14:25:58,591 [INFO] BlockDiagram:2775 - set Specific Code input for plugin: SYS
2026-07-30 14:25:58,591 [INFO] BlockDiagram:2775 - set Specific Code input for plugin: RCC
2026-07-30 14:25:58,591 [INFO] BlockDiagram:2775 - set Specific Code input for plugin: NVIC
2026-07-30 14:25:58,591 [INFO] BlockDiagram:2775 - set Specific Code input for plugin: STMicroelectronics.X-CUBE-AI.10.2.1
2026-07-30 14:25:58,592 [INFO] BlockDiagram:2775 - set Specific Code input for plugin: GPIO
2026-07-30 14:25:58,595 [INFO] CodeGenerator:892 - code generatio: config db path: C:\ST\STM32CubeIDE_1.19.0\STM32CubeIDE\plugins\com.st.stm32cube.common.mx_6.15.0.202507011659\\db\
2026-07-30 14:25:59,038 [INFO] IP:3329 - RTE Config file name : RTE_Component
2026-07-30 14:25:59,038 [INFO] IP:3347 - RTE template : RTE_Components.ftl
2026-07-30 14:25:59,047 [INFO] CodeEngine:265 - oldGeneratedFile, D:\Anusha_TinyML_FDP\TinyML_Workshop_Nitte-\STM32\Inference_OnBoard_IMU\MXTmpFiles\license.tmp_save
2026-07-30 14:25:59,432 [INFO] CodeEngine:289 - Generated code: D:\Anusha_TinyML_FDP\TinyML_Workshop_Nitte-\STM32\Inference_OnBoard_IMU\MXTmpFiles\license.tmp
2026-07-30 14:25:59,463 [INFO] CodeEngine:265 - oldGeneratedFile, D:\Anusha_TinyML_FDP\TinyML_Workshop_Nitte-\STM32\Inference_OnBoard_IMU\MXTmpFiles\gpio.tmp_save
2026-07-30 14:25:59,719 [INFO] CodeEngine:289 - Generated code: D:\Anusha_TinyML_FDP\TinyML_Workshop_Nitte-\STM32\Inference_OnBoard_IMU\MXTmpFiles\gpio.tmp
2026-07-30 14:25:59,773 [INFO] Middleware:1452 - No code input for Bsp Dependency
2026-07-30 14:25:59,773 [INFO] Middleware:1452 - No code input for Bsp Dependency
2026-07-30 14:25:59,784 [INFO] CodeEngine:265 - oldGeneratedFile, D:\Anusha_TinyML_FDP\TinyML_Workshop_Nitte-\STM32\Inference_OnBoard_IMU\Core\Src\stm32l4xx_it.c_save
2026-07-30 14:26:00,170 [INFO] CodeEngine:289 - Generated code: D:\Anusha_TinyML_FDP\TinyML_Workshop_Nitte-\STM32\Inference_OnBoard_IMU\Core\Src\stm32l4xx_it.c
2026-07-30 14:26:00,176 [INFO] CodeEngine:265 - oldGeneratedFile, D:\Anusha_TinyML_FDP\TinyML_Workshop_Nitte-\STM32\Inference_OnBoard_IMU\Core\Inc\stm32l4xx_it.h_save
2026-07-30 14:26:00,322 [INFO] CodeEngine:289 - Generated code: D:\Anusha_TinyML_FDP\TinyML_Workshop_Nitte-\STM32\Inference_OnBoard_IMU\Core\Inc\stm32l4xx_it.h
2026-07-30 14:26:00,339 [INFO] CodeEngine:265 - oldGeneratedFile, D:\Anusha_TinyML_FDP\TinyML_Workshop_Nitte-\STM32\Inference_OnBoard_IMU\Core\Src\stm32l4xx_hal_msp.c_save
2026-07-30 14:26:00,559 [INFO] CodeEngine:289 - Generated code: D:\Anusha_TinyML_FDP\TinyML_Workshop_Nitte-\STM32\Inference_OnBoard_IMU\Core\Src\stm32l4xx_hal_msp.c
2026-07-30 14:26:00,564 [INFO] CodeEngine:265 - oldGeneratedFile, D:\Anusha_TinyML_FDP\TinyML_Workshop_Nitte-\STM32\Inference_OnBoard_IMU\MXTmpFiles\system.tmp_save
2026-07-30 14:26:00,700 [INFO] CodeEngine:289 - Generated code: D:\Anusha_TinyML_FDP\TinyML_Workshop_Nitte-\STM32\Inference_OnBoard_IMU\MXTmpFiles\system.tmp
2026-07-30 14:26:00,712 [INFO] CodeEngine:321 - oldGeneratedFile, D:\Anusha_TinyML_FDP\TinyML_Workshop_Nitte-\STM32\Inference_OnBoard_IMU\Core\Inc\stm32l4xx_hal_conf.h_save
2026-07-30 14:26:00,852 [INFO] CodeEngine:345 - Generated code: D:\Anusha_TinyML_FDP\TinyML_Workshop_Nitte-\STM32\Inference_OnBoard_IMU\Core\Inc\stm32l4xx_hal_conf.h
2026-07-30 14:26:00,880 [INFO] CodeEngine:265 - oldGeneratedFile, D:\Anusha_TinyML_FDP\TinyML_Workshop_Nitte-\STM32\Inference_OnBoard_IMU\Core\Inc\main.h_save
2026-07-30 14:26:01,074 [INFO] CodeEngine:289 - Generated code: D:\Anusha_TinyML_FDP\TinyML_Workshop_Nitte-\STM32\Inference_OnBoard_IMU\Core\Inc\main.h
2026-07-30 14:26:01,080 [INFO] CodeEngine:265 - oldGeneratedFile, D:\Anusha_TinyML_FDP\TinyML_Workshop_Nitte-\STM32\Inference_OnBoard_IMU\Core\Src\main.c_save
2026-07-30 14:26:01,273 [INFO] CodeEngine:289 - Generated code: D:\Anusha_TinyML_FDP\TinyML_Workshop_Nitte-\STM32\Inference_OnBoard_IMU\Core\Src\main.c
2026-07-30 14:26:01,518 [INFO] AInterface:322 - ModelName:network; files:[D:\Anusha_TinyML_FDP\TinyML_Workshop_Nitte-\ONNX\random_forest_model.onnx]; type:ONNX; compression:None
2026-07-30 14:26:01,518 [INFO] AInterface:526 - workspaceTempDir: C:/Users/ADMIN/AppData/Local/Temp/mxAI_workspace899983651292119911805889472453179468
2026-07-30 14:26:01,518 [INFO] AInterface:1179 - Setting Env: C:/Users/ADMIN/STM32Cube/Repository//Packs/STMicroelectronics/X-CUBE-AI/10.2.1/Utilities/windows
2026-07-30 14:26:01,534 [INFO] STM32CubeIDEBuilder:265 - Looking for gnu-tools-for-stm32 tools/bin/arm-none-eabi-gcc.exe in C:\ST\STM32CubeIDE_1.19.0\STM32CubeIDE
2026-07-30 14:26:01,534 [INFO] STM32CubeIDEBuilder:294 - checking C:\ST\STM32CubeIDE_1.19.0\STM32CubeIDE\plugins\com.st.stm32cube.ide.mcu.externaltools.gnu-tools-for-stm32.13.3.rel1.win32_1.0.0.202411081344\tools\bin\arm-none-eabi-gcc.exe
2026-07-30 14:26:01,534 [INFO] STM32CubeIDEBuilder:297 - ret=C:\ST\STM32CubeIDE_1.19.0\STM32CubeIDE\plugins\com.st.stm32cube.ide.mcu.externaltools.gnu-tools-for-stm32.13.3.rel1.win32_1.0.0.202411081344\tools\bin\arm-none-eabi-gcc.exe
2026-07-30 14:26:01,534 [INFO] STM32CubeIDEBuilder:311 - returning C:\ST\STM32CubeIDE_1.19.0\STM32CubeIDE\plugins\com.st.stm32cube.ide.mcu.externaltools.gnu-tools-for-stm32.13.3.rel1.win32_1.0.0.202411081344\tools\bin\arm-none-eabi-gcc.exe
2026-07-30 14:26:01,534 [INFO] AInterface:1236 - Custom PATH variable: C:/Users/ADMIN/STM32Cube/Repository//Packs/STMicroelectronics/X-CUBE-AI/10.2.1/Utilities/windows;C:/Users/ADMIN/STM32Cube/Repository//Packs/STMicroelectronics/X-CUBE-AI/10.2.1/Utilities/windows/mingw64/bin;C:/Users/ADMIN/STM32Cube/Repository//Packs/STMicroelectronics/X-CUBE-AI/10.2.1/Utilities/windows/mingw64/libexec/gcc/x86_64-w64-mingw32/7.3.0;;C:\ST\STM32CubeIDE_1.19.0\STM32CubeIDE\plugins\com.st.stm32cube.ide.mcu.externaltools.gnu-tools-for-stm32.13.3.rel1.win32_1.0.0.202411081344\tools\bin
2026-07-30 14:26:01,534 [INFO] CmdLine:115 - Command: C:/Users/ADMIN/STM32Cube/Repository//Packs/STMicroelectronics/X-CUBE-AI/10.2.1/Utilities/windows/stedgeai.exe generate --target stm32l4 --name network -m D:/Anusha_TinyML_FDP/TinyML_Workshop_Nitte-/ONNX/random_forest_model.onnx --compression none --verbosity 1 --workspace C:/Users/ADMIN/AppData/Local/Temp/mxAI_workspace899983651292119911805889472453179468 --output C:/Users/ADMIN/.stm32cubemx/network_output
2026-07-30 14:26:01,534 [INFO] AIModelDetailledView:2264 - Analysis status: pending
2026-07-30 14:26:16,065 [INFO] CmdLine:76 - ST Edge AI Core v2.2.0-20266 2adc00962
2026-07-30 14:28:24,065 [INFO] CmdLine:76 - Creating c (debug) info json file C:\Users\ADMIN\.stm32cubemx\network_output\network_c_info.json
2026-07-30 14:28:24,235 [INFO] CmdLine:76 -  
2026-07-30 14:28:24,236 [INFO] CmdLine:76 -  Exec/report summary (generate)
2026-07-30 14:28:24,237 [INFO] CmdLine:76 -  --------------------------------------------------------------------------------------------------------------
2026-07-30 14:28:24,237 [INFO] CmdLine:76 -  model file         :   D:\Anusha_TinyML_FDP\TinyML_Workshop_Nitte-\ONNX\random_forest_model.onnx              
2026-07-30 14:28:24,238 [INFO] CmdLine:76 -  type               :   onnx                                                                                   
2026-07-30 14:28:24,238 [INFO] CmdLine:76 -  c_name             :   network                                                                                
2026-07-30 14:28:24,238 [INFO] CmdLine:76 -  compression        :   none                                                                                   
2026-07-30 14:28:24,238 [INFO] CmdLine:76 -  options            :   allocate-inputs, allocate-outputs                                                      
2026-07-30 14:28:24,239 [INFO] CmdLine:76 -  optimization       :   balanced                                                                               
2026-07-30 14:28:24,239 [INFO] CmdLine:76 -  target/series      :   stm32l4                                                                                
2026-07-30 14:28:24,239 [INFO] CmdLine:76 -  workspace dir      :   C:\Users\ADMIN\AppData\Local\Temp\mxAI_workspace899983651292119911805889472453179468   
2026-07-30 14:28:24,240 [INFO] CmdLine:76 -  output dir         :   C:\Users\ADMIN\.stm32cubemx\network_output                                             
2026-07-30 14:28:24,240 [INFO] CmdLine:76 -  model_fmt          :   undefined                                                                              
2026-07-30 14:28:24,240 [INFO] CmdLine:76 -  model_name         :   random_forest_model                                                                    
2026-07-30 14:28:24,241 [INFO] CmdLine:76 -  model_hash         :   0x02671c89313b5c38f6f3662027efc470                                                     
2026-07-30 14:28:24,241 [INFO] CmdLine:76 -  params #           :   520,842 items (1.25 MiB)                                                               
2026-07-30 14:28:24,242 [INFO] CmdLine:76 -  --------------------------------------------------------------------------------------------------------------
2026-07-30 14:28:24,242 [INFO] CmdLine:76 -  input 1/1          :   'float_input', f32(1x1x6), 24 Bytes, activations                                       
2026-07-30 14:28:24,242 [INFO] CmdLine:76 -  output 1/2         :   'label0', int32(1x1), 4 Bytes, activations                                             
2026-07-30 14:28:24,243 [INFO] CmdLine:76 -  output 2/2         :   'output_probability', f32(1x1x5x2), 40 Bytes, activations                              
2026-07-30 14:28:24,243 [INFO] CmdLine:76 -  outputs (total)    :   44 Bytes                                                                               
2026-07-30 14:28:24,243 [INFO] CmdLine:76 -  macc               :   1,311                                                                                  
2026-07-30 14:28:24,244 [INFO] CmdLine:76 -  weights (ro)       :   1,313,296 B (1.25 MiB) (1 segment) / -770,072(-37.0%) vs float model                   
2026-07-30 14:28:24,244 [INFO] CmdLine:76 -  activations (rw)   :   64 B (64 B) (1 segment) *                                                              
2026-07-30 14:28:24,244 [INFO] CmdLine:76 -  ram (total)        :   64 B (64 B) = 64 + 0 + 0                                                               
2026-07-30 14:28:24,245 [INFO] CmdLine:76 -  --------------------------------------------------------------------------------------------------------------
2026-07-30 14:28:24,245 [INFO] CmdLine:76 -  (*) 'input'/'output' buffers are allocated in the activations buffer
2026-07-30 14:28:24,303 [INFO] CmdLine:76 - Computing AI RT data/code size (target=stm32l4)..
2026-07-30 14:28:30,105 [INFO] CmdLine:76 -  Requested memory size by section - "stm32l4" target
2026-07-30 14:28:30,105 [INFO] CmdLine:76 -  ------------------------------ ------- ----------- ------- -----
2026-07-30 14:28:30,106 [INFO] CmdLine:76 -  module                            text      rodata    data   bss
2026-07-30 14:28:30,106 [INFO] CmdLine:76 -  ------------------------------ ------- ----------- ------- -----
2026-07-30 14:28:30,106 [INFO] CmdLine:76 -  NetworkRuntime1020_CM4_GCC.a     5,508           0       0     0
2026-07-30 14:28:30,107 [INFO] CmdLine:76 -  network.o                          704          16   1,768   172
2026-07-30 14:28:30,107 [INFO] CmdLine:76 -  network_data.o                      48          16      88     0
2026-07-30 14:28:30,107 [INFO] CmdLine:76 -  lib (toolchain)*                     0           0       0     0
2026-07-30 14:28:30,107 [INFO] CmdLine:76 -  ------------------------------ ------- ----------- ------- -----
2026-07-30 14:28:30,108 [INFO] CmdLine:76 -  RT total**                       6,260          32   1,856   172
2026-07-30 14:28:30,108 [INFO] CmdLine:76 -  ------------------------------ ------- ----------- ------- -----
2026-07-30 14:28:30,108 [INFO] CmdLine:76 -  weights                              0   1,313,296       0     0
2026-07-30 14:28:30,108 [INFO] CmdLine:76 -  activations                          0           0       0    64
2026-07-30 14:28:30,108 [INFO] CmdLine:76 -  io                                   0           0       0     0
2026-07-30 14:28:30,109 [INFO] CmdLine:76 -  ------------------------------ ------- ----------- ------- -----
2026-07-30 14:28:30,109 [INFO] CmdLine:76 -  TOTAL                            6,260   1,313,328   1,856   236
2026-07-30 14:28:30,109 [INFO] CmdLine:76 -  ------------------------------ ------- ----------- ------- -----
2026-07-30 14:28:30,109 [INFO] CmdLine:76 -  *  toolchain objects (libm/libgcc*)
2026-07-30 14:28:30,109 [INFO] CmdLine:76 -  ** RT AI runtime objects (kernels+infrastructure)
2026-07-30 14:28:30,110 [INFO] CmdLine:76 -   Summary - "stm32l4" target
2026-07-30 14:28:30,110 [INFO] CmdLine:76 -   --------------------------------------------------
2026-07-30 14:28:30,110 [INFO] CmdLine:76 -                FLASH (ro)     %*   RAM (rw)       %
2026-07-30 14:28:30,110 [INFO] CmdLine:76 -   --------------------------------------------------
2026-07-30 14:28:30,110 [INFO] CmdLine:76 -   RT total          8,148   0.6%      2,028   96.9%
2026-07-30 14:28:30,111 [INFO] CmdLine:76 -   --------------------------------------------------
2026-07-30 14:28:30,111 [INFO] CmdLine:76 -   TOTAL         1,321,444             2,092
2026-07-30 14:28:30,111 [INFO] CmdLine:76 -   --------------------------------------------------
2026-07-30 14:28:30,111 [INFO] CmdLine:76 -   *  rt/total
2026-07-30 14:28:30,111 [INFO] CmdLine:76 -  Generated files (7)
2026-07-30 14:28:30,111 [INFO] CmdLine:76 -  ------------------------------------------------------------------
2026-07-30 14:28:30,112 [INFO] CmdLine:76 -  C:\Users\ADMIN\.stm32cubemx\network_output\network_data_params.h
2026-07-30 14:28:30,112 [INFO] CmdLine:76 -  C:\Users\ADMIN\.stm32cubemx\network_output\network_data_params.c
2026-07-30 14:28:30,112 [INFO] CmdLine:76 -  C:\Users\ADMIN\.stm32cubemx\network_output\network_data.h
2026-07-30 14:28:30,112 [INFO] CmdLine:76 -  C:\Users\ADMIN\.stm32cubemx\network_output\network_data.c
2026-07-30 14:28:30,113 [INFO] CmdLine:76 -  C:\Users\ADMIN\.stm32cubemx\network_output\network_config.h
2026-07-30 14:28:30,113 [INFO] CmdLine:76 -  C:\Users\ADMIN\.stm32cubemx\network_output\network.h
2026-07-30 14:28:30,113 [INFO] CmdLine:76 -  C:\Users\ADMIN\.stm32cubemx\network_output\network.c
2026-07-30 14:28:30,114 [INFO] CmdLine:76 - Creating txt report file C:\Users\ADMIN\.stm32cubemx\network_output\network_generate_report.txt
2026-07-30 14:28:35,375 [INFO] CmdLine:76 - elapsed time (generate): 139.311s
2026-07-30 14:28:35,984 [INFO] CmdLine:148 - stedgeai exit with status: 0
2026-07-30 14:28:36,168 [INFO] AIModelDetailledView:2264 - Analysis status: done
2026-07-30 14:28:36,636 [INFO] ProjectBuilder:3606 - Time for Copy HAL[1] : 149mS.
2026-07-30 14:28:36,636 [ERROR] Middleware:2950 - Invalid RefComponent list
2026-07-30 14:28:36,636 [ERROR] Middleware:2950 - Invalid RefComponent list
2026-07-30 14:28:36,637 [ERROR] Middleware:2950 - Invalid RefComponent list
2026-07-30 14:28:36,637 [ERROR] Middleware:2950 - Invalid RefComponent list
2026-07-30 14:28:36,637 [ERROR] Middleware:2950 - Invalid RefComponent list
2026-07-30 14:28:36,637 [ERROR] Middleware:2950 - Invalid RefComponent list
2026-07-30 14:28:36,637 [ERROR] Middleware:2950 - Invalid RefComponent list
2026-07-30 14:28:36,637 [ERROR] Middleware:2950 - Invalid RefComponent list
2026-07-30 14:28:36,637 [ERROR] Middleware:2950 - Invalid RefComponent list
2026-07-30 14:28:36,637 [ERROR] Middleware:2950 - Invalid RefComponent list
2026-07-30 14:28:36,637 [ERROR] Middleware:2950 - Invalid RefComponent list
2026-07-30 14:28:36,637 [ERROR] Middleware:2950 - Invalid RefComponent list
2026-07-30 14:28:36,637 [ERROR] Middleware:2950 - Invalid RefComponent list
2026-07-30 14:28:36,637 [ERROR] Middleware:2950 - Invalid RefComponent list
2026-07-30 14:28:36,637 [ERROR] Middleware:2950 - Invalid RefComponent list
2026-07-30 14:28:36,637 [ERROR] Middleware:2950 - Invalid RefComponent list
2026-07-30 14:28:36,637 [ERROR] Middleware:2950 - Invalid RefComponent list
2026-07-30 14:28:36,637 [ERROR] Middleware:2950 - Invalid RefComponent list
2026-07-30 14:28:36,637 [ERROR] Middleware:2950 - Invalid RefComponent list
2026-07-30 14:28:36,637 [ERROR] Middleware:2950 - Invalid RefComponent list
2026-07-30 14:28:36,637 [ERROR] Middleware:2950 - Invalid RefComponent list
2026-07-30 14:28:36,637 [ERROR] Middleware:2950 - Invalid RefComponent list
2026-07-30 14:28:36,637 [ERROR] Middleware:2950 - Invalid RefComponent list
2026-07-30 14:28:36,638 [ERROR] Middleware:2950 - Invalid RefComponent list
2026-07-30 14:28:36,638 [ERROR] Middleware:2950 - Invalid RefComponent list
2026-07-30 14:28:36,638 [ERROR] Middleware:2950 - Invalid RefComponent list
2026-07-30 14:28:36,638 [ERROR] Middleware:2950 - Invalid RefComponent list
2026-07-30 14:28:36,638 [ERROR] Middleware:2950 - Invalid RefComponent list
2026-07-30 14:28:36,638 [ERROR] Middleware:2950 - Invalid RefComponent list
2026-07-30 14:28:36,638 [ERROR] Middleware:2950 - Invalid RefComponent list
2026-07-30 14:28:36,638 [ERROR] Middleware:2950 - Invalid RefComponent list
2026-07-30 14:28:36,638 [ERROR] Middleware:2950 - Invalid RefComponent list
2026-07-30 14:28:36,638 [ERROR] Middleware:2950 - Invalid RefComponent list
2026-07-30 14:28:36,638 [ERROR] Middleware:2950 - Invalid RefComponent list
2026-07-30 14:28:36,638 [ERROR] Middleware:2950 - Invalid RefComponent list
2026-07-30 14:28:36,638 [ERROR] Middleware:2950 - Invalid RefComponent list
2026-07-30 14:28:36,638 [ERROR] Middleware:2950 - Invalid RefComponent list
2026-07-30 14:28:36,638 [ERROR] Middleware:2950 - Invalid RefComponent list
2026-07-30 14:28:36,638 [ERROR] Middleware:2950 - Invalid RefComponent list
2026-07-30 14:28:36,638 [ERROR] Middleware:2950 - Invalid RefComponent list
2026-07-30 14:28:36,638 [ERROR] Middleware:2950 - Invalid RefComponent list
2026-07-30 14:28:36,638 [ERROR] Middleware:2950 - Invalid RefComponent list
2026-07-30 14:28:36,638 [ERROR] Middleware:2950 - Invalid RefComponent list
2026-07-30 14:28:36,638 [ERROR] Middleware:2950 - Invalid RefComponent list
2026-07-30 14:28:36,638 [ERROR] Middleware:2950 - Invalid RefComponent list
2026-07-30 14:28:36,638 [ERROR] Middleware:2950 - Invalid RefComponent list
2026-07-30 14:28:36,638 [ERROR] Middleware:2950 - Invalid RefComponent list
2026-07-30 14:28:36,638 [ERROR] Middleware:2950 - Invalid RefComponent list
2026-07-30 14:28:36,639 [ERROR] Middleware:2950 - Invalid RefComponent list
2026-07-30 14:28:36,639 [ERROR] Middleware:2950 - Invalid RefComponent list
2026-07-30 14:28:36,642 [INFO] ProjectBuilder:5216 - Project Generator version: 4.7.0-B52
2026-07-30 14:28:36,744 [INFO] ConfigFileManager:1595 - The Die is : DIE470
2026-07-30 14:28:38,241 [INFO] ProjectBuilder:5496 - Time for Generating toolchain IDE Files: 1599mS.
2026-07-30 14:28:38,242 [INFO] ProjectBuilder:3463 - Time for Copy CMSIS : 1mS.
2026-07-30 14:28:38,244 [INFO] ProjectBuilder:3463 - Time for Copy CMSIS : 0mS.
2026-07-30 14:29:38,588 [INFO] I2cTimingTraitement:330 - 0x30A175AB
2026-07-30 14:29:41,350 [INFO] UtilMem:75 - End SaveConfig() Used Memory: 602119480 Bytes (1073741824)
2026-07-30 14:29:43,193 [INFO] UtilMem:75 - End SaveConfig() Used Memory: 656645432 Bytes (1073741824)
2026-07-30 14:29:45,584 [INFO] UtilMem:75 - End SaveConfig() Used Memory: 775273312 Bytes (1073741824)
2026-07-30 14:29:45,896 [INFO] BlockDiagram:2775 - set Specific Code input for plugin: SYS
2026-07-30 14:29:45,897 [INFO] BlockDiagram:2775 - set Specific Code input for plugin: RCC
2026-07-30 14:29:45,897 [INFO] BlockDiagram:2775 - set Specific Code input for plugin: I2C
2026-07-30 14:29:45,897 [INFO] BlockDiagram:2775 - set Specific Code input for plugin: NVIC
2026-07-30 14:29:45,897 [INFO] BlockDiagram:2775 - set Specific Code input for plugin: USART
2026-07-30 14:29:45,897 [INFO] BlockDiagram:2775 - set Specific Code input for plugin: STMicroelectronics.X-CUBE-AI.10.2.1
2026-07-30 14:29:45,897 [INFO] BlockDiagram:2775 - set Specific Code input for plugin: GPIO
2026-07-30 14:29:45,898 [INFO] CodeGenerator:892 - code generatio: config db path: C:\ST\STM32CubeIDE_1.19.0\STM32CubeIDE\plugins\com.st.stm32cube.common.mx_6.15.0.202507011659\\db\
2026-07-30 14:29:45,987 [INFO] IP:3329 - RTE Config file name : RTE_Component
2026-07-30 14:29:45,987 [INFO] IP:3347 - RTE template : RTE_Components.ftl
2026-07-30 14:29:45,995 [INFO] CodeEngine:265 - oldGeneratedFile, D:\Anusha_TinyML_FDP\TinyML_Workshop_Nitte-\STM32\Inference_OnBoard_IMU\MXTmpFiles\license.tmp_save
2026-07-30 14:29:46,073 [INFO] CodeEngine:289 - Generated code: D:\Anusha_TinyML_FDP\TinyML_Workshop_Nitte-\STM32\Inference_OnBoard_IMU\MXTmpFiles\license.tmp
2026-07-30 14:29:46,096 [INFO] CodeEngine:265 - oldGeneratedFile, D:\Anusha_TinyML_FDP\TinyML_Workshop_Nitte-\STM32\Inference_OnBoard_IMU\MXTmpFiles\gpio.tmp_save
2026-07-30 14:29:46,175 [INFO] CodeEngine:289 - Generated code: D:\Anusha_TinyML_FDP\TinyML_Workshop_Nitte-\STM32\Inference_OnBoard_IMU\MXTmpFiles\gpio.tmp
2026-07-30 14:29:46,265 [INFO] Middleware:1452 - No code input for Bsp Dependency
2026-07-30 14:29:46,267 [INFO] Middleware:1452 - No code input for Bsp Dependency
2026-07-30 14:29:46,278 [INFO] CodeEngine:265 - oldGeneratedFile, D:\Anusha_TinyML_FDP\TinyML_Workshop_Nitte-\STM32\Inference_OnBoard_IMU\Core\Src\stm32l4xx_it.c_save
2026-07-30 14:29:46,369 [INFO] CodeEngine:289 - Generated code: D:\Anusha_TinyML_FDP\TinyML_Workshop_Nitte-\STM32\Inference_OnBoard_IMU\Core\Src\stm32l4xx_it.c
2026-07-30 14:29:46,374 [INFO] CodeEngine:265 - oldGeneratedFile, D:\Anusha_TinyML_FDP\TinyML_Workshop_Nitte-\STM32\Inference_OnBoard_IMU\Core\Inc\stm32l4xx_it.h_save
2026-07-30 14:29:46,453 [INFO] CodeEngine:289 - Generated code: D:\Anusha_TinyML_FDP\TinyML_Workshop_Nitte-\STM32\Inference_OnBoard_IMU\Core\Inc\stm32l4xx_it.h
2026-07-30 14:29:46,481 [INFO] CodeEngine:265 - oldGeneratedFile, D:\Anusha_TinyML_FDP\TinyML_Workshop_Nitte-\STM32\Inference_OnBoard_IMU\Core\Src\stm32l4xx_hal_msp.c_save
2026-07-30 14:29:46,621 [INFO] CodeEngine:289 - Generated code: D:\Anusha_TinyML_FDP\TinyML_Workshop_Nitte-\STM32\Inference_OnBoard_IMU\Core\Src\stm32l4xx_hal_msp.c
2026-07-30 14:29:46,626 [INFO] CodeEngine:265 - oldGeneratedFile, D:\Anusha_TinyML_FDP\TinyML_Workshop_Nitte-\STM32\Inference_OnBoard_IMU\MXTmpFiles\system.tmp_save
2026-07-30 14:29:46,703 [INFO] CodeEngine:289 - Generated code: D:\Anusha_TinyML_FDP\TinyML_Workshop_Nitte-\STM32\Inference_OnBoard_IMU\MXTmpFiles\system.tmp
2026-07-30 14:29:46,713 [INFO] CodeEngine:321 - oldGeneratedFile, D:\Anusha_TinyML_FDP\TinyML_Workshop_Nitte-\STM32\Inference_OnBoard_IMU\Core\Inc\stm32l4xx_hal_conf.h_save
2026-07-30 14:29:46,801 [INFO] CodeEngine:345 - Generated code: D:\Anusha_TinyML_FDP\TinyML_Workshop_Nitte-\STM32\Inference_OnBoard_IMU\Core\Inc\stm32l4xx_hal_conf.h
2026-07-30 14:29:46,825 [INFO] CodeEngine:265 - oldGeneratedFile, D:\Anusha_TinyML_FDP\TinyML_Workshop_Nitte-\STM32\Inference_OnBoard_IMU\Core\Inc\main.h_save
2026-07-30 14:29:46,910 [INFO] CodeEngine:289 - Generated code: D:\Anusha_TinyML_FDP\TinyML_Workshop_Nitte-\STM32\Inference_OnBoard_IMU\Core\Inc\main.h
2026-07-30 14:29:46,916 [INFO] CodeEngine:265 - oldGeneratedFile, D:\Anusha_TinyML_FDP\TinyML_Workshop_Nitte-\STM32\Inference_OnBoard_IMU\Core\Src\main.c_save
2026-07-30 14:29:47,047 [INFO] CodeEngine:289 - Generated code: D:\Anusha_TinyML_FDP\TinyML_Workshop_Nitte-\STM32\Inference_OnBoard_IMU\Core\Src\main.c
2026-07-30 14:29:47,337 [INFO] AInterface:322 - ModelName:network; files:[D:\Anusha_TinyML_FDP\TinyML_Workshop_Nitte-\ONNX\random_forest_model.onnx]; type:ONNX; compression:None
2026-07-30 14:29:47,338 [INFO] AInterface:526 - workspaceTempDir: C:/Users/ADMIN/AppData/Local/Temp/mxAI_workspace90000623223183019511116785960324633
2026-07-30 14:29:47,338 [INFO] AInterface:1179 - Setting Env: C:/Users/ADMIN/STM32Cube/Repository//Packs/STMicroelectronics/X-CUBE-AI/10.2.1/Utilities/windows
2026-07-30 14:29:47,345 [INFO] STM32CubeIDEBuilder:265 - Looking for gnu-tools-for-stm32 tools/bin/arm-none-eabi-gcc.exe in C:\ST\STM32CubeIDE_1.19.0\STM32CubeIDE
2026-07-30 14:29:47,347 [INFO] STM32CubeIDEBuilder:294 - checking C:\ST\STM32CubeIDE_1.19.0\STM32CubeIDE\plugins\com.st.stm32cube.ide.mcu.externaltools.gnu-tools-for-stm32.13.3.rel1.win32_1.0.0.202411081344\tools\bin\arm-none-eabi-gcc.exe
2026-07-30 14:29:47,348 [INFO] STM32CubeIDEBuilder:297 - ret=C:\ST\STM32CubeIDE_1.19.0\STM32CubeIDE\plugins\com.st.stm32cube.ide.mcu.externaltools.gnu-tools-for-stm32.13.3.rel1.win32_1.0.0.202411081344\tools\bin\arm-none-eabi-gcc.exe
2026-07-30 14:29:47,348 [INFO] STM32CubeIDEBuilder:311 - returning C:\ST\STM32CubeIDE_1.19.0\STM32CubeIDE\plugins\com.st.stm32cube.ide.mcu.externaltools.gnu-tools-for-stm32.13.3.rel1.win32_1.0.0.202411081344\tools\bin\arm-none-eabi-gcc.exe
2026-07-30 14:29:47,348 [INFO] AInterface:1236 - Custom PATH variable: C:/Users/ADMIN/STM32Cube/Repository//Packs/STMicroelectronics/X-CUBE-AI/10.2.1/Utilities/windows;C:/Users/ADMIN/STM32Cube/Repository//Packs/STMicroelectronics/X-CUBE-AI/10.2.1/Utilities/windows/mingw64/bin;C:/Users/ADMIN/STM32Cube/Repository//Packs/STMicroelectronics/X-CUBE-AI/10.2.1/Utilities/windows/mingw64/libexec/gcc/x86_64-w64-mingw32/7.3.0;;C:\ST\STM32CubeIDE_1.19.0\STM32CubeIDE\plugins\com.st.stm32cube.ide.mcu.externaltools.gnu-tools-for-stm32.13.3.rel1.win32_1.0.0.202411081344\tools\bin
2026-07-30 14:29:47,350 [INFO] CmdLine:115 - Command: C:/Users/ADMIN/STM32Cube/Repository//Packs/STMicroelectronics/X-CUBE-AI/10.2.1/Utilities/windows/stedgeai.exe generate --target stm32l4 --name network -m D:/Anusha_TinyML_FDP/TinyML_Workshop_Nitte-/ONNX/random_forest_model.onnx --compression none --verbosity 1 --workspace C:/Users/ADMIN/AppData/Local/Temp/mxAI_workspace90000623223183019511116785960324633 --output C:/Users/ADMIN/.stm32cubemx/network_output
2026-07-30 14:29:47,351 [INFO] AIModelDetailledView:2264 - Analysis status: pending
2026-07-30 14:29:48,075 [INFO] CmdLine:76 - ST Edge AI Core v2.2.0-20266 2adc00962
2026-07-30 14:30:04,005 [INFO] CmdLine:76 - Creating c (debug) info json file C:\Users\ADMIN\.stm32cubemx\network_output\network_c_info.json
2026-07-30 14:30:04,179 [INFO] CmdLine:76 -  
2026-07-30 14:30:04,179 [INFO] CmdLine:76 -  Exec/report summary (generate)
2026-07-30 14:30:04,179 [INFO] CmdLine:76 -  -------------------------------------------------------------------------------------------------------------
2026-07-30 14:30:04,179 [INFO] CmdLine:76 -  model file         :   D:\Anusha_TinyML_FDP\TinyML_Workshop_Nitte-\ONNX\random_forest_model.onnx             
2026-07-30 14:30:04,179 [INFO] CmdLine:76 -  type               :   onnx                                                                                  
2026-07-30 14:30:04,179 [INFO] CmdLine:76 -  c_name             :   network                                                                               
2026-07-30 14:30:04,179 [INFO] CmdLine:76 -  compression        :   none                                                                                  
2026-07-30 14:30:04,179 [INFO] CmdLine:76 -  options            :   allocate-inputs, allocate-outputs                                                     
2026-07-30 14:30:04,179 [INFO] CmdLine:76 -  optimization       :   balanced                                                                              
2026-07-30 14:30:04,179 [INFO] CmdLine:76 -  target/series      :   stm32l4                                                                               
2026-07-30 14:30:04,179 [INFO] CmdLine:76 -  workspace dir      :   C:\Users\ADMIN\AppData\Local\Temp\mxAI_workspace90000623223183019511116785960324633   
2026-07-30 14:30:04,179 [INFO] CmdLine:76 -  output dir         :   C:\Users\ADMIN\.stm32cubemx\network_output                                            
2026-07-30 14:30:04,179 [INFO] CmdLine:76 -  model_fmt          :   undefined                                                                             
2026-07-30 14:30:04,179 [INFO] CmdLine:76 -  model_name         :   random_forest_model                                                                   
2026-07-30 14:30:04,179 [INFO] CmdLine:76 -  model_hash         :   0x02671c89313b5c38f6f3662027efc470                                                    
2026-07-30 14:30:04,179 [INFO] CmdLine:76 -  params #           :   520,842 items (1.25 MiB)                                                              
2026-07-30 14:30:04,179 [INFO] CmdLine:76 -  -------------------------------------------------------------------------------------------------------------
2026-07-30 14:30:04,179 [INFO] CmdLine:76 -  input 1/1          :   'float_input', f32(1x1x6), 24 Bytes, activations                                      
2026-07-30 14:30:04,179 [INFO] CmdLine:76 -  output 1/2         :   'label0', int32(1x1), 4 Bytes, activations                                            
2026-07-30 14:30:04,179 [INFO] CmdLine:76 -  output 2/2         :   'output_probability', f32(1x1x5x2), 40 Bytes, activations                             
2026-07-30 14:30:04,179 [INFO] CmdLine:76 -  outputs (total)    :   44 Bytes                                                                              
2026-07-30 14:30:04,179 [INFO] CmdLine:76 -  macc               :   1,311                                                                                 
2026-07-30 14:30:04,179 [INFO] CmdLine:76 -  weights (ro)       :   1,313,296 B (1.25 MiB) (1 segment) / -770,072(-37.0%) vs float model                  
2026-07-30 14:30:04,179 [INFO] CmdLine:76 -  activations (rw)   :   64 B (64 B) (1 segment) *                                                             
2026-07-30 14:30:04,179 [INFO] CmdLine:76 -  ram (total)        :   64 B (64 B) = 64 + 0 + 0                                                              
2026-07-30 14:30:04,179 [INFO] CmdLine:76 -  -------------------------------------------------------------------------------------------------------------
2026-07-30 14:30:04,179 [INFO] CmdLine:76 -  (*) 'input'/'output' buffers are allocated in the activations buffer
2026-07-30 14:30:04,226 [INFO] CmdLine:76 - Computing AI RT data/code size (target=stm32l4)..
2026-07-30 14:30:06,920 [INFO] CmdLine:76 -  Requested memory size by section - "stm32l4" target
2026-07-30 14:30:06,921 [INFO] CmdLine:76 -  ------------------------------ ------- ----------- ------- -----
2026-07-30 14:30:06,921 [INFO] CmdLine:76 -  module                            text      rodata    data   bss
2026-07-30 14:30:06,921 [INFO] CmdLine:76 -  ------------------------------ ------- ----------- ------- -----
2026-07-30 14:30:06,921 [INFO] CmdLine:76 -  NetworkRuntime1020_CM4_GCC.a     5,508           0       0     0
2026-07-30 14:30:06,921 [INFO] CmdLine:76 -  network.o                          704          16   1,768   172
2026-07-30 14:30:06,921 [INFO] CmdLine:76 -  network_data.o                      48          16      88     0
2026-07-30 14:30:06,921 [INFO] CmdLine:76 -  lib (toolchain)*                     0           0       0     0
2026-07-30 14:30:06,922 [INFO] CmdLine:76 -  ------------------------------ ------- ----------- ------- -----
2026-07-30 14:30:06,922 [INFO] CmdLine:76 -  RT total**                       6,260          32   1,856   172
2026-07-30 14:30:06,922 [INFO] CmdLine:76 -  ------------------------------ ------- ----------- ------- -----
2026-07-30 14:30:06,922 [INFO] CmdLine:76 -  weights                              0   1,313,296       0     0
2026-07-30 14:30:06,922 [INFO] CmdLine:76 -  activations                          0           0       0    64
2026-07-30 14:30:06,922 [INFO] CmdLine:76 -  io                                   0           0       0     0
2026-07-30 14:30:06,922 [INFO] CmdLine:76 -  ------------------------------ ------- ----------- ------- -----
2026-07-30 14:30:06,922 [INFO] CmdLine:76 -  TOTAL                            6,260   1,313,328   1,856   236
2026-07-30 14:30:06,923 [INFO] CmdLine:76 -  ------------------------------ ------- ----------- ------- -----
2026-07-30 14:30:06,923 [INFO] CmdLine:76 -  *  toolchain objects (libm/libgcc*)
2026-07-30 14:30:06,923 [INFO] CmdLine:76 -  ** RT AI runtime objects (kernels+infrastructure)
2026-07-30 14:30:06,923 [INFO] CmdLine:76 -   Summary - "stm32l4" target
2026-07-30 14:30:06,923 [INFO] CmdLine:76 -   --------------------------------------------------
2026-07-30 14:30:06,923 [INFO] CmdLine:76 -                FLASH (ro)     %*   RAM (rw)       %
2026-07-30 14:30:06,923 [INFO] CmdLine:76 -   --------------------------------------------------
2026-07-30 14:30:06,923 [INFO] CmdLine:76 -   RT total          8,148   0.6%      2,028   96.9%
2026-07-30 14:30:06,923 [INFO] CmdLine:76 -   --------------------------------------------------
2026-07-30 14:30:06,923 [INFO] CmdLine:76 -   TOTAL         1,321,444             2,092
2026-07-30 14:30:06,923 [INFO] CmdLine:76 -   --------------------------------------------------
2026-07-30 14:30:06,923 [INFO] CmdLine:76 -   *  rt/total
2026-07-30 14:30:06,924 [INFO] CmdLine:76 -  Generated files (7)
2026-07-30 14:30:06,924 [INFO] CmdLine:76 -  ------------------------------------------------------------------
2026-07-30 14:30:06,924 [INFO] CmdLine:76 -  C:\Users\ADMIN\.stm32cubemx\network_output\network_data_params.h
2026-07-30 14:30:06,924 [INFO] CmdLine:76 -  C:\Users\ADMIN\.stm32cubemx\network_output\network_data_params.c
2026-07-30 14:30:06,924 [INFO] CmdLine:76 -  C:\Users\ADMIN\.stm32cubemx\network_output\network_data.h
2026-07-30 14:30:06,924 [INFO] CmdLine:76 -  C:\Users\ADMIN\.stm32cubemx\network_output\network_data.c
2026-07-30 14:30:06,924 [INFO] CmdLine:76 -  C:\Users\ADMIN\.stm32cubemx\network_output\network_config.h
2026-07-30 14:30:06,925 [INFO] CmdLine:76 -  C:\Users\ADMIN\.stm32cubemx\network_output\network.h
2026-07-30 14:30:06,925 [INFO] CmdLine:76 -  C:\Users\ADMIN\.stm32cubemx\network_output\network.c
2026-07-30 14:30:06,925 [INFO] CmdLine:76 - Creating txt report file C:\Users\ADMIN\.stm32cubemx\network_output\network_generate_report.txt
2026-07-30 14:30:17,683 [INFO] CmdLine:76 - elapsed time (generate): 29.608s
2026-07-30 14:30:18,287 [INFO] CmdLine:148 - stedgeai exit with status: 0
2026-07-30 14:30:18,445 [INFO] AIModelDetailledView:2264 - Analysis status: done
2026-07-30 14:30:18,850 [INFO] ProjectBuilder:3606 - Time for Copy HAL[1] : 149mS.
2026-07-30 14:30:18,850 [ERROR] Middleware:2950 - Invalid RefComponent list
2026-07-30 14:30:18,850 [ERROR] Middleware:2950 - Invalid RefComponent list
2026-07-30 14:30:18,851 [ERROR] Middleware:2950 - Invalid RefComponent list
2026-07-30 14:30:18,851 [ERROR] Middleware:2950 - Invalid RefComponent list
2026-07-30 14:30:18,851 [ERROR] Middleware:2950 - Invalid RefComponent list
2026-07-30 14:30:18,851 [ERROR] Middleware:2950 - Invalid RefComponent list
2026-07-30 14:30:18,851 [ERROR] Middleware:2950 - Invalid RefComponent list
2026-07-30 14:30:18,851 [ERROR] Middleware:2950 - Invalid RefComponent list
2026-07-30 14:30:18,851 [ERROR] Middleware:2950 - Invalid RefComponent list
2026-07-30 14:30:18,851 [ERROR] Middleware:2950 - Invalid RefComponent list
2026-07-30 14:30:18,851 [ERROR] Middleware:2950 - Invalid RefComponent list
2026-07-30 14:30:18,851 [ERROR] Middleware:2950 - Invalid RefComponent list
2026-07-30 14:30:18,851 [ERROR] Middleware:2950 - Invalid RefComponent list
2026-07-30 14:30:18,851 [ERROR] Middleware:2950 - Invalid RefComponent list
2026-07-30 14:30:18,851 [ERROR] Middleware:2950 - Invalid RefComponent list
2026-07-30 14:30:18,851 [ERROR] Middleware:2950 - Invalid RefComponent list
2026-07-30 14:30:18,851 [ERROR] Middleware:2950 - Invalid RefComponent list
2026-07-30 14:30:18,851 [ERROR] Middleware:2950 - Invalid RefComponent list
2026-07-30 14:30:18,851 [ERROR] Middleware:2950 - Invalid RefComponent list
2026-07-30 14:30:18,851 [ERROR] Middleware:2950 - Invalid RefComponent list
2026-07-30 14:30:18,851 [ERROR] Middleware:2950 - Invalid RefComponent list
2026-07-30 14:30:18,851 [ERROR] Middleware:2950 - Invalid RefComponent list
2026-07-30 14:30:18,851 [ERROR] Middleware:2950 - Invalid RefComponent list
2026-07-30 14:30:18,851 [ERROR] Middleware:2950 - Invalid RefComponent list
2026-07-30 14:30:18,851 [ERROR] Middleware:2950 - Invalid RefComponent list
2026-07-30 14:30:18,852 [ERROR] Middleware:2950 - Invalid RefComponent list
2026-07-30 14:30:18,852 [ERROR] Middleware:2950 - Invalid RefComponent list
2026-07-30 14:30:18,852 [ERROR] Middleware:2950 - Invalid RefComponent list
2026-07-30 14:30:18,852 [ERROR] Middleware:2950 - Invalid RefComponent list
2026-07-30 14:30:18,852 [ERROR] Middleware:2950 - Invalid RefComponent list
2026-07-30 14:30:18,852 [ERROR] Middleware:2950 - Invalid RefComponent list
2026-07-30 14:30:18,852 [ERROR] Middleware:2950 - Invalid RefComponent list
2026-07-30 14:30:18,852 [ERROR] Middleware:2950 - Invalid RefComponent list
2026-07-30 14:30:18,852 [ERROR] Middleware:2950 - Invalid RefComponent list
2026-07-30 14:30:18,852 [ERROR] Middleware:2950 - Invalid RefComponent list
2026-07-30 14:30:18,852 [ERROR] Middleware:2950 - Invalid RefComponent list
2026-07-30 14:30:18,852 [ERROR] Middleware:2950 - Invalid RefComponent list
2026-07-30 14:30:18,852 [ERROR] Middleware:2950 - Invalid RefComponent list
2026-07-30 14:30:18,852 [ERROR] Middleware:2950 - Invalid RefComponent list
2026-07-30 14:30:18,852 [ERROR] Middleware:2950 - Invalid RefComponent list
2026-07-30 14:30:18,852 [ERROR] Middleware:2950 - Invalid RefComponent list
2026-07-30 14:30:18,852 [ERROR] Middleware:2950 - Invalid RefComponent list
2026-07-30 14:30:18,852 [ERROR] Middleware:2950 - Invalid RefComponent list
2026-07-30 14:30:18,852 [ERROR] Middleware:2950 - Invalid RefComponent list
2026-07-30 14:30:18,852 [ERROR] Middleware:2950 - Invalid RefComponent list
2026-07-30 14:30:18,852 [ERROR] Middleware:2950 - Invalid RefComponent list
2026-07-30 14:30:18,852 [ERROR] Middleware:2950 - Invalid RefComponent list
2026-07-30 14:30:18,852 [ERROR] Middleware:2950 - Invalid RefComponent list
2026-07-30 14:30:18,852 [ERROR] Middleware:2950 - Invalid RefComponent list
2026-07-30 14:30:18,852 [ERROR] Middleware:2950 - Invalid RefComponent list
2026-07-30 14:30:18,856 [INFO] ProjectBuilder:5216 - Project Generator version: 4.7.0-B52
2026-07-30 14:30:18,945 [INFO] ConfigFileManager:1595 - The Die is : DIE470
2026-07-30 14:30:19,825 [INFO] ProjectBuilder:5496 - Time for Generating toolchain IDE Files: 969mS.
2026-07-30 14:30:19,825 [INFO] ProjectBuilder:3463 - Time for Copy CMSIS : 0mS.
2026-07-30 14:30:19,827 [INFO] ProjectBuilder:3463 - Time for Copy CMSIS : 1mS.
2026-07-30 14:37:15,537 [INFO] UtilMem:75 - End SaveConfig() Used Memory: 557689656 Bytes (1073741824)
2026-07-30 14:37:19,794 [INFO] UtilMem:75 - End SaveConfig() Used Memory: 601729848 Bytes (1073741824)
2026-07-30 14:37:21,326 [INFO] UtilMem:75 - End SaveConfig() Used Memory: 716550968 Bytes (1073741824)
2026-07-30 14:37:21,514 [INFO] BlockDiagram:2775 - set Specific Code input for plugin: SYS
2026-07-30 14:37:21,514 [INFO] BlockDiagram:2775 - set Specific Code input for plugin: RCC
2026-07-30 14:37:21,515 [INFO] BlockDiagram:2775 - set Specific Code input for plugin: I2C
2026-07-30 14:37:21,515 [INFO] BlockDiagram:2775 - set Specific Code input for plugin: NVIC
2026-07-30 14:37:21,515 [INFO] BlockDiagram:2775 - set Specific Code input for plugin: USART
2026-07-30 14:37:21,515 [INFO] BlockDiagram:2775 - set Specific Code input for plugin: STMicroelectronics.X-CUBE-AI.10.2.1
2026-07-30 14:37:21,515 [INFO] BlockDiagram:2775 - set Specific Code input for plugin: GPIO
2026-07-30 14:37:21,517 [INFO] CodeGenerator:892 - code generatio: config db path: C:\ST\STM32CubeIDE_1.19.0\STM32CubeIDE\plugins\com.st.stm32cube.common.mx_6.15.0.202507011659\\db\
2026-07-30 14:37:21,613 [INFO] IP:3329 - RTE Config file name : RTE_Component
2026-07-30 14:37:21,613 [INFO] IP:3347 - RTE template : RTE_Components.ftl
2026-07-30 14:37:21,622 [INFO] CodeEngine:265 - oldGeneratedFile, D:\Anusha_TinyML_FDP\TinyML_Workshop_Nitte-\STM32\Inference_OnBoard_IMU\MXTmpFiles\license.tmp_save
2026-07-30 14:37:21,698 [INFO] CodeEngine:289 - Generated code: D:\Anusha_TinyML_FDP\TinyML_Workshop_Nitte-\STM32\Inference_OnBoard_IMU\MXTmpFiles\license.tmp
2026-07-30 14:37:21,720 [INFO] CodeEngine:265 - oldGeneratedFile, D:\Anusha_TinyML_FDP\TinyML_Workshop_Nitte-\STM32\Inference_OnBoard_IMU\MXTmpFiles\gpio.tmp_save
2026-07-30 14:37:21,799 [INFO] CodeEngine:289 - Generated code: D:\Anusha_TinyML_FDP\TinyML_Workshop_Nitte-\STM32\Inference_OnBoard_IMU\MXTmpFiles\gpio.tmp
2026-07-30 14:37:21,892 [INFO] Middleware:1452 - No code input for Bsp Dependency
2026-07-30 14:37:21,893 [INFO] Middleware:1452 - No code input for Bsp Dependency
2026-07-30 14:37:21,904 [INFO] CodeEngine:265 - oldGeneratedFile, D:\Anusha_TinyML_FDP\TinyML_Workshop_Nitte-\STM32\Inference_OnBoard_IMU\Core\Src\stm32l4xx_it.c_save
2026-07-30 14:37:21,988 [INFO] CodeEngine:289 - Generated code: D:\Anusha_TinyML_FDP\TinyML_Workshop_Nitte-\STM32\Inference_OnBoard_IMU\Core\Src\stm32l4xx_it.c
2026-07-30 14:37:21,993 [INFO] CodeEngine:265 - oldGeneratedFile, D:\Anusha_TinyML_FDP\TinyML_Workshop_Nitte-\STM32\Inference_OnBoard_IMU\Core\Inc\stm32l4xx_it.h_save
2026-07-30 14:37:22,074 [INFO] CodeEngine:289 - Generated code: D:\Anusha_TinyML_FDP\TinyML_Workshop_Nitte-\STM32\Inference_OnBoard_IMU\Core\Inc\stm32l4xx_it.h
2026-07-30 14:37:22,088 [INFO] CodeEngine:265 - oldGeneratedFile, D:\Anusha_TinyML_FDP\TinyML_Workshop_Nitte-\STM32\Inference_OnBoard_IMU\Core\Src\stm32l4xx_hal_msp.c_save
2026-07-30 14:37:22,208 [INFO] CodeEngine:289 - Generated code: D:\Anusha_TinyML_FDP\TinyML_Workshop_Nitte-\STM32\Inference_OnBoard_IMU\Core\Src\stm32l4xx_hal_msp.c
2026-07-30 14:37:22,212 [INFO] CodeEngine:265 - oldGeneratedFile, D:\Anusha_TinyML_FDP\TinyML_Workshop_Nitte-\STM32\Inference_OnBoard_IMU\MXTmpFiles\system.tmp_save
2026-07-30 14:37:22,290 [INFO] CodeEngine:289 - Generated code: D:\Anusha_TinyML_FDP\TinyML_Workshop_Nitte-\STM32\Inference_OnBoard_IMU\MXTmpFiles\system.tmp
2026-07-30 14:37:22,300 [INFO] CodeEngine:321 - oldGeneratedFile, D:\Anusha_TinyML_FDP\TinyML_Workshop_Nitte-\STM32\Inference_OnBoard_IMU\Core\Inc\stm32l4xx_hal_conf.h_save
2026-07-30 14:37:22,389 [INFO] CodeEngine:345 - Generated code: D:\Anusha_TinyML_FDP\TinyML_Workshop_Nitte-\STM32\Inference_OnBoard_IMU\Core\Inc\stm32l4xx_hal_conf.h
2026-07-30 14:37:22,411 [INFO] CodeEngine:265 - oldGeneratedFile, D:\Anusha_TinyML_FDP\TinyML_Workshop_Nitte-\STM32\Inference_OnBoard_IMU\Core\Inc\main.h_save
2026-07-30 14:37:22,483 [INFO] CodeEngine:289 - Generated code: D:\Anusha_TinyML_FDP\TinyML_Workshop_Nitte-\STM32\Inference_OnBoard_IMU\Core\Inc\main.h
2026-07-30 14:37:22,489 [INFO] CodeEngine:265 - oldGeneratedFile, D:\Anusha_TinyML_FDP\TinyML_Workshop_Nitte-\STM32\Inference_OnBoard_IMU\Core\Src\main.c_save
2026-07-30 14:37:22,613 [INFO] CodeEngine:289 - Generated code: D:\Anusha_TinyML_FDP\TinyML_Workshop_Nitte-\STM32\Inference_OnBoard_IMU\Core\Src\main.c
2026-07-30 14:37:22,851 [INFO] AInterface:322 - ModelName:network; files:[D:\Anusha_TinyML_FDP\TinyML_Workshop_Nitte-\ONNX\random_forest_model.onnx]; type:ONNX; compression:None
2026-07-30 14:37:22,852 [INFO] AInterface:526 - workspaceTempDir: C:/Users/ADMIN/AppData/Local/Temp/mxAI_workspace900051783588610010115731213578029176
2026-07-30 14:37:22,852 [INFO] AInterface:1179 - Setting Env: C:/Users/ADMIN/STM32Cube/Repository//Packs/STMicroelectronics/X-CUBE-AI/10.2.1/Utilities/windows
2026-07-30 14:37:22,858 [INFO] STM32CubeIDEBuilder:265 - Looking for gnu-tools-for-stm32 tools/bin/arm-none-eabi-gcc.exe in C:\ST\STM32CubeIDE_1.19.0\STM32CubeIDE
2026-07-30 14:37:22,861 [INFO] STM32CubeIDEBuilder:294 - checking C:\ST\STM32CubeIDE_1.19.0\STM32CubeIDE\plugins\com.st.stm32cube.ide.mcu.externaltools.gnu-tools-for-stm32.13.3.rel1.win32_1.0.0.202411081344\tools\bin\arm-none-eabi-gcc.exe
2026-07-30 14:37:22,861 [INFO] STM32CubeIDEBuilder:297 - ret=C:\ST\STM32CubeIDE_1.19.0\STM32CubeIDE\plugins\com.st.stm32cube.ide.mcu.externaltools.gnu-tools-for-stm32.13.3.rel1.win32_1.0.0.202411081344\tools\bin\arm-none-eabi-gcc.exe
2026-07-30 14:37:22,861 [INFO] STM32CubeIDEBuilder:311 - returning C:\ST\STM32CubeIDE_1.19.0\STM32CubeIDE\plugins\com.st.stm32cube.ide.mcu.externaltools.gnu-tools-for-stm32.13.3.rel1.win32_1.0.0.202411081344\tools\bin\arm-none-eabi-gcc.exe
2026-07-30 14:37:22,862 [INFO] AInterface:1236 - Custom PATH variable: C:/Users/ADMIN/STM32Cube/Repository//Packs/STMicroelectronics/X-CUBE-AI/10.2.1/Utilities/windows;C:/Users/ADMIN/STM32Cube/Repository//Packs/STMicroelectronics/X-CUBE-AI/10.2.1/Utilities/windows/mingw64/bin;C:/Users/ADMIN/STM32Cube/Repository//Packs/STMicroelectronics/X-CUBE-AI/10.2.1/Utilities/windows/mingw64/libexec/gcc/x86_64-w64-mingw32/7.3.0;;C:\ST\STM32CubeIDE_1.19.0\STM32CubeIDE\plugins\com.st.stm32cube.ide.mcu.externaltools.gnu-tools-for-stm32.13.3.rel1.win32_1.0.0.202411081344\tools\bin
2026-07-30 14:37:22,863 [INFO] CmdLine:115 - Command: C:/Users/ADMIN/STM32Cube/Repository//Packs/STMicroelectronics/X-CUBE-AI/10.2.1/Utilities/windows/stedgeai.exe generate --target stm32l4 --name network -m D:/Anusha_TinyML_FDP/TinyML_Workshop_Nitte-/ONNX/random_forest_model.onnx --compression none --verbosity 1 --workspace C:/Users/ADMIN/AppData/Local/Temp/mxAI_workspace900051783588610010115731213578029176 --output C:/Users/ADMIN/.stm32cubemx/network_output
2026-07-30 14:37:22,863 [INFO] AIModelDetailledView:2264 - Analysis status: pending
2026-07-30 14:37:23,636 [INFO] CmdLine:76 - ST Edge AI Core v2.2.0-20266 2adc00962
2026-07-30 14:37:40,208 [INFO] CmdLine:76 - Creating c (debug) info json file C:\Users\ADMIN\.stm32cubemx\network_output\network_c_info.json
2026-07-30 14:37:40,377 [INFO] CmdLine:76 -  
2026-07-30 14:37:40,378 [INFO] CmdLine:76 -  Exec/report summary (generate)
2026-07-30 14:37:40,378 [INFO] CmdLine:76 -  --------------------------------------------------------------------------------------------------------------
2026-07-30 14:37:40,378 [INFO] CmdLine:76 -  model file         :   D:\Anusha_TinyML_FDP\TinyML_Workshop_Nitte-\ONNX\random_forest_model.onnx              
2026-07-30 14:37:40,378 [INFO] CmdLine:76 -  type               :   onnx                                                                                   
2026-07-30 14:37:40,378 [INFO] CmdLine:76 -  c_name             :   network                                                                                
2026-07-30 14:37:40,378 [INFO] CmdLine:76 -  compression        :   none                                                                                   
2026-07-30 14:37:40,378 [INFO] CmdLine:76 -  options            :   allocate-inputs, allocate-outputs                                                      
2026-07-30 14:37:40,378 [INFO] CmdLine:76 -  optimization       :   balanced                                                                               
2026-07-30 14:37:40,378 [INFO] CmdLine:76 -  target/series      :   stm32l4                                                                                
2026-07-30 14:37:40,378 [INFO] CmdLine:76 -  workspace dir      :   C:\Users\ADMIN\AppData\Local\Temp\mxAI_workspace900051783588610010115731213578029176   
2026-07-30 14:37:40,378 [INFO] CmdLine:76 -  output dir         :   C:\Users\ADMIN\.stm32cubemx\network_output                                             
2026-07-30 14:37:40,378 [INFO] CmdLine:76 -  model_fmt          :   undefined                                                                              
2026-07-30 14:37:40,378 [INFO] CmdLine:76 -  model_name         :   random_forest_model                                                                    
2026-07-30 14:37:40,378 [INFO] CmdLine:76 -  model_hash         :   0x02671c89313b5c38f6f3662027efc470                                                     
2026-07-30 14:37:40,378 [INFO] CmdLine:76 -  params #           :   520,842 items (1.25 MiB)                                                               
2026-07-30 14:37:40,378 [INFO] CmdLine:76 -  --------------------------------------------------------------------------------------------------------------
2026-07-30 14:37:40,379 [INFO] CmdLine:76 -  input 1/1          :   'float_input', f32(1x1x6), 24 Bytes, activations                                       
2026-07-30 14:37:40,379 [INFO] CmdLine:76 -  output 1/2         :   'label0', int32(1x1), 4 Bytes, activations                                             
2026-07-30 14:37:40,379 [INFO] CmdLine:76 -  output 2/2         :   'output_probability', f32(1x1x5x2), 40 Bytes, activations                              
2026-07-30 14:37:40,379 [INFO] CmdLine:76 -  outputs (total)    :   44 Bytes                                                                               
2026-07-30 14:37:40,379 [INFO] CmdLine:76 -  macc               :   1,311                                                                                  
2026-07-30 14:37:40,379 [INFO] CmdLine:76 -  weights (ro)       :   1,313,296 B (1.25 MiB) (1 segment) / -770,072(-37.0%) vs float model                   
2026-07-30 14:37:40,379 [INFO] CmdLine:76 -  activations (rw)   :   64 B (64 B) (1 segment) *                                                              
2026-07-30 14:37:40,379 [INFO] CmdLine:76 -  ram (total)        :   64 B (64 B) = 64 + 0 + 0                                                               
2026-07-30 14:37:40,379 [INFO] CmdLine:76 -  --------------------------------------------------------------------------------------------------------------
2026-07-30 14:37:40,379 [INFO] CmdLine:76 -  (*) 'input'/'output' buffers are allocated in the activations buffer
2026-07-30 14:37:40,434 [INFO] CmdLine:76 - Computing AI RT data/code size (target=stm32l4)..
2026-07-30 14:37:43,184 [INFO] CmdLine:76 -  Requested memory size by section - "stm32l4" target
2026-07-30 14:37:43,184 [INFO] CmdLine:76 -  ------------------------------ ------- ----------- ------- -----
2026-07-30 14:37:43,184 [INFO] CmdLine:76 -  module                            text      rodata    data   bss
2026-07-30 14:37:43,184 [INFO] CmdLine:76 -  ------------------------------ ------- ----------- ------- -----
2026-07-30 14:37:43,184 [INFO] CmdLine:76 -  NetworkRuntime1020_CM4_GCC.a     5,508           0       0     0
2026-07-30 14:37:43,184 [INFO] CmdLine:76 -  network.o                          704          16   1,768   172
2026-07-30 14:37:43,184 [INFO] CmdLine:76 -  network_data.o                      48          16      88     0
2026-07-30 14:37:43,185 [INFO] CmdLine:76 -  lib (toolchain)*                     0           0       0     0
2026-07-30 14:37:43,185 [INFO] CmdLine:76 -  ------------------------------ ------- ----------- ------- -----
2026-07-30 14:37:43,185 [INFO] CmdLine:76 -  RT total**                       6,260          32   1,856   172
2026-07-30 14:37:43,185 [INFO] CmdLine:76 -  ------------------------------ ------- ----------- ------- -----
2026-07-30 14:37:43,185 [INFO] CmdLine:76 -  weights                              0   1,313,296       0     0
2026-07-30 14:37:43,185 [INFO] CmdLine:76 -  activations                          0           0       0    64
2026-07-30 14:37:43,185 [INFO] CmdLine:76 -  io                                   0           0       0     0
2026-07-30 14:37:43,185 [INFO] CmdLine:76 -  ------------------------------ ------- ----------- ------- -----
2026-07-30 14:37:43,185 [INFO] CmdLine:76 -  TOTAL                            6,260   1,313,328   1,856   236
2026-07-30 14:37:43,185 [INFO] CmdLine:76 -  ------------------------------ ------- ----------- ------- -----
2026-07-30 14:37:43,186 [INFO] CmdLine:76 -  *  toolchain objects (libm/libgcc*)
2026-07-30 14:37:43,186 [INFO] CmdLine:76 -  ** RT AI runtime objects (kernels+infrastructure)
2026-07-30 14:37:43,186 [INFO] CmdLine:76 -   Summary - "stm32l4" target
2026-07-30 14:37:43,186 [INFO] CmdLine:76 -   --------------------------------------------------
2026-07-30 14:37:43,186 [INFO] CmdLine:76 -                FLASH (ro)     %*   RAM (rw)       %
2026-07-30 14:37:43,186 [INFO] CmdLine:76 -   --------------------------------------------------
2026-07-30 14:37:43,186 [INFO] CmdLine:76 -   RT total          8,148   0.6%      2,028   96.9%
2026-07-30 14:37:43,186 [INFO] CmdLine:76 -   --------------------------------------------------
2026-07-30 14:37:43,186 [INFO] CmdLine:76 -   TOTAL         1,321,444             2,092
2026-07-30 14:37:43,186 [INFO] CmdLine:76 -   --------------------------------------------------
2026-07-30 14:37:43,186 [INFO] CmdLine:76 -   *  rt/total
2026-07-30 14:37:43,187 [INFO] CmdLine:76 -  Generated files (7)
2026-07-30 14:37:43,187 [INFO] CmdLine:76 -  ------------------------------------------------------------------
2026-07-30 14:37:43,187 [INFO] CmdLine:76 -  C:\Users\ADMIN\.stm32cubemx\network_output\network_data_params.h
2026-07-30 14:37:43,187 [INFO] CmdLine:76 -  C:\Users\ADMIN\.stm32cubemx\network_output\network_data_params.c
2026-07-30 14:37:43,188 [INFO] CmdLine:76 -  C:\Users\ADMIN\.stm32cubemx\network_output\network_data.h
2026-07-30 14:37:43,188 [INFO] CmdLine:76 -  C:\Users\ADMIN\.stm32cubemx\network_output\network_data.c
2026-07-30 14:37:43,188 [INFO] CmdLine:76 -  C:\Users\ADMIN\.stm32cubemx\network_output\network_config.h
2026-07-30 14:37:43,188 [INFO] CmdLine:76 -  C:\Users\ADMIN\.stm32cubemx\network_output\network.h
2026-07-30 14:37:43,188 [INFO] CmdLine:76 -  C:\Users\ADMIN\.stm32cubemx\network_output\network.c
2026-07-30 14:37:43,188 [INFO] CmdLine:76 - Creating txt report file C:\Users\ADMIN\.stm32cubemx\network_output\network_generate_report.txt
2026-07-30 14:37:53,930 [INFO] CmdLine:76 - elapsed time (generate): 30.293s
2026-07-30 14:37:54,591 [INFO] CmdLine:148 - stedgeai exit with status: 0
2026-07-30 14:37:54,750 [INFO] AIModelDetailledView:2264 - Analysis status: done
2026-07-30 14:37:55,209 [INFO] ProjectBuilder:3606 - Time for Copy HAL[1] : 180mS.
2026-07-30 14:37:55,210 [ERROR] Middleware:2950 - Invalid RefComponent list
2026-07-30 14:37:55,210 [ERROR] Middleware:2950 - Invalid RefComponent list
2026-07-30 14:37:55,210 [ERROR] Middleware:2950 - Invalid RefComponent list
2026-07-30 14:37:55,210 [ERROR] Middleware:2950 - Invalid RefComponent list
2026-07-30 14:37:55,210 [ERROR] Middleware:2950 - Invalid RefComponent list
2026-07-30 14:37:55,210 [ERROR] Middleware:2950 - Invalid RefComponent list
2026-07-30 14:37:55,210 [ERROR] Middleware:2950 - Invalid RefComponent list
2026-07-30 14:37:55,210 [ERROR] Middleware:2950 - Invalid RefComponent list
2026-07-30 14:37:55,210 [ERROR] Middleware:2950 - Invalid RefComponent list
2026-07-30 14:37:55,210 [ERROR] Middleware:2950 - Invalid RefComponent list
2026-07-30 14:37:55,210 [ERROR] Middleware:2950 - Invalid RefComponent list
2026-07-30 14:37:55,210 [ERROR] Middleware:2950 - Invalid RefComponent list
2026-07-30 14:37:55,210 [ERROR] Middleware:2950 - Invalid RefComponent list
2026-07-30 14:37:55,210 [ERROR] Middleware:2950 - Invalid RefComponent list
2026-07-30 14:37:55,210 [ERROR] Middleware:2950 - Invalid RefComponent list
2026-07-30 14:37:55,210 [ERROR] Middleware:2950 - Invalid RefComponent list
2026-07-30 14:37:55,210 [ERROR] Middleware:2950 - Invalid RefComponent list
2026-07-30 14:37:55,210 [ERROR] Middleware:2950 - Invalid RefComponent list
2026-07-30 14:37:55,210 [ERROR] Middleware:2950 - Invalid RefComponent list
2026-07-30 14:37:55,210 [ERROR] Middleware:2950 - Invalid RefComponent list
2026-07-30 14:37:55,210 [ERROR] Middleware:2950 - Invalid RefComponent list
2026-07-30 14:37:55,210 [ERROR] Middleware:2950 - Invalid RefComponent list
2026-07-30 14:37:55,210 [ERROR] Middleware:2950 - Invalid RefComponent list
2026-07-30 14:37:55,210 [ERROR] Middleware:2950 - Invalid RefComponent list
2026-07-30 14:37:55,211 [ERROR] Middleware:2950 - Invalid RefComponent list
2026-07-30 14:37:55,211 [ERROR] Middleware:2950 - Invalid RefComponent list
2026-07-30 14:37:55,211 [ERROR] Middleware:2950 - Invalid RefComponent list
2026-07-30 14:37:55,211 [ERROR] Middleware:2950 - Invalid RefComponent list
2026-07-30 14:37:55,211 [ERROR] Middleware:2950 - Invalid RefComponent list
2026-07-30 14:37:55,211 [ERROR] Middleware:2950 - Invalid RefComponent list
2026-07-30 14:37:55,211 [ERROR] Middleware:2950 - Invalid RefComponent list
2026-07-30 14:37:55,211 [ERROR] Middleware:2950 - Invalid RefComponent list
2026-07-30 14:37:55,211 [ERROR] Middleware:2950 - Invalid RefComponent list
2026-07-30 14:37:55,211 [ERROR] Middleware:2950 - Invalid RefComponent list
2026-07-30 14:37:55,211 [ERROR] Middleware:2950 - Invalid RefComponent list
2026-07-30 14:37:55,211 [ERROR] Middleware:2950 - Invalid RefComponent list
2026-07-30 14:37:55,211 [ERROR] Middleware:2950 - Invalid RefComponent list
2026-07-30 14:37:55,211 [ERROR] Middleware:2950 - Invalid RefComponent list
2026-07-30 14:37:55,211 [ERROR] Middleware:2950 - Invalid RefComponent list
2026-07-30 14:37:55,211 [ERROR] Middleware:2950 - Invalid RefComponent list
2026-07-30 14:37:55,211 [ERROR] Middleware:2950 - Invalid RefComponent list
2026-07-30 14:37:55,211 [ERROR] Middleware:2950 - Invalid RefComponent list
2026-07-30 14:37:55,211 [ERROR] Middleware:2950 - Invalid RefComponent list
2026-07-30 14:37:55,211 [ERROR] Middleware:2950 - Invalid RefComponent list
2026-07-30 14:37:55,211 [ERROR] Middleware:2950 - Invalid RefComponent list
2026-07-30 14:37:55,211 [ERROR] Middleware:2950 - Invalid RefComponent list
2026-07-30 14:37:55,211 [ERROR] Middleware:2950 - Invalid RefComponent list
2026-07-30 14:37:55,211 [ERROR] Middleware:2950 - Invalid RefComponent list
2026-07-30 14:37:55,212 [ERROR] Middleware:2950 - Invalid RefComponent list
2026-07-30 14:37:55,212 [ERROR] Middleware:2950 - Invalid RefComponent list
2026-07-30 14:37:55,218 [INFO] ProjectBuilder:5216 - Project Generator version: 4.7.0-B52
2026-07-30 14:37:55,314 [INFO] ConfigFileManager:1595 - The Die is : DIE470
2026-07-30 14:37:56,290 [INFO] ProjectBuilder:5496 - Time for Generating toolchain IDE Files: 1072mS.
2026-07-30 14:37:56,292 [INFO] ProjectBuilder:3463 - Time for Copy CMSIS : 1mS.
2026-07-30 14:37:56,296 [INFO] ProjectBuilder:3463 - Time for Copy CMSIS : 0mS.
2026-07-30 14:37:56,826 [INFO] UtilMem:75 - End SaveConfig() Used Memory: 492484040 Bytes (1073741824)
2026-07-30 15:40:10,083 [INFO] MainUpdater:2872 - connection check result : 10
2026-07-30 15:40:10,083 [INFO] McuFinderGlobals:76 - Set McuFinderConnectedMode to true
2026-07-30 15:40:10,582 [INFO] ServerAccessManage:452 - Complete download http(s) 200
2026-07-30 15:40:10,584 [INFO] ServerAccessManage:509 - Download File mcusAds.json._tmp_
2026-07-30 15:40:10,704 [INFO] LoadUrlFilesThread:156 - End of LoadUrlFiles Thread
2026-07-30 15:40:10,914 [INFO] ServerAccessManage:452 - Complete download http(s) 200
2026-07-30 15:40:10,915 [INFO] ServerAccessManage:509 - Download File cube-finder-db.zip
2026-07-30 15:40:56,920 [INFO] FileExtend:248 - Unzip File : cube-finder-db.zip
2026-07-30 15:40:56,921 [INFO] FileExtend:263 - Standard Zip Deflate
2026-07-30 15:40:57,967 [INFO] LoadUrlFilesThread:156 - End of LoadUrlFiles Thread
2026-07-30 15:41:19,227 [ERROR] ServerAccessManage:1295 - Problem during Server Connection :  IO error Connection timed out: getsockopt
2026-07-30 15:41:19,227 [ERROR] ServerAccessManage:740 - Problem during Server Connection :  : crdb.zip.
2026-07-30 15:41:27,648 [INFO] LoadUrlFilesThread:156 - End of LoadUrlFiles Thread
2026-07-30 15:41:28,619 [INFO] DbMcusAds:53 - JSON generation date=Wed Jul 15 15:16:00 IST 2026 (1784108760991)
2026-07-30 15:41:28,624 [INFO] ApiDb:448 - Save user favorites file C:\Users\ADMIN/.stm32cubeide/favorites.mcus.txt: 0 item(s)
2026-07-30 15:41:28,624 [INFO] ApiDb:452 - User favorites MCUs=[]
2026-07-30 15:41:28,639 [INFO] ApiDb:581 - Connected to CubeFinder SQLite database (C:\Users\ADMIN\.stmcufinder\plugins\mcufinder\mcu\cube-finder-db.db)
2026-07-30 15:41:28,744 [INFO] ApiDb:668 - CubeFinder database Data Model version=2.1
2026-07-30 15:41:28,744 [INFO] ApiDb:669 - CubeFinder database Configuration version=3.0.42
2026-07-30 15:41:28,744 [INFO] ApiDb:670 - CubeFinder database generation date=2026-06-23 (1782213372)
2026-07-30 15:41:28,745 [INFO] ApiDb:671 - CubeFinder database FW Pack versions=[FP-ATR-ASTRA1_V2.0.0, FP-SNS-FLIGHT1_V5.1.0, FP-SNS-MOTENV1_V5.1.0, FP-SNS-MOTENVWB1_V1.5.0, FP-SNS-SMARTAG2_V1.2.0, FP-SNS-STBOX1_V2.1.0, STM32Cube_FW_C0_V1.4.0, STM32Cube_FW_F4_V1.28.3, STM32Cube_FW_F7_V1.17.4, STM32Cube_FW_G0_V1.6.3, STM32Cube_FW_G4_V1.6.2, STM32Cube_FW_H5_V1.7.0, STM32Cube_FW_H7RS_V1.3.0, STM32Cube_FW_H7_V1.13.0, STM32Cube_FW_L0_V1.12.2, STM32Cube_FW_L4_V1.18.2, STM32Cube_FW_L5_V1.6.0, STM32Cube_FW_N6_V1.4.0, STM32Cube_FW_U0_V1.3.0, STM32Cube_FW_U3_V1.4.0, STM32Cube_FW_U5_V1.9.0, STM32Cube_FW_WB0_V1.5.0, STM32Cube_FW_WBA_V1.10.0, STM32Cube_FW_WB_V1.24.0, STM32Cube_FW_WL3_V1.5.0, STM32Cube_FW_WL_V1.6.0, X-CUBE-ALGOBUILD_V1.5.0, X-CUBE-ALS_V1.0.2, X-CUBE-AZRTOS-F4_V1.1.0, X-CUBE-AZRTOS-F7_V1.1.0, X-CUBE-AZRTOS-G0_V1.1.0, X-CUBE-AZRTOS-G4_V2.0.0, X-CUBE-AZRTOS-H7RS_V1.1.0, X-CUBE-AZRTOS-H7_V3.5.0, X-CUBE-AZRTOS-L4_V2.0.0, X-CUBE-AZRTOS-L5_V2.0.0, X-CUBE-AZRTOS-WB_V2.0.0, X-CUBE-AZRTOS-WL_V2.0.0, X-CUBE-BLE1_V7.1.0, X-CUBE-BLE2_V3.3.0, X-CUBE-BLEMGR_V4.1.0, X-CUBE-EEPRMA1_V5.2.0, X-CUBE-FREERTOS_V1.5.0, X-CUBE-GNSS1_V7.1.1, X-CUBE-MEMS1_V12.1.0, X-CUBE-NFC4_V3.0.0, X-CUBE-NFC7_V2.0.0, X-CUBE-SFXS2LP1_V4.0.0, X-CUBE-ST67W61_V1.3.0, X-CUBE-SUBG2_V5.0.0, X-CUBE-TOF1_V3.4.3]
2026-07-30 15:41:32,359 [INFO] ApiDb:240 - Found 880 in-development CPN: [B-G473E-ZEST1S, B-WB1M-WPAN1, B-WBA5M-WPAN, B-WL5M-SUBG1, NUCLEO-C031C6, NUCLEO-C051C8, NUCLEO-C071RB, NUCLEO-C092RC, NUCLEO-H503RB, NUCLEO-H533RE, NUCLEO-H563ZI, NUCLEO-H7S3L8, NUCLEO-N657X0-Q, NUCLEO-U031R8, NUCLEO-U083RC, NUCLEO-U385RG-Q, NUCLEO-U545RE-Q, NUCLEO-U5A5ZJ-Q, NUCLEO-WB05KZ, NUCLEO-WB07CC, NUCLEO-WB09KE, NUCLEO-WBA52CG, NUCLEO-WBA55CG, NUCLEO-WL33CC1, NUCLEO-WL33CC2, STEVAL-PROTEUS1, STEVAL-SMARTAG2, STEVAL-STWINBX1, STM320518-EVAL, STM32C0116-DK, STM32C011D6Y3TR, STM32C011D6Y6TR, STM32C011F4P3, STM32C011F4P6, STM32C011F4U3, STM32C011F4U6TR, STM32C011F6P3, STM32C011F6P6, STM32C011F6U3, STM32C011F6U6TR, STM32C011J4M3, STM32C011J4M6, STM32C011J6M3, STM32C011J6M6, STM32C0316-DK, STM32C031C4T3, STM32C031C4T6, STM32C031C4U3, STM32C031C4U6, STM32C031C6T3, STM32C031C6T6, STM32C031C6U3, STM32C031C6U6, STM32C031F4P3, STM32C031F4P6, STM32C031F6P3, STM32C031F6P6, STM32C031G4U3, STM32C031G4U6, STM32C031G6U3, STM32C031G6U6, STM32C031K4T3, STM32C031K4T6, STM32C031K4U3, STM32C031K4U6, STM32C031K6T3, STM32C031K6T6, STM32C031K6U3, STM32C031K6U6, STM32C051C6T6, STM32C051C6U6, STM32C051C8T6, STM32C051C8U6, STM32C051D8Y6TR, STM32C051F6P6, STM32C051F8P6, STM32C051G6U6, STM32C051G8U6, STM32C051K6T6, STM32C051K6U6, STM32C051K8T6, STM32C071C8T6, STM32C071C8T6N, STM32C071C8U6, STM32C071C8U6N, STM32C071CBT6, STM32C071CBT6N, STM32C071CBU6, STM32C071CBU6N, STM32C071F8P6, STM32C071F8P6N, STM32C071FBP6, STM32C071FBP6N, STM32C071FBY6TR, STM32C071G8U6, STM32C071G8U6N, STM32C071GBU6, STM32C071GBU6N, STM32C071K8T6, STM32C071K8T6N, STM32C071K8U6, STM32C071K8U6N, STM32C071KBT6, STM32C071KBT6N, STM32C071KBU6, STM32C071KBU6N, STM32C071R8T6, STM32C071R8T6N, STM32C071RBI6N, STM32C071RBT6, STM32C071RBT6N, STM32C091CBT6, STM32C091CBU6, STM32C091CCT6, STM32C091CCU6, STM32C091ECY6TR, STM32C091FBP6, STM32C091FCP6, STM32C091GBU6, STM32C091GCU6, STM32C091KBT6, STM32C091KBU6, STM32C091KCT6, STM32C091KCU6, STM32C091RBT6, STM32C091RCI6, STM32C091RCT6, STM32C092CBT6, STM32C092CBU6, STM32C092CCT6, STM32C092CCU6, STM32C092ECY6TR, STM32C092FBP6, STM32C092FCP6, STM32C092GBU6, STM32C092GCU6, STM32C092KBT6, STM32C092KBU6, STM32C092KCT6, STM32C092KCU6, STM32C092RBT6, STM32C092RCI6, STM32C092RCT6, STM32G071K8TXN, STM32G071K8UXN, STM32G081GBU6N, STM32G081KBT6N, STM32G081KBUXN, STM32G0B1CCT6N, STM32G0B1KCT6, STM32G0B1NEY6TR, STM32G0B1RCT6N, STM32G0C1CCT6, STM32G0C1CCT6N, STM32G0C1CCU6N, STM32G0C1CET6N, STM32G0C1CEU6N, STM32G0C1KCT6, STM32G0C1NEY6TR, STM32G0C1RCI6N, STM32G0C1RCT6N, STM32G0C1REI6N, STM32G0C1RET6N, STM32G0C1VCI6, STM32G0C1VEI6, STM32G411C6T3, STM32G411C6T6, STM32G411C6U3, STM32G411C6U6, STM32G411C8T3, STM32G411C8T6, STM32G411C8U3, STM32G411C8U6, STM32G411CBT3, STM32G411CBT6, STM32G411CBU3, STM32G411CBU6, STM32G411K6T3, STM32G411K6T6, STM32G411K6U3, STM32G411K6U6, STM32G411K8T3, STM32G411K8T6, STM32G411K8U3, STM32G411K8U6, STM32G411KBT3, STM32G411KBT6, STM32G411KBU3, STM32G411KBU6, STM32G411M6T3, STM32G411M6T6, STM32G411M8T3, STM32G411M8T6, STM32G411MBT3, STM32G411MBT6, STM32G411R6T3, STM32G411R6T6, STM32G411R8T3, STM32G411R8T6, STM32G411RBT3, STM32G411RBT6, STM32G414CBT3, STM32G414CBT6, STM32G414CBU3, STM32G414CBU6, STM32G414CCT3, STM32G414CCT6, STM32G414CCU3, STM32G414CCU6, STM32G414MBT3, STM32G414MBT6, STM32G414MCT3, STM32G414MCT6, STM32G414RBT3, STM32G414RBT6, STM32G414RCT3, STM32G414RCT6, STM32G414VBT3, STM32G414VBT6, STM32G414VCT3, STM32G414VCT6, STM32G431CBT3Z, STM32G431RBT3Z, STM32G471CCT6, STM32G471CCU6, STM32G471CET3, STM32G471CET6, STM32G471CEU3, STM32G471CEU6, STM32G471MCT6, STM32G471MET3, STM32G471MET6, STM32G471MEY6TR, STM32G471QCT6, STM32G471QET3, STM32G471RCT6, STM32G471RET3, STM32G471RET6, STM32G471VCH6, STM32G471VCI6, STM32G471VCT6, STM32G471VEH3, STM32G471VEH6, STM32G471VEI3, STM32G471VEI6, STM32G471VET3, STM32G471VET6, STM32G473QET3Z, STM32G473RET3Z, STM32G474CCT6, STM32G491RET3Z, STM32H503CBT6, STM32H503CBU6, STM32H503EBY6TR, STM32H503KBU6, STM32H503RBT6, STM32H523CCT6, STM32H523CCU6, STM32H523CET6, STM32H523CEU6, STM32H523HEY6TR, STM32H523RCT6, STM32H523RET6, STM32H523VCI6, STM32H523VCT6, STM32H523VEI6, STM32H523VET6, STM32H523ZCJ6, STM32H523ZCT6, STM32H523ZEJ6, STM32H523ZET6, STM32H533CET6, STM32H533CEU6, STM32H533HEY6TR, STM32H533RET6, STM32H533VEI6, STM32H533VET6, STM32H533ZEJ6, STM32H533ZET6, STM32H562AGI6, STM32H562AII6, STM32H562IGK6, STM32H562IGT6, STM32H562IIK6, STM32H562IIT6, STM32H562RGT6, STM32H562RGV6, STM32H562RIT6, STM32H562RIV6, STM32H562VGT6, STM32H562VIT6, STM32H562ZGT6, STM32H562ZIT6, STM32H563AGI6, STM32H563AII3Q, STM32H563AII6, STM32H563IGK6, STM32H563IGT6, STM32H563IIK3Q, STM32H563IIK6, STM32H563IIT3Q, STM32H563IIT6, STM32H563MIY3QTR, STM32H563RGT6, STM32H563RGV6, STM32H563RIT6, STM32H563RIV6, STM32H563VGT6, STM32H563VIT3Q, STM32H563VIT6, STM32H563ZGT6, STM32H563ZIT3Q, STM32H563ZIT6, STM32H573AII3Q, STM32H573AII6, STM32H573I-DK, STM32H573IIK3Q, STM32H573IIK6, STM32H573IIT3Q, STM32H573IIT6, STM32H573MIY3QTR, STM32H573RIT6, STM32H573RIV6, STM32H573VIT3Q, STM32H573VIT6, STM32H573ZIT3Q, STM32H573ZIT6, STM32H7R3A8I6, STM32H7R3I8K6, STM32H7R3I8T6, STM32H7R3L8H6, STM32H7R3L8H6H, STM32H7R3R8V6, STM32H7R3V8H6, STM32H7R3V8T6, STM32H7R3V8Y6TR, STM32H7R3Z8J6, STM32H7R3Z8T6, STM32H7R7A8I6, STM32H7R7I8K6, STM32H7R7I8T6, STM32H7R7L8H6, STM32H7R7L8H6H, STM32H7R7Z8J6, STM32H7S3A8I6, STM32H7S3I8K6, STM32H7S3I8T6, STM32H7S3L8H6, STM32H7S3L8H6H, STM32H7S3R8V6, STM32H7S3V8H6, STM32H7S3V8T6, STM32H7S3V8Y6TR, STM32H7S3Z8J6, STM32H7S3Z8T6, STM32H7S78-DK, STM32H7S7A8I6, STM32H7S7I8K6, STM32H7S7I8T6, STM32H7S7L8H6, STM32H7S7L8H6H, STM32H7S7Z8J6, STM32L4R5QGI6STR, STM32MP131AAE3, STM32MP131AAF3, STM32MP131AAG3, STM32MP131CAE3, STM32MP131CAF3, STM32MP131CAG3, STM32MP131DAE7, STM32MP131DAF7, STM32MP131DAG7, STM32MP131FAE7, STM32MP131FAF7, STM32MP131FAG7, STM32MP133AAE3, STM32MP133AAF3, STM32MP133AAG3, STM32MP133CAE3, STM32MP133CAF3, STM32MP133CAG3, STM32MP133DAE7, STM32MP133DAF7, STM32MP133DAG7, STM32MP133FAE7, STM32MP133FAF7, STM32MP133FAG7, STM32MP135AAE3, STM32MP135AAF3, STM32MP135AAG3, STM32MP135CAE3, STM32MP135CAF3, STM32MP135CAG3, STM32MP135DAE7, STM32MP135DAF7, STM32MP135DAG7, STM32MP135F-DK, STM32MP135FAE7, STM32MP135FAF7, STM32MP135FAF7T, STM32MP135FAF7U, STM32MP135FAG7, STM32MP211AAL3, STM32MP211AAM3, STM32MP211AAN3, STM32MP211AAO3, STM32MP211CAL3, STM32MP211CAM3, STM32MP211CAN3, STM32MP211CAO3, STM32MP211DAL3, STM32MP211DAM3, STM32MP211DAN3, STM32MP211DAO3, STM32MP211FAL3, STM32MP211FAM3, STM32MP211FAN3, STM32MP211FAO3, STM32MP213AAL3, STM32MP213AAM3, STM32MP213AAN3, STM32MP213AAO3, STM32MP213CAL3, STM32MP213CAM3, STM32MP213CAN3, STM32MP213CAO3, STM32MP213DAL3, STM32MP213DAM3, STM32MP213DAN3, STM32MP213DAO3, STM32MP213FAL3, STM32MP213FAM3, STM32MP213FAN3, STM32MP213FAO3, STM32MP215AAL3, STM32MP215AAM3, STM32MP215AAN3, STM32MP215AAO3, STM32MP215CAL3, STM32MP215CAM3, STM32MP215CAN3, STM32MP215CAO3, STM32MP215DAL3, STM32MP215DAM3, STM32MP215DAN3, STM32MP215DAO3, STM32MP215F-DK, STM32MP215FAL3, STM32MP215FAM3, STM32MP215FAN3, STM32MP215FAO3, STM32MP231AAJ3, STM32MP231AAK3, STM32MP231AAL3, STM32MP231CAJ3, STM32MP231CAK3, STM32MP231CAL3, STM32MP231DAJ3, STM32MP231DAK3, STM32MP231DAL3, STM32MP231FAJ3, STM32MP231FAK3, STM32MP231FAL3, STM32MP233AAJ3, STM32MP233AAK3, STM32MP233AAL3, STM32MP233CAJ3, STM32MP233CAK3, STM32MP233CAL3, STM32MP233DAJ3, STM32MP233DAK3, STM32MP233DAL3, STM32MP233FAJ3, STM32MP233FAK3, STM32MP233FAL3, STM32MP235AAJ3, STM32MP235AAK3, STM32MP235AAL3, STM32MP235CAJ3, STM32MP235CAK3, STM32MP235CAL3, STM32MP235DAJ3, STM32MP235DAK3, STM32MP235DAL3, STM32MP235FAJ3, STM32MP235FAK3, STM32MP235FAL3, STM32MP251AAI3, STM32MP251AAK3, STM32MP251AAL3, STM32MP251CAI3, STM32MP251CAK3, STM32MP251CAL3, STM32MP251DAI3, STM32MP251DAK3, STM32MP251DAL3, STM32MP251FAI3, STM32MP251FAK3, STM32MP251FAL3, STM32MP253AAI3, STM32MP253AAK3, STM32MP253AAL3, STM32MP253CAI3, STM32MP253CAK3, STM32MP253CAL3, STM32MP253DAI3, STM32MP253DAK3, STM32MP253DAL3, STM32MP253FAI3, STM32MP253FAK3, STM32MP253FAL3, STM32MP255AAI3, STM32MP255AAK3, STM32MP255AAL3, STM32MP255CAI3, STM32MP255CAK3, STM32MP255CAL3, STM32MP255DAI3, STM32MP255DAK3, STM32MP255DAL3, STM32MP255FAI3, STM32MP255FAK3, STM32MP255FAL3, STM32MP257AAI3, STM32MP257AAK3, STM32MP257AAL3, STM32MP257CAI3, STM32MP257CAK3, STM32MP257CAL3, STM32MP257DAI3, STM32MP257DAK3, STM32MP257DAL3, STM32MP257F-DK, STM32MP257F-EV1, STM32MP257FAI3, STM32MP257FAK3, STM32MP257FAL3, STM32N645A0H3Q, STM32N645B0H3Q, STM32N645I0H3Q, STM32N645L0H3Q, STM32N645X0H3Q, STM32N645Z0H3Q, STM32N647A0H3Q, STM32N647B0H3Q, STM32N647I0H3Q, STM32N647L0H3Q, STM32N647X0H3Q, STM32N647Z0H3Q, STM32N655A0H3Q, STM32N655B0H3Q, STM32N655I0H3Q, STM32N655L0H3Q, STM32N655X0H3Q, STM32N655Z0H3Q, STM32N6570-DK, STM32N657A0H3Q, STM32N657B0H3Q, STM32N657I0H3Q, STM32N657L0H3Q, STM32N657X0H3Q, STM32N657Z0H3Q, STM32U031C6T6, STM32U031C6U6, STM32U031C8T6, STM32U031C8U6, STM32U031F4P6, STM32U031F6P6, STM32U031F8P6, STM32U031G6Y6TR, STM32U031G8Y6TR, STM32U031K4U6, STM32U031K6U6, STM32U031K8U6, STM32U031R6I6, STM32U031R6T6, STM32U031R8I6, STM32U031R8T6, STM32U073C8T6, STM32U073C8U6, STM32U073CBT6, STM32U073CBU6, STM32U073CCT6, STM32U073CCU6, STM32U073H8Y6TR, STM32U073HBY6TR, STM32U073HCY6TR, STM32U073K8U6, STM32U073KBU6, STM32U073KCU6, STM32U073M8I6, STM32U073M8T6, STM32U073MBI6, STM32U073MBT6, STM32U073MCI6, STM32U073MCT6, STM32U073R8I6, STM32U073R8T6, STM32U073RBI6, STM32U073RBT6, STM32U073RCI6, STM32U073RCT6, STM32U083C-DK, STM32U083CCT6, STM32U083CCU6, STM32U083HCY6TR, STM32U083KCU6, STM32U083MCI6, STM32U083MCT6, STM32U083RCI6, STM32U083RCT6, STM32U375CET6, STM32U375CET6Q, STM32U375CEU6, STM32U375CEU6Q, STM32U375CEY6QTR, STM32U375CGT6, STM32U375CGT6Q, STM32U375CGU6, STM32U375CGU6Q, STM32U375CGY6QTR, STM32U375KEU6, STM32U375KGU6, STM32U375REI6, STM32U375REI6Q, STM32U375RET6, STM32U375RET6Q, STM32U375REY6GTR, STM32U375REY6QTR, STM32U375RGI6, STM32U375RGI6Q, STM32U375RGT6, STM32U375RGT6Q, STM32U375RGY6GTR, STM32U375RGY6QTR, STM32U375VEI6, STM32U375VEI6Q, STM32U375VET6, STM32U375VET6Q, STM32U375VGI6, STM32U375VGI6Q, STM32U375VGT6, STM32U375VGT6Q, STM32U385CGT6, STM32U385CGT6Q, STM32U385CGU6, STM32U385CGU6Q, STM32U385CGY6QTR, STM32U385KGU6, STM32U385RGI6, STM32U385RGI6Q, STM32U385RGT6, STM32U385RGT6Q, STM32U385RGY6GTR, STM32U385RGY6QTR, STM32U385VGI6, STM32U385VGI6Q, STM32U385VGT6, STM32U385VGT6Q, STM32U535CBT6, STM32U535CBT6Q, STM32U535CBU6, STM32U535CBU6Q, STM32U535CCT6, STM32U535CCT6Q, STM32U535CCU6, STM32U535CCU6Q, STM32U535CET6, STM32U535CET6Q, STM32U535CEU6, STM32U535CEU6Q, STM32U535JEY6QTR, STM32U535NCY6QTR, STM32U535NEY6QTR, STM32U535RBI6, STM32U535RBI6Q, STM32U535RBT6, STM32U535RBT6Q, STM32U535RCI6, STM32U535RCI6Q, STM32U535RCT6, STM32U535RCT6Q, STM32U535REI6, STM32U535REI6Q, STM32U535RET6, STM32U535RET6Q, STM32U535VCI6, STM32U535VCI6Q, STM32U535VCT6, STM32U535VCT6Q, STM32U535VEI6, STM32U535VEI6Q, STM32U535VET6, STM32U535VET6Q, STM32U545CET6, STM32U545CET6Q, STM32U545CEU6, STM32U545CEU6Q, STM32U545JEY6QTR, STM32U545NEY6QTR, STM32U545REI6, STM32U545REI6Q, STM32U545RET6, STM32U545RET6Q, STM32U545VEI6, STM32U545VEI6Q, STM32U545VET6, STM32U545VET6Q, STM32U595AIH6, STM32U595AIH6Q, STM32U595AJH6, STM32U595AJH6Q, STM32U595QII6, STM32U595QII6Q, STM32U595QJI6, STM32U595QJI6Q, STM32U595RIT6, STM32U595RIT6Q, STM32U595RJT6, STM32U595RJT6Q, STM32U595VIT6, STM32U595VIT6Q, STM32U595VJT6, STM32U595VJT6Q, STM32U595ZIT6, STM32U595ZIT6Q, STM32U595ZIY6QTR, STM32U595ZJT6, STM32U595ZJT6Q, STM32U595ZJY6QTR, STM32U599BJY6QTR, STM32U599NIH6Q, STM32U599NJH6Q, STM32U599VIT6Q, STM32U599VJT6, STM32U599VJT6Q, STM32U599ZIT6Q, STM32U599ZIY6QTR, STM32U599ZJT6Q, STM32U599ZJY6QTR, STM32U5A5AJH6, STM32U5A5AJH6Q, STM32U5A5QII3Q , STM32U5A5QJI6, STM32U5A5QJI6Q, STM32U5A5RJT6, STM32U5A5RJT6Q, STM32U5A5VJT6, STM32U5A5VJT6Q, STM32U5A5ZJT6, STM32U5A5ZJT6Q, STM32U5A5ZJY6QTR, STM32U5A9BJY6QTR, STM32U5A9J-DK, STM32U5A9NJH6Q, STM32U5A9VJT6Q, STM32U5A9ZJT6Q, STM32U5A9ZJY6QTR, STM32U5F7VIT6, STM32U5F7VIT6Q, STM32U5F7VJT6, STM32U5F7VJT6Q, STM32U5F9BJY6QTR, STM32U5F9NJH6Q, STM32U5F9VIT6Q, STM32U5F9VJT6Q, STM32U5F9ZIJ6QTR, STM32U5F9ZIT6Q, STM32U5F9ZJJ6QTR, STM32U5F9ZJT6Q, STM32U5G7VJT6, STM32U5G7VJT6Q, STM32U5G9BJY6QTR, STM32U5G9J-DK1, STM32U5G9J-DK2, STM32U5G9NJH6Q, STM32U5G9VJT6Q, STM32U5G9ZJJ6QTR, STM32U5G9ZJT6Q, STM32WB05KZV6TR, STM32WB05KZV7TR, STM32WB05TZF6TR, STM32WB05TZF7TR, STM32WB06CCF6TR, STM32WB06CCF7TR, STM32WB06CCV6TR, STM32WB06CCV7TR, STM32WB06KCV6TR, STM32WB06KCV7TR, STM32WB07CCF6TR, STM32WB07CCF7TR, STM32WB07CCV6TR, STM32WB07CCV7TR, STM32WB07KCV6TR, STM32WB07KCV7TR, STM32WB09KEV6TR, STM32WB09KEV7TR, STM32WB09TEF6TR, STM32WB09TEF7TR, STM32WB1MMCH6, STM32WBA50KGU6, STM32WBA50KGU6TR, STM32WBA52CEU6, STM32WBA52CEU6TR, STM32WBA52CEU7, STM32WBA52CEU7TR, STM32WBA52CGU6, STM32WBA52CGU6TR, STM32WBA52CGU6U, STM32WBA52CGU7, STM32WBA52CGU7TR, STM32WBA52KEU6, STM32WBA52KEU6TR, STM32WBA52KGU6, STM32WBA52KGU6TR, STM32WBA54CEU6, STM32WBA54CEU6TR, STM32WBA54CEU7, STM32WBA54CEU7TR, STM32WBA54CGU6, STM32WBA54CGU6TR, STM32WBA54CGU7, STM32WBA54CGU7TR, STM32WBA54KEU6, STM32WBA54KEU6TR, STM32WBA54KEU7, STM32WBA54KEU7TR, STM32WBA54KGU6, STM32WBA54KGU6TR, STM32WBA54KGU7, STM32WBA54KGU7TR, STM32WBA55CEU6, STM32WBA55CEU6TR, STM32WBA55CEU7, STM32WBA55CEU7TR, STM32WBA55CGU6, STM32WBA55CGU6TR, STM32WBA55CGU6U, STM32WBA55CGU7, STM32WBA55CGU7TR, STM32WBA55G-DK1, STM32WBA55HEF6, STM32WBA55HEF7, STM32WBA55HGF6, STM32WBA55HGF7, STM32WBA55UEI6, STM32WBA55UEI6TR, STM32WBA55UEI7, STM32WBA55UEI7TR, STM32WBA55UGI6, STM32WBA55UGI6TR, STM32WBA55UGI7, STM32WBA55UGI7TR, STM32WBA5MMGH6TR, STM32WBA62MGF6, STM32WBA62MIF6, STM32WBA65MGF7, STM32WBA65MIF6, STM32WBA65MIF7, STM32WL30K8V6, STM32WL30KBV6, STM32WL31C8V6, STM32WL31CBV6, STM32WL31K8V6, STM32WL31KBV6, STM32WL33C8V6, STM32WL33C8V6X, STM32WL33CBV6, STM32WL33CBV6X, STM32WL33CCV6, STM32WL33CCV6A, STM32WL33CCV6X, STM32WL33K8V7, STM32WL33K8V7X, STM32WL33KBV7 , STM32WL33KBV7X, STM32WL33KCV7, STM32WL33KCV7X, STM32WL5MOCH6, STM32WL5MOCH6TR]
2026-07-30 15:41:32,365 [INFO] DbMcus:218 - Found 5250 MCUs, 5097 are supported
2026-07-30 15:41:32,365 [INFO] ApiDb:423 - Load user favorites file C:\Users\ADMIN/.stm32cubeide/favorites.mcus.txt: 0 item(s)
2026-07-30 15:41:32,365 [INFO] ApiDb:427 - User favorites MCUs=[]
2026-07-30 15:41:32,366 [INFO] DbMcus:224 - Set 0 / 0 favorites MCUs
2026-07-30 15:41:33,301 [INFO] ApiDb:448 - Save user favorites file C:\Users\ADMIN/.stm32cubeide/favorites.boards.txt: 0 item(s)
2026-07-30 15:41:33,301 [INFO] ApiDb:452 - User favorites Boards=[]
2026-07-30 15:41:33,303 [INFO] ApiDb:581 - Connected to CubeFinder SQLite database (C:\Users\ADMIN\.stmcufinder\plugins\mcufinder\mcu\cube-finder-db.db)
2026-07-30 15:41:33,404 [INFO] ApiDb:668 - CubeFinder database Data Model version=2.1
2026-07-30 15:41:33,404 [INFO] ApiDb:669 - CubeFinder database Configuration version=3.0.42
2026-07-30 15:41:33,404 [INFO] ApiDb:670 - CubeFinder database generation date=2026-06-23 (1782213372)
2026-07-30 15:41:33,404 [INFO] ApiDb:671 - CubeFinder database FW Pack versions=[FP-ATR-ASTRA1_V2.0.0, FP-SNS-FLIGHT1_V5.1.0, FP-SNS-MOTENV1_V5.1.0, FP-SNS-MOTENVWB1_V1.5.0, FP-SNS-SMARTAG2_V1.2.0, FP-SNS-STBOX1_V2.1.0, STM32Cube_FW_C0_V1.4.0, STM32Cube_FW_F4_V1.28.3, STM32Cube_FW_F7_V1.17.4, STM32Cube_FW_G0_V1.6.3, STM32Cube_FW_G4_V1.6.2, STM32Cube_FW_H5_V1.7.0, STM32Cube_FW_H7RS_V1.3.0, STM32Cube_FW_H7_V1.13.0, STM32Cube_FW_L0_V1.12.2, STM32Cube_FW_L4_V1.18.2, STM32Cube_FW_L5_V1.6.0, STM32Cube_FW_N6_V1.4.0, STM32Cube_FW_U0_V1.3.0, STM32Cube_FW_U3_V1.4.0, STM32Cube_FW_U5_V1.9.0, STM32Cube_FW_WB0_V1.5.0, STM32Cube_FW_WBA_V1.10.0, STM32Cube_FW_WB_V1.24.0, STM32Cube_FW_WL3_V1.5.0, STM32Cube_FW_WL_V1.6.0, X-CUBE-ALGOBUILD_V1.5.0, X-CUBE-ALS_V1.0.2, X-CUBE-AZRTOS-F4_V1.1.0, X-CUBE-AZRTOS-F7_V1.1.0, X-CUBE-AZRTOS-G0_V1.1.0, X-CUBE-AZRTOS-G4_V2.0.0, X-CUBE-AZRTOS-H7RS_V1.1.0, X-CUBE-AZRTOS-H7_V3.5.0, X-CUBE-AZRTOS-L4_V2.0.0, X-CUBE-AZRTOS-L5_V2.0.0, X-CUBE-AZRTOS-WB_V2.0.0, X-CUBE-AZRTOS-WL_V2.0.0, X-CUBE-BLE1_V7.1.0, X-CUBE-BLE2_V3.3.0, X-CUBE-BLEMGR_V4.1.0, X-CUBE-EEPRMA1_V5.2.0, X-CUBE-FREERTOS_V1.5.0, X-CUBE-GNSS1_V7.1.1, X-CUBE-MEMS1_V12.1.0, X-CUBE-NFC4_V3.0.0, X-CUBE-NFC7_V2.0.0, X-CUBE-SFXS2LP1_V4.0.0, X-CUBE-ST67W61_V1.3.0, X-CUBE-SUBG2_V5.0.0, X-CUBE-TOF1_V3.4.3]
2026-07-30 15:41:33,472 [INFO] DbBoardsSqlite:226 - include board P-NUCLEO-WB55-NUCLEO as a kit item of type 'Nucleo-64'
2026-07-30 15:41:33,473 [INFO] DbBoardsSqlite:226 - include board P-NUCLEO-WB55-USBDONGLE as a kit item of type 'Nucleo USB Dongle'
2026-07-30 15:41:33,473 [INFO] DbBoardsSqlite:226 - include board STEVAL-IDP005V1 as a kit item of type 'Evaluation Board'
2026-07-30 15:41:33,473 [INFO] DbBoardsSqlite:226 - include board STEVAL-IDP005V2 as a kit item of type 'Evaluation Board'
2026-07-30 15:41:33,570 [INFO] ApiDb:240 - Found 880 in-development CPN: [B-G473E-ZEST1S, B-WB1M-WPAN1, B-WBA5M-WPAN, B-WL5M-SUBG1, NUCLEO-C031C6, NUCLEO-C051C8, NUCLEO-C071RB, NUCLEO-C092RC, NUCLEO-H503RB, NUCLEO-H533RE, NUCLEO-H563ZI, NUCLEO-H7S3L8, NUCLEO-N657X0-Q, NUCLEO-U031R8, NUCLEO-U083RC, NUCLEO-U385RG-Q, NUCLEO-U545RE-Q, NUCLEO-U5A5ZJ-Q, NUCLEO-WB05KZ, NUCLEO-WB07CC, NUCLEO-WB09KE, NUCLEO-WBA52CG, NUCLEO-WBA55CG, NUCLEO-WL33CC1, NUCLEO-WL33CC2, STEVAL-PROTEUS1, STEVAL-SMARTAG2, STEVAL-STWINBX1, STM320518-EVAL, STM32C0116-DK, STM32C011D6Y3TR, STM32C011D6Y6TR, STM32C011F4P3, STM32C011F4P6, STM32C011F4U3, STM32C011F4U6TR, STM32C011F6P3, STM32C011F6P6, STM32C011F6U3, STM32C011F6U6TR, STM32C011J4M3, STM32C011J4M6, STM32C011J6M3, STM32C011J6M6, STM32C0316-DK, STM32C031C4T3, STM32C031C4T6, STM32C031C4U3, STM32C031C4U6, STM32C031C6T3, STM32C031C6T6, STM32C031C6U3, STM32C031C6U6, STM32C031F4P3, STM32C031F4P6, STM32C031F6P3, STM32C031F6P6, STM32C031G4U3, STM32C031G4U6, STM32C031G6U3, STM32C031G6U6, STM32C031K4T3, STM32C031K4T6, STM32C031K4U3, STM32C031K4U6, STM32C031K6T3, STM32C031K6T6, STM32C031K6U3, STM32C031K6U6, STM32C051C6T6, STM32C051C6U6, STM32C051C8T6, STM32C051C8U6, STM32C051D8Y6TR, STM32C051F6P6, STM32C051F8P6, STM32C051G6U6, STM32C051G8U6, STM32C051K6T6, STM32C051K6U6, STM32C051K8T6, STM32C071C8T6, STM32C071C8T6N, STM32C071C8U6, STM32C071C8U6N, STM32C071CBT6, STM32C071CBT6N, STM32C071CBU6, STM32C071CBU6N, STM32C071F8P6, STM32C071F8P6N, STM32C071FBP6, STM32C071FBP6N, STM32C071FBY6TR, STM32C071G8U6, STM32C071G8U6N, STM32C071GBU6, STM32C071GBU6N, STM32C071K8T6, STM32C071K8T6N, STM32C071K8U6, STM32C071K8U6N, STM32C071KBT6, STM32C071KBT6N, STM32C071KBU6, STM32C071KBU6N, STM32C071R8T6, STM32C071R8T6N, STM32C071RBI6N, STM32C071RBT6, STM32C071RBT6N, STM32C091CBT6, STM32C091CBU6, STM32C091CCT6, STM32C091CCU6, STM32C091ECY6TR, STM32C091FBP6, STM32C091FCP6, STM32C091GBU6, STM32C091GCU6, STM32C091KBT6, STM32C091KBU6, STM32C091KCT6, STM32C091KCU6, STM32C091RBT6, STM32C091RCI6, STM32C091RCT6, STM32C092CBT6, STM32C092CBU6, STM32C092CCT6, STM32C092CCU6, STM32C092ECY6TR, STM32C092FBP6, STM32C092FCP6, STM32C092GBU6, STM32C092GCU6, STM32C092KBT6, STM32C092KBU6, STM32C092KCT6, STM32C092KCU6, STM32C092RBT6, STM32C092RCI6, STM32C092RCT6, STM32G071K8TXN, STM32G071K8UXN, STM32G081GBU6N, STM32G081KBT6N, STM32G081KBUXN, STM32G0B1CCT6N, STM32G0B1KCT6, STM32G0B1NEY6TR, STM32G0B1RCT6N, STM32G0C1CCT6, STM32G0C1CCT6N, STM32G0C1CCU6N, STM32G0C1CET6N, STM32G0C1CEU6N, STM32G0C1KCT6, STM32G0C1NEY6TR, STM32G0C1RCI6N, STM32G0C1RCT6N, STM32G0C1REI6N, STM32G0C1RET6N, STM32G0C1VCI6, STM32G0C1VEI6, STM32G411C6T3, STM32G411C6T6, STM32G411C6U3, STM32G411C6U6, STM32G411C8T3, STM32G411C8T6, STM32G411C8U3, STM32G411C8U6, STM32G411CBT3, STM32G411CBT6, STM32G411CBU3, STM32G411CBU6, STM32G411K6T3, STM32G411K6T6, STM32G411K6U3, STM32G411K6U6, STM32G411K8T3, STM32G411K8T6, STM32G411K8U3, STM32G411K8U6, STM32G411KBT3, STM32G411KBT6, STM32G411KBU3, STM32G411KBU6, STM32G411M6T3, STM32G411M6T6, STM32G411M8T3, STM32G411M8T6, STM32G411MBT3, STM32G411MBT6, STM32G411R6T3, STM32G411R6T6, STM32G411R8T3, STM32G411R8T6, STM32G411RBT3, STM32G411RBT6, STM32G414CBT3, STM32G414CBT6, STM32G414CBU3, STM32G414CBU6, STM32G414CCT3, STM32G414CCT6, STM32G414CCU3, STM32G414CCU6, STM32G414MBT3, STM32G414MBT6, STM32G414MCT3, STM32G414MCT6, STM32G414RBT3, STM32G414RBT6, STM32G414RCT3, STM32G414RCT6, STM32G414VBT3, STM32G414VBT6, STM32G414VCT3, STM32G414VCT6, STM32G431CBT3Z, STM32G431RBT3Z, STM32G471CCT6, STM32G471CCU6, STM32G471CET3, STM32G471CET6, STM32G471CEU3, STM32G471CEU6, STM32G471MCT6, STM32G471MET3, STM32G471MET6, STM32G471MEY6TR, STM32G471QCT6, STM32G471QET3, STM32G471RCT6, STM32G471RET3, STM32G471RET6, STM32G471VCH6, STM32G471VCI6, STM32G471VCT6, STM32G471VEH3, STM32G471VEH6, STM32G471VEI3, STM32G471VEI6, STM32G471VET3, STM32G471VET6, STM32G473QET3Z, STM32G473RET3Z, STM32G474CCT6, STM32G491RET3Z, STM32H503CBT6, STM32H503CBU6, STM32H503EBY6TR, STM32H503KBU6, STM32H503RBT6, STM32H523CCT6, STM32H523CCU6, STM32H523CET6, STM32H523CEU6, STM32H523HEY6TR, STM32H523RCT6, STM32H523RET6, STM32H523VCI6, STM32H523VCT6, STM32H523VEI6, STM32H523VET6, STM32H523ZCJ6, STM32H523ZCT6, STM32H523ZEJ6, STM32H523ZET6, STM32H533CET6, STM32H533CEU6, STM32H533HEY6TR, STM32H533RET6, STM32H533VEI6, STM32H533VET6, STM32H533ZEJ6, STM32H533ZET6, STM32H562AGI6, STM32H562AII6, STM32H562IGK6, STM32H562IGT6, STM32H562IIK6, STM32H562IIT6, STM32H562RGT6, STM32H562RGV6, STM32H562RIT6, STM32H562RIV6, STM32H562VGT6, STM32H562VIT6, STM32H562ZGT6, STM32H562ZIT6, STM32H563AGI6, STM32H563AII3Q, STM32H563AII6, STM32H563IGK6, STM32H563IGT6, STM32H563IIK3Q, STM32H563IIK6, STM32H563IIT3Q, STM32H563IIT6, STM32H563MIY3QTR, STM32H563RGT6, STM32H563RGV6, STM32H563RIT6, STM32H563RIV6, STM32H563VGT6, STM32H563VIT3Q, STM32H563VIT6, STM32H563ZGT6, STM32H563ZIT3Q, STM32H563ZIT6, STM32H573AII3Q, STM32H573AII6, STM32H573I-DK, STM32H573IIK3Q, STM32H573IIK6, STM32H573IIT3Q, STM32H573IIT6, STM32H573MIY3QTR, STM32H573RIT6, STM32H573RIV6, STM32H573VIT3Q, STM32H573VIT6, STM32H573ZIT3Q, STM32H573ZIT6, STM32H7R3A8I6, STM32H7R3I8K6, STM32H7R3I8T6, STM32H7R3L8H6, STM32H7R3L8H6H, STM32H7R3R8V6, STM32H7R3V8H6, STM32H7R3V8T6, STM32H7R3V8Y6TR, STM32H7R3Z8J6, STM32H7R3Z8T6, STM32H7R7A8I6, STM32H7R7I8K6, STM32H7R7I8T6, STM32H7R7L8H6, STM32H7R7L8H6H, STM32H7R7Z8J6, STM32H7S3A8I6, STM32H7S3I8K6, STM32H7S3I8T6, STM32H7S3L8H6, STM32H7S3L8H6H, STM32H7S3R8V6, STM32H7S3V8H6, STM32H7S3V8T6, STM32H7S3V8Y6TR, STM32H7S3Z8J6, STM32H7S3Z8T6, STM32H7S78-DK, STM32H7S7A8I6, STM32H7S7I8K6, STM32H7S7I8T6, STM32H7S7L8H6, STM32H7S7L8H6H, STM32H7S7Z8J6, STM32L4R5QGI6STR, STM32MP131AAE3, STM32MP131AAF3, STM32MP131AAG3, STM32MP131CAE3, STM32MP131CAF3, STM32MP131CAG3, STM32MP131DAE7, STM32MP131DAF7, STM32MP131DAG7, STM32MP131FAE7, STM32MP131FAF7, STM32MP131FAG7, STM32MP133AAE3, STM32MP133AAF3, STM32MP133AAG3, STM32MP133CAE3, STM32MP133CAF3, STM32MP133CAG3, STM32MP133DAE7, STM32MP133DAF7, STM32MP133DAG7, STM32MP133FAE7, STM32MP133FAF7, STM32MP133FAG7, STM32MP135AAE3, STM32MP135AAF3, STM32MP135AAG3, STM32MP135CAE3, STM32MP135CAF3, STM32MP135CAG3, STM32MP135DAE7, STM32MP135DAF7, STM32MP135DAG7, STM32MP135F-DK, STM32MP135FAE7, STM32MP135FAF7, STM32MP135FAF7T, STM32MP135FAF7U, STM32MP135FAG7, STM32MP211AAL3, STM32MP211AAM3, STM32MP211AAN3, STM32MP211AAO3, STM32MP211CAL3, STM32MP211CAM3, STM32MP211CAN3, STM32MP211CAO3, STM32MP211DAL3, STM32MP211DAM3, STM32MP211DAN3, STM32MP211DAO3, STM32MP211FAL3, STM32MP211FAM3, STM32MP211FAN3, STM32MP211FAO3, STM32MP213AAL3, STM32MP213AAM3, STM32MP213AAN3, STM32MP213AAO3, STM32MP213CAL3, STM32MP213CAM3, STM32MP213CAN3, STM32MP213CAO3, STM32MP213DAL3, STM32MP213DAM3, STM32MP213DAN3, STM32MP213DAO3, STM32MP213FAL3, STM32MP213FAM3, STM32MP213FAN3, STM32MP213FAO3, STM32MP215AAL3, STM32MP215AAM3, STM32MP215AAN3, STM32MP215AAO3, STM32MP215CAL3, STM32MP215CAM3, STM32MP215CAN3, STM32MP215CAO3, STM32MP215DAL3, STM32MP215DAM3, STM32MP215DAN3, STM32MP215DAO3, STM32MP215F-DK, STM32MP215FAL3, STM32MP215FAM3, STM32MP215FAN3, STM32MP215FAO3, STM32MP231AAJ3, STM32MP231AAK3, STM32MP231AAL3, STM32MP231CAJ3, STM32MP231CAK3, STM32MP231CAL3, STM32MP231DAJ3, STM32MP231DAK3, STM32MP231DAL3, STM32MP231FAJ3, STM32MP231FAK3, STM32MP231FAL3, STM32MP233AAJ3, STM32MP233AAK3, STM32MP233AAL3, STM32MP233CAJ3, STM32MP233CAK3, STM32MP233CAL3, STM32MP233DAJ3, STM32MP233DAK3, STM32MP233DAL3, STM32MP233FAJ3, STM32MP233FAK3, STM32MP233FAL3, STM32MP235AAJ3, STM32MP235AAK3, STM32MP235AAL3, STM32MP235CAJ3, STM32MP235CAK3, STM32MP235CAL3, STM32MP235DAJ3, STM32MP235DAK3, STM32MP235DAL3, STM32MP235FAJ3, STM32MP235FAK3, STM32MP235FAL3, STM32MP251AAI3, STM32MP251AAK3, STM32MP251AAL3, STM32MP251CAI3, STM32MP251CAK3, STM32MP251CAL3, STM32MP251DAI3, STM32MP251DAK3, STM32MP251DAL3, STM32MP251FAI3, STM32MP251FAK3, STM32MP251FAL3, STM32MP253AAI3, STM32MP253AAK3, STM32MP253AAL3, STM32MP253CAI3, STM32MP253CAK3, STM32MP253CAL3, STM32MP253DAI3, STM32MP253DAK3, STM32MP253DAL3, STM32MP253FAI3, STM32MP253FAK3, STM32MP253FAL3, STM32MP255AAI3, STM32MP255AAK3, STM32MP255AAL3, STM32MP255CAI3, STM32MP255CAK3, STM32MP255CAL3, STM32MP255DAI3, STM32MP255DAK3, STM32MP255DAL3, STM32MP255FAI3, STM32MP255FAK3, STM32MP255FAL3, STM32MP257AAI3, STM32MP257AAK3, STM32MP257AAL3, STM32MP257CAI3, STM32MP257CAK3, STM32MP257CAL3, STM32MP257DAI3, STM32MP257DAK3, STM32MP257DAL3, STM32MP257F-DK, STM32MP257F-EV1, STM32MP257FAI3, STM32MP257FAK3, STM32MP257FAL3, STM32N645A0H3Q, STM32N645B0H3Q, STM32N645I0H3Q, STM32N645L0H3Q, STM32N645X0H3Q, STM32N645Z0H3Q, STM32N647A0H3Q, STM32N647B0H3Q, STM32N647I0H3Q, STM32N647L0H3Q, STM32N647X0H3Q, STM32N647Z0H3Q, STM32N655A0H3Q, STM32N655B0H3Q, STM32N655I0H3Q, STM32N655L0H3Q, STM32N655X0H3Q, STM32N655Z0H3Q, STM32N6570-DK, STM32N657A0H3Q, STM32N657B0H3Q, STM32N657I0H3Q, STM32N657L0H3Q, STM32N657X0H3Q, STM32N657Z0H3Q, STM32U031C6T6, STM32U031C6U6, STM32U031C8T6, STM32U031C8U6, STM32U031F4P6, STM32U031F6P6, STM32U031F8P6, STM32U031G6Y6TR, STM32U031G8Y6TR, STM32U031K4U6, STM32U031K6U6, STM32U031K8U6, STM32U031R6I6, STM32U031R6T6, STM32U031R8I6, STM32U031R8T6, STM32U073C8T6, STM32U073C8U6, STM32U073CBT6, STM32U073CBU6, STM32U073CCT6, STM32U073CCU6, STM32U073H8Y6TR, STM32U073HBY6TR, STM32U073HCY6TR, STM32U073K8U6, STM32U073KBU6, STM32U073KCU6, STM32U073M8I6, STM32U073M8T6, STM32U073MBI6, STM32U073MBT6, STM32U073MCI6, STM32U073MCT6, STM32U073R8I6, STM32U073R8T6, STM32U073RBI6, STM32U073RBT6, STM32U073RCI6, STM32U073RCT6, STM32U083C-DK, STM32U083CCT6, STM32U083CCU6, STM32U083HCY6TR, STM32U083KCU6, STM32U083MCI6, STM32U083MCT6, STM32U083RCI6, STM32U083RCT6, STM32U375CET6, STM32U375CET6Q, STM32U375CEU6, STM32U375CEU6Q, STM32U375CEY6QTR, STM32U375CGT6, STM32U375CGT6Q, STM32U375CGU6, STM32U375CGU6Q, STM32U375CGY6QTR, STM32U375KEU6, STM32U375KGU6, STM32U375REI6, STM32U375REI6Q, STM32U375RET6, STM32U375RET6Q, STM32U375REY6GTR, STM32U375REY6QTR, STM32U375RGI6, STM32U375RGI6Q, STM32U375RGT6, STM32U375RGT6Q, STM32U375RGY6GTR, STM32U375RGY6QTR, STM32U375VEI6, STM32U375VEI6Q, STM32U375VET6, STM32U375VET6Q, STM32U375VGI6, STM32U375VGI6Q, STM32U375VGT6, STM32U375VGT6Q, STM32U385CGT6, STM32U385CGT6Q, STM32U385CGU6, STM32U385CGU6Q, STM32U385CGY6QTR, STM32U385KGU6, STM32U385RGI6, STM32U385RGI6Q, STM32U385RGT6, STM32U385RGT6Q, STM32U385RGY6GTR, STM32U385RGY6QTR, STM32U385VGI6, STM32U385VGI6Q, STM32U385VGT6, STM32U385VGT6Q, STM32U535CBT6, STM32U535CBT6Q, STM32U535CBU6, STM32U535CBU6Q, STM32U535CCT6, STM32U535CCT6Q, STM32U535CCU6, STM32U535CCU6Q, STM32U535CET6, STM32U535CET6Q, STM32U535CEU6, STM32U535CEU6Q, STM32U535JEY6QTR, STM32U535NCY6QTR, STM32U535NEY6QTR, STM32U535RBI6, STM32U535RBI6Q, STM32U535RBT6, STM32U535RBT6Q, STM32U535RCI6, STM32U535RCI6Q, STM32U535RCT6, STM32U535RCT6Q, STM32U535REI6, STM32U535REI6Q, STM32U535RET6, STM32U535RET6Q, STM32U535VCI6, STM32U535VCI6Q, STM32U535VCT6, STM32U535VCT6Q, STM32U535VEI6, STM32U535VEI6Q, STM32U535VET6, STM32U535VET6Q, STM32U545CET6, STM32U545CET6Q, STM32U545CEU6, STM32U545CEU6Q, STM32U545JEY6QTR, STM32U545NEY6QTR, STM32U545REI6, STM32U545REI6Q, STM32U545RET6, STM32U545RET6Q, STM32U545VEI6, STM32U545VEI6Q, STM32U545VET6, STM32U545VET6Q, STM32U595AIH6, STM32U595AIH6Q, STM32U595AJH6, STM32U595AJH6Q, STM32U595QII6, STM32U595QII6Q, STM32U595QJI6, STM32U595QJI6Q, STM32U595RIT6, STM32U595RIT6Q, STM32U595RJT6, STM32U595RJT6Q, STM32U595VIT6, STM32U595VIT6Q, STM32U595VJT6, STM32U595VJT6Q, STM32U595ZIT6, STM32U595ZIT6Q, STM32U595ZIY6QTR, STM32U595ZJT6, STM32U595ZJT6Q, STM32U595ZJY6QTR, STM32U599BJY6QTR, STM32U599NIH6Q, STM32U599NJH6Q, STM32U599VIT6Q, STM32U599VJT6, STM32U599VJT6Q, STM32U599ZIT6Q, STM32U599ZIY6QTR, STM32U599ZJT6Q, STM32U599ZJY6QTR, STM32U5A5AJH6, STM32U5A5AJH6Q, STM32U5A5QII3Q , STM32U5A5QJI6, STM32U5A5QJI6Q, STM32U5A5RJT6, STM32U5A5RJT6Q, STM32U5A5VJT6, STM32U5A5VJT6Q, STM32U5A5ZJT6, STM32U5A5ZJT6Q, STM32U5A5ZJY6QTR, STM32U5A9BJY6QTR, STM32U5A9J-DK, STM32U5A9NJH6Q, STM32U5A9VJT6Q, STM32U5A9ZJT6Q, STM32U5A9ZJY6QTR, STM32U5F7VIT6, STM32U5F7VIT6Q, STM32U5F7VJT6, STM32U5F7VJT6Q, STM32U5F9BJY6QTR, STM32U5F9NJH6Q, STM32U5F9VIT6Q, STM32U5F9VJT6Q, STM32U5F9ZIJ6QTR, STM32U5F9ZIT6Q, STM32U5F9ZJJ6QTR, STM32U5F9ZJT6Q, STM32U5G7VJT6, STM32U5G7VJT6Q, STM32U5G9BJY6QTR, STM32U5G9J-DK1, STM32U5G9J-DK2, STM32U5G9NJH6Q, STM32U5G9VJT6Q, STM32U5G9ZJJ6QTR, STM32U5G9ZJT6Q, STM32WB05KZV6TR, STM32WB05KZV7TR, STM32WB05TZF6TR, STM32WB05TZF7TR, STM32WB06CCF6TR, STM32WB06CCF7TR, STM32WB06CCV6TR, STM32WB06CCV7TR, STM32WB06KCV6TR, STM32WB06KCV7TR, STM32WB07CCF6TR, STM32WB07CCF7TR, STM32WB07CCV6TR, STM32WB07CCV7TR, STM32WB07KCV6TR, STM32WB07KCV7TR, STM32WB09KEV6TR, STM32WB09KEV7TR, STM32WB09TEF6TR, STM32WB09TEF7TR, STM32WB1MMCH6, STM32WBA50KGU6, STM32WBA50KGU6TR, STM32WBA52CEU6, STM32WBA52CEU6TR, STM32WBA52CEU7, STM32WBA52CEU7TR, STM32WBA52CGU6, STM32WBA52CGU6TR, STM32WBA52CGU6U, STM32WBA52CGU7, STM32WBA52CGU7TR, STM32WBA52KEU6, STM32WBA52KEU6TR, STM32WBA52KGU6, STM32WBA52KGU6TR, STM32WBA54CEU6, STM32WBA54CEU6TR, STM32WBA54CEU7, STM32WBA54CEU7TR, STM32WBA54CGU6, STM32WBA54CGU6TR, STM32WBA54CGU7, STM32WBA54CGU7TR, STM32WBA54KEU6, STM32WBA54KEU6TR, STM32WBA54KEU7, STM32WBA54KEU7TR, STM32WBA54KGU6, STM32WBA54KGU6TR, STM32WBA54KGU7, STM32WBA54KGU7TR, STM32WBA55CEU6, STM32WBA55CEU6TR, STM32WBA55CEU7, STM32WBA55CEU7TR, STM32WBA55CGU6, STM32WBA55CGU6TR, STM32WBA55CGU6U, STM32WBA55CGU7, STM32WBA55CGU7TR, STM32WBA55G-DK1, STM32WBA55HEF6, STM32WBA55HEF7, STM32WBA55HGF6, STM32WBA55HGF7, STM32WBA55UEI6, STM32WBA55UEI6TR, STM32WBA55UEI7, STM32WBA55UEI7TR, STM32WBA55UGI6, STM32WBA55UGI6TR, STM32WBA55UGI7, STM32WBA55UGI7TR, STM32WBA5MMGH6TR, STM32WBA62MGF6, STM32WBA62MIF6, STM32WBA65MGF7, STM32WBA65MIF6, STM32WBA65MIF7, STM32WL30K8V6, STM32WL30KBV6, STM32WL31C8V6, STM32WL31CBV6, STM32WL31K8V6, STM32WL31KBV6, STM32WL33C8V6, STM32WL33C8V6X, STM32WL33CBV6, STM32WL33CBV6X, STM32WL33CCV6, STM32WL33CCV6A, STM32WL33CCV6X, STM32WL33K8V7, STM32WL33K8V7X, STM32WL33KBV7 , STM32WL33KBV7X, STM32WL33KCV7, STM32WL33KCV7X, STM32WL5MOCH6, STM32WL5MOCH6TR]
2026-07-30 15:41:33,776 [INFO] BoardInfo:889 - No configuration file found for board NUCLEO-H5E5ZJ
2026-07-30 15:41:33,778 [INFO] DbBoards:161 - Board is not supported: NUCLEO-H5E5ZJ
2026-07-30 15:41:33,898 [INFO] BoardInfo:889 - No configuration file found for board NUCLEO-U3C5ZI-Q
2026-07-30 15:41:33,900 [INFO] DbBoards:161 - Board is not supported: NUCLEO-U3C5ZI-Q
2026-07-30 15:41:33,932 [INFO] BoardInfo:889 - No configuration file found for board NUCLEO-WBA25CE1
2026-07-30 15:41:33,934 [INFO] DbBoards:161 - Board is not supported: NUCLEO-WBA25CE1
2026-07-30 15:41:33,955 [INFO] BoardInfo:889 - No configuration file found for board NUCLEO-WL3RKB1
2026-07-30 15:41:33,957 [INFO] DbBoards:161 - Board is not supported: NUCLEO-WL3RKB1
2026-07-30 15:41:33,959 [INFO] BoardInfo:889 - No configuration file found for board NUCLEO-WL3RKB2
2026-07-30 15:41:33,961 [INFO] DbBoards:161 - Board is not supported: NUCLEO-WL3RKB2
2026-07-30 15:41:33,978 [INFO] BoardInfo:889 - No configuration file found for board P-NUCLEO-WB55
2026-07-30 15:41:33,981 [INFO] DbBoards:161 - Kit is not supported: P-NUCLEO-WB55
2026-07-30 15:41:33,994 [INFO] BoardInfo:889 - No configuration file found for board STEVAL-BFA001V1B
2026-07-30 15:41:33,996 [INFO] DbBoards:161 - Kit is not supported: STEVAL-BFA001V1B
2026-07-30 15:41:33,998 [INFO] BoardInfo:889 - No configuration file found for board STEVAL-BFA001V2B
2026-07-30 15:41:34,000 [INFO] DbBoards:161 - Kit is not supported: STEVAL-BFA001V2B
2026-07-30 15:41:34,252 [INFO] BoardInfo:889 - No configuration file found for board STM32H5F5J-DK
2026-07-30 15:41:34,254 [INFO] DbBoards:161 - Board is not supported: STM32H5F5J-DK
2026-07-30 15:41:34,421 [INFO] DbBoards:168 - Found 218 boards, 209 are supported
2026-07-30 15:41:34,421 [INFO] DbBoards:169 - Found 218 boards, 43 of them is supported for  Bsp
2026-07-30 15:41:34,423 [INFO] ApiDb:423 - Load user favorites file C:\Users\ADMIN/.stm32cubeide/favorites.boards.txt: 0 item(s)
2026-07-30 15:41:34,423 [INFO] ApiDb:427 - User favorites Boards=[]
2026-07-30 15:41:34,423 [INFO] DbBoards:198 - Set 0 / 0 favorites Boards
2026-07-30 15:41:34,424 [ERROR] TargetSelectorAdapter:267 - Unable to refresh data
2026-07-30 15:41:34,478 [INFO] McuFinderGlobals:76 - Set McuFinderConnectedMode to true
2026-07-30 15:41:34,483 [INFO] MultiScanPanel:200 - Auto-refresh data requested => check proxy status ongoing
2026-07-30 15:41:34,483 [INFO] FinderPluginLoader:96 - Searching for filters in installed packs
2026-07-30 15:41:34,485 [INFO] FinderPluginLoader:109 - Found C:\Users\ADMIN\STM32Cube\Repository\Packs\STMicroelectronics\X-CUBE-AI\10.2.1\CubeMX\plugins\ip\ai.10.2.1.jar
2026-07-30 15:41:34,488 [INFO] FinderPluginLoader:119 - Loading ai.10.2.1
2026-07-30 15:41:34,515 [INFO] McuExtendedFiltersManager:95 - Add MCU extended filter: Artificial Intelligence
2026-07-30 15:41:36,907 [INFO] AInterface:116 - AInterface using toolDir: C:/Users/ADMIN/STM32Cube/Repository//Packs/STMicroelectronics/X-CUBE-AI/10.2.1/Utilities/windows
2026-07-30 15:41:37,753 [INFO] LoadUrlFilesThread:185 - End of LoadServerUrlFiles without Thread
2026-07-30 15:41:37,753 [INFO] DetailPanel:341 - Set advertising image to C:/Users/ADMIN/STM32Cube/Repository/\en.stm32h5cubemxbanner.png
2026-07-30 15:41:41,242 [INFO] MultiScanPanel:200 - Auto-refresh data requested => check proxy status ongoing
2026-07-30 15:41:41,353 [INFO] LoadUrlFilesThread:185 - End of LoadServerUrlFiles without Thread
2026-07-30 15:41:41,353 [INFO] DetailPanel:341 - Set advertising image to C:/Users/ADMIN/STM32Cube/Repository/\en.stm32h5cubemxbanner.png
2026-07-30 15:41:41,370 [INFO] DbBoards:642 - Loading board mini-images...
2026-07-30 15:41:44,647 [INFO] DbBoards:665 - Loaded 218 board mini-images
2026-07-30 15:42:31,251 [INFO] MainUpdater:2872 - connection check result : 10
2026-07-30 15:42:31,251 [INFO] MainUpdater:2872 - connection check result : 10
2026-07-30 15:42:31,542 [INFO] I2cTimingTraitement:330 - 0x30A175AB
2026-07-30 15:42:31,561 [INFO] MicroXplorer:468 - Change Database Path : 
2026-07-30 15:42:31,562 [INFO] MicroXplorer:498 - Change Database Version : DB.6.0.150
2026-07-30 15:42:31,646 [ERROR] ProjectManagerView:395 - 
java.lang.NullPointerException: Cannot invoke "javax.swing.JTextField.getText()" because the return value of "java.util.List.get(int)" is null
	at com.st.microxplorer.plugins.projectmanager.gui.ProjectChoiceTab$9.caretUpdate(ProjectChoiceTab.java:2706) ~[filemanager.jar:?]
	at javax.swing.text.JTextComponent.fireCaretUpdate(JTextComponent.java:408) ~[?:?]
	at javax.swing.text.JTextComponent$MutableCaretEvent.fire(JTextComponent.java:4484) ~[?:?]
	at javax.swing.text.JTextComponent$MutableCaretEvent.stateChanged(JTextComponent.java:4506) ~[?:?]
	at javax.swing.text.DefaultCaret.fireStateChanged(DefaultCaret.java:857) ~[?:?]
	at javax.swing.text.DefaultCaret.changeCaretPosition(DefaultCaret.java:1343) ~[?:?]
	at javax.swing.text.DefaultCaret.handleSetDot(DefaultCaret.java:1242) ~[?:?]
	at javax.swing.text.DefaultCaret.setDot(DefaultCaret.java:1223) ~[?:?]
	at javax.swing.text.DefaultCaret$Handler.insertUpdate(DefaultCaret.java:1819) ~[?:?]
	at javax.swing.text.AbstractDocument.fireInsertUpdate(AbstractDocument.java:227) ~[?:?]
	at javax.swing.text.AbstractDocument.handleInsertString(AbstractDocument.java:781) ~[?:?]
	at javax.swing.text.AbstractDocument.insertString(AbstractDocument.java:740) ~[?:?]
	at javax.swing.text.PlainDocument.insertString(PlainDocument.java:131) ~[?:?]
	at javax.swing.text.AbstractDocument.replace(AbstractDocument.java:699) ~[?:?]
	at javax.swing.text.JTextComponent.setText(JTextComponent.java:1725) ~[?:?]
	at com.st.microxplorer.plugins.projectmanager.gui.ProjectChoiceTab.createHeapStackFields(ProjectChoiceTab.java:993) ~[filemanager.jar:?]
	at com.st.microxplorer.plugins.projectmanager.gui.ProjectChoiceTab.buildLinkSettingsPanel(ProjectChoiceTab.java:3813) ~[filemanager.jar:?]
	at com.st.microxplorer.plugins.projectmanager.gui.ProjectChoiceTab.defineWindowsFields(ProjectChoiceTab.java:1987) ~[filemanager.jar:?]
	at com.st.microxplorer.plugins.projectmanager.gui.ProjectChoiceTab.updateSettings(ProjectChoiceTab.java:558) ~[filemanager.jar:?]
	at com.st.microxplorer.plugins.projectmanager.gui.ProjectSettingsPanel.UpdateDialog(ProjectSettingsPanel.java:247) ~[filemanager.jar:?]
	at com.st.microxplorer.plugins.projectmanager.ProjectManagerView.propertyChange(ProjectManagerView.java:392) ~[filemanager.jar:?]
	at java.beans.PropertyChangeSupport.fire(PropertyChangeSupport.java:343) ~[?:?]
	at java.beans.PropertyChangeSupport.firePropertyChange(PropertyChangeSupport.java:335) ~[?:?]
	at java.beans.PropertyChangeSupport.firePropertyChange(PropertyChangeSupport.java:268) ~[?:?]
	at com.st.microxplorer.util.MXPropertyChangeSupport.firePropertyChange(MXPropertyChangeSupport.java:54) ~[STM32CubeMX.jar:?]
	at com.st.microxplorer.mxsystem.MxSystem.closeConfig(MxSystem.java:899) ~[STM32CubeMX.jar:?]
	at com.st.microxplorer.maingui.MainPanel.closeConfig(MainPanel.java:792) ~[STM32CubeMX.jar:?]
	at com.st.microxplorer.plugins.filemanager.engine.OpenFileManager.loadConfigurationFile(OpenFileManager.java:288) ~[filemanager.jar:?]
	at com.st.microxplorer.plugins.filemanager.engine.MainFileManager.userLoadConfig(MainFileManager.java:364) ~[filemanager.jar:?]
	at com.st.microxplorer.plugins.filemanager.FileManagerView.getSpecificTask(FileManagerView.java:268) ~[filemanager.jar:?]
	at com.st.stm32cube.common.mx.editor.CubeMxEditor.getMxTabbedPaneInstance(CubeMxEditor.java:1191) ~[com.st.stm32cube.common.mx_6.15.0.202507011659/:?]
	at com.st.stm32cube.common.mx.editor.CubeMxEditor$12$1.createSwingComponent(CubeMxEditor.java:1068) ~[com.st.stm32cube.common.mx_6.15.0.202507011659/:?]
	at com.st.stm32cube.common.mx.oss.core.awtswtbridge.EmbeddedSwingComposite.doComponentCreation(EmbeddedSwingComposite.java:492) ~[com.st.stm32cube.common.mx.oss_6.15.0.202507011659/:?]
	at com.st.stm32cube.common.mx.oss.core.awtswtbridge.EmbeddedSwingComposite$4.run(EmbeddedSwingComposite.java:291) ~[com.st.stm32cube.common.mx.oss_6.15.0.202507011659/:?]
	at com.st.stm32cube.common.mx.oss.core.awtswtbridge.AwtEnvironment$2.run(AwtEnvironment.java:166) ~[com.st.stm32cube.common.mx.oss_6.15.0.202507011659/:?]
	at java.awt.event.InvocationEvent.dispatch(InvocationEvent.java:318) ~[?:?]
	at java.awt.EventQueue.dispatchEventImpl(EventQueue.java:773) ~[?:?]
	at java.awt.EventQueue$4.run(EventQueue.java:720) ~[?:?]
	at java.awt.EventQueue$4.run(EventQueue.java:714) ~[?:?]
	at java.security.AccessController.doPrivileged(AccessController.java:400) ~[?:?]
	at java.security.ProtectionDomain$JavaSecurityAccessImpl.doIntersectionPrivilege(ProtectionDomain.java:87) ~[?:?]
	at java.awt.EventQueue.dispatchEvent(EventQueue.java:742) ~[?:?]
	at java.awt.EventDispatchThread.pumpOneEventForFilters(EventDispatchThread.java:203) ~[?:?]
	at java.awt.EventDispatchThread.pumpEventsForFilter(EventDispatchThread.java:124) ~[?:?]
	at java.awt.EventDispatchThread.pumpEventsForHierarchy(EventDispatchThread.java:113) ~[?:?]
	at java.awt.EventDispatchThread.pumpEvents(EventDispatchThread.java:109) ~[?:?]
	at java.awt.EventDispatchThread.pumpEvents(EventDispatchThread.java:101) ~[?:?]
	at java.awt.EventDispatchThread.run(EventDispatchThread.java:90) ~[?:?]
2026-07-30 15:42:31,652 [WARN] ThirdParty:871 - waiting for thirdparty lock release [close project]
2026-07-30 15:42:31,652 [INFO] ThirdParty:873 - entering critical section [close project]
2026-07-30 15:42:31,655 [INFO] ThirdParty:883 - exiting critical section [close project]
2026-07-30 15:42:31,663 [INFO] PinOutPanel:1589 - setPackage(No Configuration,No Configuration)
2026-07-30 15:42:31,677 [INFO] AI:982 - onDisable adding AI com.st.microxplorer.plugins.ip.ai.AI@28227629 on STMicroelectronics.X-CUBE-AI.10.2.1
2026-07-30 15:42:31,691 [INFO] UtilMem:75 - Begin LoadConfig() Used Memory: 621386480 Bytes (1073741824)
2026-07-30 15:42:31,696 [INFO] OpenFileManager:355 - Change cursor
2026-07-30 15:42:31,774 [INFO] RulesReader:64 - Compatibility file has been processed (317 Rules)
2026-07-30 15:42:31,791 [INFO] ProjectFactory:514 - No CPN specified for board B-L4S5I-IOT01A => set CPN to STM32L4S5VIT6
2026-07-30 15:42:31,792 [INFO] Mcu:2029 - Initializing MCU STM32L4S5VITx STM32L4S5VITx STM32L4S5VIT6
2026-07-30 15:42:35,485 [INFO] Context:786 - Trying to add GPIOservice into a context  which must be forbidden
2026-07-30 15:42:36,816 [INFO] Rule:233 - rule 117617 - U5Cobra4M][GTZC] default value MPCBB3 and MPCBB5 - Not Secured memory - MPCBB1 is applicable
2026-07-30 15:42:36,817 [INFO] Rule:233 - rule 117617 - U5Cobra4M][GTZC] default value MPCBB3 and MPCBB5 - Not Secured memory - MPCBB1 is applicable
2026-07-30 15:42:36,817 [INFO] Rule:233 - rule 117617 - U5Cobra4M][GTZC] default value MPCBB3 and MPCBB5 - Not Secured memory - MPCBB2 is applicable
2026-07-30 15:42:36,817 [INFO] Rule:233 - rule 117617 - U5Cobra4M][GTZC] default value MPCBB3 and MPCBB5 - Not Secured memory - MPCBB2 is applicable
2026-07-30 15:42:36,817 [INFO] Rule:233 - rule 117617 - U5Cobra4M][GTZC] default value MPCBB3 and MPCBB5 - Not Secured memory - MPCBB3 is applicable
2026-07-30 15:42:36,817 [INFO] Rule:233 - rule 117617 - U5Cobra4M][GTZC] default value MPCBB3 and MPCBB5 - Not Secured memory - MPCBB3 is applicable
2026-07-30 15:42:36,817 [INFO] Rule:233 - rule 117617 - U5Cobra4M][GTZC] default value MPCBB3 and MPCBB5 - Not Secured memory - MPCBB4 is applicable
2026-07-30 15:42:36,817 [INFO] Rule:233 - rule 117617 - U5Cobra4M][GTZC] default value MPCBB3 and MPCBB5 - Not Secured memory - MPCBB4 is applicable
2026-07-30 15:42:36,817 [INFO] Rule:233 - rule 117617 - U5Cobra4M][GTZC] default value MPCBB3 and MPCBB5 - Secured memory - MPCBB1 is applicable
2026-07-30 15:42:36,817 [INFO] Rule:233 - rule 117617 - U5Cobra4M][GTZC] default value MPCBB3 and MPCBB5 - Secured memory - MPCBB2 is applicable
2026-07-30 15:42:36,817 [INFO] Rule:233 - rule 117617 - U5Cobra4M][GTZC] default value MPCBB3 and MPCBB5 - Secured memory - MPCBB3 is applicable
2026-07-30 15:42:36,817 [INFO] Rule:233 - rule 117617 - U5Cobra4M][GTZC] default value MPCBB3 and MPCBB5 - Secured memory - MPCBB4 is applicable
2026-07-30 15:42:36,817 [INFO] Rule:233 - rule 117617 - U5Cobra4M][GTZC] default value MPCBB3 and MPCBB5 - Privileged memory - MPCBB1 is applicable
2026-07-30 15:42:36,817 [INFO] Rule:233 - rule 117617 - U5Cobra4M][GTZC] default value MPCBB3 and MPCBB5 - Privileged memory - MPCBB2 is applicable
2026-07-30 15:42:36,817 [INFO] Rule:233 - rule 117617 - U5Cobra4M][GTZC] default value MPCBB3 and MPCBB5 - Privileged memory - MPCBB3 is applicable
2026-07-30 15:42:36,818 [INFO] Rule:233 - rule 117617 - U5Cobra4M][GTZC] default value MPCBB3 and MPCBB5 - Privileged memory - MPCBB4 is applicable
2026-07-30 15:42:36,818 [INFO] Rule:233 - rule 117617 - U5Cobra4M][GTZC] default value MPCBB3 and MPCBB5 - Not Privileged memory - MPCBB1 is applicable
2026-07-30 15:42:36,818 [INFO] Rule:233 - rule 117617 - U5Cobra4M][GTZC] default value MPCBB3 and MPCBB5 - Not Privileged memory - MPCBB2 is applicable
2026-07-30 15:42:36,818 [INFO] Rule:233 - rule 117617 - U5Cobra4M][GTZC] default value MPCBB3 and MPCBB5 - Not Privileged memory - MPCBB3 is applicable
2026-07-30 15:42:36,818 [INFO] Rule:233 - rule 117617 - U5Cobra4M][GTZC] default value MPCBB3 and MPCBB5 - Not Privileged memory - MPCBB4 is applicable
2026-07-30 15:42:36,818 [INFO] Rule:233 - rule 117617 - U5Cobra4M][GTZC] default value MPCBB3 and MPCBB5 - Privileged memory - MPCBB1 is applicable
2026-07-30 15:42:36,818 [INFO] Rule:233 - rule 117617 - U5Cobra4M][GTZC] default value MPCBB3 and MPCBB5 - Privileged memory - MPCBB2 is applicable
2026-07-30 15:42:36,818 [INFO] Rule:233 - rule 117617 - U5Cobra4M][GTZC] default value MPCBB3 and MPCBB5 - Privileged memory - MPCBB3 is applicable
2026-07-30 15:42:36,818 [INFO] Rule:233 - rule 117617 - U5Cobra4M][GTZC] default value MPCBB3 and MPCBB5 - Privileged memory - MPCBB4 is applicable
2026-07-30 15:42:36,818 [INFO] Rule:233 - rule 117617 - U5Cobra4M][GTZC] default value MPCBB3 and MPCBB5 - Privileged memory - MPCBB1 is applicable
2026-07-30 15:42:36,818 [INFO] Rule:233 - rule 117617 - U5Cobra4M][GTZC] default value MPCBB3 and MPCBB5 - Privileged memory - MPCBB2 is applicable
2026-07-30 15:42:36,818 [INFO] Rule:233 - rule 117617 - U5Cobra4M][GTZC] default value MPCBB3 and MPCBB5 - Privileged memory - MPCBB3 is applicable
2026-07-30 15:42:36,818 [INFO] Rule:233 - rule 117617 - U5Cobra4M][GTZC] default value MPCBB3 and MPCBB5 - Privileged memory - MPCBB4 is applicable
2026-07-30 15:42:36,818 [INFO] Rule:233 - rule 117617 - U5Cobra4M][GTZC] default value MPCBB3 and MPCBB5 - Not Privileged memory - MPCBB1 is applicable
2026-07-30 15:42:36,819 [INFO] Rule:233 - rule 117617 - U5Cobra4M][GTZC] default value MPCBB3 and MPCBB5 - Not Privileged memory - MPCBB2 is applicable
2026-07-30 15:42:36,819 [INFO] Rule:233 - rule 117617 - U5Cobra4M][GTZC] default value MPCBB3 and MPCBB5 - Not Privileged memory - MPCBB3 is applicable
2026-07-30 15:42:36,819 [INFO] Rule:233 - rule 117617 - U5Cobra4M][GTZC] default value MPCBB3 and MPCBB5 - Not Privileged memory - MPCBB4 is applicable
2026-07-30 15:42:36,819 [INFO] Rule:233 - rule 117617 - U5Cobra4M][GTZC] default value MPCBB3 and MPCBB5 - Privileged memory - MPCBB1 is applicable
2026-07-30 15:42:36,819 [INFO] Rule:233 - rule 117617 - U5Cobra4M][GTZC] default value MPCBB3 and MPCBB5 - Privileged memory - MPCBB2 is applicable
2026-07-30 15:42:36,819 [INFO] Rule:233 - rule 117617 - U5Cobra4M][GTZC] default value MPCBB3 and MPCBB5 - Privileged memory - MPCBB3 is applicable
2026-07-30 15:42:36,819 [INFO] Rule:233 - rule 117617 - U5Cobra4M][GTZC] default value MPCBB3 and MPCBB5 - Privileged memory - MPCBB4 is applicable
2026-07-30 15:42:36,819 [INFO] Rule:233 - rule WakeUp0 Mode is applicable
2026-07-30 15:42:36,819 [INFO] Rule:233 - rule WakeUp0 SIGNAL is applicable
2026-07-30 15:42:36,819 [INFO] Rule:233 - rule WakeUp1 Mode is applicable
2026-07-30 15:42:36,820 [INFO] Rule:233 - rule WakeUp1 SIGNAL is applicable
2026-07-30 15:42:36,820 [INFO] Rule:233 - rule WakeUp2 Mode is applicable
2026-07-30 15:42:36,820 [INFO] Rule:233 - rule WakeUp2 SIGNAL is applicable
2026-07-30 15:42:36,820 [INFO] Rule:233 - rule WakeUp4 Mode is applicable
2026-07-30 15:42:36,820 [INFO] Rule:233 - rule WakeUp4 SIGNAL is applicable
2026-07-30 15:42:36,820 [INFO] Rule:233 - rule WakeUp5 Mode is applicable
2026-07-30 15:42:36,820 [INFO] Rule:233 - rule WakeUp5 SIGNAL is applicable
2026-07-30 15:42:36,820 [INFO] Rule:233 - rule Change Default Value for LSE Drive Capability for WB family is applicable
2026-07-30 15:42:36,821 [INFO] Rule:233 - rule change FDCAN default value is applicable
2026-07-30 15:42:36,821 [INFO] Rule:233 - rule Adapt Old IOC before rework replace old CORTEX_M33/CORTEX_M55 attributes by the new one. is applicable
2026-07-30 15:42:36,821 [INFO] Rule:233 - rule Rename parametre of RCC RCC_APBDBG_DIV2 to RCC_TIMPRES_DIV2 is applicable
2026-07-30 15:42:36,821 [INFO] Rule:233 - rule Rename DIE493 pin PA10 [PA12] -> PA10 is applicable
2026-07-30 15:42:36,821 [INFO] Rule:233 - rule Rename DIE493 pin PA9 [PA11] -> PA9 is applicable
2026-07-30 15:42:36,821 [INFO] Rule:233 - rule Rename DIE492 PartNumber CPN STM32WBA5MJGHx -> STM32WBA5MMGHx is applicable
2026-07-30 15:42:36,821 [INFO] Rule:233 - rule Rename DIE492 PartNumber  Name STM32WBA5MJGHx -> STM32WBA5MMGHx is applicable
2026-07-30 15:42:36,821 [INFO] Rule:233 - rule Rename DIE492 PartNumber UserName STM32WBA5MJGHx -> STM32WBA5MMGHx is applicable
2026-07-30 15:42:36,821 [INFO] Rule:233 - rule Rename DIE492 PartNumber DeviceId STM32WBA5MJGHx -> STM32WBA5MMGHx is applicable
2026-07-30 15:42:36,821 [INFO] Rule:233 - rule Adapt Old IOC CSI. is applicable
2026-07-30 15:42:36,821 [INFO] Rule:233 - rule Adapt Old IOC DCMIPP. is applicable
2026-07-30 15:42:36,822 [INFO] Rule:233 - rule Adapt Old IOC DCMIPP Mode Parallel. is applicable
2026-07-30 15:42:36,822 [INFO] Rule:233 - rule Adapt Old IOC LTDC. is applicable
2026-07-30 15:42:36,822 [INFO] Rule:233 - rule Rename STM32MP2 RIF Peripheral LTDC RIF.RISUP.LTDC_L0L1.Privilege -> RIF.RISUP.LTDC_L1L2.Privilege is applicable
2026-07-30 15:42:36,822 [INFO] Rule:233 - rule Rename STM32MP2 RIF Peripheral LTDC RIF.RISUP.LTDC_L0L1.Privilege -> RIF.RISUP.LTDC_L1L2.Privilege is applicable
2026-07-30 15:42:36,822 [INFO] Rule:233 - rule Rename STM32MP2 RIF Peripheral LTDC RIF.RISUP.LTDC_L0L1.Lock -> RIF.RISUP.LTDC_L1L2.Lock is applicable
2026-07-30 15:42:36,822 [INFO] Rule:233 - rule Rename STM32MP2 RIF Peripheral LTDC RIF.RISUP.LTDC_L2.Lock -> RIF.RISUP.LTDC_L3.Lock is applicable
2026-07-30 15:42:36,822 [INFO] Rule:233 - rule Adapt the old IOC example for updating the SYS when it is misconfigured. is applicable
2026-07-30 15:42:36,822 [INFO] Rule:233 - rule Rename STM32C09 Mcu.Package LQFP64 -> LQFP48 is applicable
2026-07-30 15:42:36,822 [INFO] Rule:233 - rule Adapt the old IOC example for updating the SYS when it is misconfigured. is applicable
2026-07-30 15:42:36,822 [INFO] Rule:233 - rule Adapt the old IOC example for updating the SYS when it is misconfigured. is applicable
2026-07-30 15:42:36,831 [INFO] DbConfProperties:307 - Apply Compatibility (5/68 Rules)
2026-07-30 15:42:36,881 [INFO] ImportTextPane:234 - (OptionalMessage_ERROR) Pin84 (VP_RIF_VS_RIF1) cannot be retrieved for this MCU
2026-07-30 15:42:36,996 [INFO] RtosManager:558 - Registered RTOS mode: class=CMSIS, group=RTOS, mode=CMSIS_V1, owner=FREERTOS
2026-07-30 15:42:36,996 [INFO] RtosManager:558 - Registered RTOS mode: class=CMSIS, group=RTOS2, mode=CMSIS_V2, owner=FREERTOS
2026-07-30 15:42:36,996 [INFO] RtosManager:558 - Registered RTOS mode: class=RTOS, group=Core, mode=CMSIS_V1, owner=FREERTOS
2026-07-30 15:42:36,996 [INFO] RtosManager:558 - Registered RTOS mode: class=RTOS, group=Core, mode=CMSIS_V2, owner=FREERTOS
2026-07-30 15:42:36,996 [WARN] ModelIntegratedComponent:184 - Missing modes for component STMicroelectronics:FreeRTOS:0.0.1:STMicroelectronics:RTOS:FreeRTOS:Core:::10.2.0:
2026-07-30 15:42:37,158 [WARN] ModelIntegratedComponent:63 - No mode defined for component null
2026-07-30 15:42:37,159 [WARN] ModelIntegratedComponent:63 - No mode defined for component null
2026-07-30 15:42:37,159 [WARN] ModelIntegratedComponent:63 - No mode defined for component null
2026-07-30 15:42:37,159 [WARN] ModelIntegratedComponent:63 - No mode defined for component null
2026-07-30 15:42:37,159 [WARN] ModelIntegratedComponent:63 - No mode defined for component null
2026-07-30 15:42:37,159 [WARN] ModelIntegratedComponent:63 - No mode defined for component null
2026-07-30 15:42:37,159 [WARN] ModelIntegratedComponent:63 - No mode defined for component null
2026-07-30 15:42:37,159 [WARN] ModelIntegratedComponent:63 - No mode defined for component null
2026-07-30 15:42:37,159 [WARN] ModelIntegratedComponent:63 - No mode defined for component null
2026-07-30 15:42:37,159 [WARN] ModelIntegratedComponent:63 - No mode defined for component null
2026-07-30 15:42:37,159 [WARN] ModelIntegratedComponent:63 - No mode defined for component null
2026-07-30 15:42:37,159 [WARN] ModelIntegratedComponent:63 - No mode defined for component null
2026-07-30 15:42:37,159 [WARN] ModelIntegratedComponent:63 - No mode defined for component null
2026-07-30 15:42:37,159 [WARN] ModelIntegratedComponent:63 - No mode defined for component null
2026-07-30 15:42:37,159 [WARN] ModelIntegratedComponent:63 - No mode defined for component null
2026-07-30 15:42:37,159 [WARN] ModelIntegratedComponent:63 - No mode defined for component null
2026-07-30 15:42:37,159 [WARN] ModelIntegratedComponent:63 - No mode defined for component null
2026-07-30 15:42:37,159 [WARN] ModelIntegratedComponent:63 - No mode defined for component null
2026-07-30 15:42:37,159 [WARN] ModelIntegratedComponent:63 - No mode defined for component null
2026-07-30 15:42:37,159 [WARN] ModelIntegratedComponent:63 - No mode defined for component null
2026-07-30 15:42:37,159 [WARN] ModelIntegratedComponent:63 - No mode defined for component null
2026-07-30 15:42:37,159 [WARN] ModelIntegratedComponent:63 - No mode defined for component null
2026-07-30 15:42:37,159 [WARN] ModelIntegratedComponent:63 - No mode defined for component null
2026-07-30 15:42:37,159 [WARN] ModelIntegratedComponent:63 - No mode defined for component null
2026-07-30 15:42:37,159 [WARN] ModelIntegratedComponent:63 - No mode defined for component null
2026-07-30 15:42:37,159 [WARN] ModelIntegratedComponent:63 - No mode defined for component null
2026-07-30 15:42:37,159 [WARN] ModelIntegratedComponent:63 - No mode defined for component null
2026-07-30 15:42:37,159 [WARN] ModelIntegratedComponent:63 - No mode defined for component null
2026-07-30 15:42:37,159 [WARN] ModelIntegratedComponent:63 - No mode defined for component null
2026-07-30 15:42:37,159 [WARN] ModelIntegratedComponent:63 - No mode defined for component null
2026-07-30 15:42:37,159 [WARN] ModelIntegratedComponent:63 - No mode defined for component null
2026-07-30 15:42:37,159 [WARN] ModelIntegratedComponent:63 - No mode defined for component null
2026-07-30 15:42:37,159 [WARN] ModelIntegratedComponent:63 - No mode defined for component null
2026-07-30 15:42:37,159 [WARN] ModelIntegratedComponent:63 - No mode defined for component null
2026-07-30 15:42:37,159 [WARN] ModelIntegratedComponent:63 - No mode defined for component null
2026-07-30 15:42:37,160 [WARN] ModelPack:524 - Component already loaded: STMicroelectronics:HAL Drivers:0.0.0:STMicroelectronics:Device:STMicro_Driver:XSPI:HAL::0.0.1:HAL_XSPI
2026-07-30 15:42:37,219 [INFO] ThirdPartyModel:298 - Start build external matchings
2026-07-30 15:42:37,630 [INFO] ThirdPartyModel:316 - End build external matchings
2026-07-30 15:42:37,677 [WARN] IP:2250 - MaxTran not found: check if there is a RefParameter without a condition.
2026-07-30 15:42:37,677 [WARN] IP:2250 - Refresh not found: check if there is a RefParameter without a condition.
2026-07-30 15:42:37,678 [INFO] ImportTextPane:234 - (OptionalMessage_ERROR) IP (RCC) : Invalid parameter (FamilyName)
2026-07-30 15:42:38,170 [INFO] UtilMem:75 - End LoadConfig() Used Memory: 645986336 Bytes (1073741824)
2026-07-30 15:42:38,351 [WARN] ThirdParty:833 - waiting for thirdparty lock release [change project]
2026-07-30 15:42:38,352 [INFO] ThirdParty:835 - entering critical section [change project]
2026-07-30 15:42:38,352 [INFO] ThirdParty:1030 - CMSIS Pack Vendor :STMicroelectronics X-CUBE-AZRTOS-H7 3.5.0
2026-07-30 15:42:38,352 [INFO] ThirdParty:1030 - CMSIS Pack Vendor :STMicroelectronics X-CUBE-PM33A1 1.0.0
2026-07-30 15:42:38,352 [INFO] ThirdParty:1030 - CMSIS Pack Vendor :STMicroelectronics USBPD 4.1
2026-07-30 15:42:38,352 [INFO] ThirdParty:1030 - CMSIS Pack Vendor :STMicroelectronics X-CUBE-NFC9 1.0.0
2026-07-30 15:42:38,352 [INFO] ThirdParty:1030 - CMSIS Pack Vendor :STMicroelectronics USB_HOST 2.0.0
2026-07-30 15:42:38,352 [INFO] ThirdParty:1030 - CMSIS Pack Vendor :STMicroelectronics FP-ATR-ASTRA1 2.0.3
2026-07-30 15:42:38,352 [INFO] ThirdParty:1030 - CMSIS Pack Vendor :STMicroelectronics X-CUBE-AZRTOS-F4 1.1.0
2026-07-30 15:42:38,352 [INFO] ThirdParty:1030 - CMSIS Pack Vendor :STMicroelectronics LIBJPEG 8.0.0
2026-07-30 15:42:38,352 [INFO] ThirdParty:1030 - CMSIS Pack Vendor :STMicroelectronics X-CUBE-BLE1 7.1.0
2026-07-30 15:42:38,352 [INFO] ThirdParty:1030 - CMSIS Pack Vendor :wolfSSL I-CUBE-wolfMQTT 1.19.2
2026-07-30 15:42:38,352 [INFO] ThirdParty:1030 - CMSIS Pack Vendor :STMicroelectronics USB_DEVICE 3.0.0
2026-07-30 15:42:38,352 [INFO] ThirdParty:1030 - CMSIS Pack Vendor :STMicroelectronics X-CUBE-ISPU 2.1.0
2026-07-30 15:42:38,352 [INFO] ThirdParty:1030 - CMSIS Pack Vendor :STMicroelectronics X-CUBE-EEPRMA1 5.2.0
2026-07-30 15:42:38,352 [INFO] ThirdParty:1030 - CMSIS Pack Vendor :STMicroelectronics X-CUBE-IPS 3.2.0
2026-07-30 15:42:38,352 [INFO] ThirdParty:1030 - CMSIS Pack Vendor :STMicroelectronics eDS-WB_DPC_TT-BIDIR 2.1.1
2026-07-30 15:42:38,352 [INFO] ThirdParty:1030 - CMSIS Pack Vendor :STMicroelectronics X-CUBE-AZRTOS-WB 2.0.0
2026-07-30 15:42:38,352 [INFO] ThirdParty:1030 - CMSIS Pack Vendor :STMicroelectronics X-CUBE-NFC12 1.0.0
2026-07-30 15:42:38,352 [INFO] ThirdParty:1030 - CMSIS Pack Vendor :STMicroelectronics X-CUBE-AZRTOS-F7 1.1.0
2026-07-30 15:42:38,352 [INFO] ThirdParty:1030 - CMSIS Pack Vendor :STMicroelectronics X-CUBE-AZRTOS-L5 2.0.0
2026-07-30 15:42:38,352 [INFO] ThirdParty:1030 - CMSIS Pack Vendor :STMicroelectronics USB_DEVICE 2.0.0
2026-07-30 15:42:38,352 [INFO] ThirdParty:1030 - CMSIS Pack Vendor :STMicroelectronics X-CUBE-FREERTOS 1.6.0
2026-07-30 15:42:38,352 [INFO] ThirdParty:1030 - CMSIS Pack Vendor :STMicroelectronics FP-SNS-STAIOTCFT 1.1.0
2026-07-30 15:42:38,352 [INFO] ThirdParty:1030 - CMSIS Pack Vendor :quantropi X-CUBE-qispace-sdk-base 2.1.0
2026-07-30 15:42:38,352 [INFO] ThirdParty:1030 - CMSIS Pack Vendor :STMicroelectronics X-CUBE-STSE01 2.0.0
2026-07-30 15:42:38,352 [INFO] ThirdParty:1030 - CMSIS Pack Vendor :STMicroelectronics X-CUBE-ALGOBUILD 1.5.0
2026-07-30 15:42:38,353 [INFO] ThirdParty:1030 - CMSIS Pack Vendor :STMicroelectronics FP-SNS-MOTENV1 5.1.0
2026-07-30 15:42:38,353 [INFO] ThirdParty:1030 - CMSIS Pack Vendor :STMicroelectronics FreeRTOS 0.0.1
2026-07-30 15:42:38,353 [INFO] ThirdParty:1030 - CMSIS Pack Vendor :STMicroelectronics X-CUBE-AZRTOS-H7RS 1.3.0
2026-07-30 15:42:38,353 [INFO] ThirdParty:1030 - CMSIS Pack Vendor :STMicroelectronics X-CUBE-AZRTOS-G0 1.1.0
2026-07-30 15:42:38,353 [INFO] ThirdParty:1030 - CMSIS Pack Vendor :STMicroelectronics X-CUBE-NFC4 3.0.0
2026-07-30 15:42:38,353 [INFO] ThirdParty:1030 - CMSIS Pack Vendor :STMicroelectronics X-CUBE-SUBG2 5.0.0
2026-07-30 15:42:38,353 [INFO] ThirdParty:1030 - CMSIS Pack Vendor :STMicroelectronics STM32_WPAN 1.0.0
2026-07-30 15:42:38,353 [INFO] ThirdParty:1030 - CMSIS Pack Vendor :STMicroelectronics eDS-WB_DPC_VIENNA 1.2.0
2026-07-30 15:42:38,353 [INFO] ThirdParty:1030 - CMSIS Pack Vendor :EmbeddedOffice I-CUBE-FS-RTOS 1.0.1
2026-07-30 15:42:38,353 [INFO] ThirdParty:1030 - CMSIS Pack Vendor :STMicroelectronics lwIP 2.0.3
2026-07-30 15:42:38,353 [INFO] ThirdParty:1030 - CMSIS Pack Vendor :WES I-CUBE-Cesium 1.4.0
2026-07-30 15:42:38,353 [INFO] ThirdParty:1030 - CMSIS Pack Vendor :STMicroelectronics X-CUBE-MEMS1 13.0.0
2026-07-30 15:42:38,353 [INFO] ThirdParty:1030 - CMSIS Pack Vendor :STMicroelectronics eDS-WB_DPC_3PH2L-BIDIR 1.1.1
2026-07-30 15:42:38,353 [INFO] ThirdParty:1030 - CMSIS Pack Vendor :STMicroelectronics USB_HOST 1.0.0
2026-07-30 15:42:38,353 [INFO] ThirdParty:1030 - CMSIS Pack Vendor :STMicroelectronics X-CUBE-AZRTOS-G4 2.0.0
2026-07-30 15:42:38,353 [INFO] ThirdParty:1030 - CMSIS Pack Vendor :STMicroelectronics PDM2PCM 3.1.0
2026-07-30 15:42:38,353 [INFO] ThirdParty:1030 - CMSIS Pack Vendor :STMicroelectronics PDM2PCM 3.3.0
2026-07-30 15:42:38,353 [INFO] ThirdParty:1030 - CMSIS Pack Vendor :wolfSSL I-CUBE-wolfTPM 3.8.0
2026-07-30 15:42:38,353 [INFO] ThirdParty:1030 - CMSIS Pack Vendor :STMicroelectronics X-CUBE-DISPLAY 3.0.0
2026-07-30 15:42:38,353 [INFO] ThirdParty:1030 - CMSIS Pack Vendor :wolfSSL I-CUBE-wolfSSH 1.4.20
2026-07-30 15:42:38,353 [INFO] ThirdParty:1030 - CMSIS Pack Vendor :STMicroelectronics X-CUBE-NFC7 2.0.0
2026-07-30 15:42:38,353 [INFO] ThirdParty:1030 - CMSIS Pack Vendor :STMicroelectronics X-CUBE-GNSS1 7.1.1
2026-07-30 15:42:38,353 [INFO] ThirdParty:1030 - CMSIS Pack Vendor :STMicroelectronics FP-SNS-MOTENVWB1 1.5.0
2026-07-30 15:42:38,353 [INFO] ThirdParty:1030 - CMSIS Pack Vendor :STMicroelectronics X-CUBE-TCPP 4.2.0
2026-07-30 15:42:38,353 [INFO] ThirdParty:1030 - CMSIS Pack Vendor :RealThread X-CUBE-RT-Thread_Nano 4.1.1
2026-07-30 15:42:38,353 [INFO] ThirdParty:1030 - CMSIS Pack Vendor :STMicroelectronics FP-ATR-SIGFOX1 3.2.0
2026-07-30 15:42:38,353 [INFO] ThirdParty:1030 - CMSIS Pack Vendor :STMicroelectronics X-CUBE-NFC10 1.0.0
2026-07-30 15:42:38,353 [INFO] ThirdParty:1030 - CMSIS Pack Vendor :STMicroelectronics HAL Drivers 0.0.0
2026-07-30 15:42:38,353 [INFO] ThirdParty:1030 - CMSIS Pack Vendor :STMicroelectronics MBEDTLS 2.16.2
2026-07-30 15:42:38,353 [INFO] ThirdParty:1030 - CMSIS Pack Vendor :STMicroelectronics X-CUBE-ST60 1.1.0
2026-07-30 15:42:38,353 [INFO] ThirdParty:1030 - CMSIS Pack Vendor :STMicroelectronics X-CUBE-ALS 1.0.2
2026-07-30 15:42:38,353 [INFO] ThirdParty:1030 - CMSIS Pack Vendor :emotas I-CUBE-CANOPEN 1.3.0
2026-07-30 15:42:38,353 [INFO] ThirdParty:1030 - CMSIS Pack Vendor :wolfSSL I-CUBE-wolfSSL 5.9.2
2026-07-30 15:42:38,353 [INFO] ThirdParty:1030 - CMSIS Pack Vendor :STMicroelectronics MBEDTLS 2.14.1
2026-07-30 15:42:38,353 [INFO] ThirdParty:1030 - CMSIS Pack Vendor :ITTIA_DB I-CUBE-ITTIADB 8.9.0
2026-07-30 15:42:38,353 [INFO] ThirdParty:1030 - CMSIS Pack Vendor :Cesanta I-CUBE-Mongoose 7.21.7
2026-07-30 15:42:38,353 [INFO] ThirdParty:1030 - CMSIS Pack Vendor :STMicroelectronics X-CUBE-TOUCHGFX 4.26.1
2026-07-30 15:42:38,353 [INFO] ThirdParty:1030 - CMSIS Pack Vendor :STMicroelectronics X-CUBE-NFC6 3.2.0
2026-07-30 15:42:38,353 [INFO] ThirdParty:1030 - CMSIS Pack Vendor :STMicroelectronics FP-SNS-STBOX1 2.1.0
2026-07-30 15:42:38,353 [INFO] ThirdParty:1030 - CMSIS Pack Vendor :STMicroelectronics X-CUBE-AI 10.2.1
2026-07-30 15:42:38,353 [INFO] ThirdParty:1030 - CMSIS Pack Vendor :STMicroelectronics ThreadX 1.0.0
2026-07-30 15:42:38,353 [INFO] ThirdParty:1030 - CMSIS Pack Vendor :STMicroelectronics FP-SNS-SMARTAG2 1.2.0
2026-07-30 15:42:38,353 [INFO] ThirdParty:1030 - CMSIS Pack Vendor :STMicroelectronics FP-SNS-FLIGHT1 5.1.0
2026-07-30 15:42:38,353 [INFO] ThirdParty:1030 - CMSIS Pack Vendor :STMicroelectronics X-CUBE-AZRTOS-WL 2.0.0
2026-07-30 15:42:38,353 [INFO] ThirdParty:1030 - CMSIS Pack Vendor :SEGGER I-CUBE-embOS 1.3.1
2026-07-30 15:42:38,354 [INFO] ThirdParty:1030 - CMSIS Pack Vendor :STMicroelectronics X-CUBE-DPower 1.3.0
2026-07-30 15:42:38,354 [INFO] ThirdParty:1030 - CMSIS Pack Vendor :STMicroelectronics USB_DEVICE 1.0.0
2026-07-30 15:42:38,354 [INFO] ThirdParty:1030 - CMSIS Pack Vendor :STMicroelectronics X-CUBE-AZRTOS-L4 2.0.0
2026-07-30 15:42:38,354 [INFO] ThirdParty:1030 - CMSIS Pack Vendor :STMicroelectronics ThreadX 0.0.2
2026-07-30 15:42:38,354 [INFO] ThirdParty:1030 - CMSIS Pack Vendor :STMicroelectronics lwIP 2.1.2
2026-07-30 15:42:38,354 [INFO] ThirdParty:1030 - CMSIS Pack Vendor :STMicroelectronics X-CUBE-SFXS2LP1 4.0.0
2026-07-30 15:42:38,354 [INFO] ThirdParty:1030 - CMSIS Pack Vendor :STMicroelectronics X-CUBE-BLE2 3.3.0
2026-07-30 15:42:38,354 [INFO] ThirdParty:1030 - CMSIS Pack Vendor :Avnet-IOTCONNECT X-CUBE-iotc-st67-sdk 1.0.0
2026-07-30 15:42:38,354 [INFO] ThirdParty:1030 - CMSIS Pack Vendor :STMicroelectronics X-CUBE-TOF1 3.4.3
2026-07-30 15:42:38,354 [INFO] ThirdParty:1030 - CMSIS Pack Vendor :Infineon AIROC-Wi-Fi-Bluetooth-STM32 1.8.0
2026-07-30 15:42:38,354 [INFO] ThirdParty:1030 - CMSIS Pack Vendor :STMicroelectronics X-CUBE-NFC13 1.0.0
2026-07-30 15:42:38,354 [INFO] ThirdParty:1030 - CMSIS Pack Vendor :STMicroelectronics PDM2PCM 3.2.0
2026-07-30 15:42:38,354 [INFO] ThirdParty:1030 - CMSIS Pack Vendor :STMicroelectronics X-CUBE-WB05N 2.1.0
2026-07-30 15:42:38,354 [INFO] ThirdParty:841 - exiting critical section [change project]
2026-07-30 15:42:38,742 [INFO] PinOutPanel:1589 - setPackage(No Configuration,No Configuration)
2026-07-30 15:42:38,743 [INFO] PinOutPanel:1589 - setPackage(STM32L4S5VITx,LQFP100)
2026-07-30 15:42:39,433 [INFO] UtilMem:75 - Before build in PCC Used Memory: 561240360 Bytes (1073741824)
2026-07-30 15:42:40,084 [INFO] UtilMem:75 - After build in PCC Used Memory: 669776184 Bytes (1073741824)
2026-07-30 15:42:40,119 [INFO] IPUIPlugin:80 - create IPUIPlugin
2026-07-30 15:42:40,119 [INFO] IPUIPlugin:80 - create IPUIPlugin
2026-07-30 15:42:40,119 [INFO] IPUIPlugin:80 - create IPUIPlugin
2026-07-30 15:42:40,119 [INFO] IPUIPlugin:80 - create IPUIPlugin
2026-07-30 15:42:40,119 [INFO] IPUIPlugin:80 - create IPUIPlugin
2026-07-30 15:42:40,120 [INFO] IPUIPlugin:80 - create IPUIPlugin
2026-07-30 15:42:40,120 [INFO] IPUIPlugin:80 - create IPUIPlugin
2026-07-30 15:42:40,120 [INFO] IPUIPlugin:80 - create IPUIPlugin
2026-07-30 15:42:40,120 [INFO] IPUIPlugin:80 - create IPUIPlugin
2026-07-30 15:42:40,120 [INFO] IPUIPlugin:80 - create IPUIPlugin
2026-07-30 15:42:40,120 [INFO] IPUIPlugin:80 - create IPUIPlugin
2026-07-30 15:42:40,120 [INFO] IPUIPlugin:80 - create IPUIPlugin
2026-07-30 15:42:40,120 [INFO] IPUIPlugin:80 - create IPUIPlugin
2026-07-30 15:42:40,121 [INFO] IPUIPlugin:80 - create IPUIPlugin
2026-07-30 15:42:40,121 [INFO] IPUIPlugin:80 - create IPUIPlugin
2026-07-30 15:42:40,121 [INFO] IPUIPlugin:80 - create IPUIPlugin
2026-07-30 15:42:40,121 [INFO] IPUIPlugin:80 - create IPUIPlugin
2026-07-30 15:42:40,121 [INFO] IPUIPlugin:80 - create IPUIPlugin
2026-07-30 15:42:40,121 [INFO] IPUIPlugin:80 - create IPUIPlugin
2026-07-30 15:42:40,121 [INFO] IPUIPlugin:80 - create IPUIPlugin
2026-07-30 15:42:40,121 [INFO] IPUIPlugin:80 - create IPUIPlugin
2026-07-30 15:42:40,122 [INFO] IPUIPlugin:80 - create IPUIPlugin
2026-07-30 15:42:40,122 [INFO] IPUIPlugin:80 - create IPUIPlugin
2026-07-30 15:42:40,122 [INFO] IPUIPlugin:80 - create IPUIPlugin
2026-07-30 15:42:40,122 [INFO] IPUIPlugin:80 - create IPUIPlugin
2026-07-30 15:42:40,122 [INFO] IPUIPlugin:80 - create IPUIPlugin
2026-07-30 15:42:40,123 [INFO] IPUIPlugin:80 - create IPUIPlugin
2026-07-30 15:42:40,123 [INFO] IPUIPlugin:80 - create IPUIPlugin
2026-07-30 15:42:40,123 [INFO] IPUIPlugin:80 - create IPUIPlugin
2026-07-30 15:42:40,123 [INFO] IPUIPlugin:80 - create IPUIPlugin
2026-07-30 15:42:40,124 [INFO] IPUIPlugin:80 - create IPUIPlugin
2026-07-30 15:42:40,124 [INFO] IPUIPlugin:80 - create IPUIPlugin
2026-07-30 15:42:40,124 [INFO] IPUIPlugin:80 - create IPUIPlugin
2026-07-30 15:42:40,125 [INFO] IPUIPlugin:80 - create IPUIPlugin
2026-07-30 15:42:40,125 [INFO] IPUIPlugin:80 - create IPUIPlugin
2026-07-30 15:42:40,125 [INFO] IPUIPlugin:80 - create IPUIPlugin
2026-07-30 15:42:40,125 [INFO] IPUIPlugin:80 - create IPUIPlugin
2026-07-30 15:42:40,126 [INFO] IPUIPlugin:80 - create IPUIPlugin
2026-07-30 15:42:40,126 [INFO] IPUIPlugin:80 - create IPUIPlugin
2026-07-30 15:42:40,126 [INFO] IPUIPlugin:80 - create IPUIPlugin
2026-07-30 15:42:40,126 [INFO] IPUIPlugin:80 - create IPUIPlugin
2026-07-30 15:42:40,127 [INFO] IPUIPlugin:80 - create IPUIPlugin
2026-07-30 15:42:40,127 [INFO] IPUIPlugin:80 - create IPUIPlugin
2026-07-30 15:42:40,127 [INFO] IPUIPlugin:80 - create IPUIPlugin
2026-07-30 15:42:40,127 [INFO] IPUIPlugin:80 - create IPUIPlugin
2026-07-30 15:42:40,127 [INFO] IPUIPlugin:80 - create IPUIPlugin
2026-07-30 15:42:40,128 [INFO] IPUIPlugin:80 - create IPUIPlugin
2026-07-30 15:42:40,128 [INFO] IPUIPlugin:80 - create IPUIPlugin
2026-07-30 15:42:40,128 [INFO] IPUIPlugin:80 - create IPUIPlugin
2026-07-30 15:42:40,128 [INFO] IPUIPlugin:80 - create IPUIPlugin
2026-07-30 15:42:40,129 [INFO] IPUIPlugin:80 - create IPUIPlugin
2026-07-30 15:42:40,129 [INFO] IPUIPlugin:80 - create IPUIPlugin
2026-07-30 15:42:40,129 [INFO] IPUIPlugin:80 - create IPUIPlugin
2026-07-30 15:42:40,129 [INFO] IPUIPlugin:80 - create IPUIPlugin
2026-07-30 15:42:40,130 [INFO] IPUIPlugin:80 - create IPUIPlugin
2026-07-30 15:42:40,130 [INFO] IPUIPlugin:80 - create IPUIPlugin
2026-07-30 15:42:40,130 [INFO] IPUIPlugin:80 - create IPUIPlugin
2026-07-30 15:42:40,131 [INFO] IPUIPlugin:80 - create IPUIPlugin
2026-07-30 15:42:40,131 [INFO] IPUIPlugin:80 - create IPUIPlugin
2026-07-30 15:42:40,131 [INFO] IPUIPlugin:80 - create IPUIPlugin
2026-07-30 15:42:40,132 [INFO] IPUIPlugin:80 - create IPUIPlugin
2026-07-30 15:42:40,132 [INFO] IPUIPlugin:80 - create IPUIPlugin
2026-07-30 15:42:40,132 [INFO] IPUIPlugin:80 - create IPUIPlugin
2026-07-30 15:42:40,236 [INFO] CADModel:165 - CPN selected for project levelSTM32L4S5VIT6
2026-07-30 15:42:40,236 [INFO] CADModel:114 - Register for checkConnection events
2026-07-30 15:42:40,405 [INFO] OpenFileManager:386 - Restore cursor
2026-07-30 15:42:40,930 [WARN] IP:2250 - MaxTran not found: check if there is a RefParameter without a condition.
2026-07-30 15:42:40,930 [WARN] IP:2250 - Refresh not found: check if there is a RefParameter without a condition.
2026-07-30 15:42:40,931 [WARN] IP:2250 - MaxTran not found: check if there is a RefParameter without a condition.
2026-07-30 15:42:40,931 [WARN] IP:2250 - Refresh not found: check if there is a RefParameter without a condition.
2026-07-30 15:42:42,028 [INFO] UtilMem:75 - End SaveConfig() Used Memory: 935922752 Bytes (1073741824)
2026-07-30 15:42:42,185 [INFO] UtilMem:75 - End SaveConfig() Used Memory: 953748552 Bytes (1073741824)
2026-07-30 15:42:42,634 [INFO] BlockDiagram:2775 - set Specific Code input for plugin: SPI
2026-07-30 15:42:42,634 [INFO] BlockDiagram:2775 - set Specific Code input for plugin: SPI
2026-07-30 15:42:42,634 [INFO] BlockDiagram:2775 - set Specific Code input for plugin: DFSDM
2026-07-30 15:42:42,634 [INFO] BlockDiagram:2775 - set Specific Code input for plugin: SYS
2026-07-30 15:42:42,634 [INFO] BlockDiagram:2775 - set Specific Code input for plugin: ADC
2026-07-30 15:42:42,634 [INFO] BlockDiagram:2775 - set Specific Code input for plugin: RCC
2026-07-30 15:42:42,634 [INFO] BlockDiagram:2775 - set Specific Code input for plugin: I2C
2026-07-30 15:42:42,634 [INFO] BlockDiagram:2775 - set Specific Code input for plugin: I2C
2026-07-30 15:42:42,634 [INFO] BlockDiagram:2775 - set Specific Code input for plugin: USB_OTG_FS
2026-07-30 15:42:42,634 [INFO] BlockDiagram:2775 - set Specific Code input for plugin: NVIC
2026-07-30 15:42:42,634 [INFO] BlockDiagram:2775 - set Specific Code input for plugin: USART
2026-07-30 15:42:42,634 [INFO] BlockDiagram:2775 - set Specific Code input for plugin: USART
2026-07-30 15:42:42,634 [INFO] BlockDiagram:2775 - set Specific Code input for plugin: USART
2026-07-30 15:42:42,634 [INFO] BlockDiagram:2775 - set Specific Code input for plugin: OCTOSPI
2026-07-30 15:42:42,634 [INFO] BlockDiagram:2775 - set Specific Code input for plugin: UART
2026-07-30 15:42:42,635 [INFO] BlockDiagram:2775 - set Specific Code input for plugin: GPIO
2026-07-30 15:42:42,636 [INFO] CodeGenerator:892 - code generatio: config db path: C:\ST\STM32CubeIDE_1.19.0\STM32CubeIDE\plugins\com.st.stm32cube.common.mx_6.15.0.202507011659\\db\
2026-07-30 15:42:42,718 [WARN] IP:2250 - MaxTran not found: check if there is a RefParameter without a condition.
2026-07-30 15:42:42,718 [WARN] IP:2250 - Refresh not found: check if there is a RefParameter without a condition.
2026-07-30 15:42:42,866 [INFO] CodeEngine:265 - oldGeneratedFile, D:\Anusha_TinyML_FDP\TinyML_Workshop_Nitte-\STM32\OnBoard_IMU_Inference_Code_ResourcePerson\MXTmpFiles\license.tmp_save
2026-07-30 15:42:43,273 [INFO] CodeEngine:289 - Generated code: D:\Anusha_TinyML_FDP\TinyML_Workshop_Nitte-\STM32\OnBoard_IMU_Inference_Code_ResourcePerson\MXTmpFiles\license.tmp
2026-07-30 15:42:43,584 [INFO] CodeEngine:265 - oldGeneratedFile, D:\Anusha_TinyML_FDP\TinyML_Workshop_Nitte-\STM32\OnBoard_IMU_Inference_Code_ResourcePerson\MXTmpFiles\gpio.tmp_save
2026-07-30 15:42:43,794 [INFO] CodeEngine:289 - Generated code: D:\Anusha_TinyML_FDP\TinyML_Workshop_Nitte-\STM32\OnBoard_IMU_Inference_Code_ResourcePerson\MXTmpFiles\gpio.tmp
2026-07-30 15:42:47,215 [WARN] IPConfigManager:103 - WARNING: Missing Config File for USB ip!!
2026-07-30 15:42:47,413 [WARN] IPConfigManager:3238 - Warning: the RefConfig PWREx_EnableUSBVoltageDetector is not available in your config.xml file
2026-07-30 15:42:47,441 [INFO] CodeEngine:265 - oldGeneratedFile, D:\Anusha_TinyML_FDP\TinyML_Workshop_Nitte-\STM32\OnBoard_IMU_Inference_Code_ResourcePerson\Core\Src\stm32l4xx_it.c_save
2026-07-30 15:42:47,676 [INFO] CodeEngine:289 - Generated code: D:\Anusha_TinyML_FDP\TinyML_Workshop_Nitte-\STM32\OnBoard_IMU_Inference_Code_ResourcePerson\Core\Src\stm32l4xx_it.c
2026-07-30 15:42:47,680 [INFO] CodeEngine:265 - oldGeneratedFile, D:\Anusha_TinyML_FDP\TinyML_Workshop_Nitte-\STM32\OnBoard_IMU_Inference_Code_ResourcePerson\Core\Inc\stm32l4xx_it.h_save
2026-07-30 15:42:47,766 [INFO] CodeEngine:289 - Generated code: D:\Anusha_TinyML_FDP\TinyML_Workshop_Nitte-\STM32\OnBoard_IMU_Inference_Code_ResourcePerson\Core\Inc\stm32l4xx_it.h
2026-07-30 15:42:47,782 [INFO] CodeEngine:265 - oldGeneratedFile, D:\Anusha_TinyML_FDP\TinyML_Workshop_Nitte-\STM32\OnBoard_IMU_Inference_Code_ResourcePerson\Core\Src\stm32l4xx_hal_msp.c_save
2026-07-30 15:42:47,989 [INFO] CodeEngine:289 - Generated code: D:\Anusha_TinyML_FDP\TinyML_Workshop_Nitte-\STM32\OnBoard_IMU_Inference_Code_ResourcePerson\Core\Src\stm32l4xx_hal_msp.c
2026-07-30 15:42:47,994 [INFO] CodeEngine:265 - oldGeneratedFile, D:\Anusha_TinyML_FDP\TinyML_Workshop_Nitte-\STM32\OnBoard_IMU_Inference_Code_ResourcePerson\MXTmpFiles\system.tmp_save
2026-07-30 15:42:48,072 [INFO] CodeEngine:289 - Generated code: D:\Anusha_TinyML_FDP\TinyML_Workshop_Nitte-\STM32\OnBoard_IMU_Inference_Code_ResourcePerson\MXTmpFiles\system.tmp
2026-07-30 15:42:48,083 [INFO] CodeEngine:321 - oldGeneratedFile, D:\Anusha_TinyML_FDP\TinyML_Workshop_Nitte-\STM32\OnBoard_IMU_Inference_Code_ResourcePerson\Core\Inc\stm32l4xx_hal_conf.h_save
2026-07-30 15:42:48,165 [INFO] CodeEngine:345 - Generated code: D:\Anusha_TinyML_FDP\TinyML_Workshop_Nitte-\STM32\OnBoard_IMU_Inference_Code_ResourcePerson\Core\Inc\stm32l4xx_hal_conf.h
2026-07-30 15:42:48,202 [INFO] ApiDbMcu:532 - Load IP Config File for ADC1
2026-07-30 15:42:48,218 [INFO] ApiDbMcu:532 - Load IP Config File for DFSDM1
2026-07-30 15:42:48,224 [INFO] ApiDbMcu:532 - Load IP Config File for I2C1
2026-07-30 15:42:48,230 [INFO] ApiDbMcu:532 - Load IP Config File for I2C2
2026-07-30 15:42:48,234 [INFO] ApiDbMcu:532 - Load IP Config File for OCTOSPI1
2026-07-30 15:42:48,238 [INFO] ApiDbMcu:532 - Load IP Config File for SPI1
2026-07-30 15:42:48,242 [INFO] ApiDbMcu:532 - Load IP Config File for SPI3
2026-07-30 15:42:48,256 [INFO] ApiDbMcu:532 - Load IP Config File for UART4
2026-07-30 15:42:48,271 [INFO] ApiDbMcu:532 - Load IP Config File for USART1
2026-07-30 15:42:48,284 [INFO] ApiDbMcu:532 - Load IP Config File for USART2
2026-07-30 15:42:48,298 [INFO] ApiDbMcu:532 - Load IP Config File for USART3
2026-07-30 15:42:48,299 [ERROR] ApiDbMcu:560 - Cannot parse USB_OTG_FS_Config file : file do not exist
2026-07-30 15:42:48,299 [ERROR] ApiDbMcu:560 - Cannot parse USB_OTG_FS_Config file : file do not exist
2026-07-30 15:42:48,303 [INFO] ApiDbMcu:532 - Load IP Config File for RCC
2026-07-30 15:42:48,307 [WARN] IPConfigManager:3811 - IP not found : USB_OTG
2026-07-30 15:42:48,308 [WARN] CodeGenerator:4259 - IP not found : null
2026-07-30 15:42:48,315 [INFO] CodeEngine:265 - oldGeneratedFile, D:\Anusha_TinyML_FDP\TinyML_Workshop_Nitte-\STM32\OnBoard_IMU_Inference_Code_ResourcePerson\Core\Inc\main.h_save
2026-07-30 15:42:48,436 [INFO] CodeEngine:289 - Generated code: D:\Anusha_TinyML_FDP\TinyML_Workshop_Nitte-\STM32\OnBoard_IMU_Inference_Code_ResourcePerson\Core\Inc\main.h
2026-07-30 15:42:48,440 [INFO] CodeEngine:265 - oldGeneratedFile, D:\Anusha_TinyML_FDP\TinyML_Workshop_Nitte-\STM32\OnBoard_IMU_Inference_Code_ResourcePerson\Core\Src\main.c_save
2026-07-30 15:42:48,599 [INFO] CodeEngine:289 - Generated code: D:\Anusha_TinyML_FDP\TinyML_Workshop_Nitte-\STM32\OnBoard_IMU_Inference_Code_ResourcePerson\Core\Src\main.c
2026-07-30 15:42:49,048 [INFO] ProjectBuilder:3606 - Time for Copy HAL[1] : 244mS.
2026-07-30 15:42:49,052 [INFO] ProjectBuilder:5216 - Project Generator version: 4.7.0-B52
2026-07-30 15:42:49,137 [INFO] ConfigFileManager:1595 - The Die is : DIE470
2026-07-30 15:42:49,141 [INFO] ApiDbMcu:532 - Load IP Config File for FATFS
2026-07-30 15:42:49,147 [INFO] ApiDbMcu:532 - Load IP Config File for FREERTOS
2026-07-30 15:42:49,161 [INFO] ApiDbMcu:532 - Load IP Config File for TOUCHSENSING
2026-07-30 15:42:49,166 [INFO] ApiDbMcu:532 - Load IP Config File for USB_DEVICE
2026-07-30 15:42:49,170 [INFO] ApiDbMcu:532 - Load IP Config File for USB_HOST
2026-07-30 15:42:51,386 [INFO] ProjectBuilder:5496 - Time for Generating toolchain IDE Files: 2334mS.
2026-07-30 15:42:51,387 [INFO] ProjectBuilder:3463 - Time for Copy CMSIS : 1mS.
2026-07-30 15:42:51,388 [INFO] ProjectBuilder:3463 - Time for Copy CMSIS : 0mS.
2026-07-30 15:42:52,390 [INFO] McuFinderGlobals:76 - Set McuFinderConnectedMode to true
2026-07-30 15:42:52,393 [INFO] ApiDb:448 - Save user favorites file C:\Users\ADMIN/.stm32cubeide/favorites.mcus.txt: 0 item(s)
2026-07-30 15:42:52,394 [INFO] ApiDb:452 - User favorites MCUs=[]
2026-07-30 15:42:52,395 [INFO] ApiDb:448 - Save user favorites file C:\Users\ADMIN/.stm32cubeide/favorites.boards.txt: 0 item(s)
2026-07-30 15:42:52,395 [INFO] ApiDb:452 - User favorites Boards=[]
2026-07-30 15:43:49,226 [INFO] I2cTimingTraitement:330 - 0x30A175AB
2026-07-30 15:44:49,763 [INFO] ApiDbMcu:532 - Load IP Config File for STMicroelectronics.X-CUBE-AI.10.2.1
2026-07-30 15:44:50,178 [WARN] SupportedApi:132 - Cannot load RTOS API schema: s4s-elt-must-match.1: The content of 'definitions' must match (annotation?, (simpleType | complexType)?, (unique | key | keyref)*)). A problem was found starting at: attribute.
2026-07-30 15:44:51,786 [INFO] IPUIPlugin:80 - create IPUIPlugin
2026-07-30 15:44:52,579 [INFO] I2cTimingTraitement:330 - 0x30A175AB
2026-07-30 15:45:03,326 [INFO] UtilMem:75 - End SaveConfig() Used Memory: 847367968 Bytes (1073741824)
2026-07-30 15:45:03,745 [ERROR] AI:1656 - Unable to save AI parameter because instance is null
2026-07-30 15:45:03,817 [INFO] AIMainUI:1269 - Restoring parameters from IP...
2026-07-30 15:45:03,817 [INFO] AIMainUI:1392 - No old model detected
2026-07-30 15:45:05,413 [INFO] UtilMem:75 - End SaveConfig() Used Memory: 1002557216 Bytes (1073741824)
2026-07-30 15:45:07,146 [INFO] UtilMem:75 - End SaveConfig() Used Memory: 519305920 Bytes (1073741824)
2026-07-30 15:45:08,365 [INFO] BlockDiagram:2775 - set Specific Code input for plugin: SYS
2026-07-30 15:45:08,365 [INFO] BlockDiagram:2775 - set Specific Code input for plugin: RCC
2026-07-30 15:45:08,365 [INFO] BlockDiagram:2775 - set Specific Code input for plugin: I2C
2026-07-30 15:45:08,365 [INFO] BlockDiagram:2775 - set Specific Code input for plugin: NVIC
2026-07-30 15:45:08,365 [INFO] BlockDiagram:2775 - set Specific Code input for plugin: USART
2026-07-30 15:45:08,366 [INFO] BlockDiagram:2775 - set Specific Code input for plugin: GPIO
2026-07-30 15:45:08,367 [INFO] CodeGenerator:892 - code generatio: config db path: C:\ST\STM32CubeIDE_1.19.0\STM32CubeIDE\plugins\com.st.stm32cube.common.mx_6.15.0.202507011659\\db\
2026-07-30 15:45:09,070 [INFO] IP:3329 - RTE Config file name : RTE_Component
2026-07-30 15:45:09,070 [INFO] IP:3347 - RTE template : RTE_Components.ftl
2026-07-30 15:45:09,080 [INFO] CodeEngine:265 - oldGeneratedFile, D:\Anusha_TinyML_FDP\TinyML_Workshop_Nitte-\STM32\OnBoard_IMU_Inference_Code_ResourcePerson\MXTmpFiles\license.tmp_save
2026-07-30 15:45:09,350 [INFO] CodeEngine:289 - Generated code: D:\Anusha_TinyML_FDP\TinyML_Workshop_Nitte-\STM32\OnBoard_IMU_Inference_Code_ResourcePerson\MXTmpFiles\license.tmp
2026-07-30 15:45:09,381 [INFO] CodeEngine:265 - oldGeneratedFile, D:\Anusha_TinyML_FDP\TinyML_Workshop_Nitte-\STM32\OnBoard_IMU_Inference_Code_ResourcePerson\MXTmpFiles\gpio.tmp_save
2026-07-30 15:45:09,598 [INFO] CodeEngine:289 - Generated code: D:\Anusha_TinyML_FDP\TinyML_Workshop_Nitte-\STM32\OnBoard_IMU_Inference_Code_ResourcePerson\MXTmpFiles\gpio.tmp
2026-07-30 15:45:09,716 [INFO] CodeEngine:265 - oldGeneratedFile, D:\Anusha_TinyML_FDP\TinyML_Workshop_Nitte-\STM32\OnBoard_IMU_Inference_Code_ResourcePerson\Core\Src\stm32l4xx_it.c_save
2026-07-30 15:45:09,908 [INFO] CodeEngine:289 - Generated code: D:\Anusha_TinyML_FDP\TinyML_Workshop_Nitte-\STM32\OnBoard_IMU_Inference_Code_ResourcePerson\Core\Src\stm32l4xx_it.c
2026-07-30 15:45:09,915 [INFO] CodeEngine:265 - oldGeneratedFile, D:\Anusha_TinyML_FDP\TinyML_Workshop_Nitte-\STM32\OnBoard_IMU_Inference_Code_ResourcePerson\Core\Inc\stm32l4xx_it.h_save
2026-07-30 15:45:10,060 [INFO] CodeEngine:289 - Generated code: D:\Anusha_TinyML_FDP\TinyML_Workshop_Nitte-\STM32\OnBoard_IMU_Inference_Code_ResourcePerson\Core\Inc\stm32l4xx_it.h
2026-07-30 15:45:10,080 [INFO] CodeEngine:265 - oldGeneratedFile, D:\Anusha_TinyML_FDP\TinyML_Workshop_Nitte-\STM32\OnBoard_IMU_Inference_Code_ResourcePerson\Core\Src\stm32l4xx_hal_msp.c_save
2026-07-30 15:45:10,318 [INFO] CodeEngine:289 - Generated code: D:\Anusha_TinyML_FDP\TinyML_Workshop_Nitte-\STM32\OnBoard_IMU_Inference_Code_ResourcePerson\Core\Src\stm32l4xx_hal_msp.c
2026-07-30 15:45:10,324 [INFO] CodeEngine:265 - oldGeneratedFile, D:\Anusha_TinyML_FDP\TinyML_Workshop_Nitte-\STM32\OnBoard_IMU_Inference_Code_ResourcePerson\MXTmpFiles\system.tmp_save
2026-07-30 15:45:10,472 [INFO] CodeEngine:289 - Generated code: D:\Anusha_TinyML_FDP\TinyML_Workshop_Nitte-\STM32\OnBoard_IMU_Inference_Code_ResourcePerson\MXTmpFiles\system.tmp
2026-07-30 15:45:10,485 [INFO] CodeEngine:321 - oldGeneratedFile, D:\Anusha_TinyML_FDP\TinyML_Workshop_Nitte-\STM32\OnBoard_IMU_Inference_Code_ResourcePerson\Core\Inc\stm32l4xx_hal_conf.h_save
2026-07-30 15:45:10,634 [INFO] CodeEngine:345 - Generated code: D:\Anusha_TinyML_FDP\TinyML_Workshop_Nitte-\STM32\OnBoard_IMU_Inference_Code_ResourcePerson\Core\Inc\stm32l4xx_hal_conf.h
2026-07-30 15:45:10,665 [INFO] CodeEngine:265 - oldGeneratedFile, D:\Anusha_TinyML_FDP\TinyML_Workshop_Nitte-\STM32\OnBoard_IMU_Inference_Code_ResourcePerson\Core\Inc\main.h_save
2026-07-30 15:45:10,804 [INFO] CodeEngine:289 - Generated code: D:\Anusha_TinyML_FDP\TinyML_Workshop_Nitte-\STM32\OnBoard_IMU_Inference_Code_ResourcePerson\Core\Inc\main.h
2026-07-30 15:45:10,812 [INFO] CodeEngine:265 - oldGeneratedFile, D:\Anusha_TinyML_FDP\TinyML_Workshop_Nitte-\STM32\OnBoard_IMU_Inference_Code_ResourcePerson\Core\Src\main.c_save
2026-07-30 15:45:10,985 [INFO] CodeEngine:289 - Generated code: D:\Anusha_TinyML_FDP\TinyML_Workshop_Nitte-\STM32\OnBoard_IMU_Inference_Code_ResourcePerson\Core\Src\main.c
2026-07-30 15:45:11,675 [INFO] ProjectBuilder:3606 - Time for Copy HAL[1] : 165mS.
2026-07-30 15:45:11,678 [INFO] ProjectBuilder:5216 - Project Generator version: 4.7.0-B52
2026-07-30 15:45:11,783 [INFO] ConfigFileManager:1595 - The Die is : DIE470
2026-07-30 15:45:13,077 [INFO] ProjectBuilder:5496 - Time for Generating toolchain IDE Files: 1399mS.
2026-07-30 15:45:13,078 [INFO] ProjectBuilder:3463 - Time for Copy CMSIS : 1mS.
2026-07-30 15:45:13,080 [INFO] ProjectBuilder:3463 - Time for Copy CMSIS : 0mS.
2026-07-30 15:45:53,619 [INFO] AI:955 - getUI adding AI com.st.microxplorer.plugins.ip.ai.AI@7db794b9 on STMicroelectronics.X-CUBE-AI.10.2.1
2026-07-30 15:45:56,428 [INFO] AInterface:116 - AInterface using toolDir: C:/Users/ADMIN/STM32Cube/Repository//Packs/STMicroelectronics/X-CUBE-AI/10.2.1/Utilities/windows
2026-07-30 15:45:56,524 [INFO] AIModelDetailledView:2264 - Analysis status: -
2026-07-30 15:45:56,525 [INFO] AIModelDetailledView:898 - Selected model: Keras
2026-07-30 15:46:00,196 [INFO] AIModelDetailledView:898 - Selected model: ONNX
2026-07-30 15:48:44,361 [INFO] AIModelDetailledView:898 - Selected model: ONNX
2026-07-30 15:49:51,412 [INFO] AInterface:259 - ModelName:network; files:[D:\Anusha_TinyML_FDP\TinyML_Workshop_Nitte-\ONNX\random_forest_model.onnx]; type:ONNX; compression:None
2026-07-30 15:49:51,414 [INFO] AInterface:526 - workspaceTempDir: C:/Users/ADMIN/AppData/Local/Temp/mxAI_workspace90048663970928014883346529341143687
2026-07-30 15:49:51,415 [INFO] AInterface:1179 - Setting Env: C:/Users/ADMIN/STM32Cube/Repository//Packs/STMicroelectronics/X-CUBE-AI/10.2.1/Utilities/windows
2026-07-30 15:49:51,430 [INFO] STM32CubeIDEBuilder:265 - Looking for gnu-tools-for-stm32 tools/bin/arm-none-eabi-gcc.exe in C:\ST\STM32CubeIDE_1.19.0\STM32CubeIDE
2026-07-30 15:49:51,433 [INFO] STM32CubeIDEBuilder:294 - checking C:\ST\STM32CubeIDE_1.19.0\STM32CubeIDE\plugins\com.st.stm32cube.ide.mcu.externaltools.gnu-tools-for-stm32.13.3.rel1.win32_1.0.0.202411081344\tools\bin\arm-none-eabi-gcc.exe
2026-07-30 15:49:51,433 [INFO] STM32CubeIDEBuilder:297 - ret=C:\ST\STM32CubeIDE_1.19.0\STM32CubeIDE\plugins\com.st.stm32cube.ide.mcu.externaltools.gnu-tools-for-stm32.13.3.rel1.win32_1.0.0.202411081344\tools\bin\arm-none-eabi-gcc.exe
2026-07-30 15:49:51,433 [INFO] STM32CubeIDEBuilder:311 - returning C:\ST\STM32CubeIDE_1.19.0\STM32CubeIDE\plugins\com.st.stm32cube.ide.mcu.externaltools.gnu-tools-for-stm32.13.3.rel1.win32_1.0.0.202411081344\tools\bin\arm-none-eabi-gcc.exe
2026-07-30 15:49:51,434 [INFO] AInterface:1236 - Custom PATH variable: C:/Users/ADMIN/STM32Cube/Repository//Packs/STMicroelectronics/X-CUBE-AI/10.2.1/Utilities/windows;C:/Users/ADMIN/STM32Cube/Repository//Packs/STMicroelectronics/X-CUBE-AI/10.2.1/Utilities/windows/mingw64/bin;C:/Users/ADMIN/STM32Cube/Repository//Packs/STMicroelectronics/X-CUBE-AI/10.2.1/Utilities/windows/mingw64/libexec/gcc/x86_64-w64-mingw32/7.3.0;;C:\ST\STM32CubeIDE_1.19.0\STM32CubeIDE\plugins\com.st.stm32cube.ide.mcu.externaltools.gnu-tools-for-stm32.13.3.rel1.win32_1.0.0.202411081344\tools\bin
2026-07-30 15:49:51,436 [INFO] CmdLine:115 - Command: C:/Users/ADMIN/STM32Cube/Repository//Packs/STMicroelectronics/X-CUBE-AI/10.2.1/Utilities/windows/stedgeai.exe analyze --target stm32l4 --name network -m D:/Anusha_TinyML_FDP/TinyML_Workshop_Nitte-/ONNX/random_forest_model.onnx --compression none --verbosity 1 --workspace C:/Users/ADMIN/AppData/Local/Temp/mxAI_workspace90048663970928014883346529341143687 --output C:/Users/ADMIN/.stm32cubemx/network_output
2026-07-30 15:49:51,442 [INFO] AIModelDetailledView:2264 - Analysis status: pending
2026-07-30 15:49:52,257 [INFO] CmdLine:76 - ST Edge AI Core v2.2.0-20266 2adc00962
2026-07-30 15:50:09,092 [INFO] CmdLine:76 - Creating c (debug) info json file C:\Users\ADMIN\.stm32cubemx\network_output\network_c_info.json
2026-07-30 15:50:09,252 [INFO] CmdLine:76 -  
2026-07-30 15:50:09,253 [INFO] CmdLine:76 -  Exec/report summary (analyze)
2026-07-30 15:50:09,253 [INFO] CmdLine:76 -  -------------------------------------------------------------------------------------------------------------
2026-07-30 15:50:09,253 [INFO] CmdLine:76 -  model file         :   D:\Anusha_TinyML_FDP\TinyML_Workshop_Nitte-\ONNX\random_forest_model.onnx             
2026-07-30 15:50:09,253 [INFO] CmdLine:76 -  type               :   onnx                                                                                  
2026-07-30 15:50:09,254 [INFO] CmdLine:76 -  c_name             :   network                                                                               
2026-07-30 15:50:09,254 [INFO] CmdLine:76 -  compression        :   none                                                                                  
2026-07-30 15:50:09,254 [INFO] CmdLine:76 -  options            :   allocate-inputs, allocate-outputs                                                     
2026-07-30 15:50:09,254 [INFO] CmdLine:76 -  optimization       :   balanced                                                                              
2026-07-30 15:50:09,254 [INFO] CmdLine:76 -  target/series      :   stm32l4                                                                               
2026-07-30 15:50:09,255 [INFO] CmdLine:76 -  workspace dir      :   C:\Users\ADMIN\AppData\Local\Temp\mxAI_workspace90048663970928014883346529341143687   
2026-07-30 15:50:09,255 [INFO] CmdLine:76 -  output dir         :   C:\Users\ADMIN\.stm32cubemx\network_output                                            
2026-07-30 15:50:09,255 [INFO] CmdLine:76 -  model_fmt          :   undefined                                                                             
2026-07-30 15:50:09,258 [INFO] CmdLine:76 -  model_name         :   random_forest_model                                                                   
2026-07-30 15:50:09,258 [INFO] CmdLine:76 -  model_hash         :   0xee61876666aff892376c0a5906476d28                                                    
2026-07-30 15:50:09,258 [INFO] CmdLine:76 -  params #           :   490,367 items (1.18 MiB)                                                              
2026-07-30 15:50:09,259 [INFO] CmdLine:76 -  -------------------------------------------------------------------------------------------------------------
2026-07-30 15:50:09,259 [INFO] CmdLine:76 -  input 1/1          :   'float_input', f32(1x1x6), 24 Bytes, activations                                      
2026-07-30 15:50:09,259 [INFO] CmdLine:76 -  output 1/2         :   'label0', int32(1x1), 4 Bytes, activations                                            
2026-07-30 15:50:09,259 [INFO] CmdLine:76 -  output 2/2         :   'output_probability', f32(1x1x5x2), 40 Bytes, activations                             
2026-07-30 15:50:09,260 [INFO] CmdLine:76 -  outputs (total)    :   44 Bytes                                                                              
2026-07-30 15:50:09,260 [INFO] CmdLine:76 -  macc               :   1,306                                                                                 
2026-07-30 15:50:09,260 [INFO] CmdLine:76 -  weights (ro)       :   1,236,440 B (1.18 MiB) (1 segment) / -725,028(-37.0%) vs float model                  
2026-07-30 15:50:09,260 [INFO] CmdLine:76 -  activations (rw)   :   64 B (64 B) (1 segment) *                                                             
2026-07-30 15:50:09,260 [INFO] CmdLine:76 -  ram (total)        :   64 B (64 B) = 64 + 0 + 0                                                              
2026-07-30 15:50:09,261 [INFO] CmdLine:76 -  -------------------------------------------------------------------------------------------------------------
2026-07-30 15:50:09,261 [INFO] CmdLine:76 -  (*) 'input'/'output' buffers are allocated in the activations buffer
2026-07-30 15:50:09,313 [INFO] CmdLine:76 - Computing AI RT data/code size (target=stm32l4)..
2026-07-30 15:50:11,781 [INFO] CmdLine:76 -  Model name - random_forest_model
2026-07-30 15:50:11,782 [INFO] CmdLine:76 -  ------ -------------------------------- ---------------- ------------------- ------- --------------
2026-07-30 15:50:11,783 [INFO] CmdLine:76 -  m_id   layer (original)                 oshape           param/size             macc   connected to
2026-07-30 15:50:11,783 [INFO] CmdLine:76 -  ------ -------------------------------- ---------------- ------------------- ------- --------------
2026-07-30 15:50:11,783 [INFO] CmdLine:76 -  0      float_input ()                   [h:1,c:6]
2026-07-30 15:50:11,784 [INFO] CmdLine:76 -  ------ -------------------------------- ---------------- ------------------- ------- --------------
2026-07-30 15:50:11,786 [INFO] CmdLine:76 -  1      label (TreeEnsembleClassifier)   [c:1][h:1,c:5]   490,362/1,236,432     1,306    float_input
2026-07-30 15:50:11,786 [INFO] CmdLine:76 -  ------ -------------------------------- ---------------- ------------------- ------- --------------
2026-07-30 15:50:11,787 [INFO] CmdLine:76 -  2      output_label (Cast)              [c:1]                                      2          label
2026-07-30 15:50:11,787 [INFO] CmdLine:76 -  ------ -------------------------------- ---------------- ------------------- ------- --------------
2026-07-30 15:50:11,788 [INFO] CmdLine:76 -  3      output_probability (ZipMap)      [h:1,w:5,c:2]    5/5                                  label
2026-07-30 15:50:11,788 [INFO] CmdLine:76 -  ------ -------------------------------- ---------------- ------------------- ------- --------------
2026-07-30 15:50:11,788 [INFO] CmdLine:76 -  model: macc=1,308 weights=1,236,437 activations=-- io=--
2026-07-30 15:50:11,789 [INFO] CmdLine:76 -  Number of operations per c-layer
2026-07-30 15:50:11,789 [INFO] CmdLine:76 -  ------- ------ -------------------------------- ------- -------------
2026-07-30 15:50:11,789 [INFO] CmdLine:76 -  c_id    m_id   name (type)                          #op          type
2026-07-30 15:50:11,790 [INFO] CmdLine:76 -  ------- ------ -------------------------------- ------- -------------
2026-07-30 15:50:11,790 [INFO] CmdLine:76 -  0       1      label (TreeEnsembleClassifier)     1,306   smul_f32_s8
2026-07-30 15:50:11,793 [INFO] CmdLine:76 -  1       3      output_probability (ZipMap)            0   smul_f32_s8
2026-07-30 15:50:11,794 [INFO] CmdLine:76 -  ------- ------ -------------------------------- ------- -------------
2026-07-30 15:50:11,794 [INFO] CmdLine:76 -  total                                             1,306
2026-07-30 15:50:11,794 [INFO] CmdLine:76 -  Number of operation types
2026-07-30 15:50:11,795 [INFO] CmdLine:76 -  ---------------- ------- -----------
2026-07-30 15:50:11,795 [INFO] CmdLine:76 -  operation type         #           %
2026-07-30 15:50:11,795 [INFO] CmdLine:76 -  ---------------- ------- -----------
2026-07-30 15:50:11,795 [INFO] CmdLine:76 -  smul_f32_s8        1,306      100.0%
2026-07-30 15:50:11,795 [INFO] CmdLine:76 -  Complexity report (model)
2026-07-30 15:50:11,796 [INFO] CmdLine:76 -  ------ -------------------- ------------------------- ------------------------- ------
2026-07-30 15:50:11,796 [INFO] CmdLine:76 -  m_id   name                 c_macc                    c_rom                     c_id
2026-07-30 15:50:11,796 [INFO] CmdLine:76 -  ------ -------------------- ------------------------- ------------------------- ------
2026-07-30 15:50:11,797 [INFO] CmdLine:76 -  1      label                |||||||||||||||| 100.0%   |||||||||||||||| 100.0%   [0]
2026-07-30 15:50:11,797 [INFO] CmdLine:76 -  3      output_probability   |                  0.0%   |                  0.0%   [1]
2026-07-30 15:50:11,797 [INFO] CmdLine:76 -  ------ -------------------- ------------------------- ------------------------- ------
2026-07-30 15:50:11,797 [INFO] CmdLine:76 -  macc=1,306 weights=1,236,440 act=64 ram_io=0
2026-07-30 15:50:11,797 [INFO] CmdLine:76 -  Requested memory size by section - "stm32l4" target
2026-07-30 15:50:11,798 [INFO] CmdLine:76 -  ------------------------------ ------- ----------- ------- -----
2026-07-30 15:50:11,798 [INFO] CmdLine:76 -  module                            text      rodata    data   bss
2026-07-30 15:50:11,798 [INFO] CmdLine:76 -  ------------------------------ ------- ----------- ------- -----
2026-07-30 15:50:11,799 [INFO] CmdLine:76 -  NetworkRuntime1020_CM4_GCC.a     5,508           0       0     0
2026-07-30 15:50:11,799 [INFO] CmdLine:76 -  network.o                          692          16   1,768   172
2026-07-30 15:50:11,799 [INFO] CmdLine:76 -  network_data.o                      48          16      88     0
2026-07-30 15:50:11,799 [INFO] CmdLine:76 -  lib (toolchain)*                     0           0       0     0
2026-07-30 15:50:11,800 [INFO] CmdLine:76 -  ------------------------------ ------- ----------- ------- -----
2026-07-30 15:50:11,800 [INFO] CmdLine:76 -  RT total**                       6,248          32   1,856   172
2026-07-30 15:50:11,800 [INFO] CmdLine:76 -  ------------------------------ ------- ----------- ------- -----
2026-07-30 15:50:11,800 [INFO] CmdLine:76 -  weights                              0   1,236,440       0     0
2026-07-30 15:50:11,801 [INFO] CmdLine:76 -  activations                          0           0       0    64
2026-07-30 15:50:11,801 [INFO] CmdLine:76 -  io                                   0           0       0     0
2026-07-30 15:50:11,801 [INFO] CmdLine:76 -  ------------------------------ ------- ----------- ------- -----
2026-07-30 15:50:11,801 [INFO] CmdLine:76 -  TOTAL                            6,248   1,236,472   1,856   236
2026-07-30 15:50:11,802 [INFO] CmdLine:76 -  ------------------------------ ------- ----------- ------- -----
2026-07-30 15:50:11,802 [INFO] CmdLine:76 -  *  toolchain objects (libm/libgcc*)
2026-07-30 15:50:11,802 [INFO] CmdLine:76 -  ** RT AI runtime objects (kernels+infrastructure)
2026-07-30 15:50:11,803 [INFO] CmdLine:76 -   Summary - "stm32l4" target
2026-07-30 15:50:11,804 [INFO] CmdLine:76 -   --------------------------------------------------
2026-07-30 15:50:11,804 [INFO] CmdLine:76 -                FLASH (ro)     %*   RAM (rw)       %
2026-07-30 15:50:11,805 [INFO] CmdLine:76 -   --------------------------------------------------
2026-07-30 15:50:11,805 [INFO] CmdLine:76 -   RT total          8,136   0.7%      2,028   96.9%
2026-07-30 15:50:11,806 [INFO] CmdLine:76 -   --------------------------------------------------
2026-07-30 15:50:11,806 [INFO] CmdLine:76 -   TOTAL         1,244,576             2,092
2026-07-30 15:50:11,806 [INFO] CmdLine:76 -   --------------------------------------------------
2026-07-30 15:50:11,806 [INFO] CmdLine:76 -   *  rt/total
2026-07-30 15:50:11,806 [INFO] CmdLine:76 - Creating txt report file C:\Users\ADMIN\.stm32cubemx\network_output\network_analyze_report.txt
2026-07-30 15:50:23,885 [INFO] CmdLine:76 - elapsed time (analyze): 31.627s
2026-07-30 15:50:24,513 [INFO] CmdLine:148 - stedgeai exit with status: 0
2026-07-30 15:50:24,656 [INFO] AIModelDetailledView:1077 - Model file:      random_forest_model.onnx
2026-07-30 15:50:24,657 [INFO] AIModelDetailledView:1077 - Total Flash:     1244576 B (1.19 MiB)
2026-07-30 15:50:24,657 [INFO] AIModelDetailledView:1077 -     Weights:     1236440 B (1.18 MiB)
2026-07-30 15:50:24,658 [INFO] AIModelDetailledView:1077 -     Library:     8136 B (7.95 KiB)
2026-07-30 15:50:24,659 [INFO] AIModelDetailledView:1077 - Total Ram:       2092 B (2.04 KiB)
2026-07-30 15:50:24,659 [INFO] AIModelDetailledView:1077 -     Activations: 64 B
2026-07-30 15:50:24,659 [INFO] AIModelDetailledView:1077 -     Library:     2028 B (1.98 KiB)
2026-07-30 15:50:24,659 [INFO] AIModelDetailledView:1077 -     Input:       24 B (included in Activations)
2026-07-30 15:50:24,659 [INFO] AIModelDetailledView:1077 -     Output:      44 B (included in Activations)
2026-07-30 15:50:24,659 [INFO] AIModelDetailledView:1077 - Done
2026-07-30 15:50:24,660 [INFO] AIModelDetailledView:2598 - Analyze complete on AI model
2026-07-30 15:50:24,805 [INFO] AIModelDetailledView:2264 - Analysis status: done
2026-07-30 15:52:21,400 [INFO] UtilMem:75 - End SaveConfig() Used Memory: 999871376 Bytes (1073741824)
2026-07-30 15:52:21,590 [INFO] AIModelDetailledView:2264 - Analysis status: -
2026-07-30 15:52:21,590 [INFO] AInterface:259 - ModelName:network; files:[D:\Anusha_TinyML_FDP\TinyML_Workshop_Nitte-\ONNX\random_forest_model.onnx]; type:ONNX; compression:None
2026-07-30 15:52:21,591 [INFO] AInterface:526 - workspaceTempDir: C:/Users/ADMIN/AppData/Local/Temp/mxAI_workspace90050165748630004616328452508788092
2026-07-30 15:52:21,592 [INFO] AInterface:1179 - Setting Env: C:/Users/ADMIN/STM32Cube/Repository//Packs/STMicroelectronics/X-CUBE-AI/10.2.1/Utilities/windows
2026-07-30 15:52:21,596 [INFO] STM32CubeIDEBuilder:265 - Looking for gnu-tools-for-stm32 tools/bin/arm-none-eabi-gcc.exe in C:\ST\STM32CubeIDE_1.19.0\STM32CubeIDE
2026-07-30 15:52:21,599 [INFO] STM32CubeIDEBuilder:294 - checking C:\ST\STM32CubeIDE_1.19.0\STM32CubeIDE\plugins\com.st.stm32cube.ide.mcu.externaltools.gnu-tools-for-stm32.13.3.rel1.win32_1.0.0.202411081344\tools\bin\arm-none-eabi-gcc.exe
2026-07-30 15:52:21,599 [INFO] STM32CubeIDEBuilder:297 - ret=C:\ST\STM32CubeIDE_1.19.0\STM32CubeIDE\plugins\com.st.stm32cube.ide.mcu.externaltools.gnu-tools-for-stm32.13.3.rel1.win32_1.0.0.202411081344\tools\bin\arm-none-eabi-gcc.exe
2026-07-30 15:52:21,599 [INFO] STM32CubeIDEBuilder:311 - returning C:\ST\STM32CubeIDE_1.19.0\STM32CubeIDE\plugins\com.st.stm32cube.ide.mcu.externaltools.gnu-tools-for-stm32.13.3.rel1.win32_1.0.0.202411081344\tools\bin\arm-none-eabi-gcc.exe
2026-07-30 15:52:21,600 [INFO] AInterface:1236 - Custom PATH variable: C:/Users/ADMIN/STM32Cube/Repository//Packs/STMicroelectronics/X-CUBE-AI/10.2.1/Utilities/windows;C:/Users/ADMIN/STM32Cube/Repository//Packs/STMicroelectronics/X-CUBE-AI/10.2.1/Utilities/windows/mingw64/bin;C:/Users/ADMIN/STM32Cube/Repository//Packs/STMicroelectronics/X-CUBE-AI/10.2.1/Utilities/windows/mingw64/libexec/gcc/x86_64-w64-mingw32/7.3.0;;C:\ST\STM32CubeIDE_1.19.0\STM32CubeIDE\plugins\com.st.stm32cube.ide.mcu.externaltools.gnu-tools-for-stm32.13.3.rel1.win32_1.0.0.202411081344\tools\bin
2026-07-30 15:52:21,602 [INFO] CmdLine:115 - Command: C:/Users/ADMIN/STM32Cube/Repository//Packs/STMicroelectronics/X-CUBE-AI/10.2.1/Utilities/windows/stedgeai.exe analyze --target stm32l4 --name network -m D:/Anusha_TinyML_FDP/TinyML_Workshop_Nitte-/ONNX/random_forest_model.onnx --compression none --verbosity 1 --workspace C:/Users/ADMIN/AppData/Local/Temp/mxAI_workspace90050165748630004616328452508788092 --output C:/Users/ADMIN/.stm32cubemx/network_output
2026-07-30 15:52:21,603 [INFO] AIModelDetailledView:2264 - Analysis status: pending
2026-07-30 15:52:22,330 [INFO] CmdLine:76 - ST Edge AI Core v2.2.0-20266 2adc00962
2026-07-30 15:52:38,188 [INFO] CmdLine:76 - Creating c (debug) info json file C:\Users\ADMIN\.stm32cubemx\network_output\network_c_info.json
2026-07-30 15:52:38,355 [INFO] CmdLine:76 -  
2026-07-30 15:52:38,356 [INFO] CmdLine:76 -  Exec/report summary (analyze)
2026-07-30 15:52:38,356 [INFO] CmdLine:76 -  -------------------------------------------------------------------------------------------------------------
2026-07-30 15:52:38,356 [INFO] CmdLine:76 -  model file         :   D:\Anusha_TinyML_FDP\TinyML_Workshop_Nitte-\ONNX\random_forest_model.onnx             
2026-07-30 15:52:38,356 [INFO] CmdLine:76 -  type               :   onnx                                                                                  
2026-07-30 15:52:38,356 [INFO] CmdLine:76 -  c_name             :   network                                                                               
2026-07-30 15:52:38,356 [INFO] CmdLine:76 -  compression        :   none                                                                                  
2026-07-30 15:52:38,356 [INFO] CmdLine:76 -  options            :   allocate-inputs, allocate-outputs                                                     
2026-07-30 15:52:38,356 [INFO] CmdLine:76 -  optimization       :   balanced                                                                              
2026-07-30 15:52:38,356 [INFO] CmdLine:76 -  target/series      :   stm32l4                                                                               
2026-07-30 15:52:38,356 [INFO] CmdLine:76 -  workspace dir      :   C:\Users\ADMIN\AppData\Local\Temp\mxAI_workspace90050165748630004616328452508788092   
2026-07-30 15:52:38,356 [INFO] CmdLine:76 -  output dir         :   C:\Users\ADMIN\.stm32cubemx\network_output                                            
2026-07-30 15:52:38,357 [INFO] CmdLine:76 -  model_fmt          :   undefined                                                                             
2026-07-30 15:52:38,357 [INFO] CmdLine:76 -  model_name         :   random_forest_model                                                                   
2026-07-30 15:52:38,357 [INFO] CmdLine:76 -  model_hash         :   0xee61876666aff892376c0a5906476d28                                                    
2026-07-30 15:52:38,357 [INFO] CmdLine:76 -  params #           :   490,367 items (1.18 MiB)                                                              
2026-07-30 15:52:38,357 [INFO] CmdLine:76 -  -------------------------------------------------------------------------------------------------------------
2026-07-30 15:52:38,357 [INFO] CmdLine:76 -  input 1/1          :   'float_input', f32(1x1x6), 24 Bytes, activations                                      
2026-07-30 15:52:38,357 [INFO] CmdLine:76 -  output 1/2         :   'label0', int32(1x1), 4 Bytes, activations                                            
2026-07-30 15:52:38,357 [INFO] CmdLine:76 -  output 2/2         :   'output_probability', f32(1x1x5x2), 40 Bytes, activations                             
2026-07-30 15:52:38,357 [INFO] CmdLine:76 -  outputs (total)    :   44 Bytes                                                                              
2026-07-30 15:52:38,357 [INFO] CmdLine:76 -  macc               :   1,306                                                                                 
2026-07-30 15:52:38,357 [INFO] CmdLine:76 -  weights (ro)       :   1,236,440 B (1.18 MiB) (1 segment) / -725,028(-37.0%) vs float model                  
2026-07-30 15:52:38,358 [INFO] CmdLine:76 -  activations (rw)   :   64 B (64 B) (1 segment) *                                                             
2026-07-30 15:52:38,358 [INFO] CmdLine:76 -  ram (total)        :   64 B (64 B) = 64 + 0 + 0                                                              
2026-07-30 15:52:38,358 [INFO] CmdLine:76 -  -------------------------------------------------------------------------------------------------------------
2026-07-30 15:52:38,358 [INFO] CmdLine:76 -  (*) 'input'/'output' buffers are allocated in the activations buffer
2026-07-30 15:52:38,413 [INFO] CmdLine:76 - Computing AI RT data/code size (target=stm32l4)..
2026-07-30 15:52:41,027 [INFO] CmdLine:76 -  Model name - random_forest_model
2026-07-30 15:52:41,027 [INFO] CmdLine:76 -  ------ -------------------------------- ---------------- ------------------- ------- --------------
2026-07-30 15:52:41,028 [INFO] CmdLine:76 -  m_id   layer (original)                 oshape           param/size             macc   connected to
2026-07-30 15:52:41,028 [INFO] CmdLine:76 -  ------ -------------------------------- ---------------- ------------------- ------- --------------
2026-07-30 15:52:41,028 [INFO] CmdLine:76 -  0      float_input ()                   [h:1,c:6]
2026-07-30 15:52:41,028 [INFO] CmdLine:76 -  ------ -------------------------------- ---------------- ------------------- ------- --------------
2026-07-30 15:52:41,028 [INFO] CmdLine:76 -  1      label (TreeEnsembleClassifier)   [c:1][h:1,c:5]   490,362/1,236,432     1,306    float_input
2026-07-30 15:52:41,029 [INFO] CmdLine:76 -  ------ -------------------------------- ---------------- ------------------- ------- --------------
2026-07-30 15:52:41,029 [INFO] CmdLine:76 -  2      output_label (Cast)              [c:1]                                      2          label
2026-07-30 15:52:41,029 [INFO] CmdLine:76 -  ------ -------------------------------- ---------------- ------------------- ------- --------------
2026-07-30 15:52:41,029 [INFO] CmdLine:76 -  3      output_probability (ZipMap)      [h:1,w:5,c:2]    5/5                                  label
2026-07-30 15:52:41,029 [INFO] CmdLine:76 -  ------ -------------------------------- ---------------- ------------------- ------- --------------
2026-07-30 15:52:41,029 [INFO] CmdLine:76 -  model: macc=1,308 weights=1,236,437 activations=-- io=--
2026-07-30 15:52:41,030 [INFO] CmdLine:76 -  Number of operations per c-layer
2026-07-30 15:52:41,030 [INFO] CmdLine:76 -  ------- ------ -------------------------------- ------- -------------
2026-07-30 15:52:41,030 [INFO] CmdLine:76 -  c_id    m_id   name (type)                          #op          type
2026-07-30 15:52:41,030 [INFO] CmdLine:76 -  ------- ------ -------------------------------- ------- -------------
2026-07-30 15:52:41,030 [INFO] CmdLine:76 -  0       1      label (TreeEnsembleClassifier)     1,306   smul_f32_s8
2026-07-30 15:52:41,030 [INFO] CmdLine:76 -  1       3      output_probability (ZipMap)            0   smul_f32_s8
2026-07-30 15:52:41,030 [INFO] CmdLine:76 -  ------- ------ -------------------------------- ------- -------------
2026-07-30 15:52:41,030 [INFO] CmdLine:76 -  total                                             1,306
2026-07-30 15:52:41,030 [INFO] CmdLine:76 -  Number of operation types
2026-07-30 15:52:41,030 [INFO] CmdLine:76 -  ---------------- ------- -----------
2026-07-30 15:52:41,031 [INFO] CmdLine:76 -  operation type         #           %
2026-07-30 15:52:41,031 [INFO] CmdLine:76 -  ---------------- ------- -----------
2026-07-30 15:52:41,031 [INFO] CmdLine:76 -  smul_f32_s8        1,306      100.0%
2026-07-30 15:52:41,031 [INFO] CmdLine:76 -  Complexity report (model)
2026-07-30 15:52:41,031 [INFO] CmdLine:76 -  ------ -------------------- ------------------------- ------------------------- ------
2026-07-30 15:52:41,031 [INFO] CmdLine:76 -  m_id   name                 c_macc                    c_rom                     c_id
2026-07-30 15:52:41,031 [INFO] CmdLine:76 -  ------ -------------------- ------------------------- ------------------------- ------
2026-07-30 15:52:41,031 [INFO] CmdLine:76 -  1      label                |||||||||||||||| 100.0%   |||||||||||||||| 100.0%   [0]
2026-07-30 15:52:41,031 [INFO] CmdLine:76 -  3      output_probability   |                  0.0%   |                  0.0%   [1]
2026-07-30 15:52:41,032 [INFO] CmdLine:76 -  ------ -------------------- ------------------------- ------------------------- ------
2026-07-30 15:52:41,032 [INFO] CmdLine:76 -  macc=1,306 weights=1,236,440 act=64 ram_io=0
2026-07-30 15:52:41,032 [INFO] CmdLine:76 -  Requested memory size by section - "stm32l4" target
2026-07-30 15:52:41,032 [INFO] CmdLine:76 -  ------------------------------ ------- ----------- ------- -----
2026-07-30 15:52:41,032 [INFO] CmdLine:76 -  module                            text      rodata    data   bss
2026-07-30 15:52:41,032 [INFO] CmdLine:76 -  ------------------------------ ------- ----------- ------- -----
2026-07-30 15:52:41,032 [INFO] CmdLine:76 -  NetworkRuntime1020_CM4_GCC.a     5,508           0       0     0
2026-07-30 15:52:41,032 [INFO] CmdLine:76 -  network.o                          692          16   1,768   172
2026-07-30 15:52:41,032 [INFO] CmdLine:76 -  network_data.o                      48          16      88     0
2026-07-30 15:52:41,033 [INFO] CmdLine:76 -  lib (toolchain)*                     0           0       0     0
2026-07-30 15:52:41,033 [INFO] CmdLine:76 -  ------------------------------ ------- ----------- ------- -----
2026-07-30 15:52:41,033 [INFO] CmdLine:76 -  RT total**                       6,248          32   1,856   172
2026-07-30 15:52:41,033 [INFO] CmdLine:76 -  ------------------------------ ------- ----------- ------- -----
2026-07-30 15:52:41,033 [INFO] CmdLine:76 -  weights                              0   1,236,440       0     0
2026-07-30 15:52:41,033 [INFO] CmdLine:76 -  activations                          0           0       0    64
2026-07-30 15:52:41,033 [INFO] CmdLine:76 -  io                                   0           0       0     0
2026-07-30 15:52:41,033 [INFO] CmdLine:76 -  ------------------------------ ------- ----------- ------- -----
2026-07-30 15:52:41,033 [INFO] CmdLine:76 -  TOTAL                            6,248   1,236,472   1,856   236
2026-07-30 15:52:41,033 [INFO] CmdLine:76 -  ------------------------------ ------- ----------- ------- -----
2026-07-30 15:52:41,034 [INFO] CmdLine:76 -  *  toolchain objects (libm/libgcc*)
2026-07-30 15:52:41,034 [INFO] CmdLine:76 -  ** RT AI runtime objects (kernels+infrastructure)
2026-07-30 15:52:41,034 [INFO] CmdLine:76 -   Summary - "stm32l4" target
2026-07-30 15:52:41,034 [INFO] CmdLine:76 -   --------------------------------------------------
2026-07-30 15:52:41,034 [INFO] CmdLine:76 -                FLASH (ro)     %*   RAM (rw)       %
2026-07-30 15:52:41,034 [INFO] CmdLine:76 -   --------------------------------------------------
2026-07-30 15:52:41,034 [INFO] CmdLine:76 -   RT total          8,136   0.7%      2,028   96.9%
2026-07-30 15:52:41,034 [INFO] CmdLine:76 -   --------------------------------------------------
2026-07-30 15:52:41,034 [INFO] CmdLine:76 -   TOTAL         1,244,576             2,092
2026-07-30 15:52:41,035 [INFO] CmdLine:76 -   --------------------------------------------------
2026-07-30 15:52:41,035 [INFO] CmdLine:76 -   *  rt/total
2026-07-30 15:52:41,035 [INFO] CmdLine:76 - Creating txt report file C:\Users\ADMIN\.stm32cubemx\network_output\network_analyze_report.txt
2026-07-30 15:52:42,067 [INFO] CmdLine:76 - elapsed time (analyze): 19.737s
2026-07-30 15:52:42,669 [INFO] CmdLine:148 - stedgeai exit with status: 0
2026-07-30 15:52:42,834 [INFO] AIModelDetailledView:2598 - Analyze complete on AI model
2026-07-30 15:52:42,837 [INFO] AIModelDetailledView:2264 - Analysis status: done
2026-07-30 15:52:42,849 [ERROR] LogOutputStream:75 - [STDERR_REDIRECT] Exception in thread "AWT-EventQueue-0" java.lang.ClassCastException: class javax.swing.SwingUtilities$SharedOwnerFrame cannot be cast to class com.st.microxplorer.maingui.MainFrame (javax.swing.SwingUtilities$SharedOwnerFrame is in module java.desktop of loader 'bootstrap'; com.st.microxplorer.maingui.MainFrame is in unnamed module of loader org.eclipse.osgi.internal.loader.EquinoxClassLoader @701d2b59)
2026-07-30 15:52:42,851 [ERROR] LogOutputStream:75 - [STDERR_REDIRECT] 	at com.st.microxplorer.plugins.ip.ai.model.AIAdvancedSettingsData.saveSettings(AIAdvancedSettingsData.java:655)
2026-07-30 15:52:42,853 [ERROR] LogOutputStream:75 - [STDERR_REDIRECT] 	at com.st.microxplorer.plugins.ip.ai.model.AIAdvancedSettingsData.cmdSaveSettings(AIAdvancedSettingsData.java:527)
2026-07-30 15:52:42,855 [ERROR] LogOutputStream:75 - [STDERR_REDIRECT] 	at com.st.microxplorer.plugins.ip.ai.gui.AIModelDetailledView.saveData(AIModelDetailledView.java:471)
2026-07-30 15:52:42,939 [ERROR] LogOutputStream:75 - [STDERR_REDIRECT] 	at com.st.microxplorer.plugins.ip.ai.gui.AIMainUI.saveModelDataNeededForGeneration(AIMainUI.java:912)
2026-07-30 15:52:42,942 [ERROR] LogOutputStream:75 - [STDERR_REDIRECT] 	at com.st.microxplorer.plugins.ip.ai.gui.AITopWindow.saveModelsData(AITopWindow.java:253)
2026-07-30 15:52:42,943 [ERROR] LogOutputStream:75 - [STDERR_REDIRECT] 	at com.st.microxplorer.plugins.ip.ai.AI.propertyChange(AI.java:1654)
2026-07-30 15:52:42,945 [ERROR] LogOutputStream:75 - [STDERR_REDIRECT] 	at java.desktop/java.beans.PropertyChangeSupport.fire(PropertyChangeSupport.java:343)
2026-07-30 15:52:42,947 [ERROR] LogOutputStream:75 - [STDERR_REDIRECT] 	at java.desktop/java.beans.PropertyChangeSupport.firePropertyChange(PropertyChangeSupport.java:335)
2026-07-30 15:52:42,948 [ERROR] LogOutputStream:75 - [STDERR_REDIRECT] 	at java.desktop/java.beans.PropertyChangeSupport.firePropertyChange(PropertyChangeSupport.java:268)
2026-07-30 15:52:42,950 [ERROR] LogOutputStream:75 - [STDERR_REDIRECT] 	at com.st.microxplorer.util.MXPropertyChangeSupport.firePropertyChange(MXPropertyChangeSupport.java:54)
2026-07-30 15:52:42,952 [ERROR] LogOutputStream:75 - [STDERR_REDIRECT] 	at com.st.microxplorer.mxsystem.MxSystem.completeSaveConfig(MxSystem.java:843)
2026-07-30 15:52:42,955 [ERROR] LogOutputStream:75 - [STDERR_REDIRECT] 	at com.st.microxplorer.plugins.filemanager.engine.SaveFileManager.saveConfiguration(SaveFileManager.java:125)
2026-07-30 15:52:42,958 [ERROR] LogOutputStream:75 - [STDERR_REDIRECT] 	at com.st.microxplorer.plugins.filemanager.engine.MainFileManager.userSaveConfig(MainFileManager.java:482)
2026-07-30 15:52:42,960 [ERROR] LogOutputStream:75 - [STDERR_REDIRECT] 	at com.st.microxplorer.plugins.filemanager.FileManagerView.getSpecificTask(FileManagerView.java:280)
2026-07-30 15:52:42,962 [ERROR] LogOutputStream:75 - [STDERR_REDIRECT] 	at com.st.stm32cube.common.mx.editor.CubeMxEditor$9.run(CubeMxEditor.java:690)
2026-07-30 15:52:42,964 [ERROR] LogOutputStream:75 - [STDERR_REDIRECT] 	at com.st.stm32cube.common.mx.oss.core.awtswtbridge.AwtEnvironment$2.run(AwtEnvironment.java:166)
2026-07-30 15:52:42,966 [ERROR] LogOutputStream:75 - [STDERR_REDIRECT] 	at java.desktop/java.awt.event.InvocationEvent.dispatch(InvocationEvent.java:318)
2026-07-30 15:52:42,968 [ERROR] LogOutputStream:75 - [STDERR_REDIRECT] 	at java.desktop/java.awt.EventQueue.dispatchEventImpl(EventQueue.java:773)
2026-07-30 15:52:42,970 [ERROR] LogOutputStream:75 - [STDERR_REDIRECT] 	at java.desktop/java.awt.EventQueue$4.run(EventQueue.java:720)
2026-07-30 15:52:42,972 [ERROR] LogOutputStream:75 - [STDERR_REDIRECT] 	at java.desktop/java.awt.EventQueue$4.run(EventQueue.java:714)
2026-07-30 15:52:42,973 [ERROR] LogOutputStream:75 - [STDERR_REDIRECT] 	at java.base/java.security.AccessController.doPrivileged(AccessController.java:400)
2026-07-30 15:52:42,975 [ERROR] LogOutputStream:75 - [STDERR_REDIRECT] 	at java.base/java.security.ProtectionDomain$JavaSecurityAccessImpl.doIntersectionPrivilege(ProtectionDomain.java:87)
2026-07-30 15:52:42,976 [ERROR] LogOutputStream:75 - [STDERR_REDIRECT] 	at java.desktop/java.awt.EventQueue.dispatchEvent(EventQueue.java:742)
2026-07-30 15:52:42,977 [ERROR] LogOutputStream:75 - [STDERR_REDIRECT] 	at java.desktop/java.awt.EventDispatchThread.pumpOneEventForFilters(EventDispatchThread.java:203)
2026-07-30 15:52:42,979 [ERROR] LogOutputStream:75 - [STDERR_REDIRECT] 	at java.desktop/java.awt.EventDispatchThread.pumpEventsForFilter(EventDispatchThread.java:124)
2026-07-30 15:52:42,981 [ERROR] LogOutputStream:75 - [STDERR_REDIRECT] 	at java.desktop/java.awt.EventDispatchThread.pumpEventsForHierarchy(EventDispatchThread.java:113)
2026-07-30 15:52:42,982 [ERROR] LogOutputStream:75 - [STDERR_REDIRECT] 	at java.desktop/java.awt.EventDispatchThread.pumpEvents(EventDispatchThread.java:109)
2026-07-30 15:52:42,983 [ERROR] LogOutputStream:75 - [STDERR_REDIRECT] 	at java.desktop/java.awt.EventDispatchThread.pumpEvents(EventDispatchThread.java:101)
2026-07-30 15:52:42,984 [ERROR] LogOutputStream:75 - [STDERR_REDIRECT] 	at java.desktop/java.awt.EventDispatchThread.run(EventDispatchThread.java:90)
2026-07-30 15:53:00,522 [INFO] UtilMem:75 - End SaveConfig() Used Memory: 525918152 Bytes (1073741824)
2026-07-30 15:53:06,531 [INFO] UtilMem:75 - End SaveConfig() Used Memory: 716232648 Bytes (1073741824)
2026-07-30 15:53:06,790 [INFO] UtilMem:75 - End SaveConfig() Used Memory: 779673544 Bytes (1073741824)
2026-07-30 15:53:07,604 [INFO] BlockDiagram:2775 - set Specific Code input for plugin: SYS
2026-07-30 15:53:07,604 [INFO] BlockDiagram:2775 - set Specific Code input for plugin: RCC
2026-07-30 15:53:07,604 [INFO] BlockDiagram:2775 - set Specific Code input for plugin: I2C
2026-07-30 15:53:07,604 [INFO] BlockDiagram:2775 - set Specific Code input for plugin: NVIC
2026-07-30 15:53:07,604 [INFO] BlockDiagram:2775 - set Specific Code input for plugin: USART
2026-07-30 15:53:07,604 [INFO] BlockDiagram:2775 - set Specific Code input for plugin: STMicroelectronics.X-CUBE-AI.10.2.1
2026-07-30 15:53:07,604 [INFO] BlockDiagram:2775 - set Specific Code input for plugin: GPIO
2026-07-30 15:53:07,606 [INFO] CodeGenerator:892 - code generatio: config db path: C:\ST\STM32CubeIDE_1.19.0\STM32CubeIDE\plugins\com.st.stm32cube.common.mx_6.15.0.202507011659\\db\
2026-07-30 15:53:07,814 [INFO] IP:3329 - RTE Config file name : RTE_Component
2026-07-30 15:53:07,814 [INFO] IP:3347 - RTE template : RTE_Components.ftl
2026-07-30 15:53:07,823 [INFO] CodeEngine:265 - oldGeneratedFile, D:\Anusha_TinyML_FDP\TinyML_Workshop_Nitte-\STM32\OnBoard_IMU_Inference_Code_ResourcePerson\MXTmpFiles\license.tmp_save
2026-07-30 15:53:08,063 [INFO] CodeEngine:289 - Generated code: D:\Anusha_TinyML_FDP\TinyML_Workshop_Nitte-\STM32\OnBoard_IMU_Inference_Code_ResourcePerson\MXTmpFiles\license.tmp
2026-07-30 15:53:08,088 [INFO] CodeEngine:265 - oldGeneratedFile, D:\Anusha_TinyML_FDP\TinyML_Workshop_Nitte-\STM32\OnBoard_IMU_Inference_Code_ResourcePerson\MXTmpFiles\gpio.tmp_save
2026-07-30 15:53:08,271 [INFO] CodeEngine:289 - Generated code: D:\Anusha_TinyML_FDP\TinyML_Workshop_Nitte-\STM32\OnBoard_IMU_Inference_Code_ResourcePerson\MXTmpFiles\gpio.tmp
2026-07-30 15:53:08,430 [INFO] Middleware:1452 - No code input for Bsp Dependency
2026-07-30 15:53:08,433 [INFO] Middleware:1452 - No code input for Bsp Dependency
2026-07-30 15:53:08,447 [INFO] CodeEngine:265 - oldGeneratedFile, D:\Anusha_TinyML_FDP\TinyML_Workshop_Nitte-\STM32\OnBoard_IMU_Inference_Code_ResourcePerson\Core\Src\stm32l4xx_it.c_save
2026-07-30 15:53:08,622 [INFO] CodeEngine:289 - Generated code: D:\Anusha_TinyML_FDP\TinyML_Workshop_Nitte-\STM32\OnBoard_IMU_Inference_Code_ResourcePerson\Core\Src\stm32l4xx_it.c
2026-07-30 15:53:08,629 [INFO] CodeEngine:265 - oldGeneratedFile, D:\Anusha_TinyML_FDP\TinyML_Workshop_Nitte-\STM32\OnBoard_IMU_Inference_Code_ResourcePerson\Core\Inc\stm32l4xx_it.h_save
2026-07-30 15:53:08,749 [INFO] CodeEngine:289 - Generated code: D:\Anusha_TinyML_FDP\TinyML_Workshop_Nitte-\STM32\OnBoard_IMU_Inference_Code_ResourcePerson\Core\Inc\stm32l4xx_it.h
2026-07-30 15:53:08,765 [INFO] CodeEngine:265 - oldGeneratedFile, D:\Anusha_TinyML_FDP\TinyML_Workshop_Nitte-\STM32\OnBoard_IMU_Inference_Code_ResourcePerson\Core\Src\stm32l4xx_hal_msp.c_save
2026-07-30 15:53:08,949 [INFO] CodeEngine:289 - Generated code: D:\Anusha_TinyML_FDP\TinyML_Workshop_Nitte-\STM32\OnBoard_IMU_Inference_Code_ResourcePerson\Core\Src\stm32l4xx_hal_msp.c
2026-07-30 15:53:08,953 [INFO] CodeEngine:265 - oldGeneratedFile, D:\Anusha_TinyML_FDP\TinyML_Workshop_Nitte-\STM32\OnBoard_IMU_Inference_Code_ResourcePerson\MXTmpFiles\system.tmp_save
2026-07-30 15:53:09,075 [INFO] CodeEngine:289 - Generated code: D:\Anusha_TinyML_FDP\TinyML_Workshop_Nitte-\STM32\OnBoard_IMU_Inference_Code_ResourcePerson\MXTmpFiles\system.tmp
2026-07-30 15:53:09,086 [INFO] CodeEngine:321 - oldGeneratedFile, D:\Anusha_TinyML_FDP\TinyML_Workshop_Nitte-\STM32\OnBoard_IMU_Inference_Code_ResourcePerson\Core\Inc\stm32l4xx_hal_conf.h_save
2026-07-30 15:53:09,210 [INFO] CodeEngine:345 - Generated code: D:\Anusha_TinyML_FDP\TinyML_Workshop_Nitte-\STM32\OnBoard_IMU_Inference_Code_ResourcePerson\Core\Inc\stm32l4xx_hal_conf.h
2026-07-30 15:53:09,237 [INFO] CodeEngine:265 - oldGeneratedFile, D:\Anusha_TinyML_FDP\TinyML_Workshop_Nitte-\STM32\OnBoard_IMU_Inference_Code_ResourcePerson\Core\Inc\main.h_save
2026-07-30 15:53:09,355 [INFO] CodeEngine:289 - Generated code: D:\Anusha_TinyML_FDP\TinyML_Workshop_Nitte-\STM32\OnBoard_IMU_Inference_Code_ResourcePerson\Core\Inc\main.h
2026-07-30 15:53:09,361 [INFO] CodeEngine:265 - oldGeneratedFile, D:\Anusha_TinyML_FDP\TinyML_Workshop_Nitte-\STM32\OnBoard_IMU_Inference_Code_ResourcePerson\Core\Src\main.c_save
2026-07-30 15:53:09,521 [INFO] CodeEngine:289 - Generated code: D:\Anusha_TinyML_FDP\TinyML_Workshop_Nitte-\STM32\OnBoard_IMU_Inference_Code_ResourcePerson\Core\Src\main.c
2026-07-30 15:53:09,678 [INFO] AInterface:322 - ModelName:network; files:[D:\Anusha_TinyML_FDP\TinyML_Workshop_Nitte-\ONNX\random_forest_model.onnx]; type:ONNX; compression:None
2026-07-30 15:53:09,679 [INFO] AInterface:526 - workspaceTempDir: C:/Users/ADMIN/AppData/Local/Temp/mxAI_workspace9005064662221100557388217696504677
2026-07-30 15:53:09,679 [INFO] AInterface:1179 - Setting Env: C:/Users/ADMIN/STM32Cube/Repository//Packs/STMicroelectronics/X-CUBE-AI/10.2.1/Utilities/windows
2026-07-30 15:53:09,683 [INFO] STM32CubeIDEBuilder:265 - Looking for gnu-tools-for-stm32 tools/bin/arm-none-eabi-gcc.exe in C:\ST\STM32CubeIDE_1.19.0\STM32CubeIDE
2026-07-30 15:53:09,686 [INFO] STM32CubeIDEBuilder:294 - checking C:\ST\STM32CubeIDE_1.19.0\STM32CubeIDE\plugins\com.st.stm32cube.ide.mcu.externaltools.gnu-tools-for-stm32.13.3.rel1.win32_1.0.0.202411081344\tools\bin\arm-none-eabi-gcc.exe
2026-07-30 15:53:09,686 [INFO] STM32CubeIDEBuilder:297 - ret=C:\ST\STM32CubeIDE_1.19.0\STM32CubeIDE\plugins\com.st.stm32cube.ide.mcu.externaltools.gnu-tools-for-stm32.13.3.rel1.win32_1.0.0.202411081344\tools\bin\arm-none-eabi-gcc.exe
2026-07-30 15:53:09,686 [INFO] STM32CubeIDEBuilder:311 - returning C:\ST\STM32CubeIDE_1.19.0\STM32CubeIDE\plugins\com.st.stm32cube.ide.mcu.externaltools.gnu-tools-for-stm32.13.3.rel1.win32_1.0.0.202411081344\tools\bin\arm-none-eabi-gcc.exe
2026-07-30 15:53:09,687 [INFO] AInterface:1236 - Custom PATH variable: C:/Users/ADMIN/STM32Cube/Repository//Packs/STMicroelectronics/X-CUBE-AI/10.2.1/Utilities/windows;C:/Users/ADMIN/STM32Cube/Repository//Packs/STMicroelectronics/X-CUBE-AI/10.2.1/Utilities/windows/mingw64/bin;C:/Users/ADMIN/STM32Cube/Repository//Packs/STMicroelectronics/X-CUBE-AI/10.2.1/Utilities/windows/mingw64/libexec/gcc/x86_64-w64-mingw32/7.3.0;;C:\ST\STM32CubeIDE_1.19.0\STM32CubeIDE\plugins\com.st.stm32cube.ide.mcu.externaltools.gnu-tools-for-stm32.13.3.rel1.win32_1.0.0.202411081344\tools\bin
2026-07-30 15:53:09,689 [INFO] CmdLine:115 - Command: C:/Users/ADMIN/STM32Cube/Repository//Packs/STMicroelectronics/X-CUBE-AI/10.2.1/Utilities/windows/stedgeai.exe generate --target stm32l4 --name network -m D:/Anusha_TinyML_FDP/TinyML_Workshop_Nitte-/ONNX/random_forest_model.onnx --compression none --verbosity 1 --workspace C:/Users/ADMIN/AppData/Local/Temp/mxAI_workspace9005064662221100557388217696504677 --output C:/Users/ADMIN/.stm32cubemx/network_output
2026-07-30 15:53:09,690 [INFO] AIModelDetailledView:2264 - Analysis status: pending
2026-07-30 15:53:10,462 [INFO] CmdLine:76 - ST Edge AI Core v2.2.0-20266 2adc00962
2026-07-30 15:53:26,175 [INFO] CmdLine:76 - Creating c (debug) info json file C:\Users\ADMIN\.stm32cubemx\network_output\network_c_info.json
2026-07-30 15:53:26,337 [INFO] CmdLine:76 -  
2026-07-30 15:53:26,337 [INFO] CmdLine:76 -  Exec/report summary (generate)
2026-07-30 15:53:26,337 [INFO] CmdLine:76 -  ------------------------------------------------------------------------------------------------------------
2026-07-30 15:53:26,338 [INFO] CmdLine:76 -  model file         :   D:\Anusha_TinyML_FDP\TinyML_Workshop_Nitte-\ONNX\random_forest_model.onnx            
2026-07-30 15:53:26,338 [INFO] CmdLine:76 -  type               :   onnx                                                                                 
2026-07-30 15:53:26,338 [INFO] CmdLine:76 -  c_name             :   network                                                                              
2026-07-30 15:53:26,338 [INFO] CmdLine:76 -  compression        :   none                                                                                 
2026-07-30 15:53:26,338 [INFO] CmdLine:76 -  options            :   allocate-inputs, allocate-outputs                                                    
2026-07-30 15:53:26,338 [INFO] CmdLine:76 -  optimization       :   balanced                                                                             
2026-07-30 15:53:26,338 [INFO] CmdLine:76 -  target/series      :   stm32l4                                                                              
2026-07-30 15:53:26,338 [INFO] CmdLine:76 -  workspace dir      :   C:\Users\ADMIN\AppData\Local\Temp\mxAI_workspace9005064662221100557388217696504677   
2026-07-30 15:53:26,338 [INFO] CmdLine:76 -  output dir         :   C:\Users\ADMIN\.stm32cubemx\network_output                                           
2026-07-30 15:53:26,338 [INFO] CmdLine:76 -  model_fmt          :   undefined                                                                            
2026-07-30 15:53:26,338 [INFO] CmdLine:76 -  model_name         :   random_forest_model                                                                  
2026-07-30 15:53:26,338 [INFO] CmdLine:76 -  model_hash         :   0xee61876666aff892376c0a5906476d28                                                   
2026-07-30 15:53:26,339 [INFO] CmdLine:76 -  params #           :   490,367 items (1.18 MiB)                                                             
2026-07-30 15:53:26,339 [INFO] CmdLine:76 -  ------------------------------------------------------------------------------------------------------------
2026-07-30 15:53:26,339 [INFO] CmdLine:76 -  input 1/1          :   'float_input', f32(1x1x6), 24 Bytes, activations                                     
2026-07-30 15:53:26,339 [INFO] CmdLine:76 -  output 1/2         :   'label0', int32(1x1), 4 Bytes, activations                                           
2026-07-30 15:53:26,339 [INFO] CmdLine:76 -  output 2/2         :   'output_probability', f32(1x1x5x2), 40 Bytes, activations                            
2026-07-30 15:53:26,339 [INFO] CmdLine:76 -  outputs (total)    :   44 Bytes                                                                             
2026-07-30 15:53:26,339 [INFO] CmdLine:76 -  macc               :   1,306                                                                                
2026-07-30 15:53:26,339 [INFO] CmdLine:76 -  weights (ro)       :   1,236,440 B (1.18 MiB) (1 segment) / -725,028(-37.0%) vs float model                 
2026-07-30 15:53:26,339 [INFO] CmdLine:76 -  activations (rw)   :   64 B (64 B) (1 segment) *                                                            
2026-07-30 15:53:26,339 [INFO] CmdLine:76 -  ram (total)        :   64 B (64 B) = 64 + 0 + 0                                                             
2026-07-30 15:53:26,339 [INFO] CmdLine:76 -  ------------------------------------------------------------------------------------------------------------
2026-07-30 15:53:26,339 [INFO] CmdLine:76 -  (*) 'input'/'output' buffers are allocated in the activations buffer
2026-07-30 15:53:26,395 [INFO] CmdLine:76 - Computing AI RT data/code size (target=stm32l4)..
2026-07-30 15:53:29,003 [INFO] CmdLine:76 -  Requested memory size by section - "stm32l4" target
2026-07-30 15:53:29,004 [INFO] CmdLine:76 -  ------------------------------ ------- ----------- ------- -----
2026-07-30 15:53:29,004 [INFO] CmdLine:76 -  module                            text      rodata    data   bss
2026-07-30 15:53:29,004 [INFO] CmdLine:76 -  ------------------------------ ------- ----------- ------- -----
2026-07-30 15:53:29,005 [INFO] CmdLine:76 -  NetworkRuntime1020_CM4_GCC.a     5,508           0       0     0
2026-07-30 15:53:29,005 [INFO] CmdLine:76 -  network.o                          692          16   1,768   172
2026-07-30 15:53:29,005 [INFO] CmdLine:76 -  network_data.o                      48          16      88     0
2026-07-30 15:53:29,005 [INFO] CmdLine:76 -  lib (toolchain)*                     0           0       0     0
2026-07-30 15:53:29,005 [INFO] CmdLine:76 -  ------------------------------ ------- ----------- ------- -----
2026-07-30 15:53:29,005 [INFO] CmdLine:76 -  RT total**                       6,248          32   1,856   172
2026-07-30 15:53:29,005 [INFO] CmdLine:76 -  ------------------------------ ------- ----------- ------- -----
2026-07-30 15:53:29,005 [INFO] CmdLine:76 -  weights                              0   1,236,440       0     0
2026-07-30 15:53:29,005 [INFO] CmdLine:76 -  activations                          0           0       0    64
2026-07-30 15:53:29,005 [INFO] CmdLine:76 -  io                                   0           0       0     0
2026-07-30 15:53:29,006 [INFO] CmdLine:76 -  ------------------------------ ------- ----------- ------- -----
2026-07-30 15:53:29,006 [INFO] CmdLine:76 -  TOTAL                            6,248   1,236,472   1,856   236
2026-07-30 15:53:29,006 [INFO] CmdLine:76 -  ------------------------------ ------- ----------- ------- -----
2026-07-30 15:53:29,006 [INFO] CmdLine:76 -  *  toolchain objects (libm/libgcc*)
2026-07-30 15:53:29,006 [INFO] CmdLine:76 -  ** RT AI runtime objects (kernels+infrastructure)
2026-07-30 15:53:29,006 [INFO] CmdLine:76 -   Summary - "stm32l4" target
2026-07-30 15:53:29,006 [INFO] CmdLine:76 -   --------------------------------------------------
2026-07-30 15:53:29,006 [INFO] CmdLine:76 -                FLASH (ro)     %*   RAM (rw)       %
2026-07-30 15:53:29,006 [INFO] CmdLine:76 -   --------------------------------------------------
2026-07-30 15:53:29,006 [INFO] CmdLine:76 -   RT total          8,136   0.7%      2,028   96.9%
2026-07-30 15:53:29,006 [INFO] CmdLine:76 -   --------------------------------------------------
2026-07-30 15:53:29,006 [INFO] CmdLine:76 -   TOTAL         1,244,576             2,092
2026-07-30 15:53:29,007 [INFO] CmdLine:76 -   --------------------------------------------------
2026-07-30 15:53:29,007 [INFO] CmdLine:76 -   *  rt/total
2026-07-30 15:53:29,007 [INFO] CmdLine:76 -  Generated files (7)
2026-07-30 15:53:29,007 [INFO] CmdLine:76 -  ------------------------------------------------------------------
2026-07-30 15:53:29,008 [INFO] CmdLine:76 -  C:\Users\ADMIN\.stm32cubemx\network_output\network_data_params.h
2026-07-30 15:53:29,008 [INFO] CmdLine:76 -  C:\Users\ADMIN\.stm32cubemx\network_output\network_data_params.c
2026-07-30 15:53:29,008 [INFO] CmdLine:76 -  C:\Users\ADMIN\.stm32cubemx\network_output\network_data.h
2026-07-30 15:53:29,008 [INFO] CmdLine:76 -  C:\Users\ADMIN\.stm32cubemx\network_output\network_data.c
2026-07-30 15:53:29,008 [INFO] CmdLine:76 -  C:\Users\ADMIN\.stm32cubemx\network_output\network_config.h
2026-07-30 15:53:29,008 [INFO] CmdLine:76 -  C:\Users\ADMIN\.stm32cubemx\network_output\network.h
2026-07-30 15:53:29,008 [INFO] CmdLine:76 -  C:\Users\ADMIN\.stm32cubemx\network_output\network.c
2026-07-30 15:53:29,008 [INFO] CmdLine:76 - Creating txt report file C:\Users\ADMIN\.stm32cubemx\network_output\network_generate_report.txt
2026-07-30 15:53:40,369 [INFO] CmdLine:76 - elapsed time (generate): 29.907s
2026-07-30 15:53:40,982 [INFO] CmdLine:148 - stedgeai exit with status: 0
2026-07-30 15:53:41,132 [INFO] AIModelDetailledView:2264 - Analysis status: done
2026-07-30 15:53:41,552 [INFO] ProjectBuilder:3606 - Time for Copy HAL[1] : 169mS.
2026-07-30 15:53:41,552 [ERROR] Middleware:2950 - Invalid RefComponent list
2026-07-30 15:53:41,553 [ERROR] Middleware:2950 - Invalid RefComponent list
2026-07-30 15:53:41,553 [ERROR] Middleware:2950 - Invalid RefComponent list
2026-07-30 15:53:41,553 [ERROR] Middleware:2950 - Invalid RefComponent list
2026-07-30 15:53:41,553 [ERROR] Middleware:2950 - Invalid RefComponent list
2026-07-30 15:53:41,553 [ERROR] Middleware:2950 - Invalid RefComponent list
2026-07-30 15:53:41,553 [ERROR] Middleware:2950 - Invalid RefComponent list
2026-07-30 15:53:41,553 [ERROR] Middleware:2950 - Invalid RefComponent list
2026-07-30 15:53:41,553 [ERROR] Middleware:2950 - Invalid RefComponent list
2026-07-30 15:53:41,553 [ERROR] Middleware:2950 - Invalid RefComponent list
2026-07-30 15:53:41,553 [ERROR] Middleware:2950 - Invalid RefComponent list
2026-07-30 15:53:41,553 [ERROR] Middleware:2950 - Invalid RefComponent list
2026-07-30 15:53:41,553 [ERROR] Middleware:2950 - Invalid RefComponent list
2026-07-30 15:53:41,553 [ERROR] Middleware:2950 - Invalid RefComponent list
2026-07-30 15:53:41,553 [ERROR] Middleware:2950 - Invalid RefComponent list
2026-07-30 15:53:41,553 [ERROR] Middleware:2950 - Invalid RefComponent list
2026-07-30 15:53:41,553 [ERROR] Middleware:2950 - Invalid RefComponent list
2026-07-30 15:53:41,553 [ERROR] Middleware:2950 - Invalid RefComponent list
2026-07-30 15:53:41,553 [ERROR] Middleware:2950 - Invalid RefComponent list
2026-07-30 15:53:41,553 [ERROR] Middleware:2950 - Invalid RefComponent list
2026-07-30 15:53:41,553 [ERROR] Middleware:2950 - Invalid RefComponent list
2026-07-30 15:53:41,553 [ERROR] Middleware:2950 - Invalid RefComponent list
2026-07-30 15:53:41,553 [ERROR] Middleware:2950 - Invalid RefComponent list
2026-07-30 15:53:41,553 [ERROR] Middleware:2950 - Invalid RefComponent list
2026-07-30 15:53:41,553 [ERROR] Middleware:2950 - Invalid RefComponent list
2026-07-30 15:53:41,553 [ERROR] Middleware:2950 - Invalid RefComponent list
2026-07-30 15:53:41,553 [ERROR] Middleware:2950 - Invalid RefComponent list
2026-07-30 15:53:41,554 [ERROR] Middleware:2950 - Invalid RefComponent list
2026-07-30 15:53:41,554 [ERROR] Middleware:2950 - Invalid RefComponent list
2026-07-30 15:53:41,554 [ERROR] Middleware:2950 - Invalid RefComponent list
2026-07-30 15:53:41,554 [ERROR] Middleware:2950 - Invalid RefComponent list
2026-07-30 15:53:41,554 [ERROR] Middleware:2950 - Invalid RefComponent list
2026-07-30 15:53:41,554 [ERROR] Middleware:2950 - Invalid RefComponent list
2026-07-30 15:53:41,554 [ERROR] Middleware:2950 - Invalid RefComponent list
2026-07-30 15:53:41,554 [ERROR] Middleware:2950 - Invalid RefComponent list
2026-07-30 15:53:41,554 [ERROR] Middleware:2950 - Invalid RefComponent list
2026-07-30 15:53:41,554 [ERROR] Middleware:2950 - Invalid RefComponent list
2026-07-30 15:53:41,554 [ERROR] Middleware:2950 - Invalid RefComponent list
2026-07-30 15:53:41,554 [ERROR] Middleware:2950 - Invalid RefComponent list
2026-07-30 15:53:41,554 [ERROR] Middleware:2950 - Invalid RefComponent list
2026-07-30 15:53:41,554 [ERROR] Middleware:2950 - Invalid RefComponent list
2026-07-30 15:53:41,554 [ERROR] Middleware:2950 - Invalid RefComponent list
2026-07-30 15:53:41,554 [ERROR] Middleware:2950 - Invalid RefComponent list
2026-07-30 15:53:41,554 [ERROR] Middleware:2950 - Invalid RefComponent list
2026-07-30 15:53:41,554 [ERROR] Middleware:2950 - Invalid RefComponent list
2026-07-30 15:53:41,554 [ERROR] Middleware:2950 - Invalid RefComponent list
2026-07-30 15:53:41,554 [ERROR] Middleware:2950 - Invalid RefComponent list
2026-07-30 15:53:41,554 [ERROR] Middleware:2950 - Invalid RefComponent list
2026-07-30 15:53:41,554 [ERROR] Middleware:2950 - Invalid RefComponent list
2026-07-30 15:53:41,554 [ERROR] Middleware:2950 - Invalid RefComponent list
2026-07-30 15:53:41,558 [INFO] ProjectBuilder:5216 - Project Generator version: 4.7.0-B52
2026-07-30 15:53:41,647 [INFO] ConfigFileManager:1595 - The Die is : DIE470
2026-07-30 15:53:42,711 [INFO] ProjectBuilder:5496 - Time for Generating toolchain IDE Files: 1153mS.
2026-07-30 15:53:42,711 [INFO] ProjectBuilder:3463 - Time for Copy CMSIS : 0mS.
2026-07-30 15:53:42,713 [INFO] ProjectBuilder:3463 - Time for Copy CMSIS : 0mS.
2026-07-30 15:53:43,087 [INFO] UtilMem:75 - End SaveConfig() Used Memory: 478426880 Bytes (1073741824)
2026-07-30 15:53:46,559 [INFO] UtilMem:75 - End SaveConfig() Used Memory: 553924352 Bytes (1073741824)
2026-07-30 15:53:46,850 [INFO] UtilMem:75 - End SaveConfig() Used Memory: 599539456 Bytes (1073741824)
2026-07-30 15:53:47,067 [INFO] BlockDiagram:2775 - set Specific Code input for plugin: SYS
2026-07-30 15:53:47,067 [INFO] BlockDiagram:2775 - set Specific Code input for plugin: RCC
2026-07-30 15:53:47,067 [INFO] BlockDiagram:2775 - set Specific Code input for plugin: I2C
2026-07-30 15:53:47,067 [INFO] BlockDiagram:2775 - set Specific Code input for plugin: NVIC
2026-07-30 15:53:47,067 [INFO] BlockDiagram:2775 - set Specific Code input for plugin: USART
2026-07-30 15:53:47,067 [INFO] BlockDiagram:2775 - set Specific Code input for plugin: STMicroelectronics.X-CUBE-AI.10.2.1
2026-07-30 15:53:47,068 [INFO] BlockDiagram:2775 - set Specific Code input for plugin: GPIO
2026-07-30 15:53:47,070 [INFO] CodeGenerator:892 - code generatio: config db path: C:\ST\STM32CubeIDE_1.19.0\STM32CubeIDE\plugins\com.st.stm32cube.common.mx_6.15.0.202507011659\\db\
2026-07-30 15:53:47,154 [INFO] IP:3329 - RTE Config file name : RTE_Component
2026-07-30 15:53:47,154 [INFO] IP:3347 - RTE template : RTE_Components.ftl
2026-07-30 15:53:47,162 [INFO] CodeEngine:265 - oldGeneratedFile, D:\Anusha_TinyML_FDP\TinyML_Workshop_Nitte-\STM32\OnBoard_IMU_Inference_Code_ResourcePerson\MXTmpFiles\license.tmp_save
2026-07-30 15:53:47,232 [INFO] CodeEngine:289 - Generated code: D:\Anusha_TinyML_FDP\TinyML_Workshop_Nitte-\STM32\OnBoard_IMU_Inference_Code_ResourcePerson\MXTmpFiles\license.tmp
2026-07-30 15:53:47,254 [INFO] CodeEngine:265 - oldGeneratedFile, D:\Anusha_TinyML_FDP\TinyML_Workshop_Nitte-\STM32\OnBoard_IMU_Inference_Code_ResourcePerson\MXTmpFiles\gpio.tmp_save
2026-07-30 15:53:47,334 [INFO] CodeEngine:289 - Generated code: D:\Anusha_TinyML_FDP\TinyML_Workshop_Nitte-\STM32\OnBoard_IMU_Inference_Code_ResourcePerson\MXTmpFiles\gpio.tmp
2026-07-30 15:53:47,428 [INFO] Middleware:1452 - No code input for Bsp Dependency
2026-07-30 15:53:47,430 [INFO] Middleware:1452 - No code input for Bsp Dependency
2026-07-30 15:53:47,443 [INFO] CodeEngine:265 - oldGeneratedFile, D:\Anusha_TinyML_FDP\TinyML_Workshop_Nitte-\STM32\OnBoard_IMU_Inference_Code_ResourcePerson\Core\Src\stm32l4xx_it.c_save
2026-07-30 15:53:47,535 [INFO] CodeEngine:289 - Generated code: D:\Anusha_TinyML_FDP\TinyML_Workshop_Nitte-\STM32\OnBoard_IMU_Inference_Code_ResourcePerson\Core\Src\stm32l4xx_it.c
2026-07-30 15:53:47,540 [INFO] CodeEngine:265 - oldGeneratedFile, D:\Anusha_TinyML_FDP\TinyML_Workshop_Nitte-\STM32\OnBoard_IMU_Inference_Code_ResourcePerson\Core\Inc\stm32l4xx_it.h_save
2026-07-30 15:53:47,622 [INFO] CodeEngine:289 - Generated code: D:\Anusha_TinyML_FDP\TinyML_Workshop_Nitte-\STM32\OnBoard_IMU_Inference_Code_ResourcePerson\Core\Inc\stm32l4xx_it.h
2026-07-30 15:53:47,637 [INFO] CodeEngine:265 - oldGeneratedFile, D:\Anusha_TinyML_FDP\TinyML_Workshop_Nitte-\STM32\OnBoard_IMU_Inference_Code_ResourcePerson\Core\Src\stm32l4xx_hal_msp.c_save
2026-07-30 15:53:47,756 [INFO] CodeEngine:289 - Generated code: D:\Anusha_TinyML_FDP\TinyML_Workshop_Nitte-\STM32\OnBoard_IMU_Inference_Code_ResourcePerson\Core\Src\stm32l4xx_hal_msp.c
2026-07-30 15:53:47,761 [INFO] CodeEngine:265 - oldGeneratedFile, D:\Anusha_TinyML_FDP\TinyML_Workshop_Nitte-\STM32\OnBoard_IMU_Inference_Code_ResourcePerson\MXTmpFiles\system.tmp_save
2026-07-30 15:53:47,838 [INFO] CodeEngine:289 - Generated code: D:\Anusha_TinyML_FDP\TinyML_Workshop_Nitte-\STM32\OnBoard_IMU_Inference_Code_ResourcePerson\MXTmpFiles\system.tmp
2026-07-30 15:53:47,849 [INFO] CodeEngine:321 - oldGeneratedFile, D:\Anusha_TinyML_FDP\TinyML_Workshop_Nitte-\STM32\OnBoard_IMU_Inference_Code_ResourcePerson\Core\Inc\stm32l4xx_hal_conf.h_save
2026-07-30 15:53:47,922 [INFO] CodeEngine:345 - Generated code: D:\Anusha_TinyML_FDP\TinyML_Workshop_Nitte-\STM32\OnBoard_IMU_Inference_Code_ResourcePerson\Core\Inc\stm32l4xx_hal_conf.h
2026-07-30 15:53:47,944 [INFO] CodeEngine:265 - oldGeneratedFile, D:\Anusha_TinyML_FDP\TinyML_Workshop_Nitte-\STM32\OnBoard_IMU_Inference_Code_ResourcePerson\Core\Inc\main.h_save
2026-07-30 15:53:48,029 [INFO] CodeEngine:289 - Generated code: D:\Anusha_TinyML_FDP\TinyML_Workshop_Nitte-\STM32\OnBoard_IMU_Inference_Code_ResourcePerson\Core\Inc\main.h
2026-07-30 15:53:48,034 [INFO] CodeEngine:265 - oldGeneratedFile, D:\Anusha_TinyML_FDP\TinyML_Workshop_Nitte-\STM32\OnBoard_IMU_Inference_Code_ResourcePerson\Core\Src\main.c_save
2026-07-30 15:53:48,159 [INFO] CodeEngine:289 - Generated code: D:\Anusha_TinyML_FDP\TinyML_Workshop_Nitte-\STM32\OnBoard_IMU_Inference_Code_ResourcePerson\Core\Src\main.c
2026-07-30 15:53:48,397 [INFO] AInterface:322 - ModelName:network; files:[D:\Anusha_TinyML_FDP\TinyML_Workshop_Nitte-\ONNX\random_forest_model.onnx]; type:ONNX; compression:None
2026-07-30 15:53:48,398 [INFO] AInterface:526 - workspaceTempDir: C:/Users/ADMIN/AppData/Local/Temp/mxAI_workspace90051033816447002896189311007466613
2026-07-30 15:53:48,398 [INFO] AInterface:1179 - Setting Env: C:/Users/ADMIN/STM32Cube/Repository//Packs/STMicroelectronics/X-CUBE-AI/10.2.1/Utilities/windows
2026-07-30 15:53:48,403 [INFO] STM32CubeIDEBuilder:265 - Looking for gnu-tools-for-stm32 tools/bin/arm-none-eabi-gcc.exe in C:\ST\STM32CubeIDE_1.19.0\STM32CubeIDE
2026-07-30 15:53:48,405 [INFO] STM32CubeIDEBuilder:294 - checking C:\ST\STM32CubeIDE_1.19.0\STM32CubeIDE\plugins\com.st.stm32cube.ide.mcu.externaltools.gnu-tools-for-stm32.13.3.rel1.win32_1.0.0.202411081344\tools\bin\arm-none-eabi-gcc.exe
2026-07-30 15:53:48,406 [INFO] STM32CubeIDEBuilder:297 - ret=C:\ST\STM32CubeIDE_1.19.0\STM32CubeIDE\plugins\com.st.stm32cube.ide.mcu.externaltools.gnu-tools-for-stm32.13.3.rel1.win32_1.0.0.202411081344\tools\bin\arm-none-eabi-gcc.exe
2026-07-30 15:53:48,406 [INFO] STM32CubeIDEBuilder:311 - returning C:\ST\STM32CubeIDE_1.19.0\STM32CubeIDE\plugins\com.st.stm32cube.ide.mcu.externaltools.gnu-tools-for-stm32.13.3.rel1.win32_1.0.0.202411081344\tools\bin\arm-none-eabi-gcc.exe
2026-07-30 15:53:48,407 [INFO] AInterface:1236 - Custom PATH variable: C:/Users/ADMIN/STM32Cube/Repository//Packs/STMicroelectronics/X-CUBE-AI/10.2.1/Utilities/windows;C:/Users/ADMIN/STM32Cube/Repository//Packs/STMicroelectronics/X-CUBE-AI/10.2.1/Utilities/windows/mingw64/bin;C:/Users/ADMIN/STM32Cube/Repository//Packs/STMicroelectronics/X-CUBE-AI/10.2.1/Utilities/windows/mingw64/libexec/gcc/x86_64-w64-mingw32/7.3.0;;C:\ST\STM32CubeIDE_1.19.0\STM32CubeIDE\plugins\com.st.stm32cube.ide.mcu.externaltools.gnu-tools-for-stm32.13.3.rel1.win32_1.0.0.202411081344\tools\bin
2026-07-30 15:53:48,408 [INFO] CmdLine:115 - Command: C:/Users/ADMIN/STM32Cube/Repository//Packs/STMicroelectronics/X-CUBE-AI/10.2.1/Utilities/windows/stedgeai.exe generate --target stm32l4 --name network -m D:/Anusha_TinyML_FDP/TinyML_Workshop_Nitte-/ONNX/random_forest_model.onnx --compression none --verbosity 1 --workspace C:/Users/ADMIN/AppData/Local/Temp/mxAI_workspace90051033816447002896189311007466613 --output C:/Users/ADMIN/.stm32cubemx/network_output
2026-07-30 15:53:48,411 [INFO] AIModelDetailledView:2264 - Analysis status: pending
2026-07-30 15:53:49,186 [INFO] CmdLine:76 - ST Edge AI Core v2.2.0-20266 2adc00962
2026-07-30 15:54:04,946 [INFO] CmdLine:76 - Creating c (debug) info json file C:\Users\ADMIN\.stm32cubemx\network_output\network_c_info.json
2026-07-30 15:54:05,108 [INFO] CmdLine:76 -  
2026-07-30 15:54:05,108 [INFO] CmdLine:76 -  Exec/report summary (generate)
2026-07-30 15:54:05,108 [INFO] CmdLine:76 -  -------------------------------------------------------------------------------------------------------------
2026-07-30 15:54:05,109 [INFO] CmdLine:76 -  model file         :   D:\Anusha_TinyML_FDP\TinyML_Workshop_Nitte-\ONNX\random_forest_model.onnx             
2026-07-30 15:54:05,109 [INFO] CmdLine:76 -  type               :   onnx                                                                                  
2026-07-30 15:54:05,109 [INFO] CmdLine:76 -  c_name             :   network                                                                               
2026-07-30 15:54:05,109 [INFO] CmdLine:76 -  compression        :   none                                                                                  
2026-07-30 15:54:05,109 [INFO] CmdLine:76 -  options            :   allocate-inputs, allocate-outputs                                                     
2026-07-30 15:54:05,109 [INFO] CmdLine:76 -  optimization       :   balanced                                                                              
2026-07-30 15:54:05,109 [INFO] CmdLine:76 -  target/series      :   stm32l4                                                                               
2026-07-30 15:54:05,109 [INFO] CmdLine:76 -  workspace dir      :   C:\Users\ADMIN\AppData\Local\Temp\mxAI_workspace90051033816447002896189311007466613   
2026-07-30 15:54:05,109 [INFO] CmdLine:76 -  output dir         :   C:\Users\ADMIN\.stm32cubemx\network_output                                            
2026-07-30 15:54:05,109 [INFO] CmdLine:76 -  model_fmt          :   undefined                                                                             
2026-07-30 15:54:05,109 [INFO] CmdLine:76 -  model_name         :   random_forest_model                                                                   
2026-07-30 15:54:05,109 [INFO] CmdLine:76 -  model_hash         :   0xee61876666aff892376c0a5906476d28                                                    
2026-07-30 15:54:05,109 [INFO] CmdLine:76 -  params #           :   490,367 items (1.18 MiB)                                                              
2026-07-30 15:54:05,110 [INFO] CmdLine:76 -  -------------------------------------------------------------------------------------------------------------
2026-07-30 15:54:05,110 [INFO] CmdLine:76 -  input 1/1          :   'float_input', f32(1x1x6), 24 Bytes, activations                                      
2026-07-30 15:54:05,110 [INFO] CmdLine:76 -  output 1/2         :   'label0', int32(1x1), 4 Bytes, activations                                            
2026-07-30 15:54:05,110 [INFO] CmdLine:76 -  output 2/2         :   'output_probability', f32(1x1x5x2), 40 Bytes, activations                             
2026-07-30 15:54:05,110 [INFO] CmdLine:76 -  outputs (total)    :   44 Bytes                                                                              
2026-07-30 15:54:05,110 [INFO] CmdLine:76 -  macc               :   1,306                                                                                 
2026-07-30 15:54:05,110 [INFO] CmdLine:76 -  weights (ro)       :   1,236,440 B (1.18 MiB) (1 segment) / -725,028(-37.0%) vs float model                  
2026-07-30 15:54:05,110 [INFO] CmdLine:76 -  activations (rw)   :   64 B (64 B) (1 segment) *                                                             
2026-07-30 15:54:05,110 [INFO] CmdLine:76 -  ram (total)        :   64 B (64 B) = 64 + 0 + 0                                                              
2026-07-30 15:54:05,110 [INFO] CmdLine:76 -  -------------------------------------------------------------------------------------------------------------
2026-07-30 15:54:05,110 [INFO] CmdLine:76 -  (*) 'input'/'output' buffers are allocated in the activations buffer
2026-07-30 15:54:05,166 [INFO] CmdLine:76 - Computing AI RT data/code size (target=stm32l4)..
2026-07-30 15:54:07,764 [INFO] CmdLine:76 -  Requested memory size by section - "stm32l4" target
2026-07-30 15:54:07,764 [INFO] CmdLine:76 -  ------------------------------ ------- ----------- ------- -----
2026-07-30 15:54:07,764 [INFO] CmdLine:76 -  module                            text      rodata    data   bss
2026-07-30 15:54:07,765 [INFO] CmdLine:76 -  ------------------------------ ------- ----------- ------- -----
2026-07-30 15:54:07,765 [INFO] CmdLine:76 -  NetworkRuntime1020_CM4_GCC.a     5,508           0       0     0
2026-07-30 15:54:07,765 [INFO] CmdLine:76 -  network.o                          692          16   1,768   172
2026-07-30 15:54:07,765 [INFO] CmdLine:76 -  network_data.o                      48          16      88     0
2026-07-30 15:54:07,765 [INFO] CmdLine:76 -  lib (toolchain)*                     0           0       0     0
2026-07-30 15:54:07,765 [INFO] CmdLine:76 -  ------------------------------ ------- ----------- ------- -----
2026-07-30 15:54:07,765 [INFO] CmdLine:76 -  RT total**                       6,248          32   1,856   172
2026-07-30 15:54:07,765 [INFO] CmdLine:76 -  ------------------------------ ------- ----------- ------- -----
2026-07-30 15:54:07,765 [INFO] CmdLine:76 -  weights                              0   1,236,440       0     0
2026-07-30 15:54:07,765 [INFO] CmdLine:76 -  activations                          0           0       0    64
2026-07-30 15:54:07,766 [INFO] CmdLine:76 -  io                                   0           0       0     0
2026-07-30 15:54:07,766 [INFO] CmdLine:76 -  ------------------------------ ------- ----------- ------- -----
2026-07-30 15:54:07,766 [INFO] CmdLine:76 -  TOTAL                            6,248   1,236,472   1,856   236
2026-07-30 15:54:07,766 [INFO] CmdLine:76 -  ------------------------------ ------- ----------- ------- -----
2026-07-30 15:54:07,766 [INFO] CmdLine:76 -  *  toolchain objects (libm/libgcc*)
2026-07-30 15:54:07,766 [INFO] CmdLine:76 -  ** RT AI runtime objects (kernels+infrastructure)
2026-07-30 15:54:07,766 [INFO] CmdLine:76 -   Summary - "stm32l4" target
2026-07-30 15:54:07,766 [INFO] CmdLine:76 -   --------------------------------------------------
2026-07-30 15:54:07,766 [INFO] CmdLine:76 -                FLASH (ro)     %*   RAM (rw)       %
2026-07-30 15:54:07,767 [INFO] CmdLine:76 -   --------------------------------------------------
2026-07-30 15:54:07,767 [INFO] CmdLine:76 -   RT total          8,136   0.7%      2,028   96.9%
2026-07-30 15:54:07,767 [INFO] CmdLine:76 -   --------------------------------------------------
2026-07-30 15:54:07,767 [INFO] CmdLine:76 -   TOTAL         1,244,576             2,092
2026-07-30 15:54:07,767 [INFO] CmdLine:76 -   --------------------------------------------------
2026-07-30 15:54:07,767 [INFO] CmdLine:76 -   *  rt/total
2026-07-30 15:54:07,768 [INFO] CmdLine:76 -  Generated files (7)
2026-07-30 15:54:07,768 [INFO] CmdLine:76 -  ------------------------------------------------------------------
2026-07-30 15:54:07,768 [INFO] CmdLine:76 -  C:\Users\ADMIN\.stm32cubemx\network_output\network_data_params.h
2026-07-30 15:54:07,768 [INFO] CmdLine:76 -  C:\Users\ADMIN\.stm32cubemx\network_output\network_data_params.c
2026-07-30 15:54:07,768 [INFO] CmdLine:76 -  C:\Users\ADMIN\.stm32cubemx\network_output\network_data.h
2026-07-30 15:54:07,768 [INFO] CmdLine:76 -  C:\Users\ADMIN\.stm32cubemx\network_output\network_data.c
2026-07-30 15:54:07,768 [INFO] CmdLine:76 -  C:\Users\ADMIN\.stm32cubemx\network_output\network_config.h
2026-07-30 15:54:07,768 [INFO] CmdLine:76 -  C:\Users\ADMIN\.stm32cubemx\network_output\network.h
2026-07-30 15:54:07,768 [INFO] CmdLine:76 -  C:\Users\ADMIN\.stm32cubemx\network_output\network.c
2026-07-30 15:54:07,769 [INFO] CmdLine:76 - Creating txt report file C:\Users\ADMIN\.stm32cubemx\network_output\network_generate_report.txt
2026-07-30 15:54:13,051 [INFO] CmdLine:76 - elapsed time (generate): 23.865s
2026-07-30 15:54:13,661 [INFO] CmdLine:148 - stedgeai exit with status: 0
2026-07-30 15:54:13,799 [INFO] AIModelDetailledView:2264 - Analysis status: done
2026-07-30 15:54:14,222 [INFO] ProjectBuilder:3606 - Time for Copy HAL[1] : 169mS.
2026-07-30 15:54:14,222 [ERROR] Middleware:2950 - Invalid RefComponent list
2026-07-30 15:54:14,222 [ERROR] Middleware:2950 - Invalid RefComponent list
2026-07-30 15:54:14,222 [ERROR] Middleware:2950 - Invalid RefComponent list
2026-07-30 15:54:14,222 [ERROR] Middleware:2950 - Invalid RefComponent list
2026-07-30 15:54:14,222 [ERROR] Middleware:2950 - Invalid RefComponent list
2026-07-30 15:54:14,222 [ERROR] Middleware:2950 - Invalid RefComponent list
2026-07-30 15:54:14,222 [ERROR] Middleware:2950 - Invalid RefComponent list
2026-07-30 15:54:14,222 [ERROR] Middleware:2950 - Invalid RefComponent list
2026-07-30 15:54:14,222 [ERROR] Middleware:2950 - Invalid RefComponent list
2026-07-30 15:54:14,222 [ERROR] Middleware:2950 - Invalid RefComponent list
2026-07-30 15:54:14,222 [ERROR] Middleware:2950 - Invalid RefComponent list
2026-07-30 15:54:14,222 [ERROR] Middleware:2950 - Invalid RefComponent list
2026-07-30 15:54:14,222 [ERROR] Middleware:2950 - Invalid RefComponent list
2026-07-30 15:54:14,222 [ERROR] Middleware:2950 - Invalid RefComponent list
2026-07-30 15:54:14,222 [ERROR] Middleware:2950 - Invalid RefComponent list
2026-07-30 15:54:14,222 [ERROR] Middleware:2950 - Invalid RefComponent list
2026-07-30 15:54:14,222 [ERROR] Middleware:2950 - Invalid RefComponent list
2026-07-30 15:54:14,222 [ERROR] Middleware:2950 - Invalid RefComponent list
2026-07-30 15:54:14,223 [ERROR] Middleware:2950 - Invalid RefComponent list
2026-07-30 15:54:14,223 [ERROR] Middleware:2950 - Invalid RefComponent list
2026-07-30 15:54:14,223 [ERROR] Middleware:2950 - Invalid RefComponent list
2026-07-30 15:54:14,223 [ERROR] Middleware:2950 - Invalid RefComponent list
2026-07-30 15:54:14,223 [ERROR] Middleware:2950 - Invalid RefComponent list
2026-07-30 15:54:14,223 [ERROR] Middleware:2950 - Invalid RefComponent list
2026-07-30 15:54:14,223 [ERROR] Middleware:2950 - Invalid RefComponent list
2026-07-30 15:54:14,223 [ERROR] Middleware:2950 - Invalid RefComponent list
2026-07-30 15:54:14,223 [ERROR] Middleware:2950 - Invalid RefComponent list
2026-07-30 15:54:14,223 [ERROR] Middleware:2950 - Invalid RefComponent list
2026-07-30 15:54:14,223 [ERROR] Middleware:2950 - Invalid RefComponent list
2026-07-30 15:54:14,223 [ERROR] Middleware:2950 - Invalid RefComponent list
2026-07-30 15:54:14,223 [ERROR] Middleware:2950 - Invalid RefComponent list
2026-07-30 15:54:14,223 [ERROR] Middleware:2950 - Invalid RefComponent list
2026-07-30 15:54:14,223 [ERROR] Middleware:2950 - Invalid RefComponent list
2026-07-30 15:54:14,223 [ERROR] Middleware:2950 - Invalid RefComponent list
2026-07-30 15:54:14,223 [ERROR] Middleware:2950 - Invalid RefComponent list
2026-07-30 15:54:14,223 [ERROR] Middleware:2950 - Invalid RefComponent list
2026-07-30 15:54:14,223 [ERROR] Middleware:2950 - Invalid RefComponent list
2026-07-30 15:54:14,223 [ERROR] Middleware:2950 - Invalid RefComponent list
2026-07-30 15:54:14,223 [ERROR] Middleware:2950 - Invalid RefComponent list
2026-07-30 15:54:14,223 [ERROR] Middleware:2950 - Invalid RefComponent list
2026-07-30 15:54:14,223 [ERROR] Middleware:2950 - Invalid RefComponent list
2026-07-30 15:54:14,223 [ERROR] Middleware:2950 - Invalid RefComponent list
2026-07-30 15:54:14,223 [ERROR] Middleware:2950 - Invalid RefComponent list
2026-07-30 15:54:14,223 [ERROR] Middleware:2950 - Invalid RefComponent list
2026-07-30 15:54:14,223 [ERROR] Middleware:2950 - Invalid RefComponent list
2026-07-30 15:54:14,223 [ERROR] Middleware:2950 - Invalid RefComponent list
2026-07-30 15:54:14,223 [ERROR] Middleware:2950 - Invalid RefComponent list
2026-07-30 15:54:14,223 [ERROR] Middleware:2950 - Invalid RefComponent list
2026-07-30 15:54:14,223 [ERROR] Middleware:2950 - Invalid RefComponent list
2026-07-30 15:54:14,223 [ERROR] Middleware:2950 - Invalid RefComponent list
2026-07-30 15:54:14,227 [INFO] ProjectBuilder:5216 - Project Generator version: 4.7.0-B52
2026-07-30 15:54:14,310 [INFO] ConfigFileManager:1595 - The Die is : DIE470
2026-07-30 15:54:15,081 [INFO] ProjectBuilder:5496 - Time for Generating toolchain IDE Files: 854mS.
2026-07-30 15:54:15,081 [INFO] ProjectBuilder:3463 - Time for Copy CMSIS : 0mS.
2026-07-30 15:54:15,083 [INFO] ProjectBuilder:3463 - Time for Copy CMSIS : 0mS.
2026-07-30 15:54:40,873 [INFO] UtilMem:75 - End SaveConfig() Used Memory: 762813448 Bytes (1073741824)
2026-07-30 15:54:42,479 [INFO] UtilMem:75 - End SaveConfig() Used Memory: 807375880 Bytes (1073741824)
2026-07-30 15:54:42,720 [INFO] UtilMem:75 - End SaveConfig() Used Memory: 851942408 Bytes (1073741824)
2026-07-30 15:54:42,881 [INFO] BlockDiagram:2775 - set Specific Code input for plugin: SYS
2026-07-30 15:54:42,881 [INFO] BlockDiagram:2775 - set Specific Code input for plugin: RCC
2026-07-30 15:54:42,881 [INFO] BlockDiagram:2775 - set Specific Code input for plugin: I2C
2026-07-30 15:54:42,881 [INFO] BlockDiagram:2775 - set Specific Code input for plugin: NVIC
2026-07-30 15:54:42,881 [INFO] BlockDiagram:2775 - set Specific Code input for plugin: USART
2026-07-30 15:54:42,882 [INFO] BlockDiagram:2775 - set Specific Code input for plugin: STMicroelectronics.X-CUBE-AI.10.2.1
2026-07-30 15:54:42,882 [INFO] BlockDiagram:2775 - set Specific Code input for plugin: GPIO
2026-07-30 15:54:42,883 [INFO] CodeGenerator:892 - code generatio: config db path: C:\ST\STM32CubeIDE_1.19.0\STM32CubeIDE\plugins\com.st.stm32cube.common.mx_6.15.0.202507011659\\db\
2026-07-30 15:54:42,960 [INFO] IP:3329 - RTE Config file name : RTE_Component
2026-07-30 15:54:42,960 [INFO] IP:3347 - RTE template : RTE_Components.ftl
2026-07-30 15:54:42,967 [INFO] CodeEngine:265 - oldGeneratedFile, D:\Anusha_TinyML_FDP\TinyML_Workshop_Nitte-\STM32\OnBoard_IMU_Inference_Code_ResourcePerson\MXTmpFiles\license.tmp_save
2026-07-30 15:54:43,033 [INFO] CodeEngine:289 - Generated code: D:\Anusha_TinyML_FDP\TinyML_Workshop_Nitte-\STM32\OnBoard_IMU_Inference_Code_ResourcePerson\MXTmpFiles\license.tmp
2026-07-30 15:54:43,052 [INFO] CodeEngine:265 - oldGeneratedFile, D:\Anusha_TinyML_FDP\TinyML_Workshop_Nitte-\STM32\OnBoard_IMU_Inference_Code_ResourcePerson\MXTmpFiles\gpio.tmp_save
2026-07-30 15:54:43,120 [INFO] CodeEngine:289 - Generated code: D:\Anusha_TinyML_FDP\TinyML_Workshop_Nitte-\STM32\OnBoard_IMU_Inference_Code_ResourcePerson\MXTmpFiles\gpio.tmp
2026-07-30 15:54:43,227 [INFO] Middleware:1452 - No code input for Bsp Dependency
2026-07-30 15:54:43,229 [INFO] Middleware:1452 - No code input for Bsp Dependency
2026-07-30 15:54:43,239 [INFO] CodeEngine:265 - oldGeneratedFile, D:\Anusha_TinyML_FDP\TinyML_Workshop_Nitte-\STM32\OnBoard_IMU_Inference_Code_ResourcePerson\Core\Src\stm32l4xx_it.c_save
2026-07-30 15:54:43,333 [INFO] CodeEngine:289 - Generated code: D:\Anusha_TinyML_FDP\TinyML_Workshop_Nitte-\STM32\OnBoard_IMU_Inference_Code_ResourcePerson\Core\Src\stm32l4xx_it.c
2026-07-30 15:54:43,339 [INFO] CodeEngine:265 - oldGeneratedFile, D:\Anusha_TinyML_FDP\TinyML_Workshop_Nitte-\STM32\OnBoard_IMU_Inference_Code_ResourcePerson\Core\Inc\stm32l4xx_it.h_save
2026-07-30 15:54:43,422 [INFO] CodeEngine:289 - Generated code: D:\Anusha_TinyML_FDP\TinyML_Workshop_Nitte-\STM32\OnBoard_IMU_Inference_Code_ResourcePerson\Core\Inc\stm32l4xx_it.h
2026-07-30 15:54:43,437 [INFO] CodeEngine:265 - oldGeneratedFile, D:\Anusha_TinyML_FDP\TinyML_Workshop_Nitte-\STM32\OnBoard_IMU_Inference_Code_ResourcePerson\Core\Src\stm32l4xx_hal_msp.c_save
2026-07-30 15:54:43,563 [INFO] CodeEngine:289 - Generated code: D:\Anusha_TinyML_FDP\TinyML_Workshop_Nitte-\STM32\OnBoard_IMU_Inference_Code_ResourcePerson\Core\Src\stm32l4xx_hal_msp.c
2026-07-30 15:54:43,568 [INFO] CodeEngine:265 - oldGeneratedFile, D:\Anusha_TinyML_FDP\TinyML_Workshop_Nitte-\STM32\OnBoard_IMU_Inference_Code_ResourcePerson\MXTmpFiles\system.tmp_save
2026-07-30 15:54:43,643 [INFO] CodeEngine:289 - Generated code: D:\Anusha_TinyML_FDP\TinyML_Workshop_Nitte-\STM32\OnBoard_IMU_Inference_Code_ResourcePerson\MXTmpFiles\system.tmp
2026-07-30 15:54:43,653 [INFO] CodeEngine:321 - oldGeneratedFile, D:\Anusha_TinyML_FDP\TinyML_Workshop_Nitte-\STM32\OnBoard_IMU_Inference_Code_ResourcePerson\Core\Inc\stm32l4xx_hal_conf.h_save
2026-07-30 15:54:43,734 [INFO] CodeEngine:345 - Generated code: D:\Anusha_TinyML_FDP\TinyML_Workshop_Nitte-\STM32\OnBoard_IMU_Inference_Code_ResourcePerson\Core\Inc\stm32l4xx_hal_conf.h
2026-07-30 15:54:43,755 [INFO] CodeEngine:265 - oldGeneratedFile, D:\Anusha_TinyML_FDP\TinyML_Workshop_Nitte-\STM32\OnBoard_IMU_Inference_Code_ResourcePerson\Core\Inc\main.h_save
2026-07-30 15:54:43,840 [INFO] CodeEngine:289 - Generated code: D:\Anusha_TinyML_FDP\TinyML_Workshop_Nitte-\STM32\OnBoard_IMU_Inference_Code_ResourcePerson\Core\Inc\main.h
2026-07-30 15:54:43,845 [INFO] CodeEngine:265 - oldGeneratedFile, D:\Anusha_TinyML_FDP\TinyML_Workshop_Nitte-\STM32\OnBoard_IMU_Inference_Code_ResourcePerson\Core\Src\main.c_save
2026-07-30 15:54:43,967 [INFO] CodeEngine:289 - Generated code: D:\Anusha_TinyML_FDP\TinyML_Workshop_Nitte-\STM32\OnBoard_IMU_Inference_Code_ResourcePerson\Core\Src\main.c
2026-07-30 15:54:44,333 [INFO] AInterface:322 - ModelName:network; files:[D:\Anusha_TinyML_FDP\TinyML_Workshop_Nitte-\ONNX\random_forest_model.onnx]; type:ONNX; compression:None
2026-07-30 15:54:44,334 [INFO] AInterface:526 - workspaceTempDir: C:/Users/ADMIN/AppData/Local/Temp/mxAI_workspace900515931790250012030603514221956225
2026-07-30 15:54:44,335 [INFO] AInterface:1179 - Setting Env: C:/Users/ADMIN/STM32Cube/Repository//Packs/STMicroelectronics/X-CUBE-AI/10.2.1/Utilities/windows
2026-07-30 15:54:44,343 [INFO] STM32CubeIDEBuilder:265 - Looking for gnu-tools-for-stm32 tools/bin/arm-none-eabi-gcc.exe in C:\ST\STM32CubeIDE_1.19.0\STM32CubeIDE
2026-07-30 15:54:44,347 [INFO] STM32CubeIDEBuilder:294 - checking C:\ST\STM32CubeIDE_1.19.0\STM32CubeIDE\plugins\com.st.stm32cube.ide.mcu.externaltools.gnu-tools-for-stm32.13.3.rel1.win32_1.0.0.202411081344\tools\bin\arm-none-eabi-gcc.exe
2026-07-30 15:54:44,348 [INFO] STM32CubeIDEBuilder:297 - ret=C:\ST\STM32CubeIDE_1.19.0\STM32CubeIDE\plugins\com.st.stm32cube.ide.mcu.externaltools.gnu-tools-for-stm32.13.3.rel1.win32_1.0.0.202411081344\tools\bin\arm-none-eabi-gcc.exe
2026-07-30 15:54:44,348 [INFO] STM32CubeIDEBuilder:311 - returning C:\ST\STM32CubeIDE_1.19.0\STM32CubeIDE\plugins\com.st.stm32cube.ide.mcu.externaltools.gnu-tools-for-stm32.13.3.rel1.win32_1.0.0.202411081344\tools\bin\arm-none-eabi-gcc.exe
2026-07-30 15:54:44,349 [INFO] AInterface:1236 - Custom PATH variable: C:/Users/ADMIN/STM32Cube/Repository//Packs/STMicroelectronics/X-CUBE-AI/10.2.1/Utilities/windows;C:/Users/ADMIN/STM32Cube/Repository//Packs/STMicroelectronics/X-CUBE-AI/10.2.1/Utilities/windows/mingw64/bin;C:/Users/ADMIN/STM32Cube/Repository//Packs/STMicroelectronics/X-CUBE-AI/10.2.1/Utilities/windows/mingw64/libexec/gcc/x86_64-w64-mingw32/7.3.0;;C:\ST\STM32CubeIDE_1.19.0\STM32CubeIDE\plugins\com.st.stm32cube.ide.mcu.externaltools.gnu-tools-for-stm32.13.3.rel1.win32_1.0.0.202411081344\tools\bin
2026-07-30 15:54:44,351 [INFO] CmdLine:115 - Command: C:/Users/ADMIN/STM32Cube/Repository//Packs/STMicroelectronics/X-CUBE-AI/10.2.1/Utilities/windows/stedgeai.exe generate --target stm32l4 --name network -m D:/Anusha_TinyML_FDP/TinyML_Workshop_Nitte-/ONNX/random_forest_model.onnx --compression none --verbosity 1 --workspace C:/Users/ADMIN/AppData/Local/Temp/mxAI_workspace900515931790250012030603514221956225 --output C:/Users/ADMIN/.stm32cubemx/network_output
2026-07-30 15:54:44,353 [INFO] AIModelDetailledView:2264 - Analysis status: pending
2026-07-30 15:54:45,273 [INFO] CmdLine:76 - ST Edge AI Core v2.2.0-20266 2adc00962
2026-07-30 15:55:01,228 [INFO] CmdLine:76 - Creating c (debug) info json file C:\Users\ADMIN\.stm32cubemx\network_output\network_c_info.json
2026-07-30 15:55:01,390 [INFO] CmdLine:76 -  
2026-07-30 15:55:01,390 [INFO] CmdLine:76 -  Exec/report summary (generate)
2026-07-30 15:55:01,390 [INFO] CmdLine:76 -  --------------------------------------------------------------------------------------------------------------
2026-07-30 15:55:01,391 [INFO] CmdLine:76 -  model file         :   D:\Anusha_TinyML_FDP\TinyML_Workshop_Nitte-\ONNX\random_forest_model.onnx              
2026-07-30 15:55:01,391 [INFO] CmdLine:76 -  type               :   onnx                                                                                   
2026-07-30 15:55:01,391 [INFO] CmdLine:76 -  c_name             :   network                                                                                
2026-07-30 15:55:01,391 [INFO] CmdLine:76 -  compression        :   none                                                                                   
2026-07-30 15:55:01,391 [INFO] CmdLine:76 -  options            :   allocate-inputs, allocate-outputs                                                      
2026-07-30 15:55:01,391 [INFO] CmdLine:76 -  optimization       :   balanced                                                                               
2026-07-30 15:55:01,391 [INFO] CmdLine:76 -  target/series      :   stm32l4                                                                                
2026-07-30 15:55:01,391 [INFO] CmdLine:76 -  workspace dir      :   C:\Users\ADMIN\AppData\Local\Temp\mxAI_workspace900515931790250012030603514221956225   
2026-07-30 15:55:01,391 [INFO] CmdLine:76 -  output dir         :   C:\Users\ADMIN\.stm32cubemx\network_output                                             
2026-07-30 15:55:01,391 [INFO] CmdLine:76 -  model_fmt          :   undefined                                                                              
2026-07-30 15:55:01,391 [INFO] CmdLine:76 -  model_name         :   random_forest_model                                                                    
2026-07-30 15:55:01,391 [INFO] CmdLine:76 -  model_hash         :   0xee61876666aff892376c0a5906476d28                                                     
2026-07-30 15:55:01,391 [INFO] CmdLine:76 -  params #           :   490,367 items (1.18 MiB)                                                               
2026-07-30 15:55:01,391 [INFO] CmdLine:76 -  --------------------------------------------------------------------------------------------------------------
2026-07-30 15:55:01,391 [INFO] CmdLine:76 -  input 1/1          :   'float_input', f32(1x1x6), 24 Bytes, activations                                       
2026-07-30 15:55:01,391 [INFO] CmdLine:76 -  output 1/2         :   'label0', int32(1x1), 4 Bytes, activations                                             
2026-07-30 15:55:01,392 [INFO] CmdLine:76 -  output 2/2         :   'output_probability', f32(1x1x5x2), 40 Bytes, activations                              
2026-07-30 15:55:01,392 [INFO] CmdLine:76 -  outputs (total)    :   44 Bytes                                                                               
2026-07-30 15:55:01,392 [INFO] CmdLine:76 -  macc               :   1,306                                                                                  
2026-07-30 15:55:01,392 [INFO] CmdLine:76 -  weights (ro)       :   1,236,440 B (1.18 MiB) (1 segment) / -725,028(-37.0%) vs float model                   
2026-07-30 15:55:01,392 [INFO] CmdLine:76 -  activations (rw)   :   64 B (64 B) (1 segment) *                                                              
2026-07-30 15:55:01,392 [INFO] CmdLine:76 -  ram (total)        :   64 B (64 B) = 64 + 0 + 0                                                               
2026-07-30 15:55:01,392 [INFO] CmdLine:76 -  --------------------------------------------------------------------------------------------------------------
2026-07-30 15:55:01,392 [INFO] CmdLine:76 -  (*) 'input'/'output' buffers are allocated in the activations buffer
2026-07-30 15:55:01,448 [INFO] CmdLine:76 - Computing AI RT data/code size (target=stm32l4)..
2026-07-30 15:55:03,992 [INFO] CmdLine:76 -  Requested memory size by section - "stm32l4" target
2026-07-30 15:55:03,992 [INFO] CmdLine:76 -  ------------------------------ ------- ----------- ------- -----
2026-07-30 15:55:03,993 [INFO] CmdLine:76 -  module                            text      rodata    data   bss
2026-07-30 15:55:03,993 [INFO] CmdLine:76 -  ------------------------------ ------- ----------- ------- -----
2026-07-30 15:55:03,993 [INFO] CmdLine:76 -  NetworkRuntime1020_CM4_GCC.a     5,508           0       0     0
2026-07-30 15:55:03,993 [INFO] CmdLine:76 -  network.o                          692          16   1,768   172
2026-07-30 15:55:03,993 [INFO] CmdLine:76 -  network_data.o                      48          16      88     0
2026-07-30 15:55:03,993 [INFO] CmdLine:76 -  lib (toolchain)*                     0           0       0     0
2026-07-30 15:55:03,993 [INFO] CmdLine:76 -  ------------------------------ ------- ----------- ------- -----
2026-07-30 15:55:03,993 [INFO] CmdLine:76 -  RT total**                       6,248          32   1,856   172
2026-07-30 15:55:03,993 [INFO] CmdLine:76 -  ------------------------------ ------- ----------- ------- -----
2026-07-30 15:55:03,993 [INFO] CmdLine:76 -  weights                              0   1,236,440       0     0
2026-07-30 15:55:03,994 [INFO] CmdLine:76 -  activations                          0           0       0    64
2026-07-30 15:55:03,994 [INFO] CmdLine:76 -  io                                   0           0       0     0
2026-07-30 15:55:03,994 [INFO] CmdLine:76 -  ------------------------------ ------- ----------- ------- -----
2026-07-30 15:55:03,994 [INFO] CmdLine:76 -  TOTAL                            6,248   1,236,472   1,856   236
2026-07-30 15:55:03,994 [INFO] CmdLine:76 -  ------------------------------ ------- ----------- ------- -----
2026-07-30 15:55:03,994 [INFO] CmdLine:76 -  *  toolchain objects (libm/libgcc*)
2026-07-30 15:55:03,994 [INFO] CmdLine:76 -  ** RT AI runtime objects (kernels+infrastructure)
2026-07-30 15:55:03,994 [INFO] CmdLine:76 -   Summary - "stm32l4" target
2026-07-30 15:55:03,994 [INFO] CmdLine:76 -   --------------------------------------------------
2026-07-30 15:55:03,994 [INFO] CmdLine:76 -                FLASH (ro)     %*   RAM (rw)       %
2026-07-30 15:55:03,994 [INFO] CmdLine:76 -   --------------------------------------------------
2026-07-30 15:55:03,995 [INFO] CmdLine:76 -   RT total          8,136   0.7%      2,028   96.9%
2026-07-30 15:55:03,995 [INFO] CmdLine:76 -   --------------------------------------------------
2026-07-30 15:55:03,995 [INFO] CmdLine:76 -   TOTAL         1,244,576             2,092
2026-07-30 15:55:03,995 [INFO] CmdLine:76 -   --------------------------------------------------
2026-07-30 15:55:03,995 [INFO] CmdLine:76 -   *  rt/total
2026-07-30 15:55:03,995 [INFO] CmdLine:76 -  Generated files (7)
2026-07-30 15:55:03,996 [INFO] CmdLine:76 -  ------------------------------------------------------------------
2026-07-30 15:55:03,996 [INFO] CmdLine:76 -  C:\Users\ADMIN\.stm32cubemx\network_output\network_data_params.h
2026-07-30 15:55:03,996 [INFO] CmdLine:76 -  C:\Users\ADMIN\.stm32cubemx\network_output\network_data_params.c
2026-07-30 15:55:03,996 [INFO] CmdLine:76 -  C:\Users\ADMIN\.stm32cubemx\network_output\network_data.h
2026-07-30 15:55:03,996 [INFO] CmdLine:76 -  C:\Users\ADMIN\.stm32cubemx\network_output\network_data.c
2026-07-30 15:55:03,996 [INFO] CmdLine:76 -  C:\Users\ADMIN\.stm32cubemx\network_output\network_config.h
2026-07-30 15:55:03,996 [INFO] CmdLine:76 -  C:\Users\ADMIN\.stm32cubemx\network_output\network.h
2026-07-30 15:55:03,996 [INFO] CmdLine:76 -  C:\Users\ADMIN\.stm32cubemx\network_output\network.c
2026-07-30 15:55:03,997 [INFO] CmdLine:76 - Creating txt report file C:\Users\ADMIN\.stm32cubemx\network_output\network_generate_report.txt
2026-07-30 15:55:11,069 [INFO] CmdLine:76 - elapsed time (generate): 25.797s
2026-07-30 15:55:11,675 [INFO] CmdLine:148 - stedgeai exit with status: 0
2026-07-30 15:55:11,825 [INFO] AIModelDetailledView:2264 - Analysis status: done
2026-07-30 15:55:12,226 [INFO] ProjectBuilder:3606 - Time for Copy HAL[1] : 163mS.
2026-07-30 15:55:12,226 [ERROR] Middleware:2950 - Invalid RefComponent list
2026-07-30 15:55:12,226 [ERROR] Middleware:2950 - Invalid RefComponent list
2026-07-30 15:55:12,226 [ERROR] Middleware:2950 - Invalid RefComponent list
2026-07-30 15:55:12,226 [ERROR] Middleware:2950 - Invalid RefComponent list
2026-07-30 15:55:12,226 [ERROR] Middleware:2950 - Invalid RefComponent list
2026-07-30 15:55:12,227 [ERROR] Middleware:2950 - Invalid RefComponent list
2026-07-30 15:55:12,227 [ERROR] Middleware:2950 - Invalid RefComponent list
2026-07-30 15:55:12,227 [ERROR] Middleware:2950 - Invalid RefComponent list
2026-07-30 15:55:12,227 [ERROR] Middleware:2950 - Invalid RefComponent list
2026-07-30 15:55:12,227 [ERROR] Middleware:2950 - Invalid RefComponent list
2026-07-30 15:55:12,227 [ERROR] Middleware:2950 - Invalid RefComponent list
2026-07-30 15:55:12,227 [ERROR] Middleware:2950 - Invalid RefComponent list
2026-07-30 15:55:12,227 [ERROR] Middleware:2950 - Invalid RefComponent list
2026-07-30 15:55:12,227 [ERROR] Middleware:2950 - Invalid RefComponent list
2026-07-30 15:55:12,227 [ERROR] Middleware:2950 - Invalid RefComponent list
2026-07-30 15:55:12,227 [ERROR] Middleware:2950 - Invalid RefComponent list
2026-07-30 15:55:12,227 [ERROR] Middleware:2950 - Invalid RefComponent list
2026-07-30 15:55:12,227 [ERROR] Middleware:2950 - Invalid RefComponent list
2026-07-30 15:55:12,227 [ERROR] Middleware:2950 - Invalid RefComponent list
2026-07-30 15:55:12,227 [ERROR] Middleware:2950 - Invalid RefComponent list
2026-07-30 15:55:12,227 [ERROR] Middleware:2950 - Invalid RefComponent list
2026-07-30 15:55:12,227 [ERROR] Middleware:2950 - Invalid RefComponent list
2026-07-30 15:55:12,227 [ERROR] Middleware:2950 - Invalid RefComponent list
2026-07-30 15:55:12,227 [ERROR] Middleware:2950 - Invalid RefComponent list
2026-07-30 15:55:12,227 [ERROR] Middleware:2950 - Invalid RefComponent list
2026-07-30 15:55:12,227 [ERROR] Middleware:2950 - Invalid RefComponent list
2026-07-30 15:55:12,227 [ERROR] Middleware:2950 - Invalid RefComponent list
2026-07-30 15:55:12,227 [ERROR] Middleware:2950 - Invalid RefComponent list
2026-07-30 15:55:12,227 [ERROR] Middleware:2950 - Invalid RefComponent list
2026-07-30 15:55:12,227 [ERROR] Middleware:2950 - Invalid RefComponent list
2026-07-30 15:55:12,227 [ERROR] Middleware:2950 - Invalid RefComponent list
2026-07-30 15:55:12,227 [ERROR] Middleware:2950 - Invalid RefComponent list
2026-07-30 15:55:12,227 [ERROR] Middleware:2950 - Invalid RefComponent list
2026-07-30 15:55:12,227 [ERROR] Middleware:2950 - Invalid RefComponent list
2026-07-30 15:55:12,227 [ERROR] Middleware:2950 - Invalid RefComponent list
2026-07-30 15:55:12,227 [ERROR] Middleware:2950 - Invalid RefComponent list
2026-07-30 15:55:12,227 [ERROR] Middleware:2950 - Invalid RefComponent list
2026-07-30 15:55:12,228 [ERROR] Middleware:2950 - Invalid RefComponent list
2026-07-30 15:55:12,228 [ERROR] Middleware:2950 - Invalid RefComponent list
2026-07-30 15:55:12,228 [ERROR] Middleware:2950 - Invalid RefComponent list
2026-07-30 15:55:12,228 [ERROR] Middleware:2950 - Invalid RefComponent list
2026-07-30 15:55:12,228 [ERROR] Middleware:2950 - Invalid RefComponent list
2026-07-30 15:55:12,228 [ERROR] Middleware:2950 - Invalid RefComponent list
2026-07-30 15:55:12,228 [ERROR] Middleware:2950 - Invalid RefComponent list
2026-07-30 15:55:12,228 [ERROR] Middleware:2950 - Invalid RefComponent list
2026-07-30 15:55:12,228 [ERROR] Middleware:2950 - Invalid RefComponent list
2026-07-30 15:55:12,228 [ERROR] Middleware:2950 - Invalid RefComponent list
2026-07-30 15:55:12,228 [ERROR] Middleware:2950 - Invalid RefComponent list
2026-07-30 15:55:12,228 [ERROR] Middleware:2950 - Invalid RefComponent list
2026-07-30 15:55:12,228 [ERROR] Middleware:2950 - Invalid RefComponent list
2026-07-30 15:55:12,231 [INFO] ProjectBuilder:5216 - Project Generator version: 4.7.0-B52
2026-07-30 15:55:12,313 [INFO] ConfigFileManager:1595 - The Die is : DIE470
2026-07-30 15:55:13,088 [INFO] ProjectBuilder:5496 - Time for Generating toolchain IDE Files: 857mS.
2026-07-30 15:55:13,089 [INFO] ProjectBuilder:3463 - Time for Copy CMSIS : 1mS.
2026-07-30 15:55:13,092 [INFO] ProjectBuilder:3463 - Time for Copy CMSIS : 0mS.
2026-07-30 15:55:13,546 [INFO] UtilMem:75 - End SaveConfig() Used Memory: 505441416 Bytes (1073741824)
2026-07-30 15:55:15,459 [INFO] UtilMem:75 - End SaveConfig() Used Memory: 624979080 Bytes (1073741824)
2026-07-30 15:55:15,702 [INFO] UtilMem:75 - End SaveConfig() Used Memory: 669019272 Bytes (1073741824)
2026-07-30 15:55:15,861 [INFO] BlockDiagram:2775 - set Specific Code input for plugin: SYS
2026-07-30 15:55:15,861 [INFO] BlockDiagram:2775 - set Specific Code input for plugin: RCC
2026-07-30 15:55:15,861 [INFO] BlockDiagram:2775 - set Specific Code input for plugin: I2C
2026-07-30 15:55:15,861 [INFO] BlockDiagram:2775 - set Specific Code input for plugin: NVIC
2026-07-30 15:55:15,861 [INFO] BlockDiagram:2775 - set Specific Code input for plugin: USART
2026-07-30 15:55:15,861 [INFO] BlockDiagram:2775 - set Specific Code input for plugin: STMicroelectronics.X-CUBE-AI.10.2.1
2026-07-30 15:55:15,862 [INFO] BlockDiagram:2775 - set Specific Code input for plugin: GPIO
2026-07-30 15:55:15,863 [INFO] CodeGenerator:892 - code generatio: config db path: C:\ST\STM32CubeIDE_1.19.0\STM32CubeIDE\plugins\com.st.stm32cube.common.mx_6.15.0.202507011659\\db\
2026-07-30 15:55:15,942 [INFO] IP:3329 - RTE Config file name : RTE_Component
2026-07-30 15:55:15,942 [INFO] IP:3347 - RTE template : RTE_Components.ftl
2026-07-30 15:55:15,950 [INFO] CodeEngine:265 - oldGeneratedFile, D:\Anusha_TinyML_FDP\TinyML_Workshop_Nitte-\STM32\OnBoard_IMU_Inference_Code_ResourcePerson\MXTmpFiles\license.tmp_save
2026-07-30 15:55:16,020 [INFO] CodeEngine:289 - Generated code: D:\Anusha_TinyML_FDP\TinyML_Workshop_Nitte-\STM32\OnBoard_IMU_Inference_Code_ResourcePerson\MXTmpFiles\license.tmp
2026-07-30 15:55:16,040 [INFO] CodeEngine:265 - oldGeneratedFile, D:\Anusha_TinyML_FDP\TinyML_Workshop_Nitte-\STM32\OnBoard_IMU_Inference_Code_ResourcePerson\MXTmpFiles\gpio.tmp_save
2026-07-30 15:55:16,117 [INFO] CodeEngine:289 - Generated code: D:\Anusha_TinyML_FDP\TinyML_Workshop_Nitte-\STM32\OnBoard_IMU_Inference_Code_ResourcePerson\MXTmpFiles\gpio.tmp
2026-07-30 15:55:16,189 [INFO] Middleware:1452 - No code input for Bsp Dependency
2026-07-30 15:55:16,190 [INFO] Middleware:1452 - No code input for Bsp Dependency
2026-07-30 15:55:16,200 [INFO] CodeEngine:265 - oldGeneratedFile, D:\Anusha_TinyML_FDP\TinyML_Workshop_Nitte-\STM32\OnBoard_IMU_Inference_Code_ResourcePerson\Core\Src\stm32l4xx_it.c_save
2026-07-30 15:55:16,283 [INFO] CodeEngine:289 - Generated code: D:\Anusha_TinyML_FDP\TinyML_Workshop_Nitte-\STM32\OnBoard_IMU_Inference_Code_ResourcePerson\Core\Src\stm32l4xx_it.c
2026-07-30 15:55:16,288 [INFO] CodeEngine:265 - oldGeneratedFile, D:\Anusha_TinyML_FDP\TinyML_Workshop_Nitte-\STM32\OnBoard_IMU_Inference_Code_ResourcePerson\Core\Inc\stm32l4xx_it.h_save
2026-07-30 15:55:16,374 [INFO] CodeEngine:289 - Generated code: D:\Anusha_TinyML_FDP\TinyML_Workshop_Nitte-\STM32\OnBoard_IMU_Inference_Code_ResourcePerson\Core\Inc\stm32l4xx_it.h
2026-07-30 15:55:16,387 [INFO] CodeEngine:265 - oldGeneratedFile, D:\Anusha_TinyML_FDP\TinyML_Workshop_Nitte-\STM32\OnBoard_IMU_Inference_Code_ResourcePerson\Core\Src\stm32l4xx_hal_msp.c_save
2026-07-30 15:55:16,489 [INFO] CodeEngine:289 - Generated code: D:\Anusha_TinyML_FDP\TinyML_Workshop_Nitte-\STM32\OnBoard_IMU_Inference_Code_ResourcePerson\Core\Src\stm32l4xx_hal_msp.c
2026-07-30 15:55:16,494 [INFO] CodeEngine:265 - oldGeneratedFile, D:\Anusha_TinyML_FDP\TinyML_Workshop_Nitte-\STM32\OnBoard_IMU_Inference_Code_ResourcePerson\MXTmpFiles\system.tmp_save
2026-07-30 15:55:16,559 [INFO] CodeEngine:289 - Generated code: D:\Anusha_TinyML_FDP\TinyML_Workshop_Nitte-\STM32\OnBoard_IMU_Inference_Code_ResourcePerson\MXTmpFiles\system.tmp
2026-07-30 15:55:16,568 [INFO] CodeEngine:321 - oldGeneratedFile, D:\Anusha_TinyML_FDP\TinyML_Workshop_Nitte-\STM32\OnBoard_IMU_Inference_Code_ResourcePerson\Core\Inc\stm32l4xx_hal_conf.h_save
2026-07-30 15:55:16,639 [INFO] CodeEngine:345 - Generated code: D:\Anusha_TinyML_FDP\TinyML_Workshop_Nitte-\STM32\OnBoard_IMU_Inference_Code_ResourcePerson\Core\Inc\stm32l4xx_hal_conf.h
2026-07-30 15:55:16,657 [INFO] CodeEngine:265 - oldGeneratedFile, D:\Anusha_TinyML_FDP\TinyML_Workshop_Nitte-\STM32\OnBoard_IMU_Inference_Code_ResourcePerson\Core\Inc\main.h_save
2026-07-30 15:55:16,737 [INFO] CodeEngine:289 - Generated code: D:\Anusha_TinyML_FDP\TinyML_Workshop_Nitte-\STM32\OnBoard_IMU_Inference_Code_ResourcePerson\Core\Inc\main.h
2026-07-30 15:55:16,742 [INFO] CodeEngine:265 - oldGeneratedFile, D:\Anusha_TinyML_FDP\TinyML_Workshop_Nitte-\STM32\OnBoard_IMU_Inference_Code_ResourcePerson\Core\Src\main.c_save
2026-07-30 15:55:16,862 [INFO] CodeEngine:289 - Generated code: D:\Anusha_TinyML_FDP\TinyML_Workshop_Nitte-\STM32\OnBoard_IMU_Inference_Code_ResourcePerson\Core\Src\main.c
2026-07-30 15:55:17,237 [INFO] AInterface:322 - ModelName:network; files:[D:\Anusha_TinyML_FDP\TinyML_Workshop_Nitte-\ONNX\random_forest_model.onnx]; type:ONNX; compression:None
2026-07-30 15:55:17,238 [INFO] AInterface:526 - workspaceTempDir: C:/Users/ADMIN/AppData/Local/Temp/mxAI_workspace900519222128609913160162716648663979
2026-07-30 15:55:17,238 [INFO] AInterface:1179 - Setting Env: C:/Users/ADMIN/STM32Cube/Repository//Packs/STMicroelectronics/X-CUBE-AI/10.2.1/Utilities/windows
2026-07-30 15:55:17,244 [INFO] STM32CubeIDEBuilder:265 - Looking for gnu-tools-for-stm32 tools/bin/arm-none-eabi-gcc.exe in C:\ST\STM32CubeIDE_1.19.0\STM32CubeIDE
2026-07-30 15:55:17,247 [INFO] STM32CubeIDEBuilder:294 - checking C:\ST\STM32CubeIDE_1.19.0\STM32CubeIDE\plugins\com.st.stm32cube.ide.mcu.externaltools.gnu-tools-for-stm32.13.3.rel1.win32_1.0.0.202411081344\tools\bin\arm-none-eabi-gcc.exe
2026-07-30 15:55:17,248 [INFO] STM32CubeIDEBuilder:297 - ret=C:\ST\STM32CubeIDE_1.19.0\STM32CubeIDE\plugins\com.st.stm32cube.ide.mcu.externaltools.gnu-tools-for-stm32.13.3.rel1.win32_1.0.0.202411081344\tools\bin\arm-none-eabi-gcc.exe
2026-07-30 15:55:17,248 [INFO] STM32CubeIDEBuilder:311 - returning C:\ST\STM32CubeIDE_1.19.0\STM32CubeIDE\plugins\com.st.stm32cube.ide.mcu.externaltools.gnu-tools-for-stm32.13.3.rel1.win32_1.0.0.202411081344\tools\bin\arm-none-eabi-gcc.exe
2026-07-30 15:55:17,249 [INFO] AInterface:1236 - Custom PATH variable: C:/Users/ADMIN/STM32Cube/Repository//Packs/STMicroelectronics/X-CUBE-AI/10.2.1/Utilities/windows;C:/Users/ADMIN/STM32Cube/Repository//Packs/STMicroelectronics/X-CUBE-AI/10.2.1/Utilities/windows/mingw64/bin;C:/Users/ADMIN/STM32Cube/Repository//Packs/STMicroelectronics/X-CUBE-AI/10.2.1/Utilities/windows/mingw64/libexec/gcc/x86_64-w64-mingw32/7.3.0;;C:\ST\STM32CubeIDE_1.19.0\STM32CubeIDE\plugins\com.st.stm32cube.ide.mcu.externaltools.gnu-tools-for-stm32.13.3.rel1.win32_1.0.0.202411081344\tools\bin
2026-07-30 15:55:17,251 [INFO] CmdLine:115 - Command: C:/Users/ADMIN/STM32Cube/Repository//Packs/STMicroelectronics/X-CUBE-AI/10.2.1/Utilities/windows/stedgeai.exe generate --target stm32l4 --name network -m D:/Anusha_TinyML_FDP/TinyML_Workshop_Nitte-/ONNX/random_forest_model.onnx --compression none --verbosity 1 --workspace C:/Users/ADMIN/AppData/Local/Temp/mxAI_workspace900519222128609913160162716648663979 --output C:/Users/ADMIN/.stm32cubemx/network_output
2026-07-30 15:55:17,254 [INFO] AIModelDetailledView:2264 - Analysis status: pending
2026-07-30 15:55:18,014 [INFO] CmdLine:76 - ST Edge AI Core v2.2.0-20266 2adc00962
2026-07-30 15:55:33,673 [INFO] CmdLine:76 - Creating c (debug) info json file C:\Users\ADMIN\.stm32cubemx\network_output\network_c_info.json
2026-07-30 15:55:33,833 [INFO] CmdLine:76 -  
2026-07-30 15:55:33,834 [INFO] CmdLine:76 -  Exec/report summary (generate)
2026-07-30 15:55:33,834 [INFO] CmdLine:76 -  --------------------------------------------------------------------------------------------------------------
2026-07-30 15:55:33,834 [INFO] CmdLine:76 -  model file         :   D:\Anusha_TinyML_FDP\TinyML_Workshop_Nitte-\ONNX\random_forest_model.onnx              
2026-07-30 15:55:33,834 [INFO] CmdLine:76 -  type               :   onnx                                                                                   
2026-07-30 15:55:33,834 [INFO] CmdLine:76 -  c_name             :   network                                                                                
2026-07-30 15:55:33,834 [INFO] CmdLine:76 -  compression        :   none                                                                                   
2026-07-30 15:55:33,834 [INFO] CmdLine:76 -  options            :   allocate-inputs, allocate-outputs                                                      
2026-07-30 15:55:33,834 [INFO] CmdLine:76 -  optimization       :   balanced                                                                               
2026-07-30 15:55:33,834 [INFO] CmdLine:76 -  target/series      :   stm32l4                                                                                
2026-07-30 15:55:33,834 [INFO] CmdLine:76 -  workspace dir      :   C:\Users\ADMIN\AppData\Local\Temp\mxAI_workspace900519222128609913160162716648663979   
2026-07-30 15:55:33,834 [INFO] CmdLine:76 -  output dir         :   C:\Users\ADMIN\.stm32cubemx\network_output                                             
2026-07-30 15:55:33,834 [INFO] CmdLine:76 -  model_fmt          :   undefined                                                                              
2026-07-30 15:55:33,834 [INFO] CmdLine:76 -  model_name         :   random_forest_model                                                                    
2026-07-30 15:55:33,834 [INFO] CmdLine:76 -  model_hash         :   0xee61876666aff892376c0a5906476d28                                                     
2026-07-30 15:55:33,835 [INFO] CmdLine:76 -  params #           :   490,367 items (1.18 MiB)                                                               
2026-07-30 15:55:33,835 [INFO] CmdLine:76 -  --------------------------------------------------------------------------------------------------------------
2026-07-30 15:55:33,835 [INFO] CmdLine:76 -  input 1/1          :   'float_input', f32(1x1x6), 24 Bytes, activations                                       
2026-07-30 15:55:33,835 [INFO] CmdLine:76 -  output 1/2         :   'label0', int32(1x1), 4 Bytes, activations                                             
2026-07-30 15:55:33,835 [INFO] CmdLine:76 -  output 2/2         :   'output_probability', f32(1x1x5x2), 40 Bytes, activations                              
2026-07-30 15:55:33,835 [INFO] CmdLine:76 -  outputs (total)    :   44 Bytes                                                                               
2026-07-30 15:55:33,835 [INFO] CmdLine:76 -  macc               :   1,306                                                                                  
2026-07-30 15:55:33,835 [INFO] CmdLine:76 -  weights (ro)       :   1,236,440 B (1.18 MiB) (1 segment) / -725,028(-37.0%) vs float model                   
2026-07-30 15:55:33,835 [INFO] CmdLine:76 -  activations (rw)   :   64 B (64 B) (1 segment) *                                                              
2026-07-30 15:55:33,835 [INFO] CmdLine:76 -  ram (total)        :   64 B (64 B) = 64 + 0 + 0                                                               
2026-07-30 15:55:33,835 [INFO] CmdLine:76 -  --------------------------------------------------------------------------------------------------------------
2026-07-30 15:55:33,835 [INFO] CmdLine:76 -  (*) 'input'/'output' buffers are allocated in the activations buffer
2026-07-30 15:55:33,891 [INFO] CmdLine:76 - Computing AI RT data/code size (target=stm32l4)..
2026-07-30 15:55:36,405 [INFO] CmdLine:76 -  Requested memory size by section - "stm32l4" target
2026-07-30 15:55:36,406 [INFO] CmdLine:76 -  ------------------------------ ------- ----------- ------- -----
2026-07-30 15:55:36,406 [INFO] CmdLine:76 -  module                            text      rodata    data   bss
2026-07-30 15:55:36,406 [INFO] CmdLine:76 -  ------------------------------ ------- ----------- ------- -----
2026-07-30 15:55:36,406 [INFO] CmdLine:76 -  NetworkRuntime1020_CM4_GCC.a     5,508           0       0     0
2026-07-30 15:55:36,406 [INFO] CmdLine:76 -  network.o                          692          16   1,768   172
2026-07-30 15:55:36,406 [INFO] CmdLine:76 -  network_data.o                      48          16      88     0
2026-07-30 15:55:36,407 [INFO] CmdLine:76 -  lib (toolchain)*                     0           0       0     0
2026-07-30 15:55:36,407 [INFO] CmdLine:76 -  ------------------------------ ------- ----------- ------- -----
2026-07-30 15:55:36,407 [INFO] CmdLine:76 -  RT total**                       6,248          32   1,856   172
2026-07-30 15:55:36,407 [INFO] CmdLine:76 -  ------------------------------ ------- ----------- ------- -----
2026-07-30 15:55:36,408 [INFO] CmdLine:76 -  weights                              0   1,236,440       0     0
2026-07-30 15:55:36,408 [INFO] CmdLine:76 -  activations                          0           0       0    64
2026-07-30 15:55:36,408 [INFO] CmdLine:76 -  io                                   0           0       0     0
2026-07-30 15:55:36,408 [INFO] CmdLine:76 -  ------------------------------ ------- ----------- ------- -----
2026-07-30 15:55:36,408 [INFO] CmdLine:76 -  TOTAL                            6,248   1,236,472   1,856   236
2026-07-30 15:55:36,408 [INFO] CmdLine:76 -  ------------------------------ ------- ----------- ------- -----
2026-07-30 15:55:36,408 [INFO] CmdLine:76 -  *  toolchain objects (libm/libgcc*)
2026-07-30 15:55:36,409 [INFO] CmdLine:76 -  ** RT AI runtime objects (kernels+infrastructure)
2026-07-30 15:55:36,409 [INFO] CmdLine:76 -   Summary - "stm32l4" target
2026-07-30 15:55:36,409 [INFO] CmdLine:76 -   --------------------------------------------------
2026-07-30 15:55:36,409 [INFO] CmdLine:76 -                FLASH (ro)     %*   RAM (rw)       %
2026-07-30 15:55:36,410 [INFO] CmdLine:76 -   --------------------------------------------------
2026-07-30 15:55:36,410 [INFO] CmdLine:76 -   RT total          8,136   0.7%      2,028   96.9%
2026-07-30 15:55:36,410 [INFO] CmdLine:76 -   --------------------------------------------------
2026-07-30 15:55:36,410 [INFO] CmdLine:76 -   TOTAL         1,244,576             2,092
2026-07-30 15:55:36,410 [INFO] CmdLine:76 -   --------------------------------------------------
2026-07-30 15:55:36,410 [INFO] CmdLine:76 -   *  rt/total
2026-07-30 15:55:36,411 [INFO] CmdLine:76 -  Generated files (7)
2026-07-30 15:55:36,411 [INFO] CmdLine:76 -  ------------------------------------------------------------------
2026-07-30 15:55:36,411 [INFO] CmdLine:76 -  C:\Users\ADMIN\.stm32cubemx\network_output\network_data_params.h
2026-07-30 15:55:36,411 [INFO] CmdLine:76 -  C:\Users\ADMIN\.stm32cubemx\network_output\network_data_params.c
2026-07-30 15:55:36,411 [INFO] CmdLine:76 -  C:\Users\ADMIN\.stm32cubemx\network_output\network_data.h
2026-07-30 15:55:36,411 [INFO] CmdLine:76 -  C:\Users\ADMIN\.stm32cubemx\network_output\network_data.c
2026-07-30 15:55:36,412 [INFO] CmdLine:76 -  C:\Users\ADMIN\.stm32cubemx\network_output\network_config.h
2026-07-30 15:55:36,412 [INFO] CmdLine:76 -  C:\Users\ADMIN\.stm32cubemx\network_output\network.h
2026-07-30 15:55:36,412 [INFO] CmdLine:76 -  C:\Users\ADMIN\.stm32cubemx\network_output\network.c
2026-07-30 15:55:36,413 [INFO] CmdLine:76 - Creating txt report file C:\Users\ADMIN\.stm32cubemx\network_output\network_generate_report.txt
2026-07-30 15:55:48,926 [INFO] CmdLine:76 - elapsed time (generate): 30.913s
2026-07-30 15:55:49,532 [INFO] CmdLine:148 - stedgeai exit with status: 0
2026-07-30 15:55:49,669 [INFO] AIModelDetailledView:2264 - Analysis status: done
2026-07-30 15:55:50,063 [INFO] ProjectBuilder:3606 - Time for Copy HAL[1] : 159mS.
2026-07-30 15:55:50,063 [ERROR] Middleware:2950 - Invalid RefComponent list
2026-07-30 15:55:50,063 [ERROR] Middleware:2950 - Invalid RefComponent list
2026-07-30 15:55:50,063 [ERROR] Middleware:2950 - Invalid RefComponent list
2026-07-30 15:55:50,063 [ERROR] Middleware:2950 - Invalid RefComponent list
2026-07-30 15:55:50,064 [ERROR] Middleware:2950 - Invalid RefComponent list
2026-07-30 15:55:50,064 [ERROR] Middleware:2950 - Invalid RefComponent list
2026-07-30 15:55:50,064 [ERROR] Middleware:2950 - Invalid RefComponent list
2026-07-30 15:55:50,064 [ERROR] Middleware:2950 - Invalid RefComponent list
2026-07-30 15:55:50,064 [ERROR] Middleware:2950 - Invalid RefComponent list
2026-07-30 15:55:50,064 [ERROR] Middleware:2950 - Invalid RefComponent list
2026-07-30 15:55:50,064 [ERROR] Middleware:2950 - Invalid RefComponent list
2026-07-30 15:55:50,064 [ERROR] Middleware:2950 - Invalid RefComponent list
2026-07-30 15:55:50,064 [ERROR] Middleware:2950 - Invalid RefComponent list
2026-07-30 15:55:50,064 [ERROR] Middleware:2950 - Invalid RefComponent list
2026-07-30 15:55:50,064 [ERROR] Middleware:2950 - Invalid RefComponent list
2026-07-30 15:55:50,064 [ERROR] Middleware:2950 - Invalid RefComponent list
2026-07-30 15:55:50,064 [ERROR] Middleware:2950 - Invalid RefComponent list
2026-07-30 15:55:50,064 [ERROR] Middleware:2950 - Invalid RefComponent list
2026-07-30 15:55:50,064 [ERROR] Middleware:2950 - Invalid RefComponent list
2026-07-30 15:55:50,064 [ERROR] Middleware:2950 - Invalid RefComponent list
2026-07-30 15:55:50,064 [ERROR] Middleware:2950 - Invalid RefComponent list
2026-07-30 15:55:50,064 [ERROR] Middleware:2950 - Invalid RefComponent list
2026-07-30 15:55:50,064 [ERROR] Middleware:2950 - Invalid RefComponent list
2026-07-30 15:55:50,064 [ERROR] Middleware:2950 - Invalid RefComponent list
2026-07-30 15:55:50,064 [ERROR] Middleware:2950 - Invalid RefComponent list
2026-07-30 15:55:50,064 [ERROR] Middleware:2950 - Invalid RefComponent list
2026-07-30 15:55:50,064 [ERROR] Middleware:2950 - Invalid RefComponent list
2026-07-30 15:55:50,064 [ERROR] Middleware:2950 - Invalid RefComponent list
2026-07-30 15:55:50,064 [ERROR] Middleware:2950 - Invalid RefComponent list
2026-07-30 15:55:50,064 [ERROR] Middleware:2950 - Invalid RefComponent list
2026-07-30 15:55:50,064 [ERROR] Middleware:2950 - Invalid RefComponent list
2026-07-30 15:55:50,064 [ERROR] Middleware:2950 - Invalid RefComponent list
2026-07-30 15:55:50,064 [ERROR] Middleware:2950 - Invalid RefComponent list
2026-07-30 15:55:50,064 [ERROR] Middleware:2950 - Invalid RefComponent list
2026-07-30 15:55:50,064 [ERROR] Middleware:2950 - Invalid RefComponent list
2026-07-30 15:55:50,065 [ERROR] Middleware:2950 - Invalid RefComponent list
2026-07-30 15:55:50,065 [ERROR] Middleware:2950 - Invalid RefComponent list
2026-07-30 15:55:50,065 [ERROR] Middleware:2950 - Invalid RefComponent list
2026-07-30 15:55:50,065 [ERROR] Middleware:2950 - Invalid RefComponent list
2026-07-30 15:55:50,065 [ERROR] Middleware:2950 - Invalid RefComponent list
2026-07-30 15:55:50,065 [ERROR] Middleware:2950 - Invalid RefComponent list
2026-07-30 15:55:50,065 [ERROR] Middleware:2950 - Invalid RefComponent list
2026-07-30 15:55:50,065 [ERROR] Middleware:2950 - Invalid RefComponent list
2026-07-30 15:55:50,065 [ERROR] Middleware:2950 - Invalid RefComponent list
2026-07-30 15:55:50,065 [ERROR] Middleware:2950 - Invalid RefComponent list
2026-07-30 15:55:50,065 [ERROR] Middleware:2950 - Invalid RefComponent list
2026-07-30 15:55:50,065 [ERROR] Middleware:2950 - Invalid RefComponent list
2026-07-30 15:55:50,065 [ERROR] Middleware:2950 - Invalid RefComponent list
2026-07-30 15:55:50,065 [ERROR] Middleware:2950 - Invalid RefComponent list
2026-07-30 15:55:50,065 [ERROR] Middleware:2950 - Invalid RefComponent list
2026-07-30 15:55:50,069 [INFO] ProjectBuilder:5216 - Project Generator version: 4.7.0-B52
2026-07-30 15:55:50,156 [INFO] ConfigFileManager:1595 - The Die is : DIE470
2026-07-30 15:55:50,859 [INFO] ProjectBuilder:5496 - Time for Generating toolchain IDE Files: 790mS.
2026-07-30 15:55:50,860 [INFO] ProjectBuilder:3463 - Time for Copy CMSIS : 0mS.
2026-07-30 15:55:50,862 [INFO] ProjectBuilder:3463 - Time for Copy CMSIS : 0mS.
2026-07-30 15:56:23,472 [INFO] UtilMem:75 - End SaveConfig() Used Memory: 705978136 Bytes (1073741824)
2026-07-30 15:56:25,240 [INFO] UtilMem:75 - End SaveConfig() Used Memory: 750018328 Bytes (1073741824)
2026-07-30 15:56:25,478 [INFO] UtilMem:75 - End SaveConfig() Used Memory: 794058520 Bytes (1073741824)
2026-07-30 15:56:25,646 [INFO] BlockDiagram:2775 - set Specific Code input for plugin: SYS
2026-07-30 15:56:25,646 [INFO] BlockDiagram:2775 - set Specific Code input for plugin: RCC
2026-07-30 15:56:25,646 [INFO] BlockDiagram:2775 - set Specific Code input for plugin: I2C
2026-07-30 15:56:25,646 [INFO] BlockDiagram:2775 - set Specific Code input for plugin: NVIC
2026-07-30 15:56:25,646 [INFO] BlockDiagram:2775 - set Specific Code input for plugin: USART
2026-07-30 15:56:25,647 [INFO] BlockDiagram:2775 - set Specific Code input for plugin: STMicroelectronics.X-CUBE-AI.10.2.1
2026-07-30 15:56:25,647 [INFO] BlockDiagram:2775 - set Specific Code input for plugin: GPIO
2026-07-30 15:56:25,649 [INFO] CodeGenerator:892 - code generatio: config db path: C:\ST\STM32CubeIDE_1.19.0\STM32CubeIDE\plugins\com.st.stm32cube.common.mx_6.15.0.202507011659\\db\
2026-07-30 15:56:25,727 [INFO] IP:3329 - RTE Config file name : RTE_Component
2026-07-30 15:56:25,727 [INFO] IP:3347 - RTE template : RTE_Components.ftl
2026-07-30 15:56:25,735 [INFO] CodeEngine:265 - oldGeneratedFile, D:\Anusha_TinyML_FDP\TinyML_Workshop_Nitte-\STM32\OnBoard_IMU_Inference_Code_ResourcePerson\MXTmpFiles\license.tmp_save
2026-07-30 15:56:25,801 [INFO] CodeEngine:289 - Generated code: D:\Anusha_TinyML_FDP\TinyML_Workshop_Nitte-\STM32\OnBoard_IMU_Inference_Code_ResourcePerson\MXTmpFiles\license.tmp
2026-07-30 15:56:25,821 [INFO] CodeEngine:265 - oldGeneratedFile, D:\Anusha_TinyML_FDP\TinyML_Workshop_Nitte-\STM32\OnBoard_IMU_Inference_Code_ResourcePerson\MXTmpFiles\gpio.tmp_save
2026-07-30 15:56:25,888 [INFO] CodeEngine:289 - Generated code: D:\Anusha_TinyML_FDP\TinyML_Workshop_Nitte-\STM32\OnBoard_IMU_Inference_Code_ResourcePerson\MXTmpFiles\gpio.tmp
2026-07-30 15:56:25,956 [INFO] Middleware:1452 - No code input for Bsp Dependency
2026-07-30 15:56:25,958 [INFO] Middleware:1452 - No code input for Bsp Dependency
2026-07-30 15:56:25,990 [INFO] CodeEngine:265 - oldGeneratedFile, D:\Anusha_TinyML_FDP\TinyML_Workshop_Nitte-\STM32\OnBoard_IMU_Inference_Code_ResourcePerson\Core\Src\stm32l4xx_it.c_save
2026-07-30 15:56:26,063 [INFO] CodeEngine:289 - Generated code: D:\Anusha_TinyML_FDP\TinyML_Workshop_Nitte-\STM32\OnBoard_IMU_Inference_Code_ResourcePerson\Core\Src\stm32l4xx_it.c
2026-07-30 15:56:26,068 [INFO] CodeEngine:265 - oldGeneratedFile, D:\Anusha_TinyML_FDP\TinyML_Workshop_Nitte-\STM32\OnBoard_IMU_Inference_Code_ResourcePerson\Core\Inc\stm32l4xx_it.h_save
2026-07-30 15:56:26,134 [INFO] CodeEngine:289 - Generated code: D:\Anusha_TinyML_FDP\TinyML_Workshop_Nitte-\STM32\OnBoard_IMU_Inference_Code_ResourcePerson\Core\Inc\stm32l4xx_it.h
2026-07-30 15:56:26,147 [INFO] CodeEngine:265 - oldGeneratedFile, D:\Anusha_TinyML_FDP\TinyML_Workshop_Nitte-\STM32\OnBoard_IMU_Inference_Code_ResourcePerson\Core\Src\stm32l4xx_hal_msp.c_save
2026-07-30 15:56:26,248 [INFO] CodeEngine:289 - Generated code: D:\Anusha_TinyML_FDP\TinyML_Workshop_Nitte-\STM32\OnBoard_IMU_Inference_Code_ResourcePerson\Core\Src\stm32l4xx_hal_msp.c
2026-07-30 15:56:26,252 [INFO] CodeEngine:265 - oldGeneratedFile, D:\Anusha_TinyML_FDP\TinyML_Workshop_Nitte-\STM32\OnBoard_IMU_Inference_Code_ResourcePerson\MXTmpFiles\system.tmp_save
2026-07-30 15:56:26,315 [INFO] CodeEngine:289 - Generated code: D:\Anusha_TinyML_FDP\TinyML_Workshop_Nitte-\STM32\OnBoard_IMU_Inference_Code_ResourcePerson\MXTmpFiles\system.tmp
2026-07-30 15:56:26,329 [INFO] CodeEngine:321 - oldGeneratedFile, D:\Anusha_TinyML_FDP\TinyML_Workshop_Nitte-\STM32\OnBoard_IMU_Inference_Code_ResourcePerson\Core\Inc\stm32l4xx_hal_conf.h_save
2026-07-30 15:56:26,410 [INFO] CodeEngine:345 - Generated code: D:\Anusha_TinyML_FDP\TinyML_Workshop_Nitte-\STM32\OnBoard_IMU_Inference_Code_ResourcePerson\Core\Inc\stm32l4xx_hal_conf.h
2026-07-30 15:56:26,429 [INFO] CodeEngine:265 - oldGeneratedFile, D:\Anusha_TinyML_FDP\TinyML_Workshop_Nitte-\STM32\OnBoard_IMU_Inference_Code_ResourcePerson\Core\Inc\main.h_save
2026-07-30 15:56:26,511 [INFO] CodeEngine:289 - Generated code: D:\Anusha_TinyML_FDP\TinyML_Workshop_Nitte-\STM32\OnBoard_IMU_Inference_Code_ResourcePerson\Core\Inc\main.h
2026-07-30 15:56:26,516 [INFO] CodeEngine:265 - oldGeneratedFile, D:\Anusha_TinyML_FDP\TinyML_Workshop_Nitte-\STM32\OnBoard_IMU_Inference_Code_ResourcePerson\Core\Src\main.c_save
2026-07-30 15:56:26,635 [INFO] CodeEngine:289 - Generated code: D:\Anusha_TinyML_FDP\TinyML_Workshop_Nitte-\STM32\OnBoard_IMU_Inference_Code_ResourcePerson\Core\Src\main.c
2026-07-30 15:56:27,002 [INFO] AInterface:322 - ModelName:network; files:[D:\Anusha_TinyML_FDP\TinyML_Workshop_Nitte-\ONNX\random_forest_model.onnx]; type:ONNX; compression:None
2026-07-30 15:56:27,003 [INFO] AInterface:526 - workspaceTempDir: C:/Users/ADMIN/AppData/Local/Temp/mxAI_workspace900526198635819915960827648448092705
2026-07-30 15:56:27,003 [INFO] AInterface:1179 - Setting Env: C:/Users/ADMIN/STM32Cube/Repository//Packs/STMicroelectronics/X-CUBE-AI/10.2.1/Utilities/windows
2026-07-30 15:56:27,010 [INFO] STM32CubeIDEBuilder:265 - Looking for gnu-tools-for-stm32 tools/bin/arm-none-eabi-gcc.exe in C:\ST\STM32CubeIDE_1.19.0\STM32CubeIDE
2026-07-30 15:56:27,012 [INFO] STM32CubeIDEBuilder:294 - checking C:\ST\STM32CubeIDE_1.19.0\STM32CubeIDE\plugins\com.st.stm32cube.ide.mcu.externaltools.gnu-tools-for-stm32.13.3.rel1.win32_1.0.0.202411081344\tools\bin\arm-none-eabi-gcc.exe
2026-07-30 15:56:27,013 [INFO] STM32CubeIDEBuilder:297 - ret=C:\ST\STM32CubeIDE_1.19.0\STM32CubeIDE\plugins\com.st.stm32cube.ide.mcu.externaltools.gnu-tools-for-stm32.13.3.rel1.win32_1.0.0.202411081344\tools\bin\arm-none-eabi-gcc.exe
2026-07-30 15:56:27,013 [INFO] STM32CubeIDEBuilder:311 - returning C:\ST\STM32CubeIDE_1.19.0\STM32CubeIDE\plugins\com.st.stm32cube.ide.mcu.externaltools.gnu-tools-for-stm32.13.3.rel1.win32_1.0.0.202411081344\tools\bin\arm-none-eabi-gcc.exe
2026-07-30 15:56:27,014 [INFO] AInterface:1236 - Custom PATH variable: C:/Users/ADMIN/STM32Cube/Repository//Packs/STMicroelectronics/X-CUBE-AI/10.2.1/Utilities/windows;C:/Users/ADMIN/STM32Cube/Repository//Packs/STMicroelectronics/X-CUBE-AI/10.2.1/Utilities/windows/mingw64/bin;C:/Users/ADMIN/STM32Cube/Repository//Packs/STMicroelectronics/X-CUBE-AI/10.2.1/Utilities/windows/mingw64/libexec/gcc/x86_64-w64-mingw32/7.3.0;;C:\ST\STM32CubeIDE_1.19.0\STM32CubeIDE\plugins\com.st.stm32cube.ide.mcu.externaltools.gnu-tools-for-stm32.13.3.rel1.win32_1.0.0.202411081344\tools\bin
2026-07-30 15:56:27,016 [INFO] CmdLine:115 - Command: C:/Users/ADMIN/STM32Cube/Repository//Packs/STMicroelectronics/X-CUBE-AI/10.2.1/Utilities/windows/stedgeai.exe generate --target stm32l4 --name network -m D:/Anusha_TinyML_FDP/TinyML_Workshop_Nitte-/ONNX/random_forest_model.onnx --compression none --verbosity 1 --workspace C:/Users/ADMIN/AppData/Local/Temp/mxAI_workspace900526198635819915960827648448092705 --output C:/Users/ADMIN/.stm32cubemx/network_output
2026-07-30 15:56:27,019 [INFO] AIModelDetailledView:2264 - Analysis status: pending
2026-07-30 15:56:27,791 [INFO] CmdLine:76 - ST Edge AI Core v2.2.0-20266 2adc00962
2026-07-30 15:56:43,623 [INFO] CmdLine:76 - Creating c (debug) info json file C:\Users\ADMIN\.stm32cubemx\network_output\network_c_info.json
2026-07-30 15:56:43,781 [INFO] CmdLine:76 -  
2026-07-30 15:56:43,782 [INFO] CmdLine:76 -  Exec/report summary (generate)
2026-07-30 15:56:43,782 [INFO] CmdLine:76 -  --------------------------------------------------------------------------------------------------------------
2026-07-30 15:56:43,782 [INFO] CmdLine:76 -  model file         :   D:\Anusha_TinyML_FDP\TinyML_Workshop_Nitte-\ONNX\random_forest_model.onnx              
2026-07-30 15:56:43,782 [INFO] CmdLine:76 -  type               :   onnx                                                                                   
2026-07-30 15:56:43,782 [INFO] CmdLine:76 -  c_name             :   network                                                                                
2026-07-30 15:56:43,782 [INFO] CmdLine:76 -  compression        :   none                                                                                   
2026-07-30 15:56:43,782 [INFO] CmdLine:76 -  options            :   allocate-inputs, allocate-outputs                                                      
2026-07-30 15:56:43,782 [INFO] CmdLine:76 -  optimization       :   balanced                                                                               
2026-07-30 15:56:43,782 [INFO] CmdLine:76 -  target/series      :   stm32l4                                                                                
2026-07-30 15:56:43,782 [INFO] CmdLine:76 -  workspace dir      :   C:\Users\ADMIN\AppData\Local\Temp\mxAI_workspace900526198635819915960827648448092705   
2026-07-30 15:56:43,782 [INFO] CmdLine:76 -  output dir         :   C:\Users\ADMIN\.stm32cubemx\network_output                                             
2026-07-30 15:56:43,782 [INFO] CmdLine:76 -  model_fmt          :   undefined                                                                              
2026-07-30 15:56:43,782 [INFO] CmdLine:76 -  model_name         :   random_forest_model                                                                    
2026-07-30 15:56:43,782 [INFO] CmdLine:76 -  model_hash         :   0xee61876666aff892376c0a5906476d28                                                     
2026-07-30 15:56:43,782 [INFO] CmdLine:76 -  params #           :   490,367 items (1.18 MiB)                                                               
2026-07-30 15:56:43,782 [INFO] CmdLine:76 -  --------------------------------------------------------------------------------------------------------------
2026-07-30 15:56:43,783 [INFO] CmdLine:76 -  input 1/1          :   'float_input', f32(1x1x6), 24 Bytes, activations                                       
2026-07-30 15:56:43,783 [INFO] CmdLine:76 -  output 1/2         :   'label0', int32(1x1), 4 Bytes, activations                                             
2026-07-30 15:56:43,783 [INFO] CmdLine:76 -  output 2/2         :   'output_probability', f32(1x1x5x2), 40 Bytes, activations                              
2026-07-30 15:56:43,783 [INFO] CmdLine:76 -  outputs (total)    :   44 Bytes                                                                               
2026-07-30 15:56:43,783 [INFO] CmdLine:76 -  macc               :   1,306                                                                                  
2026-07-30 15:56:43,783 [INFO] CmdLine:76 -  weights (ro)       :   1,236,440 B (1.18 MiB) (1 segment) / -725,028(-37.0%) vs float model                   
2026-07-30 15:56:43,783 [INFO] CmdLine:76 -  activations (rw)   :   64 B (64 B) (1 segment) *                                                              
2026-07-30 15:56:43,783 [INFO] CmdLine:76 -  ram (total)        :   64 B (64 B) = 64 + 0 + 0                                                               
2026-07-30 15:56:43,783 [INFO] CmdLine:76 -  --------------------------------------------------------------------------------------------------------------
2026-07-30 15:56:43,783 [INFO] CmdLine:76 -  (*) 'input'/'output' buffers are allocated in the activations buffer
2026-07-30 15:56:43,838 [INFO] CmdLine:76 - Computing AI RT data/code size (target=stm32l4)..
2026-07-30 15:56:46,388 [INFO] CmdLine:76 -  Requested memory size by section - "stm32l4" target
2026-07-30 15:56:46,389 [INFO] CmdLine:76 -  ------------------------------ ------- ----------- ------- -----
2026-07-30 15:56:46,389 [INFO] CmdLine:76 -  module                            text      rodata    data   bss
2026-07-30 15:56:46,389 [INFO] CmdLine:76 -  ------------------------------ ------- ----------- ------- -----
2026-07-30 15:56:46,389 [INFO] CmdLine:76 -  NetworkRuntime1020_CM4_GCC.a     5,508           0       0     0
2026-07-30 15:56:46,389 [INFO] CmdLine:76 -  network.o                          692          16   1,768   172
2026-07-30 15:56:46,389 [INFO] CmdLine:76 -  network_data.o                      48          16      88     0
2026-07-30 15:56:46,389 [INFO] CmdLine:76 -  lib (toolchain)*                     0           0       0     0
2026-07-30 15:56:46,389 [INFO] CmdLine:76 -  ------------------------------ ------- ----------- ------- -----
2026-07-30 15:56:46,389 [INFO] CmdLine:76 -  RT total**                       6,248          32   1,856   172
2026-07-30 15:56:46,390 [INFO] CmdLine:76 -  ------------------------------ ------- ----------- ------- -----
2026-07-30 15:56:46,390 [INFO] CmdLine:76 -  weights                              0   1,236,440       0     0
2026-07-30 15:56:46,390 [INFO] CmdLine:76 -  activations                          0           0       0    64
2026-07-30 15:56:46,390 [INFO] CmdLine:76 -  io                                   0           0       0     0
2026-07-30 15:56:46,390 [INFO] CmdLine:76 -  ------------------------------ ------- ----------- ------- -----
2026-07-30 15:56:46,390 [INFO] CmdLine:76 -  TOTAL                            6,248   1,236,472   1,856   236
2026-07-30 15:56:46,390 [INFO] CmdLine:76 -  ------------------------------ ------- ----------- ------- -----
2026-07-30 15:56:46,390 [INFO] CmdLine:76 -  *  toolchain objects (libm/libgcc*)
2026-07-30 15:56:46,390 [INFO] CmdLine:76 -  ** RT AI runtime objects (kernels+infrastructure)
2026-07-30 15:56:46,390 [INFO] CmdLine:76 -   Summary - "stm32l4" target
2026-07-30 15:56:46,391 [INFO] CmdLine:76 -   --------------------------------------------------
2026-07-30 15:56:46,391 [INFO] CmdLine:76 -                FLASH (ro)     %*   RAM (rw)       %
2026-07-30 15:56:46,391 [INFO] CmdLine:76 -   --------------------------------------------------
2026-07-30 15:56:46,391 [INFO] CmdLine:76 -   RT total          8,136   0.7%      2,028   96.9%
2026-07-30 15:56:46,391 [INFO] CmdLine:76 -   --------------------------------------------------
2026-07-30 15:56:46,392 [INFO] CmdLine:76 -   TOTAL         1,244,576             2,092
2026-07-30 15:56:46,392 [INFO] CmdLine:76 -   --------------------------------------------------
2026-07-30 15:56:46,392 [INFO] CmdLine:76 -   *  rt/total
2026-07-30 15:56:46,392 [INFO] CmdLine:76 -  Generated files (7)
2026-07-30 15:56:46,392 [INFO] CmdLine:76 -  ------------------------------------------------------------------
2026-07-30 15:56:46,392 [INFO] CmdLine:76 -  C:\Users\ADMIN\.stm32cubemx\network_output\network_data_params.h
2026-07-30 15:56:46,392 [INFO] CmdLine:76 -  C:\Users\ADMIN\.stm32cubemx\network_output\network_data_params.c
2026-07-30 15:56:46,392 [INFO] CmdLine:76 -  C:\Users\ADMIN\.stm32cubemx\network_output\network_data.h
2026-07-30 15:56:46,393 [INFO] CmdLine:76 -  C:\Users\ADMIN\.stm32cubemx\network_output\network_data.c
2026-07-30 15:56:46,393 [INFO] CmdLine:76 -  C:\Users\ADMIN\.stm32cubemx\network_output\network_config.h
2026-07-30 15:56:46,393 [INFO] CmdLine:76 -  C:\Users\ADMIN\.stm32cubemx\network_output\network.h
2026-07-30 15:56:46,393 [INFO] CmdLine:76 -  C:\Users\ADMIN\.stm32cubemx\network_output\network.c
2026-07-30 15:56:46,393 [INFO] CmdLine:76 - Creating txt report file C:\Users\ADMIN\.stm32cubemx\network_output\network_generate_report.txt
2026-07-30 15:56:58,226 [INFO] CmdLine:76 - elapsed time (generate): 30.435s
2026-07-30 15:56:58,834 [INFO] CmdLine:148 - stedgeai exit with status: 0
2026-07-30 15:56:58,974 [INFO] AIModelDetailledView:2264 - Analysis status: done
2026-07-30 15:56:59,377 [INFO] ProjectBuilder:3606 - Time for Copy HAL[1] : 155mS.
2026-07-30 15:56:59,377 [ERROR] Middleware:2950 - Invalid RefComponent list
2026-07-30 15:56:59,377 [ERROR] Middleware:2950 - Invalid RefComponent list
2026-07-30 15:56:59,377 [ERROR] Middleware:2950 - Invalid RefComponent list
2026-07-30 15:56:59,378 [ERROR] Middleware:2950 - Invalid RefComponent list
2026-07-30 15:56:59,378 [ERROR] Middleware:2950 - Invalid RefComponent list
2026-07-30 15:56:59,378 [ERROR] Middleware:2950 - Invalid RefComponent list
2026-07-30 15:56:59,378 [ERROR] Middleware:2950 - Invalid RefComponent list
2026-07-30 15:56:59,378 [ERROR] Middleware:2950 - Invalid RefComponent list
2026-07-30 15:56:59,378 [ERROR] Middleware:2950 - Invalid RefComponent list
2026-07-30 15:56:59,378 [ERROR] Middleware:2950 - Invalid RefComponent list
2026-07-30 15:56:59,378 [ERROR] Middleware:2950 - Invalid RefComponent list
2026-07-30 15:56:59,378 [ERROR] Middleware:2950 - Invalid RefComponent list
2026-07-30 15:56:59,378 [ERROR] Middleware:2950 - Invalid RefComponent list
2026-07-30 15:56:59,378 [ERROR] Middleware:2950 - Invalid RefComponent list
2026-07-30 15:56:59,378 [ERROR] Middleware:2950 - Invalid RefComponent list
2026-07-30 15:56:59,378 [ERROR] Middleware:2950 - Invalid RefComponent list
2026-07-30 15:56:59,378 [ERROR] Middleware:2950 - Invalid RefComponent list
2026-07-30 15:56:59,378 [ERROR] Middleware:2950 - Invalid RefComponent list
2026-07-30 15:56:59,378 [ERROR] Middleware:2950 - Invalid RefComponent list
2026-07-30 15:56:59,378 [ERROR] Middleware:2950 - Invalid RefComponent list
2026-07-30 15:56:59,378 [ERROR] Middleware:2950 - Invalid RefComponent list
2026-07-30 15:56:59,378 [ERROR] Middleware:2950 - Invalid RefComponent list
2026-07-30 15:56:59,378 [ERROR] Middleware:2950 - Invalid RefComponent list
2026-07-30 15:56:59,378 [ERROR] Middleware:2950 - Invalid RefComponent list
2026-07-30 15:56:59,378 [ERROR] Middleware:2950 - Invalid RefComponent list
2026-07-30 15:56:59,378 [ERROR] Middleware:2950 - Invalid RefComponent list
2026-07-30 15:56:59,378 [ERROR] Middleware:2950 - Invalid RefComponent list
2026-07-30 15:56:59,378 [ERROR] Middleware:2950 - Invalid RefComponent list
2026-07-30 15:56:59,378 [ERROR] Middleware:2950 - Invalid RefComponent list
2026-07-30 15:56:59,378 [ERROR] Middleware:2950 - Invalid RefComponent list
2026-07-30 15:56:59,379 [ERROR] Middleware:2950 - Invalid RefComponent list
2026-07-30 15:56:59,379 [ERROR] Middleware:2950 - Invalid RefComponent list
2026-07-30 15:56:59,379 [ERROR] Middleware:2950 - Invalid RefComponent list
2026-07-30 15:56:59,379 [ERROR] Middleware:2950 - Invalid RefComponent list
2026-07-30 15:56:59,379 [ERROR] Middleware:2950 - Invalid RefComponent list
2026-07-30 15:56:59,379 [ERROR] Middleware:2950 - Invalid RefComponent list
2026-07-30 15:56:59,379 [ERROR] Middleware:2950 - Invalid RefComponent list
2026-07-30 15:56:59,379 [ERROR] Middleware:2950 - Invalid RefComponent list
2026-07-30 15:56:59,379 [ERROR] Middleware:2950 - Invalid RefComponent list
2026-07-30 15:56:59,379 [ERROR] Middleware:2950 - Invalid RefComponent list
2026-07-30 15:56:59,379 [ERROR] Middleware:2950 - Invalid RefComponent list
2026-07-30 15:56:59,379 [ERROR] Middleware:2950 - Invalid RefComponent list
2026-07-30 15:56:59,379 [ERROR] Middleware:2950 - Invalid RefComponent list
2026-07-30 15:56:59,379 [ERROR] Middleware:2950 - Invalid RefComponent list
2026-07-30 15:56:59,379 [ERROR] Middleware:2950 - Invalid RefComponent list
2026-07-30 15:56:59,379 [ERROR] Middleware:2950 - Invalid RefComponent list
2026-07-30 15:56:59,379 [ERROR] Middleware:2950 - Invalid RefComponent list
2026-07-30 15:56:59,379 [ERROR] Middleware:2950 - Invalid RefComponent list
2026-07-30 15:56:59,379 [ERROR] Middleware:2950 - Invalid RefComponent list
2026-07-30 15:56:59,379 [ERROR] Middleware:2950 - Invalid RefComponent list
2026-07-30 15:56:59,382 [INFO] ProjectBuilder:5216 - Project Generator version: 4.7.0-B52
2026-07-30 15:56:59,466 [INFO] ConfigFileManager:1595 - The Die is : DIE470
2026-07-30 15:57:00,163 [INFO] ProjectBuilder:5496 - Time for Generating toolchain IDE Files: 781mS.
2026-07-30 15:57:00,164 [INFO] ProjectBuilder:3463 - Time for Copy CMSIS : 0mS.
2026-07-30 15:57:00,167 [INFO] ProjectBuilder:3463 - Time for Copy CMSIS : 0mS.
2026-07-30 16:06:28,701 [INFO] UtilMem:75 - End SaveConfig() Used Memory: 576891728 Bytes (1073741824)
2026-07-30 16:06:31,711 [INFO] UtilMem:75 - End SaveConfig() Used Memory: 616215376 Bytes (1073741824)
2026-07-30 16:06:31,969 [INFO] UtilMem:75 - End SaveConfig() Used Memory: 657632080 Bytes (1073741824)
2026-07-30 16:06:32,141 [INFO] BlockDiagram:2775 - set Specific Code input for plugin: SYS
2026-07-30 16:06:32,141 [INFO] BlockDiagram:2775 - set Specific Code input for plugin: RCC
2026-07-30 16:06:32,141 [INFO] BlockDiagram:2775 - set Specific Code input for plugin: I2C
2026-07-30 16:06:32,141 [INFO] BlockDiagram:2775 - set Specific Code input for plugin: NVIC
2026-07-30 16:06:32,141 [INFO] BlockDiagram:2775 - set Specific Code input for plugin: USART
2026-07-30 16:06:32,141 [INFO] BlockDiagram:2775 - set Specific Code input for plugin: STMicroelectronics.X-CUBE-AI.10.2.1
2026-07-30 16:06:32,141 [INFO] BlockDiagram:2775 - set Specific Code input for plugin: GPIO
2026-07-30 16:06:32,142 [INFO] CodeGenerator:892 - code generatio: config db path: C:\ST\STM32CubeIDE_1.19.0\STM32CubeIDE\plugins\com.st.stm32cube.common.mx_6.15.0.202507011659\\db\
2026-07-30 16:06:32,221 [INFO] IP:3329 - RTE Config file name : RTE_Component
2026-07-30 16:06:32,221 [INFO] IP:3347 - RTE template : RTE_Components.ftl
2026-07-30 16:06:32,229 [INFO] CodeEngine:265 - oldGeneratedFile, D:\Anusha_TinyML_FDP\TinyML_Workshop_Nitte-\STM32\OnBoard_IMU_Inference_Code_ResourcePerson\MXTmpFiles\license.tmp_save
2026-07-30 16:06:32,305 [INFO] CodeEngine:289 - Generated code: D:\Anusha_TinyML_FDP\TinyML_Workshop_Nitte-\STM32\OnBoard_IMU_Inference_Code_ResourcePerson\MXTmpFiles\license.tmp
2026-07-30 16:06:32,326 [INFO] CodeEngine:265 - oldGeneratedFile, D:\Anusha_TinyML_FDP\TinyML_Workshop_Nitte-\STM32\OnBoard_IMU_Inference_Code_ResourcePerson\MXTmpFiles\gpio.tmp_save
2026-07-30 16:06:32,403 [INFO] CodeEngine:289 - Generated code: D:\Anusha_TinyML_FDP\TinyML_Workshop_Nitte-\STM32\OnBoard_IMU_Inference_Code_ResourcePerson\MXTmpFiles\gpio.tmp
2026-07-30 16:06:32,476 [INFO] Middleware:1452 - No code input for Bsp Dependency
2026-07-30 16:06:32,478 [INFO] Middleware:1452 - No code input for Bsp Dependency
2026-07-30 16:06:32,488 [INFO] CodeEngine:265 - oldGeneratedFile, D:\Anusha_TinyML_FDP\TinyML_Workshop_Nitte-\STM32\OnBoard_IMU_Inference_Code_ResourcePerson\Core\Src\stm32l4xx_it.c_save
2026-07-30 16:06:32,561 [INFO] CodeEngine:289 - Generated code: D:\Anusha_TinyML_FDP\TinyML_Workshop_Nitte-\STM32\OnBoard_IMU_Inference_Code_ResourcePerson\Core\Src\stm32l4xx_it.c
2026-07-30 16:06:32,566 [INFO] CodeEngine:265 - oldGeneratedFile, D:\Anusha_TinyML_FDP\TinyML_Workshop_Nitte-\STM32\OnBoard_IMU_Inference_Code_ResourcePerson\Core\Inc\stm32l4xx_it.h_save
2026-07-30 16:06:32,632 [INFO] CodeEngine:289 - Generated code: D:\Anusha_TinyML_FDP\TinyML_Workshop_Nitte-\STM32\OnBoard_IMU_Inference_Code_ResourcePerson\Core\Inc\stm32l4xx_it.h
2026-07-30 16:06:32,644 [INFO] CodeEngine:265 - oldGeneratedFile, D:\Anusha_TinyML_FDP\TinyML_Workshop_Nitte-\STM32\OnBoard_IMU_Inference_Code_ResourcePerson\Core\Src\stm32l4xx_hal_msp.c_save
2026-07-30 16:06:32,742 [INFO] CodeEngine:289 - Generated code: D:\Anusha_TinyML_FDP\TinyML_Workshop_Nitte-\STM32\OnBoard_IMU_Inference_Code_ResourcePerson\Core\Src\stm32l4xx_hal_msp.c
2026-07-30 16:06:32,746 [INFO] CodeEngine:265 - oldGeneratedFile, D:\Anusha_TinyML_FDP\TinyML_Workshop_Nitte-\STM32\OnBoard_IMU_Inference_Code_ResourcePerson\MXTmpFiles\system.tmp_save
2026-07-30 16:06:32,807 [INFO] CodeEngine:289 - Generated code: D:\Anusha_TinyML_FDP\TinyML_Workshop_Nitte-\STM32\OnBoard_IMU_Inference_Code_ResourcePerson\MXTmpFiles\system.tmp
2026-07-30 16:06:32,816 [INFO] CodeEngine:321 - oldGeneratedFile, D:\Anusha_TinyML_FDP\TinyML_Workshop_Nitte-\STM32\OnBoard_IMU_Inference_Code_ResourcePerson\Core\Inc\stm32l4xx_hal_conf.h_save
2026-07-30 16:06:32,897 [INFO] CodeEngine:345 - Generated code: D:\Anusha_TinyML_FDP\TinyML_Workshop_Nitte-\STM32\OnBoard_IMU_Inference_Code_ResourcePerson\Core\Inc\stm32l4xx_hal_conf.h
2026-07-30 16:06:32,915 [INFO] CodeEngine:265 - oldGeneratedFile, D:\Anusha_TinyML_FDP\TinyML_Workshop_Nitte-\STM32\OnBoard_IMU_Inference_Code_ResourcePerson\Core\Inc\main.h_save
2026-07-30 16:06:32,988 [INFO] CodeEngine:289 - Generated code: D:\Anusha_TinyML_FDP\TinyML_Workshop_Nitte-\STM32\OnBoard_IMU_Inference_Code_ResourcePerson\Core\Inc\main.h
2026-07-30 16:06:32,993 [INFO] CodeEngine:265 - oldGeneratedFile, D:\Anusha_TinyML_FDP\TinyML_Workshop_Nitte-\STM32\OnBoard_IMU_Inference_Code_ResourcePerson\Core\Src\main.c_save
2026-07-30 16:06:33,098 [INFO] CodeEngine:289 - Generated code: D:\Anusha_TinyML_FDP\TinyML_Workshop_Nitte-\STM32\OnBoard_IMU_Inference_Code_ResourcePerson\Core\Src\main.c
2026-07-30 16:06:33,437 [INFO] AInterface:322 - ModelName:network; files:[D:\Anusha_TinyML_FDP\TinyML_Workshop_Nitte-\ONNX\random_forest_model.onnx]; type:ONNX; compression:None
2026-07-30 16:06:33,438 [INFO] AInterface:526 - workspaceTempDir: C:/Users/ADMIN/AppData/Local/Temp/mxAI_workspace90058684223695996505335619016127769
2026-07-30 16:06:33,439 [INFO] AInterface:1179 - Setting Env: C:/Users/ADMIN/STM32Cube/Repository//Packs/STMicroelectronics/X-CUBE-AI/10.2.1/Utilities/windows
2026-07-30 16:06:33,443 [INFO] STM32CubeIDEBuilder:265 - Looking for gnu-tools-for-stm32 tools/bin/arm-none-eabi-gcc.exe in C:\ST\STM32CubeIDE_1.19.0\STM32CubeIDE
2026-07-30 16:06:33,445 [INFO] STM32CubeIDEBuilder:294 - checking C:\ST\STM32CubeIDE_1.19.0\STM32CubeIDE\plugins\com.st.stm32cube.ide.mcu.externaltools.gnu-tools-for-stm32.13.3.rel1.win32_1.0.0.202411081344\tools\bin\arm-none-eabi-gcc.exe
2026-07-30 16:06:33,446 [INFO] STM32CubeIDEBuilder:297 - ret=C:\ST\STM32CubeIDE_1.19.0\STM32CubeIDE\plugins\com.st.stm32cube.ide.mcu.externaltools.gnu-tools-for-stm32.13.3.rel1.win32_1.0.0.202411081344\tools\bin\arm-none-eabi-gcc.exe
2026-07-30 16:06:33,446 [INFO] STM32CubeIDEBuilder:311 - returning C:\ST\STM32CubeIDE_1.19.0\STM32CubeIDE\plugins\com.st.stm32cube.ide.mcu.externaltools.gnu-tools-for-stm32.13.3.rel1.win32_1.0.0.202411081344\tools\bin\arm-none-eabi-gcc.exe
2026-07-30 16:06:33,446 [INFO] AInterface:1236 - Custom PATH variable: C:/Users/ADMIN/STM32Cube/Repository//Packs/STMicroelectronics/X-CUBE-AI/10.2.1/Utilities/windows;C:/Users/ADMIN/STM32Cube/Repository//Packs/STMicroelectronics/X-CUBE-AI/10.2.1/Utilities/windows/mingw64/bin;C:/Users/ADMIN/STM32Cube/Repository//Packs/STMicroelectronics/X-CUBE-AI/10.2.1/Utilities/windows/mingw64/libexec/gcc/x86_64-w64-mingw32/7.3.0;;C:\ST\STM32CubeIDE_1.19.0\STM32CubeIDE\plugins\com.st.stm32cube.ide.mcu.externaltools.gnu-tools-for-stm32.13.3.rel1.win32_1.0.0.202411081344\tools\bin
2026-07-30 16:06:33,447 [INFO] CmdLine:115 - Command: C:/Users/ADMIN/STM32Cube/Repository//Packs/STMicroelectronics/X-CUBE-AI/10.2.1/Utilities/windows/stedgeai.exe generate --target stm32l4 --name network -m D:/Anusha_TinyML_FDP/TinyML_Workshop_Nitte-/ONNX/random_forest_model.onnx --compression none --verbosity 1 --workspace C:/Users/ADMIN/AppData/Local/Temp/mxAI_workspace90058684223695996505335619016127769 --output C:/Users/ADMIN/.stm32cubemx/network_output
2026-07-30 16:06:33,448 [INFO] AIModelDetailledView:2264 - Analysis status: pending
2026-07-30 16:06:34,235 [INFO] CmdLine:76 - ST Edge AI Core v2.2.0-20266 2adc00962
2026-07-30 16:06:56,941 [INFO] CmdLine:76 - Creating c (debug) info json file C:\Users\ADMIN\.stm32cubemx\network_output\network_c_info.json
2026-07-30 16:06:57,215 [INFO] CmdLine:76 -  
2026-07-30 16:06:57,215 [INFO] CmdLine:76 -  Exec/report summary (generate)
2026-07-30 16:06:57,216 [INFO] CmdLine:76 -  -------------------------------------------------------------------------------------------------------------
2026-07-30 16:06:57,216 [INFO] CmdLine:76 -  model file         :   D:\Anusha_TinyML_FDP\TinyML_Workshop_Nitte-\ONNX\random_forest_model.onnx             
2026-07-30 16:06:57,216 [INFO] CmdLine:76 -  type               :   onnx                                                                                  
2026-07-30 16:06:57,216 [INFO] CmdLine:76 -  c_name             :   network                                                                               
2026-07-30 16:06:57,216 [INFO] CmdLine:76 -  compression        :   none                                                                                  
2026-07-30 16:06:57,217 [INFO] CmdLine:76 -  options            :   allocate-inputs, allocate-outputs                                                     
2026-07-30 16:06:57,217 [INFO] CmdLine:76 -  optimization       :   balanced                                                                              
2026-07-30 16:06:57,217 [INFO] CmdLine:76 -  target/series      :   stm32l4                                                                               
2026-07-30 16:06:57,217 [INFO] CmdLine:76 -  workspace dir      :   C:\Users\ADMIN\AppData\Local\Temp\mxAI_workspace90058684223695996505335619016127769   
2026-07-30 16:06:57,217 [INFO] CmdLine:76 -  output dir         :   C:\Users\ADMIN\.stm32cubemx\network_output                                            
2026-07-30 16:06:57,217 [INFO] CmdLine:76 -  model_fmt          :   undefined                                                                             
2026-07-30 16:06:57,218 [INFO] CmdLine:76 -  model_name         :   random_forest_model                                                                   
2026-07-30 16:06:57,218 [INFO] CmdLine:76 -  model_hash         :   0xee61876666aff892376c0a5906476d28                                                    
2026-07-30 16:06:57,218 [INFO] CmdLine:76 -  params #           :   490,367 items (1.18 MiB)                                                              
2026-07-30 16:06:57,218 [INFO] CmdLine:76 -  -------------------------------------------------------------------------------------------------------------
2026-07-30 16:06:57,218 [INFO] CmdLine:76 -  input 1/1          :   'float_input', f32(1x1x6), 24 Bytes, activations                                      
2026-07-30 16:06:57,218 [INFO] CmdLine:76 -  output 1/2         :   'label0', int32(1x1), 4 Bytes, activations                                            
2026-07-30 16:06:57,218 [INFO] CmdLine:76 -  output 2/2         :   'output_probability', f32(1x1x5x2), 40 Bytes, activations                             
2026-07-30 16:06:57,219 [INFO] CmdLine:76 -  outputs (total)    :   44 Bytes                                                                              
2026-07-30 16:06:57,219 [INFO] CmdLine:76 -  macc               :   1,306                                                                                 
2026-07-30 16:06:57,219 [INFO] CmdLine:76 -  weights (ro)       :   1,236,440 B (1.18 MiB) (1 segment) / -725,028(-37.0%) vs float model                  
2026-07-30 16:06:57,219 [INFO] CmdLine:76 -  activations (rw)   :   64 B (64 B) (1 segment) *                                                             
2026-07-30 16:06:57,219 [INFO] CmdLine:76 -  ram (total)        :   64 B (64 B) = 64 + 0 + 0                                                              
2026-07-30 16:06:57,219 [INFO] CmdLine:76 -  -------------------------------------------------------------------------------------------------------------
2026-07-30 16:06:57,219 [INFO] CmdLine:76 -  (*) 'input'/'output' buffers are allocated in the activations buffer
2026-07-30 16:06:57,312 [INFO] CmdLine:76 - Computing AI RT data/code size (target=stm32l4)..
2026-07-30 16:07:00,124 [INFO] CmdLine:76 -  Requested memory size by section - "stm32l4" target
2026-07-30 16:07:00,124 [INFO] CmdLine:76 -  ------------------------------ ------- ----------- ------- -----
2026-07-30 16:07:00,124 [INFO] CmdLine:76 -  module                            text      rodata    data   bss
2026-07-30 16:07:00,124 [INFO] CmdLine:76 -  ------------------------------ ------- ----------- ------- -----
2026-07-30 16:07:00,124 [INFO] CmdLine:76 -  NetworkRuntime1020_CM4_GCC.a     5,508           0       0     0
2026-07-30 16:07:00,124 [INFO] CmdLine:76 -  network.o                          692          16   1,768   172
2026-07-30 16:07:00,124 [INFO] CmdLine:76 -  network_data.o                      48          16      88     0
2026-07-30 16:07:00,124 [INFO] CmdLine:76 -  lib (toolchain)*                     0           0       0     0
2026-07-30 16:07:00,124 [INFO] CmdLine:76 -  ------------------------------ ------- ----------- ------- -----
2026-07-30 16:07:00,124 [INFO] CmdLine:76 -  RT total**                       6,248          32   1,856   172
2026-07-30 16:07:00,124 [INFO] CmdLine:76 -  ------------------------------ ------- ----------- ------- -----
2026-07-30 16:07:00,124 [INFO] CmdLine:76 -  weights                              0   1,236,440       0     0
2026-07-30 16:07:00,124 [INFO] CmdLine:76 -  activations                          0           0       0    64
2026-07-30 16:07:00,124 [INFO] CmdLine:76 -  io                                   0           0       0     0
2026-07-30 16:07:00,124 [INFO] CmdLine:76 -  ------------------------------ ------- ----------- ------- -----
2026-07-30 16:07:00,124 [INFO] CmdLine:76 -  TOTAL                            6,248   1,236,472   1,856   236
2026-07-30 16:07:00,124 [INFO] CmdLine:76 -  ------------------------------ ------- ----------- ------- -----
2026-07-30 16:07:00,124 [INFO] CmdLine:76 -  *  toolchain objects (libm/libgcc*)
2026-07-30 16:07:00,124 [INFO] CmdLine:76 -  ** RT AI runtime objects (kernels+infrastructure)
2026-07-30 16:07:00,124 [INFO] CmdLine:76 -   Summary - "stm32l4" target
2026-07-30 16:07:00,124 [INFO] CmdLine:76 -   --------------------------------------------------
2026-07-30 16:07:00,124 [INFO] CmdLine:76 -                FLASH (ro)     %*   RAM (rw)       %
2026-07-30 16:07:00,124 [INFO] CmdLine:76 -   --------------------------------------------------
2026-07-30 16:07:00,124 [INFO] CmdLine:76 -   RT total          8,136   0.7%      2,028   96.9%
2026-07-30 16:07:00,124 [INFO] CmdLine:76 -   --------------------------------------------------
2026-07-30 16:07:00,124 [INFO] CmdLine:76 -   TOTAL         1,244,576             2,092
2026-07-30 16:07:00,124 [INFO] CmdLine:76 -   --------------------------------------------------
2026-07-30 16:07:00,124 [INFO] CmdLine:76 -   *  rt/total
2026-07-30 16:07:00,124 [INFO] CmdLine:76 -  Generated files (7)
2026-07-30 16:07:00,124 [INFO] CmdLine:76 -  ------------------------------------------------------------------
2026-07-30 16:07:00,124 [INFO] CmdLine:76 -  C:\Users\ADMIN\.stm32cubemx\network_output\network_data_params.h
2026-07-30 16:07:00,124 [INFO] CmdLine:76 -  C:\Users\ADMIN\.stm32cubemx\network_output\network_data_params.c
2026-07-30 16:07:00,124 [INFO] CmdLine:76 -  C:\Users\ADMIN\.stm32cubemx\network_output\network_data.h
2026-07-30 16:07:00,124 [INFO] CmdLine:76 -  C:\Users\ADMIN\.stm32cubemx\network_output\network_data.c
2026-07-30 16:07:00,124 [INFO] CmdLine:76 -  C:\Users\ADMIN\.stm32cubemx\network_output\network_config.h
2026-07-30 16:07:00,124 [INFO] CmdLine:76 -  C:\Users\ADMIN\.stm32cubemx\network_output\network.h
2026-07-30 16:07:00,124 [INFO] CmdLine:76 -  C:\Users\ADMIN\.stm32cubemx\network_output\network.c
2026-07-30 16:07:00,124 [INFO] CmdLine:76 - Creating txt report file C:\Users\ADMIN\.stm32cubemx\network_output\network_generate_report.txt
2026-07-30 16:07:11,418 [INFO] CmdLine:76 - elapsed time (generate): 37.182s
2026-07-30 16:07:12,024 [INFO] CmdLine:148 - stedgeai exit with status: 0
2026-07-30 16:07:12,163 [INFO] AIModelDetailledView:2264 - Analysis status: done
2026-07-30 16:07:12,573 [INFO] ProjectBuilder:3606 - Time for Copy HAL[1] : 139mS.
2026-07-30 16:07:12,573 [ERROR] Middleware:2950 - Invalid RefComponent list
2026-07-30 16:07:12,574 [ERROR] Middleware:2950 - Invalid RefComponent list
2026-07-30 16:07:12,574 [ERROR] Middleware:2950 - Invalid RefComponent list
2026-07-30 16:07:12,574 [ERROR] Middleware:2950 - Invalid RefComponent list
2026-07-30 16:07:12,574 [ERROR] Middleware:2950 - Invalid RefComponent list
2026-07-30 16:07:12,574 [ERROR] Middleware:2950 - Invalid RefComponent list
2026-07-30 16:07:12,574 [ERROR] Middleware:2950 - Invalid RefComponent list
2026-07-30 16:07:12,574 [ERROR] Middleware:2950 - Invalid RefComponent list
2026-07-30 16:07:12,574 [ERROR] Middleware:2950 - Invalid RefComponent list
2026-07-30 16:07:12,574 [ERROR] Middleware:2950 - Invalid RefComponent list
2026-07-30 16:07:12,574 [ERROR] Middleware:2950 - Invalid RefComponent list
2026-07-30 16:07:12,574 [ERROR] Middleware:2950 - Invalid RefComponent list
2026-07-30 16:07:12,574 [ERROR] Middleware:2950 - Invalid RefComponent list
2026-07-30 16:07:12,574 [ERROR] Middleware:2950 - Invalid RefComponent list
2026-07-30 16:07:12,574 [ERROR] Middleware:2950 - Invalid RefComponent list
2026-07-30 16:07:12,574 [ERROR] Middleware:2950 - Invalid RefComponent list
2026-07-30 16:07:12,574 [ERROR] Middleware:2950 - Invalid RefComponent list
2026-07-30 16:07:12,574 [ERROR] Middleware:2950 - Invalid RefComponent list
2026-07-30 16:07:12,574 [ERROR] Middleware:2950 - Invalid RefComponent list
2026-07-30 16:07:12,574 [ERROR] Middleware:2950 - Invalid RefComponent list
2026-07-30 16:07:12,574 [ERROR] Middleware:2950 - Invalid RefComponent list
2026-07-30 16:07:12,574 [ERROR] Middleware:2950 - Invalid RefComponent list
2026-07-30 16:07:12,574 [ERROR] Middleware:2950 - Invalid RefComponent list
2026-07-30 16:07:12,574 [ERROR] Middleware:2950 - Invalid RefComponent list
2026-07-30 16:07:12,574 [ERROR] Middleware:2950 - Invalid RefComponent list
2026-07-30 16:07:12,574 [ERROR] Middleware:2950 - Invalid RefComponent list
2026-07-30 16:07:12,574 [ERROR] Middleware:2950 - Invalid RefComponent list
2026-07-30 16:07:12,575 [ERROR] Middleware:2950 - Invalid RefComponent list
2026-07-30 16:07:12,575 [ERROR] Middleware:2950 - Invalid RefComponent list
2026-07-30 16:07:12,575 [ERROR] Middleware:2950 - Invalid RefComponent list
2026-07-30 16:07:12,575 [ERROR] Middleware:2950 - Invalid RefComponent list
2026-07-30 16:07:12,575 [ERROR] Middleware:2950 - Invalid RefComponent list
2026-07-30 16:07:12,575 [ERROR] Middleware:2950 - Invalid RefComponent list
2026-07-30 16:07:12,575 [ERROR] Middleware:2950 - Invalid RefComponent list
2026-07-30 16:07:12,575 [ERROR] Middleware:2950 - Invalid RefComponent list
2026-07-30 16:07:12,575 [ERROR] Middleware:2950 - Invalid RefComponent list
2026-07-30 16:07:12,575 [ERROR] Middleware:2950 - Invalid RefComponent list
2026-07-30 16:07:12,575 [ERROR] Middleware:2950 - Invalid RefComponent list
2026-07-30 16:07:12,575 [ERROR] Middleware:2950 - Invalid RefComponent list
2026-07-30 16:07:12,575 [ERROR] Middleware:2950 - Invalid RefComponent list
2026-07-30 16:07:12,575 [ERROR] Middleware:2950 - Invalid RefComponent list
2026-07-30 16:07:12,575 [ERROR] Middleware:2950 - Invalid RefComponent list
2026-07-30 16:07:12,575 [ERROR] Middleware:2950 - Invalid RefComponent list
2026-07-30 16:07:12,575 [ERROR] Middleware:2950 - Invalid RefComponent list
2026-07-30 16:07:12,575 [ERROR] Middleware:2950 - Invalid RefComponent list
2026-07-30 16:07:12,575 [ERROR] Middleware:2950 - Invalid RefComponent list
2026-07-30 16:07:12,575 [ERROR] Middleware:2950 - Invalid RefComponent list
2026-07-30 16:07:12,575 [ERROR] Middleware:2950 - Invalid RefComponent list
2026-07-30 16:07:12,575 [ERROR] Middleware:2950 - Invalid RefComponent list
2026-07-30 16:07:12,575 [ERROR] Middleware:2950 - Invalid RefComponent list
2026-07-30 16:07:12,578 [INFO] ProjectBuilder:5216 - Project Generator version: 4.7.0-B52
2026-07-30 16:07:12,773 [INFO] ConfigFileManager:1595 - The Die is : DIE470
2026-07-30 16:07:13,451 [INFO] ProjectBuilder:5496 - Time for Generating toolchain IDE Files: 873mS.
2026-07-30 16:07:13,451 [INFO] ProjectBuilder:3463 - Time for Copy CMSIS : 0mS.
2026-07-30 16:07:13,453 [INFO] ProjectBuilder:3463 - Time for Copy CMSIS : 0mS.
2026-07-30 16:07:13,562 [ERROR] ConfigurationRetriever:142 - IOException on connection: PKIX path building failed: sun.security.provider.certpath.SunCertPathBuilderException: unable to find valid certification path to requested target
2026-07-30 16:07:13,566 [ERROR] ConfigurationRetriever:142 - IOException on connection: PKIX path building failed: sun.security.provider.certpath.SunCertPathBuilderException: unable to find valid certification path to requested target
2026-07-30 16:07:13,571 [ERROR] ConfigurationRetriever:142 - IOException on connection: PKIX path building failed: sun.security.provider.certpath.SunCertPathBuilderException: unable to find valid certification path to requested target
2026-07-30 16:07:14,222 [ERROR] ConfigurationRetriever:142 - IOException on connection: PKIX path building failed: sun.security.provider.certpath.SunCertPathBuilderException: unable to find valid certification path to requested target
2026-07-30 16:07:14,228 [ERROR] ConfigurationRetriever:142 - IOException on connection: PKIX path building failed: sun.security.provider.certpath.SunCertPathBuilderException: unable to find valid certification path to requested target
2026-07-30 16:07:14,232 [ERROR] ConfigurationRetriever:142 - IOException on connection: PKIX path building failed: sun.security.provider.certpath.SunCertPathBuilderException: unable to find valid certification path to requested target
2026-07-30 16:07:15,288 [ERROR] LogOutputStream:75 - [STDERR_REDIRECT] 
