2026-07-31 09:27:26,211 [INFO] Activator:176 - 


2026-07-31 09:27:26,218 [INFO] Activator:177 - !SESSION log4j initialized
2026-07-31 09:27:33,662 [INFO] LogOutputStream:77 - [STDOUT_REDIRECT] 
2026-07-31 09:27:41,091 [INFO] ApplicationProperties:184 - Using Application install path: C:\ST\STM32CubeIDE_1.19.0\STM32CubeIDE\plugins\com.st.stm32cube.common.mx_6.15.0.202507011659
2026-07-31 09:27:41,120 [INFO] DbMcusXml:78 - Set database path to: C:\ST\STM32CubeIDE_1.19.0\STM32CubeIDE\plugins\com.st.stm32cube.common.mx_6.15.0.202507011659\\db\/mcu/
2026-07-31 09:27:41,120 [INFO] ApiDb:274 - Set plugin database path to: C:\ST\STM32CubeIDE_1.19.0\STM32CubeIDE\plugins\com.st.stm32cube.common.mx_6.15.0.202507011659\\db\/plugins/boardmanager/
2026-07-31 09:27:41,121 [WARN] ApiDb:259 - Overriding images path with different value:  => C:\ST\STM32CubeIDE_1.19.0\STM32CubeIDE\plugins\com.st.stm32cube.common.mx_6.15.0.202507011659\\db\/plugins/mcufinder/images/
2026-07-31 09:27:41,131 [INFO] ApiDb:250 - Set database path to: C:\Users\ADMIN\.stmcufinder\plugins\mcufinder//mcu/
2026-07-31 09:27:41,133 [INFO] DbMcusAds:125 - Set database path to: C:\Users\ADMIN\.stmcufinder\plugins\mcufinder//mcu/
2026-07-31 09:27:41,136 [INFO] CrossReferenceDbSqlite:203 - Set database path to: C:\Users\ADMIN\.stmcufinder\plugins\mcufinder//mcu/cs/
2026-07-31 09:27:41,301 [INFO] RulesReader:64 - Compatibility file has been processed (317 Rules)
2026-07-31 09:27:41,436 [INFO] DbMcusXml:78 - Set database path to: C:\ST\STM32CubeIDE_1.19.0\STM32CubeIDE\plugins\com.st.stm32cube.common.mx_6.15.0.202507011659\\db\/mcu/
2026-07-31 09:27:41,436 [INFO] ApiDb:274 - Set plugin database path to: C:\ST\STM32CubeIDE_1.19.0\STM32CubeIDE\plugins\com.st.stm32cube.common.mx_6.15.0.202507011659\\db\/plugins/boardmanager/
2026-07-31 09:27:41,437 [INFO] ApiDb:261 - Set plugin images path to: C:\ST\STM32CubeIDE_1.19.0\STM32CubeIDE\plugins\com.st.stm32cube.common.mx_6.15.0.202507011659\\db\/plugins/mcufinder/images/
2026-07-31 09:27:41,437 [WARN] DbFile:41 - Overriding database path with different value: C:\Users\ADMIN\.stmcufinder\plugins\mcufinder/ => C:\Users\ADMIN\.stmcufinder\plugins\mcufinder
2026-07-31 09:27:41,437 [INFO] ApiDb:250 - Set database path to: C:\Users\ADMIN\.stmcufinder\plugins\mcufinder//mcu/
2026-07-31 09:27:41,437 [WARN] DbFile:41 - Overriding database path with different value: C:\Users\ADMIN\.stmcufinder\plugins\mcufinder/ => C:\Users\ADMIN\.stmcufinder\plugins\mcufinder
2026-07-31 09:27:41,437 [INFO] DbMcusAds:125 - Set database path to: C:\Users\ADMIN\.stmcufinder\plugins\mcufinder//mcu/
2026-07-31 09:27:41,437 [WARN] DbFile:41 - Overriding database path with different value: C:\Users\ADMIN\.stmcufinder\plugins\mcufinder/ => C:\Users\ADMIN\.stmcufinder\plugins\mcufinder
2026-07-31 09:27:41,437 [WARN] DbFile:41 - Overriding database path with different value: C:\Users\ADMIN\.stmcufinder\plugins\mcufinder/ => C:\Users\ADMIN\.stmcufinder\plugins\mcufinder
2026-07-31 09:27:41,438 [INFO] CrossReferenceDbSqlite:203 - Set database path to: C:\Users\ADMIN\.stmcufinder\plugins\mcufinder//mcu/cs/
2026-07-31 09:27:41,532 [INFO] MainPanel:274 - HeapMemory: 268435456
2026-07-31 09:27:41,669 [INFO] DbMcusXml:78 - Set database path to: C:\ST\STM32CubeIDE_1.19.0\STM32CubeIDE\plugins\com.st.stm32cube.common.mx_6.15.0.202507011659\\db\/mcu/
2026-07-31 09:27:41,669 [INFO] ApiDb:274 - Set plugin database path to: C:\ST\STM32CubeIDE_1.19.0\STM32CubeIDE\plugins\com.st.stm32cube.common.mx_6.15.0.202507011659\\db\/plugins/boardmanager/
2026-07-31 09:27:41,669 [INFO] ApiDb:261 - Set plugin images path to: C:\ST\STM32CubeIDE_1.19.0\STM32CubeIDE\plugins\com.st.stm32cube.common.mx_6.15.0.202507011659\\db\/plugins/mcufinder/images/
2026-07-31 09:27:41,670 [WARN] DbFile:41 - Overriding database path with different value: C:\Users\ADMIN\.stmcufinder\plugins\mcufinder/ => C:\Users\ADMIN\.stmcufinder\plugins\mcufinder
2026-07-31 09:27:41,670 [INFO] ApiDb:250 - Set database path to: C:\Users\ADMIN\.stmcufinder\plugins\mcufinder//mcu/
2026-07-31 09:27:41,670 [WARN] DbFile:41 - Overriding database path with different value: C:\Users\ADMIN\.stmcufinder\plugins\mcufinder/ => C:\Users\ADMIN\.stmcufinder\plugins\mcufinder
2026-07-31 09:27:41,670 [INFO] DbMcusAds:125 - Set database path to: C:\Users\ADMIN\.stmcufinder\plugins\mcufinder//mcu/
2026-07-31 09:27:41,670 [WARN] DbFile:41 - Overriding database path with different value: C:\Users\ADMIN\.stmcufinder\plugins\mcufinder/ => C:\Users\ADMIN\.stmcufinder\plugins\mcufinder
2026-07-31 09:27:41,670 [WARN] DbFile:41 - Overriding database path with different value: C:\Users\ADMIN\.stmcufinder\plugins\mcufinder/ => C:\Users\ADMIN\.stmcufinder\plugins\mcufinder
2026-07-31 09:27:41,671 [INFO] CrossReferenceDbSqlite:203 - Set database path to: C:\Users\ADMIN\.stmcufinder\plugins\mcufinder//mcu/cs/
2026-07-31 09:27:41,692 [INFO] ApplicationProperties:184 - Using Application install path: C:\ST\STM32CubeIDE_1.19.0\STM32CubeIDE\plugins\com.st.stm32cube.common.mx_6.15.0.202507011659
2026-07-31 09:27:41,694 [INFO] PluginManage:196 - Search for loadable plugins [exclusion list=, ]
2026-07-31 09:27:41,696 [INFO] PluginManage:310 - Check plugin analytics
2026-07-31 09:27:46,984 [INFO] AnalyticsPlugin:253 - Accepted Software Licenses: 
2026-07-31 09:27:46,984 [INFO] AnalyticsPlugin:255 - Accepted CMSIS Pack Licenses: STMicroelectronics.X-CUBE-AI.10.2.1
2026-07-31 09:27:46,984 [INFO] AnalyticsPlugin:257 - Accepted Firmware Licenses: FW.L4.1.18.0
2026-07-31 09:27:46,992 [INFO] PluginManage:359 - Loaded plugin analytics (category:tool,tabindex:-1)
2026-07-31 09:27:46,993 [INFO] PluginManage:310 - Check plugin cadmodel
2026-07-31 09:27:47,001 [INFO] CADModel:105 - Init CAD model plugin
2026-07-31 09:27:47,002 [INFO] PluginManage:359 - Loaded plugin cadmodel (category:power,tabindex:5)
2026-07-31 09:27:47,002 [INFO] PluginManage:310 - Check plugin clock
2026-07-31 09:27:47,031 [INFO] PluginManage:359 - Loaded plugin clock (category:base,tabindex:2)
2026-07-31 09:27:47,031 [INFO] PluginManage:310 - Check plugin ddr
2026-07-31 09:27:47,034 [INFO] PluginManage:359 - Loaded plugin ddr (category:tool,tabindex:6)
2026-07-31 09:27:47,034 [INFO] PluginManage:310 - Check plugin filemanager
2026-07-31 09:27:47,271 [INFO] PluginManage:359 - Loaded plugin filemanager (category:base,tabindex:10)
2026-07-31 09:27:47,271 [INFO] PluginManage:310 - Check plugin ipmanager
2026-07-31 09:27:47,281 [INFO] PluginManage:359 - Loaded plugin ipmanager (category:base,tabindex:5)
2026-07-31 09:27:47,281 [INFO] PluginManage:310 - Check plugin lpbam
2026-07-31 09:27:47,296 [INFO] PluginManage:359 - Loaded plugin lpbam (category:base,tabindex:0)
2026-07-31 09:27:47,297 [INFO] PluginManage:310 - Check plugin memorymap
2026-07-31 09:27:47,324 [INFO] PluginManage:359 - Loaded plugin memorymap (category:base,tabindex:4)
2026-07-31 09:27:47,324 [INFO] PluginManage:310 - Check plugin pinoutandconfiguration
2026-07-31 09:27:47,341 [INFO] PluginManage:359 - Loaded plugin pinoutandconfiguration (category:base,tabindex:1)
2026-07-31 09:27:47,342 [INFO] PluginManage:310 - Check plugin pinoutconfig
2026-07-31 09:27:47,477 [WARN] SupportedApi:132 - Cannot load RTOS API schema: s4s-elt-must-match.1: The content of 'definitions' must match (annotation?, (simpleType | complexType)?, (unique | key | keyref)*)). A problem was found starting at: attribute.
2026-07-31 09:27:47,698 [INFO] PluginManage:359 - Loaded plugin pinoutconfig (category:base,tabindex:0)
2026-07-31 09:27:47,698 [INFO] PluginManage:310 - Check plugin power
2026-07-31 09:27:47,711 [INFO] PluginManage:359 - Loaded plugin power (category:power,tabindex:4)
2026-07-31 09:27:47,711 [INFO] PluginManage:310 - Check plugin projectmanager
2026-07-31 09:27:47,736 [INFO] PluginManage:359 - Loaded plugin projectmanager (category:projectmanager,tabindex:4)
2026-07-31 09:27:47,736 [INFO] PluginManage:310 - Check plugin rif
2026-07-31 09:27:47,749 [INFO] PluginManage:359 - Loaded plugin rif (category:base,tabindex:3)
2026-07-31 09:27:47,750 [INFO] PluginManage:310 - Check plugin thirdparty
2026-07-31 09:27:47,952 [WARN] IntegrityCheckThread:84 - waiting for thirdparty lock release [integrity check]
2026-07-31 09:27:47,953 [INFO] IntegrityCheckThread:86 - entering critical section [integrity check]
2026-07-31 09:27:47,953 [INFO] ThirdPartyUpdaterWithRetryManager:70 - Updater plugin not ready yet. [1/15]
2026-07-31 09:27:47,954 [INFO] PluginManage:359 - Loaded plugin thirdparty (category:base,tabindex:-1)
2026-07-31 09:27:47,954 [INFO] PluginManage:310 - Check plugin tools
2026-07-31 09:27:47,960 [INFO] PluginManage:359 - Loaded plugin tools (category:base,tabindex:7)
2026-07-31 09:27:47,960 [INFO] PluginManage:310 - Check plugin tutovideos
2026-07-31 09:27:48,253 [INFO] PluginManage:359 - Loaded plugin tutovideos (category:base,tabindex:-1)
2026-07-31 09:27:48,253 [INFO] PluginManage:310 - Check plugin updater
2026-07-31 09:27:48,284 [INFO] PluginManage:359 - Loaded plugin updater (category:base,tabindex:12)
2026-07-31 09:27:48,284 [INFO] PluginManage:310 - Check plugin userauth
2026-07-31 09:27:48,289 [INFO] UserAuth:118 - Init User Auth plugin
2026-07-31 09:27:48,290 [INFO] PluginManage:359 - Loaded plugin userauth (category:base,tabindex:14)
2026-07-31 09:27:48,291 [INFO] PluginManage:283 - PluginManage : Loaded plugins [18]
2026-07-31 09:27:48,582 [INFO] PinOutPanel:1589 - setPackage(No Configuration,No Configuration)
2026-07-31 09:27:48,687 [INFO] CADModel:165 - CPN selected for project level
2026-07-31 09:27:48,687 [INFO] CADModel:114 - Register for checkConnection events
2026-07-31 09:27:48,711 [INFO] IPUIPlugin:80 - create IPUIPlugin
2026-07-31 09:27:48,711 [INFO] PluginManager:220 - loadIPPluginJar : add adc
2026-07-31 09:27:48,714 [INFO] IPUIPlugin:80 - create IPUIPlugin
2026-07-31 09:27:48,714 [INFO] PluginManager:220 - loadIPPluginJar : add aes
2026-07-31 09:27:48,718 [INFO] IPUIPlugin:80 - create IPUIPlugin
2026-07-31 09:27:48,718 [INFO] PluginManager:220 - loadIPPluginJar : add can
2026-07-31 09:27:48,722 [INFO] IPUIPlugin:80 - create IPUIPlugin
2026-07-31 09:27:48,722 [INFO] PluginManager:220 - loadIPPluginJar : add comp
2026-07-31 09:27:48,725 [INFO] IPUIPlugin:80 - create IPUIPlugin
2026-07-31 09:27:48,725 [INFO] PluginManager:220 - loadIPPluginJar : add cryp
2026-07-31 09:27:48,729 [INFO] IPUIPlugin:80 - create IPUIPlugin
2026-07-31 09:27:48,729 [INFO] PluginManager:220 - loadIPPluginJar : add ddr_ctrl_phy
2026-07-31 09:27:48,733 [INFO] IPUIPlugin:80 - create IPUIPlugin
2026-07-31 09:27:48,733 [INFO] PluginManager:220 - loadIPPluginJar : add dfsdm
2026-07-31 09:27:48,740 [INFO] IPUIPlugin:80 - create IPUIPlugin
2026-07-31 09:27:48,740 [INFO] PluginManager:220 - loadIPPluginJar : add dma
2026-07-31 09:27:48,744 [INFO] IPUIPlugin:80 - create IPUIPlugin
2026-07-31 09:27:48,744 [INFO] PluginManager:220 - loadIPPluginJar : add dma3
2026-07-31 09:27:48,748 [INFO] IPUIPlugin:80 - create IPUIPlugin
2026-07-31 09:27:48,748 [INFO] PluginManager:220 - loadIPPluginJar : add extmemmanager
2026-07-31 09:27:48,751 [INFO] IPUIPlugin:80 - create IPUIPlugin
2026-07-31 09:27:48,751 [INFO] PluginManager:220 - loadIPPluginJar : add fatfs
2026-07-31 09:27:48,757 [INFO] IPUIPlugin:80 - create IPUIPlugin
2026-07-31 09:27:48,757 [INFO] PluginManager:220 - loadIPPluginJar : add fmc
2026-07-31 09:27:48,765 [INFO] IPUIPlugin:80 - create IPUIPlugin
2026-07-31 09:27:48,765 [INFO] PluginManager:220 - loadIPPluginJar : add freertos
2026-07-31 09:27:48,767 [INFO] IPUIPlugin:80 - create IPUIPlugin
2026-07-31 09:27:48,767 [INFO] PluginManager:220 - loadIPPluginJar : add genericplugin
2026-07-31 09:27:48,770 [INFO] IPUIPlugin:80 - create IPUIPlugin
2026-07-31 09:27:48,770 [INFO] PluginManager:220 - loadIPPluginJar : add gfxmmu
2026-07-31 09:27:48,776 [INFO] IPUIPlugin:80 - create IPUIPlugin
2026-07-31 09:27:48,776 [INFO] PluginManager:220 - loadIPPluginJar : add gic
2026-07-31 09:27:48,780 [INFO] IPUIPlugin:80 - create IPUIPlugin
2026-07-31 09:27:48,781 [INFO] PluginManager:220 - loadIPPluginJar : add gpio
2026-07-31 09:27:48,784 [INFO] IPUIPlugin:80 - create IPUIPlugin
2026-07-31 09:27:48,784 [INFO] PluginManager:220 - loadIPPluginJar : add gtzc
2026-07-31 09:27:48,787 [INFO] IPUIPlugin:80 - create IPUIPlugin
2026-07-31 09:27:48,787 [INFO] PluginManager:220 - loadIPPluginJar : add hash
2026-07-31 09:27:48,790 [INFO] IPUIPlugin:80 - create IPUIPlugin
2026-07-31 09:27:48,790 [INFO] PluginManager:220 - loadIPPluginJar : add i2c
2026-07-31 09:27:48,793 [INFO] IPUIPlugin:80 - create IPUIPlugin
2026-07-31 09:27:48,793 [INFO] PluginManager:220 - loadIPPluginJar : add i2s
2026-07-31 09:27:48,797 [INFO] IPUIPlugin:80 - create IPUIPlugin
2026-07-31 09:27:48,797 [INFO] PluginManager:220 - loadIPPluginJar : add i3c
2026-07-31 09:27:48,801 [INFO] IPUIPlugin:80 - create IPUIPlugin
2026-07-31 09:27:48,802 [INFO] PluginManager:220 - loadIPPluginJar : add ipddr
2026-07-31 09:27:48,810 [INFO] IPUIPlugin:80 - create IPUIPlugin
2026-07-31 09:27:48,810 [INFO] PluginManager:220 - loadIPPluginJar : add linkedlist
2026-07-31 09:27:48,816 [INFO] IPUIPlugin:80 - create IPUIPlugin
2026-07-31 09:27:48,817 [INFO] PluginManager:220 - loadIPPluginJar : add lorawan
2026-07-31 09:27:48,818 [INFO] IPUIPlugin:80 - create IPUIPlugin
2026-07-31 09:27:48,819 [INFO] PluginManager:220 - loadIPPluginJar : add ltdc
2026-07-31 09:27:48,826 [INFO] IPUIPlugin:80 - create IPUIPlugin
2026-07-31 09:27:48,826 [INFO] PluginManager:220 - loadIPPluginJar : add mdma
2026-07-31 09:27:48,830 [INFO] IPUIPlugin:80 - create IPUIPlugin
2026-07-31 09:27:48,830 [INFO] PluginManager:220 - loadIPPluginJar : add nvic
2026-07-31 09:27:48,834 [INFO] IPUIPlugin:80 - create IPUIPlugin
2026-07-31 09:27:48,834 [INFO] PluginManager:220 - loadIPPluginJar : add opamp
2026-07-31 09:27:48,838 [INFO] IPUIPlugin:80 - create IPUIPlugin
2026-07-31 09:27:48,838 [INFO] PluginManager:220 - loadIPPluginJar : add openamp
2026-07-31 09:27:48,842 [INFO] IPUIPlugin:80 - create IPUIPlugin
2026-07-31 09:27:48,842 [INFO] PluginManager:220 - loadIPPluginJar : add pdm2pcm
2026-07-31 09:27:48,849 [INFO] IPUIPlugin:80 - create IPUIPlugin
2026-07-31 09:27:48,853 [INFO] PluginManager:220 - loadIPPluginJar : add plateformsettings
2026-07-31 09:27:48,855 [INFO] IPUIPlugin:80 - create IPUIPlugin
2026-07-31 09:27:48,855 [INFO] PluginManager:220 - loadIPPluginJar : add quadspi
2026-07-31 09:27:48,857 [INFO] IPUIPlugin:80 - create IPUIPlugin
2026-07-31 09:27:48,858 [INFO] PluginManager:220 - loadIPPluginJar : add radio
2026-07-31 09:27:48,862 [INFO] IPUIPlugin:80 - create IPUIPlugin
2026-07-31 09:27:48,862 [INFO] PluginManager:220 - loadIPPluginJar : add resmgrutility
2026-07-31 09:27:48,866 [INFO] IPUIPlugin:80 - create IPUIPlugin
2026-07-31 09:27:48,866 [INFO] PluginManager:220 - loadIPPluginJar : add sai
2026-07-31 09:27:48,870 [INFO] IPUIPlugin:80 - create IPUIPlugin
2026-07-31 09:27:48,870 [INFO] PluginManager:220 - loadIPPluginJar : add spi
2026-07-31 09:27:48,878 [INFO] IPUIPlugin:80 - create IPUIPlugin
2026-07-31 09:27:48,878 [INFO] PluginManager:220 - loadIPPluginJar : add stm32_wpan
2026-07-31 09:27:48,881 [INFO] IPUIPlugin:80 - create IPUIPlugin
2026-07-31 09:27:48,881 [INFO] PluginManager:220 - loadIPPluginJar : add tim
2026-07-31 09:27:48,886 [INFO] IPUIPlugin:80 - create IPUIPlugin
2026-07-31 09:27:48,886 [INFO] PluginManager:220 - loadIPPluginJar : add touchsensing
2026-07-31 09:27:48,889 [INFO] IPUIPlugin:80 - create IPUIPlugin
2026-07-31 09:27:48,889 [INFO] PluginManager:220 - loadIPPluginJar : add tracer_emb
2026-07-31 09:27:48,891 [INFO] IPUIPlugin:80 - create IPUIPlugin
2026-07-31 09:27:48,891 [INFO] PluginManager:220 - loadIPPluginJar : add ts
2026-07-31 09:27:48,894 [INFO] IPUIPlugin:80 - create IPUIPlugin
2026-07-31 09:27:48,894 [INFO] PluginManager:220 - loadIPPluginJar : add tsc
2026-07-31 09:27:48,896 [INFO] IPUIPlugin:80 - create IPUIPlugin
2026-07-31 09:27:48,897 [INFO] PluginManager:220 - loadIPPluginJar : add ucpd
2026-07-31 09:27:48,900 [INFO] IPUIPlugin:80 - create IPUIPlugin
2026-07-31 09:27:48,900 [INFO] PluginManager:220 - loadIPPluginJar : add usart
2026-07-31 09:27:48,905 [INFO] IPUIPlugin:80 - create IPUIPlugin
2026-07-31 09:27:48,905 [INFO] PluginManager:220 - loadIPPluginJar : add usbx
2026-07-31 09:27:49,055 [FATAL] Updater:351 - Updater called before beeing initialized
2026-07-31 09:27:49,099 [INFO] RulesReader:64 - Compatibility file has been processed (317 Rules)
2026-07-31 09:27:49,117 [INFO] RulesReader:64 - Compatibility file has been processed (317 Rules)
2026-07-31 09:27:49,137 [INFO] CADModel:165 - CPN selected for project level
2026-07-31 09:27:49,137 [INFO] CADModel:114 - Register for checkConnection events
2026-07-31 09:27:49,137 [FATAL] Updater:351 - Updater called before beeing initialized
2026-07-31 09:27:49,137 [ERROR] CADModel:125 - Updater not yet initialized, retry later 
2026-07-31 09:27:49,374 [FATAL] Updater:351 - Updater called before beeing initialized
2026-07-31 09:27:49,377 [INFO] CADModel:165 - CPN selected for project level
2026-07-31 09:27:49,377 [INFO] CADModel:114 - Register for checkConnection events
2026-07-31 09:27:49,377 [FATAL] Updater:351 - Updater called before beeing initialized
2026-07-31 09:27:49,377 [ERROR] CADModel:125 - Updater not yet initialized, retry later 
2026-07-31 09:27:49,383 [FATAL] Updater:351 - Updater called before beeing initialized
2026-07-31 09:27:49,732 [FATAL] Updater:351 - Updater called before beeing initialized
2026-07-31 09:27:49,738 [INFO] DbMcusAds:53 - JSON generation date=Wed Jul 15 15:16:00 IST 2026 (1784108760991)
2026-07-31 09:27:49,738 [FATAL] Updater:351 - Updater called before beeing initialized
2026-07-31 09:27:49,802 [WARN] DetailPanel:346 - Failed to get advertising image, set to default
2026-07-31 09:27:49,929 [FATAL] Updater:351 - Updater called before beeing initialized
2026-07-31 09:27:49,931 [FATAL] Updater:351 - Updater called before beeing initialized
2026-07-31 09:27:49,931 [FATAL] Updater:351 - Updater called before beeing initialized
2026-07-31 09:27:49,932 [WARN] DetailPanel:346 - Failed to get advertising image, set to default
2026-07-31 09:27:49,933 [FATAL] Updater:351 - Updater called before beeing initialized
2026-07-31 09:27:50,001 [ERROR] Updater:1198 - MainUpdater not yet initialized. External WinMGr cannot be set.
2026-07-31 09:27:50,005 [INFO] Updater:1134 - Updater Version found : 6.15.0
2026-07-31 09:27:50,031 [INFO] ApplicationProperties:184 - Using Application install path: C:\ST\STM32CubeIDE_1.19.0\STM32CubeIDE\plugins\com.st.stm32cube.common.mx_6.15.0.202507011659
2026-07-31 09:27:50,955 [INFO] ThirdPartyUpdaterWithRetryManager:70 - Updater plugin not ready yet. [2/15]
2026-07-31 09:27:51,620 [ERROR] LogOutputStream:75 - [STDERR_REDIRECT] Jul 31, 2026 9:27:51 AM java.util.prefs.WindowsPreferences <init>
2026-07-31 09:27:51,623 [ERROR] LogOutputStream:75 - [STDERR_REDIRECT] WARNING: Could not open/create prefs root node Software\JavaSoft\Prefs at root 0xffffffff80000002. Windows RegCreateKeyEx(...) returned error code 5.
2026-07-31 09:27:51,623 [ERROR] LogOutputStream:75 - [STDERR_REDIRECT] 
2026-07-31 09:27:52,220 [INFO] MainUpdater:2872 - connection check result : 10
2026-07-31 09:27:52,221 [INFO] MainUpdater:289 - Updater Check For Update Now.
2026-07-31 09:27:52,222 [INFO] MicroXplorer:498 - Change Database Version : DB.6.0.150
2026-07-31 09:27:52,260 [INFO] McuFinderGlobals:63 - Set McuFinder mode to 2 (CubeIDE integrated)
2026-07-31 09:27:52,261 [INFO] UserAuth:487 - Internet connection configuration mode: 1
2026-07-31 09:27:52,333 [INFO] JxBrowserEngine:152 - Initiate JxBrowser Engine with user profile folder
2026-07-31 09:27:52,482 [INFO] CheckServerUpdateThread:120 - End of CheckServer Thread
2026-07-31 09:27:53,568 [INFO] WebApp:169 - Instantiating new browser for Auth
2026-07-31 09:27:54,358 [WARN] PackLoader:240 - Cannot read IP mode file for STMicroelectronics.X-CUBE-AZRTOS-H7.3.5.0
2026-07-31 09:27:54,375 [WARN] PackLoader:240 - Cannot read IP mode file for STMicroelectronics.FP-ATR-ASTRA1.2.0.3
2026-07-31 09:27:54,398 [ERROR] Engine:466 - C:\Users\ADMIN\.stm32cubemx\thirdparties\pdsc\STMicroelectronics.X-CUBE-SMBUS.2.1.1.pdsc: PDSC version is not supported
2026-07-31 09:27:54,420 [WARN] PackLoader:240 - Cannot read IP mode file for STMicroelectronics.X-CUBE-AZRTOS-F7.1.1.0
2026-07-31 09:27:54,435 [WARN] PackLoader:240 - Cannot read IP mode file for STMicroelectronics.X-CUBE-FREERTOS.1.6.0
2026-07-31 09:27:54,442 [WARN] PackLoader:240 - Cannot read IP mode file for STMicroelectronics.FP-SNS-MOTENV1.5.1.0
2026-07-31 09:27:54,477 [WARN] PackLoader:240 - Cannot read IP mode file for STMicroelectronics.X-CUBE-AZRTOS-H7RS.1.3.0
2026-07-31 09:27:54,500 [WARN] PackLoader:240 - Cannot read IP mode file for WES.I-CUBE-Cesium.1.4.0
2026-07-31 09:27:54,512 [WARN] PackLoader:240 - Cannot read IP mode file for STMicroelectronics.X-CUBE-DISPLAY.3.0.0
2026-07-31 09:27:54,535 [WARN] PackLoader:240 - Cannot read IP mode file for STMicroelectronics.X-CUBE-GNSS1.7.1.1
2026-07-31 09:27:54,542 [WARN] PackLoader:240 - Cannot read IP mode file for STMicroelectronics.FP-SNS-MOTENVWB1.1.5.0
2026-07-31 09:27:54,551 [WARN] PackLoader:240 - Cannot read IP mode file for STMicroelectronics.X-CUBE-NFC10.1.0.0
2026-07-31 09:27:54,560 [WARN] PackLoader:240 - Cannot read IP mode file for STMicroelectronics.X-CUBE-ST60.1.1.0
2026-07-31 09:27:54,568 [WARN] PackLoader:240 - Cannot read IP mode file for emotas.I-CUBE-CANOPEN.1.3.0
2026-07-31 09:27:54,575 [WARN] PackLoader:240 - Cannot read IP mode file for wolfSSL.I-CUBE-wolfSSL.5.9.2
2026-07-31 09:27:54,579 [ERROR] Engine:466 - C:\Users\ADMIN\.stm32cubemx\thirdparties\pdsc\STMicroelectronics.X-CUBE-WBA.1.1.0.pdsc: PDSC version is not supported
2026-07-31 09:27:54,588 [WARN] PackLoader:240 - Cannot read IP mode file for STMicroelectronics.FP-SNS-STBOX1.2.1.0
2026-07-31 09:27:54,596 [WARN] PackLoader:240 - Cannot read IP mode file for STMicroelectronics.FP-SNS-SMARTAG2.1.2.0
2026-07-31 09:27:54,601 [WARN] PackLoader:240 - Cannot read IP mode file for STMicroelectronics.FP-SNS-FLIGHT1.5.1.0
2026-07-31 09:27:54,611 [INFO] LogOutputStream:77 - [STDOUT_REDIRECT] 1 : Invalid condition id : UX_CORESTACK_Condition cause : null
2026-07-31 09:27:54,613 [INFO] LogOutputStream:77 - [STDOUT_REDIRECT] 1 : Invalid condition id : UX_CORESTACK_Condition cause : null
2026-07-31 09:27:54,615 [INFO] LogOutputStream:77 - [STDOUT_REDIRECT] 1 : Invalid condition id : UX_CORESTACK_Condition cause : null
2026-07-31 09:27:54,616 [INFO] LogOutputStream:77 - [STDOUT_REDIRECT] 1 : Invalid condition id : UX_CORESTACK_Condition cause : null
2026-07-31 09:27:54,618 [INFO] LogOutputStream:77 - [STDOUT_REDIRECT] 1 : Invalid condition id : UX_CORESTACK_Condition cause : null
2026-07-31 09:27:54,621 [WARN] PackLoader:240 - Cannot read IP mode file for STMicroelectronics.X-CUBE-AZRTOS-WL.2.0.0
2026-07-31 09:27:54,629 [WARN] PackLoader:240 - Cannot read IP mode file for STMicroelectronics.X-CUBE-BLE2.3.3.0
2026-07-31 09:27:54,682 [WARN] PackLoader:240 - Cannot read IP mode file for Infineon.AIROC-Wi-Fi-Bluetooth-STM32.1.8.0
2026-07-31 09:27:54,694 [WARN] PackLoader:240 - Cannot read IP mode file for STMicroelectronics.X-CUBE-NFC9.1.0.0
2026-07-31 09:27:54,701 [WARN] PackLoader:240 - Cannot read IP mode file for STMicroelectronics.X-CUBE-BLE1.7.1.0
2026-07-31 09:27:54,706 [WARN] PackLoader:240 - Cannot read IP mode file for wolfSSL.I-CUBE-wolfMQTT.1.19.2
2026-07-31 09:27:54,713 [WARN] PackLoader:240 - Cannot read IP mode file for STMicroelectronics.X-CUBE-EEPRMA1.5.2.0
2026-07-31 09:27:54,722 [WARN] PackLoader:240 - Cannot read IP mode file for STMicroelectronics.FP-SNS-STAIOTCFT.1.1.0
2026-07-31 09:27:54,736 [WARN] PackLoader:240 - Cannot read IP mode file for STMicroelectronics.X-CUBE-AZRTOS-G0.1.1.0
2026-07-31 09:27:54,745 [WARN] PackLoader:240 - Cannot read IP mode file for STMicroelectronics.X-CUBE-NFC4.3.0.0
2026-07-31 09:27:54,755 [WARN] PackLoader:240 - Cannot read IP mode file for EmbeddedOffice.I-CUBE-FS-RTOS.1.0.1
2026-07-31 09:27:54,760 [WARN] PackLoader:240 - Cannot read IP mode file for wolfSSL.I-CUBE-wolfTPM.3.8.0
2026-07-31 09:27:54,767 [WARN] PackLoader:240 - Cannot read IP mode file for STMicroelectronics.X-CUBE-TCPP.4.2.0
2026-07-31 09:27:54,776 [WARN] PackLoader:240 - Cannot read IP mode file for RealThread.X-CUBE-RT-Thread_Nano.4.1.1
2026-07-31 09:27:54,781 [WARN] PackLoader:240 - Cannot read IP mode file for STMicroelectronics.FP-ATR-SIGFOX1.3.2.0
2026-07-31 09:27:54,787 [WARN] PackLoader:240 - Cannot read IP mode file for ITTIA_DB.I-CUBE-ITTIADB.8.9.0
2026-07-31 09:27:54,792 [WARN] PackLoader:240 - Cannot read IP mode file for Cesanta.I-CUBE-Mongoose.7.21.7
2026-07-31 09:27:54,799 [WARN] PackLoader:240 - Cannot read IP mode file for STMicroelectronics.X-CUBE-NFC6.3.2.0
2026-07-31 09:27:54,809 [WARN] PackLoader:240 - Cannot read IP mode file for STMicroelectronics.X-CUBE-AI.10.2.1
2026-07-31 09:27:54,957 [WARN] PackLoader:240 - Cannot read IP mode file for SEGGER.I-CUBE-embOS.1.3.1
2026-07-31 09:27:55,013 [WARN] PackLoader:240 - Cannot read IP mode file for STMicroelectronics.X-CUBE-NFC13.1.0.0
2026-07-31 09:27:55,022 [WARN] PackLoader:240 - Cannot read IP mode file for STMicroelectronics.X-CUBE-PM33A1.1.0.0
2026-07-31 09:27:55,040 [WARN] PackLoader:240 - Cannot read IP mode file for STMicroelectronics.X-CUBE-AZRTOS-F4.1.1.0
2026-07-31 09:27:55,049 [WARN] PackLoader:240 - Cannot read IP mode file for STMicroelectronics.X-CUBE-ISPU.2.1.0
2026-07-31 09:27:55,067 [WARN] PackLoader:240 - Cannot read IP mode file for STMicroelectronics.X-CUBE-IPS.3.2.0
2026-07-31 09:27:55,126 [WARN] PackLoader:240 - Cannot read IP mode file for STMicroelectronics.eDS-WB_DPC_TT-BIDIR.2.1.1
2026-07-31 09:27:55,135 [WARN] PackLoader:240 - Cannot read IP mode file for STMicroelectronics.X-CUBE-NFC12.1.0.0
2026-07-31 09:27:55,158 [WARN] PackLoader:240 - Cannot read IP mode file for STMicroelectronics.X-CUBE-AZRTOS-L5.2.0.0
2026-07-31 09:27:55,170 [WARN] PackLoader:240 - Cannot read IP mode file for STMicroelectronics.X-CUBE-ALGOBUILD.1.5.0
2026-07-31 09:27:55,175 [WARN] PackLoader:240 - Cannot read IP mode file for STMicroelectronics.eDS-WB_DPC_VIENNA.1.2.0
2026-07-31 09:27:55,231 [WARN] PackLoader:240 - Cannot read IP mode file for STMicroelectronics.X-CUBE-MEMS1.13.0.0
2026-07-31 09:27:55,321 [WARN] PackLoader:240 - Cannot read IP mode file for STMicroelectronics.eDS-WB_DPC_3PH2L-BIDIR.1.1.1
2026-07-31 09:27:55,324 [ERROR] Engine:466 - C:\Users\ADMIN\.stm32cubemx\thirdparties\pdsc\STMicroelectronics.X-CUBE-ST67W61.1.3.0.pdsc: PDSC version is not supported
2026-07-31 09:27:55,336 [WARN] PackLoader:240 - Cannot read IP mode file for STMicroelectronics.X-CUBE-TOUCHGFX.4.26.1
2026-07-31 09:27:55,342 [WARN] PackLoader:240 - Cannot read IP mode file for STMicroelectronics.X-CUBE-DPower.1.3.0
2026-07-31 09:27:55,358 [WARN] ConditionMgr:438 - getConditionDescription Invalid condition id : LAN8742 Phy interface Condition cause : null
2026-07-31 09:27:55,358 [WARN] PackLoader:240 - Cannot read IP mode file for STMicroelectronics.X-CUBE-AZRTOS-L4.2.0.0
2026-07-31 09:27:55,360 [WARN] ConditionMgr:1044 - genDependencies : Invalid condition id : LAN8742 Phy interface Condition cause : null
2026-07-31 09:27:55,360 [WARN] ConditionMgr:1044 - genDependencies : Invalid condition id : LAN8742 Phy interface Condition cause : null
2026-07-31 09:27:55,360 [WARN] ConditionMgr:1044 - genDependencies : Invalid condition id : LAN8742 Phy interface Condition cause : null
2026-07-31 09:27:55,368 [WARN] PackLoader:240 - Cannot read IP mode file for STMicroelectronics.X-CUBE-SFXS2LP1.4.0.0
2026-07-31 09:27:55,375 [WARN] PackLoader:240 - Cannot read IP mode file for STMicroelectronics.X-CUBE-WB05N.2.1.0
2026-07-31 09:27:55,387 [WARN] ConditionMgr:438 - getConditionDescription Invalid condition id : UX DEVICE CLASS RTOS Condition cause : null
2026-07-31 09:27:55,387 [WARN] ConditionMgr:438 - getConditionDescription Invalid condition id : UX DEVICE CLASS RTOS Condition cause : null
2026-07-31 09:27:55,389 [WARN] PackLoader:240 - Cannot read IP mode file for STMicroelectronics.X-CUBE-AZRTOS-WB.2.0.0
2026-07-31 09:27:55,390 [WARN] ConditionMgr:1044 - genDependencies : Invalid condition id : UX DEVICE CLASS RTOS Condition cause : null
2026-07-31 09:27:55,390 [WARN] ConditionMgr:1044 - genDependencies : Invalid condition id : UX DEVICE CLASS RTOS Condition cause : null
2026-07-31 09:27:55,390 [WARN] ConditionMgr:1044 - genDependencies : Invalid condition id : UX DEVICE CLASS RTOS Condition cause : null
2026-07-31 09:27:55,391 [WARN] ConditionMgr:1044 - genDependencies : Invalid condition id : UX DEVICE CLASS RTOS Condition cause : null
2026-07-31 09:27:55,391 [WARN] ConditionMgr:1044 - genDependencies : Invalid condition id : UX DEVICE CLASS RTOS Condition cause : null
2026-07-31 09:27:55,396 [WARN] ConditionMgr:438 - getConditionDescription Invalid condition id : Cortex-A Device cause : null
2026-07-31 09:27:55,407 [WARN] ConditionMgr:1044 - genDependencies : Invalid condition id : Cortex-A Device cause : null
2026-07-31 09:27:55,407 [WARN] ConditionMgr:1044 - genDependencies : Invalid condition id : Cortex-A Device cause : null
2026-07-31 09:27:55,407 [WARN] ConditionMgr:1044 - genDependencies : Invalid condition id : Cortex-A Device cause : null
2026-07-31 09:27:55,414 [WARN] PackLoader:240 - Cannot read IP mode file for STMicroelectronics.X-CUBE-STSE01.2.0.0
2026-07-31 09:27:55,426 [WARN] PackLoader:240 - Cannot read IP mode file for STMicroelectronics.X-CUBE-SUBG2.5.0.0
2026-07-31 09:27:55,443 [WARN] PackLoader:240 - Cannot read IP mode file for STMicroelectronics.X-CUBE-AZRTOS-G4.2.0.0
2026-07-31 09:27:55,450 [WARN] PackLoader:240 - Cannot read IP mode file for wolfSSL.I-CUBE-wolfSSH.1.4.20
2026-07-31 09:27:55,455 [WARN] PackLoader:240 - Cannot read IP mode file for STMicroelectronics.X-CUBE-NFC7.2.0.0
2026-07-31 09:27:55,460 [ERROR] Engine:466 - C:\Users\ADMIN\.stm32cubemx\thirdparties\pdsc\STMicroelectronics.X-CUBE-BLEMGR.4.2.0.pdsc: PDSC version is not supported
2026-07-31 09:27:55,465 [WARN] PackLoader:240 - Cannot read IP mode file for STMicroelectronics.X-CUBE-ALS.1.0.2
2026-07-31 09:27:55,476 [WARN] PackLoader:240 - Cannot read IP mode file for STMicroelectronics.X-CUBE-TOF1.3.4.3
2026-07-31 09:27:55,487 [INFO] ThirdParty:978 - Integrity check success = true
2026-07-31 09:27:55,487 [INFO] IntegrityCheckThread:100 - exiting critical section [integrity check]
2026-07-31 09:27:55,487 [INFO] IntegrityCheckThread:103 - End integrity checks thread
2026-07-31 09:27:56,145 [INFO] WebApp:463 - Apply proxy settings
2026-07-31 09:27:56,146 [INFO] WebApp:548 - Chromium requires no authentication
2026-07-31 09:27:56,170 [INFO] WebApp:491 - Direct internet connection detected
2026-07-31 09:27:56,230 [INFO] WebApp:900 - Register for checkConnection events
2026-07-31 09:27:56,230 [INFO] WebApp:463 - Apply proxy settings
2026-07-31 09:27:56,231 [INFO] WebApp:548 - Chromium requires no authentication
2026-07-31 09:27:56,231 [INFO] WebApp:491 - Direct internet connection detected
2026-07-31 09:27:56,443 [INFO] WebApp:191 - Connection restablished
2026-07-31 09:27:56,613 [INFO] WebApp:225 - Starting web application
2026-07-31 09:27:56,613 [INFO] WebApp:593 - Web application path used C:\ST\STM32CubeIDE_1.19.0\STM32CubeIDE\plugins\com.st.stm32cube.common.mx_6.15.0.202507011659\db\plugins\mcufinder\reactClient1\index.html
2026-07-31 09:27:56,908 [INFO] UserAuth:487 - Internet connection configuration mode: 1
2026-07-31 10:02:15,244 [INFO] McuFinderGlobals:63 - Set McuFinder mode to 2 (CubeIDE integrated)
2026-07-31 10:02:15,252 [INFO] MainUpdater:2872 - connection check result : 10
2026-07-31 10:02:15,258 [INFO] McuFinderGlobals:76 - Set McuFinderConnectedMode to true
2026-07-31 10:02:15,614 [INFO] ServerAccessManage:452 - Complete download http(s) 200
2026-07-31 10:02:15,617 [INFO] ServerAccessManage:509 - Download File mcusAds.json._tmp_
2026-07-31 10:02:15,743 [INFO] LoadUrlFilesThread:156 - End of LoadUrlFiles Thread
2026-07-31 10:02:16,156 [INFO] ServerAccessManage:452 - Complete download http(s) 200
2026-07-31 10:02:16,157 [INFO] ServerAccessManage:509 - Download File cube-finder-db.zip
2026-07-31 10:03:02,365 [INFO] FileExtend:248 - Unzip File : cube-finder-db.zip
2026-07-31 10:03:02,366 [INFO] FileExtend:263 - Standard Zip Deflate
2026-07-31 10:03:04,040 [INFO] LoadUrlFilesThread:156 - End of LoadUrlFiles Thread
2026-07-31 10:03:25,296 [ERROR] ServerAccessManage:1295 - Problem during Server Connection :  IO error Connection timed out: getsockopt
2026-07-31 10:03:25,297 [ERROR] ServerAccessManage:740 - Problem during Server Connection :  : crdb.zip.
2026-07-31 10:03:48,132 [INFO] LoadUrlFilesThread:156 - End of LoadUrlFiles Thread
2026-07-31 10:03:49,187 [INFO] DbMcusAds:53 - JSON generation date=Wed Jul 15 15:14:54 IST 2026 (1784108694001)
2026-07-31 10:03:49,204 [ERROR] TargetSelectorAdapter:267 - Unable to refresh data
2026-07-31 10:03:49,590 [INFO] ApiDb:581 - Connected to CubeFinder SQLite database (C:\Users\ADMIN\.stmcufinder\plugins\mcufinder\mcu\cube-finder-db.db)
2026-07-31 10:03:49,708 [INFO] ApiDb:668 - CubeFinder database Data Model version=2.1
2026-07-31 10:03:49,709 [INFO] ApiDb:669 - CubeFinder database Configuration version=3.0.42
2026-07-31 10:03:49,709 [INFO] ApiDb:670 - CubeFinder database generation date=2026-06-23 (1782213372)
2026-07-31 10:03:49,709 [INFO] ApiDb:671 - CubeFinder database FW Pack versions=[FP-ATR-ASTRA1_V2.0.0, FP-SNS-FLIGHT1_V5.1.0, FP-SNS-MOTENV1_V5.1.0, FP-SNS-MOTENVWB1_V1.5.0, FP-SNS-SMARTAG2_V1.2.0, FP-SNS-STBOX1_V2.1.0, STM32Cube_FW_C0_V1.4.0, STM32Cube_FW_F4_V1.28.3, STM32Cube_FW_F7_V1.17.4, STM32Cube_FW_G0_V1.6.3, STM32Cube_FW_G4_V1.6.2, STM32Cube_FW_H5_V1.7.0, STM32Cube_FW_H7RS_V1.3.0, STM32Cube_FW_H7_V1.13.0, STM32Cube_FW_L0_V1.12.2, STM32Cube_FW_L4_V1.18.2, STM32Cube_FW_L5_V1.6.0, STM32Cube_FW_N6_V1.4.0, STM32Cube_FW_U0_V1.3.0, STM32Cube_FW_U3_V1.4.0, STM32Cube_FW_U5_V1.9.0, STM32Cube_FW_WB0_V1.5.0, STM32Cube_FW_WBA_V1.10.0, STM32Cube_FW_WB_V1.24.0, STM32Cube_FW_WL3_V1.5.0, STM32Cube_FW_WL_V1.6.0, X-CUBE-ALGOBUILD_V1.5.0, X-CUBE-ALS_V1.0.2, X-CUBE-AZRTOS-F4_V1.1.0, X-CUBE-AZRTOS-F7_V1.1.0, X-CUBE-AZRTOS-G0_V1.1.0, X-CUBE-AZRTOS-G4_V2.0.0, X-CUBE-AZRTOS-H7RS_V1.1.0, X-CUBE-AZRTOS-H7_V3.5.0, X-CUBE-AZRTOS-L4_V2.0.0, X-CUBE-AZRTOS-L5_V2.0.0, X-CUBE-AZRTOS-WB_V2.0.0, X-CUBE-AZRTOS-WL_V2.0.0, X-CUBE-BLE1_V7.1.0, X-CUBE-BLE2_V3.3.0, X-CUBE-BLEMGR_V4.1.0, X-CUBE-EEPRMA1_V5.2.0, X-CUBE-FREERTOS_V1.5.0, X-CUBE-GNSS1_V7.1.1, X-CUBE-MEMS1_V12.1.0, X-CUBE-NFC4_V3.0.0, X-CUBE-NFC7_V2.0.0, X-CUBE-SFXS2LP1_V4.0.0, X-CUBE-ST67W61_V1.3.0, X-CUBE-SUBG2_V5.0.0, X-CUBE-TOF1_V3.4.3]
2026-07-31 10:03:53,388 [INFO] ApiDb:240 - Found 880 in-development CPN: [B-G473E-ZEST1S, B-WB1M-WPAN1, B-WBA5M-WPAN, B-WL5M-SUBG1, NUCLEO-C031C6, NUCLEO-C051C8, NUCLEO-C071RB, NUCLEO-C092RC, NUCLEO-H503RB, NUCLEO-H533RE, NUCLEO-H563ZI, NUCLEO-H7S3L8, NUCLEO-N657X0-Q, NUCLEO-U031R8, NUCLEO-U083RC, NUCLEO-U385RG-Q, NUCLEO-U545RE-Q, NUCLEO-U5A5ZJ-Q, NUCLEO-WB05KZ, NUCLEO-WB07CC, NUCLEO-WB09KE, NUCLEO-WBA52CG, NUCLEO-WBA55CG, NUCLEO-WL33CC1, NUCLEO-WL33CC2, STEVAL-PROTEUS1, STEVAL-SMARTAG2, STEVAL-STWINBX1, STM320518-EVAL, STM32C0116-DK, STM32C011D6Y3TR, STM32C011D6Y6TR, STM32C011F4P3, STM32C011F4P6, STM32C011F4U3, STM32C011F4U6TR, STM32C011F6P3, STM32C011F6P6, STM32C011F6U3, STM32C011F6U6TR, STM32C011J4M3, STM32C011J4M6, STM32C011J6M3, STM32C011J6M6, STM32C0316-DK, STM32C031C4T3, STM32C031C4T6, STM32C031C4U3, STM32C031C4U6, STM32C031C6T3, STM32C031C6T6, STM32C031C6U3, STM32C031C6U6, STM32C031F4P3, STM32C031F4P6, STM32C031F6P3, STM32C031F6P6, STM32C031G4U3, STM32C031G4U6, STM32C031G6U3, STM32C031G6U6, STM32C031K4T3, STM32C031K4T6, STM32C031K4U3, STM32C031K4U6, STM32C031K6T3, STM32C031K6T6, STM32C031K6U3, STM32C031K6U6, STM32C051C6T6, STM32C051C6U6, STM32C051C8T6, STM32C051C8U6, STM32C051D8Y6TR, STM32C051F6P6, STM32C051F8P6, STM32C051G6U6, STM32C051G8U6, STM32C051K6T6, STM32C051K6U6, STM32C051K8T6, STM32C071C8T6, STM32C071C8T6N, STM32C071C8U6, STM32C071C8U6N, STM32C071CBT6, STM32C071CBT6N, STM32C071CBU6, STM32C071CBU6N, STM32C071F8P6, STM32C071F8P6N, STM32C071FBP6, STM32C071FBP6N, STM32C071FBY6TR, STM32C071G8U6, STM32C071G8U6N, STM32C071GBU6, STM32C071GBU6N, STM32C071K8T6, STM32C071K8T6N, STM32C071K8U6, STM32C071K8U6N, STM32C071KBT6, STM32C071KBT6N, STM32C071KBU6, STM32C071KBU6N, STM32C071R8T6, STM32C071R8T6N, STM32C071RBI6N, STM32C071RBT6, STM32C071RBT6N, STM32C091CBT6, STM32C091CBU6, STM32C091CCT6, STM32C091CCU6, STM32C091ECY6TR, STM32C091FBP6, STM32C091FCP6, STM32C091GBU6, STM32C091GCU6, STM32C091KBT6, STM32C091KBU6, STM32C091KCT6, STM32C091KCU6, STM32C091RBT6, STM32C091RCI6, STM32C091RCT6, STM32C092CBT6, STM32C092CBU6, STM32C092CCT6, STM32C092CCU6, STM32C092ECY6TR, STM32C092FBP6, STM32C092FCP6, STM32C092GBU6, STM32C092GCU6, STM32C092KBT6, STM32C092KBU6, STM32C092KCT6, STM32C092KCU6, STM32C092RBT6, STM32C092RCI6, STM32C092RCT6, STM32G071K8TXN, STM32G071K8UXN, STM32G081GBU6N, STM32G081KBT6N, STM32G081KBUXN, STM32G0B1CCT6N, STM32G0B1KCT6, STM32G0B1NEY6TR, STM32G0B1RCT6N, STM32G0C1CCT6, STM32G0C1CCT6N, STM32G0C1CCU6N, STM32G0C1CET6N, STM32G0C1CEU6N, STM32G0C1KCT6, STM32G0C1NEY6TR, STM32G0C1RCI6N, STM32G0C1RCT6N, STM32G0C1REI6N, STM32G0C1RET6N, STM32G0C1VCI6, STM32G0C1VEI6, STM32G411C6T3, STM32G411C6T6, STM32G411C6U3, STM32G411C6U6, STM32G411C8T3, STM32G411C8T6, STM32G411C8U3, STM32G411C8U6, STM32G411CBT3, STM32G411CBT6, STM32G411CBU3, STM32G411CBU6, STM32G411K6T3, STM32G411K6T6, STM32G411K6U3, STM32G411K6U6, STM32G411K8T3, STM32G411K8T6, STM32G411K8U3, STM32G411K8U6, STM32G411KBT3, STM32G411KBT6, STM32G411KBU3, STM32G411KBU6, STM32G411M6T3, STM32G411M6T6, STM32G411M8T3, STM32G411M8T6, STM32G411MBT3, STM32G411MBT6, STM32G411R6T3, STM32G411R6T6, STM32G411R8T3, STM32G411R8T6, STM32G411RBT3, STM32G411RBT6, STM32G414CBT3, STM32G414CBT6, STM32G414CBU3, STM32G414CBU6, STM32G414CCT3, STM32G414CCT6, STM32G414CCU3, STM32G414CCU6, STM32G414MBT3, STM32G414MBT6, STM32G414MCT3, STM32G414MCT6, STM32G414RBT3, STM32G414RBT6, STM32G414RCT3, STM32G414RCT6, STM32G414VBT3, STM32G414VBT6, STM32G414VCT3, STM32G414VCT6, STM32G431CBT3Z, STM32G431RBT3Z, STM32G471CCT6, STM32G471CCU6, STM32G471CET3, STM32G471CET6, STM32G471CEU3, STM32G471CEU6, STM32G471MCT6, STM32G471MET3, STM32G471MET6, STM32G471MEY6TR, STM32G471QCT6, STM32G471QET3, STM32G471RCT6, STM32G471RET3, STM32G471RET6, STM32G471VCH6, STM32G471VCI6, STM32G471VCT6, STM32G471VEH3, STM32G471VEH6, STM32G471VEI3, STM32G471VEI6, STM32G471VET3, STM32G471VET6, STM32G473QET3Z, STM32G473RET3Z, STM32G474CCT6, STM32G491RET3Z, STM32H503CBT6, STM32H503CBU6, STM32H503EBY6TR, STM32H503KBU6, STM32H503RBT6, STM32H523CCT6, STM32H523CCU6, STM32H523CET6, STM32H523CEU6, STM32H523HEY6TR, STM32H523RCT6, STM32H523RET6, STM32H523VCI6, STM32H523VCT6, STM32H523VEI6, STM32H523VET6, STM32H523ZCJ6, STM32H523ZCT6, STM32H523ZEJ6, STM32H523ZET6, STM32H533CET6, STM32H533CEU6, STM32H533HEY6TR, STM32H533RET6, STM32H533VEI6, STM32H533VET6, STM32H533ZEJ6, STM32H533ZET6, STM32H562AGI6, STM32H562AII6, STM32H562IGK6, STM32H562IGT6, STM32H562IIK6, STM32H562IIT6, STM32H562RGT6, STM32H562RGV6, STM32H562RIT6, STM32H562RIV6, STM32H562VGT6, STM32H562VIT6, STM32H562ZGT6, STM32H562ZIT6, STM32H563AGI6, STM32H563AII3Q, STM32H563AII6, STM32H563IGK6, STM32H563IGT6, STM32H563IIK3Q, STM32H563IIK6, STM32H563IIT3Q, STM32H563IIT6, STM32H563MIY3QTR, STM32H563RGT6, STM32H563RGV6, STM32H563RIT6, STM32H563RIV6, STM32H563VGT6, STM32H563VIT3Q, STM32H563VIT6, STM32H563ZGT6, STM32H563ZIT3Q, STM32H563ZIT6, STM32H573AII3Q, STM32H573AII6, STM32H573I-DK, STM32H573IIK3Q, STM32H573IIK6, STM32H573IIT3Q, STM32H573IIT6, STM32H573MIY3QTR, STM32H573RIT6, STM32H573RIV6, STM32H573VIT3Q, STM32H573VIT6, STM32H573ZIT3Q, STM32H573ZIT6, STM32H7R3A8I6, STM32H7R3I8K6, STM32H7R3I8T6, STM32H7R3L8H6, STM32H7R3L8H6H, STM32H7R3R8V6, STM32H7R3V8H6, STM32H7R3V8T6, STM32H7R3V8Y6TR, STM32H7R3Z8J6, STM32H7R3Z8T6, STM32H7R7A8I6, STM32H7R7I8K6, STM32H7R7I8T6, STM32H7R7L8H6, STM32H7R7L8H6H, STM32H7R7Z8J6, STM32H7S3A8I6, STM32H7S3I8K6, STM32H7S3I8T6, STM32H7S3L8H6, STM32H7S3L8H6H, STM32H7S3R8V6, STM32H7S3V8H6, STM32H7S3V8T6, STM32H7S3V8Y6TR, STM32H7S3Z8J6, STM32H7S3Z8T6, STM32H7S78-DK, STM32H7S7A8I6, STM32H7S7I8K6, STM32H7S7I8T6, STM32H7S7L8H6, STM32H7S7L8H6H, STM32H7S7Z8J6, STM32L4R5QGI6STR, STM32MP131AAE3, STM32MP131AAF3, STM32MP131AAG3, STM32MP131CAE3, STM32MP131CAF3, STM32MP131CAG3, STM32MP131DAE7, STM32MP131DAF7, STM32MP131DAG7, STM32MP131FAE7, STM32MP131FAF7, STM32MP131FAG7, STM32MP133AAE3, STM32MP133AAF3, STM32MP133AAG3, STM32MP133CAE3, STM32MP133CAF3, STM32MP133CAG3, STM32MP133DAE7, STM32MP133DAF7, STM32MP133DAG7, STM32MP133FAE7, STM32MP133FAF7, STM32MP133FAG7, STM32MP135AAE3, STM32MP135AAF3, STM32MP135AAG3, STM32MP135CAE3, STM32MP135CAF3, STM32MP135CAG3, STM32MP135DAE7, STM32MP135DAF7, STM32MP135DAG7, STM32MP135F-DK, STM32MP135FAE7, STM32MP135FAF7, STM32MP135FAF7T, STM32MP135FAF7U, STM32MP135FAG7, STM32MP211AAL3, STM32MP211AAM3, STM32MP211AAN3, STM32MP211AAO3, STM32MP211CAL3, STM32MP211CAM3, STM32MP211CAN3, STM32MP211CAO3, STM32MP211DAL3, STM32MP211DAM3, STM32MP211DAN3, STM32MP211DAO3, STM32MP211FAL3, STM32MP211FAM3, STM32MP211FAN3, STM32MP211FAO3, STM32MP213AAL3, STM32MP213AAM3, STM32MP213AAN3, STM32MP213AAO3, STM32MP213CAL3, STM32MP213CAM3, STM32MP213CAN3, STM32MP213CAO3, STM32MP213DAL3, STM32MP213DAM3, STM32MP213DAN3, STM32MP213DAO3, STM32MP213FAL3, STM32MP213FAM3, STM32MP213FAN3, STM32MP213FAO3, STM32MP215AAL3, STM32MP215AAM3, STM32MP215AAN3, STM32MP215AAO3, STM32MP215CAL3, STM32MP215CAM3, STM32MP215CAN3, STM32MP215CAO3, STM32MP215DAL3, STM32MP215DAM3, STM32MP215DAN3, STM32MP215DAO3, STM32MP215F-DK, STM32MP215FAL3, STM32MP215FAM3, STM32MP215FAN3, STM32MP215FAO3, STM32MP231AAJ3, STM32MP231AAK3, STM32MP231AAL3, STM32MP231CAJ3, STM32MP231CAK3, STM32MP231CAL3, STM32MP231DAJ3, STM32MP231DAK3, STM32MP231DAL3, STM32MP231FAJ3, STM32MP231FAK3, STM32MP231FAL3, STM32MP233AAJ3, STM32MP233AAK3, STM32MP233AAL3, STM32MP233CAJ3, STM32MP233CAK3, STM32MP233CAL3, STM32MP233DAJ3, STM32MP233DAK3, STM32MP233DAL3, STM32MP233FAJ3, STM32MP233FAK3, STM32MP233FAL3, STM32MP235AAJ3, STM32MP235AAK3, STM32MP235AAL3, STM32MP235CAJ3, STM32MP235CAK3, STM32MP235CAL3, STM32MP235DAJ3, STM32MP235DAK3, STM32MP235DAL3, STM32MP235FAJ3, STM32MP235FAK3, STM32MP235FAL3, STM32MP251AAI3, STM32MP251AAK3, STM32MP251AAL3, STM32MP251CAI3, STM32MP251CAK3, STM32MP251CAL3, STM32MP251DAI3, STM32MP251DAK3, STM32MP251DAL3, STM32MP251FAI3, STM32MP251FAK3, STM32MP251FAL3, STM32MP253AAI3, STM32MP253AAK3, STM32MP253AAL3, STM32MP253CAI3, STM32MP253CAK3, STM32MP253CAL3, STM32MP253DAI3, STM32MP253DAK3, STM32MP253DAL3, STM32MP253FAI3, STM32MP253FAK3, STM32MP253FAL3, STM32MP255AAI3, STM32MP255AAK3, STM32MP255AAL3, STM32MP255CAI3, STM32MP255CAK3, STM32MP255CAL3, STM32MP255DAI3, STM32MP255DAK3, STM32MP255DAL3, STM32MP255FAI3, STM32MP255FAK3, STM32MP255FAL3, STM32MP257AAI3, STM32MP257AAK3, STM32MP257AAL3, STM32MP257CAI3, STM32MP257CAK3, STM32MP257CAL3, STM32MP257DAI3, STM32MP257DAK3, STM32MP257DAL3, STM32MP257F-DK, STM32MP257F-EV1, STM32MP257FAI3, STM32MP257FAK3, STM32MP257FAL3, STM32N645A0H3Q, STM32N645B0H3Q, STM32N645I0H3Q, STM32N645L0H3Q, STM32N645X0H3Q, STM32N645Z0H3Q, STM32N647A0H3Q, STM32N647B0H3Q, STM32N647I0H3Q, STM32N647L0H3Q, STM32N647X0H3Q, STM32N647Z0H3Q, STM32N655A0H3Q, STM32N655B0H3Q, STM32N655I0H3Q, STM32N655L0H3Q, STM32N655X0H3Q, STM32N655Z0H3Q, STM32N6570-DK, STM32N657A0H3Q, STM32N657B0H3Q, STM32N657I0H3Q, STM32N657L0H3Q, STM32N657X0H3Q, STM32N657Z0H3Q, STM32U031C6T6, STM32U031C6U6, STM32U031C8T6, STM32U031C8U6, STM32U031F4P6, STM32U031F6P6, STM32U031F8P6, STM32U031G6Y6TR, STM32U031G8Y6TR, STM32U031K4U6, STM32U031K6U6, STM32U031K8U6, STM32U031R6I6, STM32U031R6T6, STM32U031R8I6, STM32U031R8T6, STM32U073C8T6, STM32U073C8U6, STM32U073CBT6, STM32U073CBU6, STM32U073CCT6, STM32U073CCU6, STM32U073H8Y6TR, STM32U073HBY6TR, STM32U073HCY6TR, STM32U073K8U6, STM32U073KBU6, STM32U073KCU6, STM32U073M8I6, STM32U073M8T6, STM32U073MBI6, STM32U073MBT6, STM32U073MCI6, STM32U073MCT6, STM32U073R8I6, STM32U073R8T6, STM32U073RBI6, STM32U073RBT6, STM32U073RCI6, STM32U073RCT6, STM32U083C-DK, STM32U083CCT6, STM32U083CCU6, STM32U083HCY6TR, STM32U083KCU6, STM32U083MCI6, STM32U083MCT6, STM32U083RCI6, STM32U083RCT6, STM32U375CET6, STM32U375CET6Q, STM32U375CEU6, STM32U375CEU6Q, STM32U375CEY6QTR, STM32U375CGT6, STM32U375CGT6Q, STM32U375CGU6, STM32U375CGU6Q, STM32U375CGY6QTR, STM32U375KEU6, STM32U375KGU6, STM32U375REI6, STM32U375REI6Q, STM32U375RET6, STM32U375RET6Q, STM32U375REY6GTR, STM32U375REY6QTR, STM32U375RGI6, STM32U375RGI6Q, STM32U375RGT6, STM32U375RGT6Q, STM32U375RGY6GTR, STM32U375RGY6QTR, STM32U375VEI6, STM32U375VEI6Q, STM32U375VET6, STM32U375VET6Q, STM32U375VGI6, STM32U375VGI6Q, STM32U375VGT6, STM32U375VGT6Q, STM32U385CGT6, STM32U385CGT6Q, STM32U385CGU6, STM32U385CGU6Q, STM32U385CGY6QTR, STM32U385KGU6, STM32U385RGI6, STM32U385RGI6Q, STM32U385RGT6, STM32U385RGT6Q, STM32U385RGY6GTR, STM32U385RGY6QTR, STM32U385VGI6, STM32U385VGI6Q, STM32U385VGT6, STM32U385VGT6Q, STM32U535CBT6, STM32U535CBT6Q, STM32U535CBU6, STM32U535CBU6Q, STM32U535CCT6, STM32U535CCT6Q, STM32U535CCU6, STM32U535CCU6Q, STM32U535CET6, STM32U535CET6Q, STM32U535CEU6, STM32U535CEU6Q, STM32U535JEY6QTR, STM32U535NCY6QTR, STM32U535NEY6QTR, STM32U535RBI6, STM32U535RBI6Q, STM32U535RBT6, STM32U535RBT6Q, STM32U535RCI6, STM32U535RCI6Q, STM32U535RCT6, STM32U535RCT6Q, STM32U535REI6, STM32U535REI6Q, STM32U535RET6, STM32U535RET6Q, STM32U535VCI6, STM32U535VCI6Q, STM32U535VCT6, STM32U535VCT6Q, STM32U535VEI6, STM32U535VEI6Q, STM32U535VET6, STM32U535VET6Q, STM32U545CET6, STM32U545CET6Q, STM32U545CEU6, STM32U545CEU6Q, STM32U545JEY6QTR, STM32U545NEY6QTR, STM32U545REI6, STM32U545REI6Q, STM32U545RET6, STM32U545RET6Q, STM32U545VEI6, STM32U545VEI6Q, STM32U545VET6, STM32U545VET6Q, STM32U595AIH6, STM32U595AIH6Q, STM32U595AJH6, STM32U595AJH6Q, STM32U595QII6, STM32U595QII6Q, STM32U595QJI6, STM32U595QJI6Q, STM32U595RIT6, STM32U595RIT6Q, STM32U595RJT6, STM32U595RJT6Q, STM32U595VIT6, STM32U595VIT6Q, STM32U595VJT6, STM32U595VJT6Q, STM32U595ZIT6, STM32U595ZIT6Q, STM32U595ZIY6QTR, STM32U595ZJT6, STM32U595ZJT6Q, STM32U595ZJY6QTR, STM32U599BJY6QTR, STM32U599NIH6Q, STM32U599NJH6Q, STM32U599VIT6Q, STM32U599VJT6, STM32U599VJT6Q, STM32U599ZIT6Q, STM32U599ZIY6QTR, STM32U599ZJT6Q, STM32U599ZJY6QTR, STM32U5A5AJH6, STM32U5A5AJH6Q, STM32U5A5QII3Q , STM32U5A5QJI6, STM32U5A5QJI6Q, STM32U5A5RJT6, STM32U5A5RJT6Q, STM32U5A5VJT6, STM32U5A5VJT6Q, STM32U5A5ZJT6, STM32U5A5ZJT6Q, STM32U5A5ZJY6QTR, STM32U5A9BJY6QTR, STM32U5A9J-DK, STM32U5A9NJH6Q, STM32U5A9VJT6Q, STM32U5A9ZJT6Q, STM32U5A9ZJY6QTR, STM32U5F7VIT6, STM32U5F7VIT6Q, STM32U5F7VJT6, STM32U5F7VJT6Q, STM32U5F9BJY6QTR, STM32U5F9NJH6Q, STM32U5F9VIT6Q, STM32U5F9VJT6Q, STM32U5F9ZIJ6QTR, STM32U5F9ZIT6Q, STM32U5F9ZJJ6QTR, STM32U5F9ZJT6Q, STM32U5G7VJT6, STM32U5G7VJT6Q, STM32U5G9BJY6QTR, STM32U5G9J-DK1, STM32U5G9J-DK2, STM32U5G9NJH6Q, STM32U5G9VJT6Q, STM32U5G9ZJJ6QTR, STM32U5G9ZJT6Q, STM32WB05KZV6TR, STM32WB05KZV7TR, STM32WB05TZF6TR, STM32WB05TZF7TR, STM32WB06CCF6TR, STM32WB06CCF7TR, STM32WB06CCV6TR, STM32WB06CCV7TR, STM32WB06KCV6TR, STM32WB06KCV7TR, STM32WB07CCF6TR, STM32WB07CCF7TR, STM32WB07CCV6TR, STM32WB07CCV7TR, STM32WB07KCV6TR, STM32WB07KCV7TR, STM32WB09KEV6TR, STM32WB09KEV7TR, STM32WB09TEF6TR, STM32WB09TEF7TR, STM32WB1MMCH6, STM32WBA50KGU6, STM32WBA50KGU6TR, STM32WBA52CEU6, STM32WBA52CEU6TR, STM32WBA52CEU7, STM32WBA52CEU7TR, STM32WBA52CGU6, STM32WBA52CGU6TR, STM32WBA52CGU6U, STM32WBA52CGU7, STM32WBA52CGU7TR, STM32WBA52KEU6, STM32WBA52KEU6TR, STM32WBA52KGU6, STM32WBA52KGU6TR, STM32WBA54CEU6, STM32WBA54CEU6TR, STM32WBA54CEU7, STM32WBA54CEU7TR, STM32WBA54CGU6, STM32WBA54CGU6TR, STM32WBA54CGU7, STM32WBA54CGU7TR, STM32WBA54KEU6, STM32WBA54KEU6TR, STM32WBA54KEU7, STM32WBA54KEU7TR, STM32WBA54KGU6, STM32WBA54KGU6TR, STM32WBA54KGU7, STM32WBA54KGU7TR, STM32WBA55CEU6, STM32WBA55CEU6TR, STM32WBA55CEU7, STM32WBA55CEU7TR, STM32WBA55CGU6, STM32WBA55CGU6TR, STM32WBA55CGU6U, STM32WBA55CGU7, STM32WBA55CGU7TR, STM32WBA55G-DK1, STM32WBA55HEF6, STM32WBA55HEF7, STM32WBA55HGF6, STM32WBA55HGF7, STM32WBA55UEI6, STM32WBA55UEI6TR, STM32WBA55UEI7, STM32WBA55UEI7TR, STM32WBA55UGI6, STM32WBA55UGI6TR, STM32WBA55UGI7, STM32WBA55UGI7TR, STM32WBA5MMGH6TR, STM32WBA62MGF6, STM32WBA62MIF6, STM32WBA65MGF7, STM32WBA65MIF6, STM32WBA65MIF7, STM32WL30K8V6, STM32WL30KBV6, STM32WL31C8V6, STM32WL31CBV6, STM32WL31K8V6, STM32WL31KBV6, STM32WL33C8V6, STM32WL33C8V6X, STM32WL33CBV6, STM32WL33CBV6X, STM32WL33CCV6, STM32WL33CCV6A, STM32WL33CCV6X, STM32WL33K8V7, STM32WL33K8V7X, STM32WL33KBV7 , STM32WL33KBV7X, STM32WL33KCV7, STM32WL33KCV7X, STM32WL5MOCH6, STM32WL5MOCH6TR]
2026-07-31 10:03:53,397 [INFO] DbMcus:218 - Found 5250 MCUs, 5097 are supported
2026-07-31 10:03:53,398 [INFO] ApiDb:423 - Load user favorites file C:\Users\ADMIN/.stm32cubeide/favorites.mcus.txt: 0 item(s)
2026-07-31 10:03:53,398 [INFO] ApiDb:427 - User favorites MCUs=[]
2026-07-31 10:03:53,399 [INFO] DbMcus:224 - Set 0 / 0 favorites MCUs
2026-07-31 10:03:54,185 [INFO] ApiDb:668 - CubeFinder database Data Model version=2.1
2026-07-31 10:03:54,185 [INFO] ApiDb:669 - CubeFinder database Configuration version=3.0.42
2026-07-31 10:03:54,186 [INFO] ApiDb:670 - CubeFinder database generation date=2026-06-23 (1782213372)
2026-07-31 10:03:54,186 [INFO] ApiDb:671 - CubeFinder database FW Pack versions=[FP-ATR-ASTRA1_V2.0.0, FP-SNS-FLIGHT1_V5.1.0, FP-SNS-MOTENV1_V5.1.0, FP-SNS-MOTENVWB1_V1.5.0, FP-SNS-SMARTAG2_V1.2.0, FP-SNS-STBOX1_V2.1.0, STM32Cube_FW_C0_V1.4.0, STM32Cube_FW_F4_V1.28.3, STM32Cube_FW_F7_V1.17.4, STM32Cube_FW_G0_V1.6.3, STM32Cube_FW_G4_V1.6.2, STM32Cube_FW_H5_V1.7.0, STM32Cube_FW_H7RS_V1.3.0, STM32Cube_FW_H7_V1.13.0, STM32Cube_FW_L0_V1.12.2, STM32Cube_FW_L4_V1.18.2, STM32Cube_FW_L5_V1.6.0, STM32Cube_FW_N6_V1.4.0, STM32Cube_FW_U0_V1.3.0, STM32Cube_FW_U3_V1.4.0, STM32Cube_FW_U5_V1.9.0, STM32Cube_FW_WB0_V1.5.0, STM32Cube_FW_WBA_V1.10.0, STM32Cube_FW_WB_V1.24.0, STM32Cube_FW_WL3_V1.5.0, STM32Cube_FW_WL_V1.6.0, X-CUBE-ALGOBUILD_V1.5.0, X-CUBE-ALS_V1.0.2, X-CUBE-AZRTOS-F4_V1.1.0, X-CUBE-AZRTOS-F7_V1.1.0, X-CUBE-AZRTOS-G0_V1.1.0, X-CUBE-AZRTOS-G4_V2.0.0, X-CUBE-AZRTOS-H7RS_V1.1.0, X-CUBE-AZRTOS-H7_V3.5.0, X-CUBE-AZRTOS-L4_V2.0.0, X-CUBE-AZRTOS-L5_V2.0.0, X-CUBE-AZRTOS-WB_V2.0.0, X-CUBE-AZRTOS-WL_V2.0.0, X-CUBE-BLE1_V7.1.0, X-CUBE-BLE2_V3.3.0, X-CUBE-BLEMGR_V4.1.0, X-CUBE-EEPRMA1_V5.2.0, X-CUBE-FREERTOS_V1.5.0, X-CUBE-GNSS1_V7.1.1, X-CUBE-MEMS1_V12.1.0, X-CUBE-NFC4_V3.0.0, X-CUBE-NFC7_V2.0.0, X-CUBE-SFXS2LP1_V4.0.0, X-CUBE-ST67W61_V1.3.0, X-CUBE-SUBG2_V5.0.0, X-CUBE-TOF1_V3.4.3]
2026-07-31 10:03:54,256 [INFO] DbBoardsSqlite:226 - include board P-NUCLEO-WB55-NUCLEO as a kit item of type 'Nucleo-64'
2026-07-31 10:03:54,256 [INFO] DbBoardsSqlite:226 - include board P-NUCLEO-WB55-USBDONGLE as a kit item of type 'Nucleo USB Dongle'
2026-07-31 10:03:54,257 [INFO] DbBoardsSqlite:226 - include board STEVAL-IDP005V1 as a kit item of type 'Evaluation Board'
2026-07-31 10:03:54,257 [INFO] DbBoardsSqlite:226 - include board STEVAL-IDP005V2 as a kit item of type 'Evaluation Board'
2026-07-31 10:03:54,351 [INFO] ApiDb:240 - Found 880 in-development CPN: [B-G473E-ZEST1S, B-WB1M-WPAN1, B-WBA5M-WPAN, B-WL5M-SUBG1, NUCLEO-C031C6, NUCLEO-C051C8, NUCLEO-C071RB, NUCLEO-C092RC, NUCLEO-H503RB, NUCLEO-H533RE, NUCLEO-H563ZI, NUCLEO-H7S3L8, NUCLEO-N657X0-Q, NUCLEO-U031R8, NUCLEO-U083RC, NUCLEO-U385RG-Q, NUCLEO-U545RE-Q, NUCLEO-U5A5ZJ-Q, NUCLEO-WB05KZ, NUCLEO-WB07CC, NUCLEO-WB09KE, NUCLEO-WBA52CG, NUCLEO-WBA55CG, NUCLEO-WL33CC1, NUCLEO-WL33CC2, STEVAL-PROTEUS1, STEVAL-SMARTAG2, STEVAL-STWINBX1, STM320518-EVAL, STM32C0116-DK, STM32C011D6Y3TR, STM32C011D6Y6TR, STM32C011F4P3, STM32C011F4P6, STM32C011F4U3, STM32C011F4U6TR, STM32C011F6P3, STM32C011F6P6, STM32C011F6U3, STM32C011F6U6TR, STM32C011J4M3, STM32C011J4M6, STM32C011J6M3, STM32C011J6M6, STM32C0316-DK, STM32C031C4T3, STM32C031C4T6, STM32C031C4U3, STM32C031C4U6, STM32C031C6T3, STM32C031C6T6, STM32C031C6U3, STM32C031C6U6, STM32C031F4P3, STM32C031F4P6, STM32C031F6P3, STM32C031F6P6, STM32C031G4U3, STM32C031G4U6, STM32C031G6U3, STM32C031G6U6, STM32C031K4T3, STM32C031K4T6, STM32C031K4U3, STM32C031K4U6, STM32C031K6T3, STM32C031K6T6, STM32C031K6U3, STM32C031K6U6, STM32C051C6T6, STM32C051C6U6, STM32C051C8T6, STM32C051C8U6, STM32C051D8Y6TR, STM32C051F6P6, STM32C051F8P6, STM32C051G6U6, STM32C051G8U6, STM32C051K6T6, STM32C051K6U6, STM32C051K8T6, STM32C071C8T6, STM32C071C8T6N, STM32C071C8U6, STM32C071C8U6N, STM32C071CBT6, STM32C071CBT6N, STM32C071CBU6, STM32C071CBU6N, STM32C071F8P6, STM32C071F8P6N, STM32C071FBP6, STM32C071FBP6N, STM32C071FBY6TR, STM32C071G8U6, STM32C071G8U6N, STM32C071GBU6, STM32C071GBU6N, STM32C071K8T6, STM32C071K8T6N, STM32C071K8U6, STM32C071K8U6N, STM32C071KBT6, STM32C071KBT6N, STM32C071KBU6, STM32C071KBU6N, STM32C071R8T6, STM32C071R8T6N, STM32C071RBI6N, STM32C071RBT6, STM32C071RBT6N, STM32C091CBT6, STM32C091CBU6, STM32C091CCT6, STM32C091CCU6, STM32C091ECY6TR, STM32C091FBP6, STM32C091FCP6, STM32C091GBU6, STM32C091GCU6, STM32C091KBT6, STM32C091KBU6, STM32C091KCT6, STM32C091KCU6, STM32C091RBT6, STM32C091RCI6, STM32C091RCT6, STM32C092CBT6, STM32C092CBU6, STM32C092CCT6, STM32C092CCU6, STM32C092ECY6TR, STM32C092FBP6, STM32C092FCP6, STM32C092GBU6, STM32C092GCU6, STM32C092KBT6, STM32C092KBU6, STM32C092KCT6, STM32C092KCU6, STM32C092RBT6, STM32C092RCI6, STM32C092RCT6, STM32G071K8TXN, STM32G071K8UXN, STM32G081GBU6N, STM32G081KBT6N, STM32G081KBUXN, STM32G0B1CCT6N, STM32G0B1KCT6, STM32G0B1NEY6TR, STM32G0B1RCT6N, STM32G0C1CCT6, STM32G0C1CCT6N, STM32G0C1CCU6N, STM32G0C1CET6N, STM32G0C1CEU6N, STM32G0C1KCT6, STM32G0C1NEY6TR, STM32G0C1RCI6N, STM32G0C1RCT6N, STM32G0C1REI6N, STM32G0C1RET6N, STM32G0C1VCI6, STM32G0C1VEI6, STM32G411C6T3, STM32G411C6T6, STM32G411C6U3, STM32G411C6U6, STM32G411C8T3, STM32G411C8T6, STM32G411C8U3, STM32G411C8U6, STM32G411CBT3, STM32G411CBT6, STM32G411CBU3, STM32G411CBU6, STM32G411K6T3, STM32G411K6T6, STM32G411K6U3, STM32G411K6U6, STM32G411K8T3, STM32G411K8T6, STM32G411K8U3, STM32G411K8U6, STM32G411KBT3, STM32G411KBT6, STM32G411KBU3, STM32G411KBU6, STM32G411M6T3, STM32G411M6T6, STM32G411M8T3, STM32G411M8T6, STM32G411MBT3, STM32G411MBT6, STM32G411R6T3, STM32G411R6T6, STM32G411R8T3, STM32G411R8T6, STM32G411RBT3, STM32G411RBT6, STM32G414CBT3, STM32G414CBT6, STM32G414CBU3, STM32G414CBU6, STM32G414CCT3, STM32G414CCT6, STM32G414CCU3, STM32G414CCU6, STM32G414MBT3, STM32G414MBT6, STM32G414MCT3, STM32G414MCT6, STM32G414RBT3, STM32G414RBT6, STM32G414RCT3, STM32G414RCT6, STM32G414VBT3, STM32G414VBT6, STM32G414VCT3, STM32G414VCT6, STM32G431CBT3Z, STM32G431RBT3Z, STM32G471CCT6, STM32G471CCU6, STM32G471CET3, STM32G471CET6, STM32G471CEU3, STM32G471CEU6, STM32G471MCT6, STM32G471MET3, STM32G471MET6, STM32G471MEY6TR, STM32G471QCT6, STM32G471QET3, STM32G471RCT6, STM32G471RET3, STM32G471RET6, STM32G471VCH6, STM32G471VCI6, STM32G471VCT6, STM32G471VEH3, STM32G471VEH6, STM32G471VEI3, STM32G471VEI6, STM32G471VET3, STM32G471VET6, STM32G473QET3Z, STM32G473RET3Z, STM32G474CCT6, STM32G491RET3Z, STM32H503CBT6, STM32H503CBU6, STM32H503EBY6TR, STM32H503KBU6, STM32H503RBT6, STM32H523CCT6, STM32H523CCU6, STM32H523CET6, STM32H523CEU6, STM32H523HEY6TR, STM32H523RCT6, STM32H523RET6, STM32H523VCI6, STM32H523VCT6, STM32H523VEI6, STM32H523VET6, STM32H523ZCJ6, STM32H523ZCT6, STM32H523ZEJ6, STM32H523ZET6, STM32H533CET6, STM32H533CEU6, STM32H533HEY6TR, STM32H533RET6, STM32H533VEI6, STM32H533VET6, STM32H533ZEJ6, STM32H533ZET6, STM32H562AGI6, STM32H562AII6, STM32H562IGK6, STM32H562IGT6, STM32H562IIK6, STM32H562IIT6, STM32H562RGT6, STM32H562RGV6, STM32H562RIT6, STM32H562RIV6, STM32H562VGT6, STM32H562VIT6, STM32H562ZGT6, STM32H562ZIT6, STM32H563AGI6, STM32H563AII3Q, STM32H563AII6, STM32H563IGK6, STM32H563IGT6, STM32H563IIK3Q, STM32H563IIK6, STM32H563IIT3Q, STM32H563IIT6, STM32H563MIY3QTR, STM32H563RGT6, STM32H563RGV6, STM32H563RIT6, STM32H563RIV6, STM32H563VGT6, STM32H563VIT3Q, STM32H563VIT6, STM32H563ZGT6, STM32H563ZIT3Q, STM32H563ZIT6, STM32H573AII3Q, STM32H573AII6, STM32H573I-DK, STM32H573IIK3Q, STM32H573IIK6, STM32H573IIT3Q, STM32H573IIT6, STM32H573MIY3QTR, STM32H573RIT6, STM32H573RIV6, STM32H573VIT3Q, STM32H573VIT6, STM32H573ZIT3Q, STM32H573ZIT6, STM32H7R3A8I6, STM32H7R3I8K6, STM32H7R3I8T6, STM32H7R3L8H6, STM32H7R3L8H6H, STM32H7R3R8V6, STM32H7R3V8H6, STM32H7R3V8T6, STM32H7R3V8Y6TR, STM32H7R3Z8J6, STM32H7R3Z8T6, STM32H7R7A8I6, STM32H7R7I8K6, STM32H7R7I8T6, STM32H7R7L8H6, STM32H7R7L8H6H, STM32H7R7Z8J6, STM32H7S3A8I6, STM32H7S3I8K6, STM32H7S3I8T6, STM32H7S3L8H6, STM32H7S3L8H6H, STM32H7S3R8V6, STM32H7S3V8H6, STM32H7S3V8T6, STM32H7S3V8Y6TR, STM32H7S3Z8J6, STM32H7S3Z8T6, STM32H7S78-DK, STM32H7S7A8I6, STM32H7S7I8K6, STM32H7S7I8T6, STM32H7S7L8H6, STM32H7S7L8H6H, STM32H7S7Z8J6, STM32L4R5QGI6STR, STM32MP131AAE3, STM32MP131AAF3, STM32MP131AAG3, STM32MP131CAE3, STM32MP131CAF3, STM32MP131CAG3, STM32MP131DAE7, STM32MP131DAF7, STM32MP131DAG7, STM32MP131FAE7, STM32MP131FAF7, STM32MP131FAG7, STM32MP133AAE3, STM32MP133AAF3, STM32MP133AAG3, STM32MP133CAE3, STM32MP133CAF3, STM32MP133CAG3, STM32MP133DAE7, STM32MP133DAF7, STM32MP133DAG7, STM32MP133FAE7, STM32MP133FAF7, STM32MP133FAG7, STM32MP135AAE3, STM32MP135AAF3, STM32MP135AAG3, STM32MP135CAE3, STM32MP135CAF3, STM32MP135CAG3, STM32MP135DAE7, STM32MP135DAF7, STM32MP135DAG7, STM32MP135F-DK, STM32MP135FAE7, STM32MP135FAF7, STM32MP135FAF7T, STM32MP135FAF7U, STM32MP135FAG7, STM32MP211AAL3, STM32MP211AAM3, STM32MP211AAN3, STM32MP211AAO3, STM32MP211CAL3, STM32MP211CAM3, STM32MP211CAN3, STM32MP211CAO3, STM32MP211DAL3, STM32MP211DAM3, STM32MP211DAN3, STM32MP211DAO3, STM32MP211FAL3, STM32MP211FAM3, STM32MP211FAN3, STM32MP211FAO3, STM32MP213AAL3, STM32MP213AAM3, STM32MP213AAN3, STM32MP213AAO3, STM32MP213CAL3, STM32MP213CAM3, STM32MP213CAN3, STM32MP213CAO3, STM32MP213DAL3, STM32MP213DAM3, STM32MP213DAN3, STM32MP213DAO3, STM32MP213FAL3, STM32MP213FAM3, STM32MP213FAN3, STM32MP213FAO3, STM32MP215AAL3, STM32MP215AAM3, STM32MP215AAN3, STM32MP215AAO3, STM32MP215CAL3, STM32MP215CAM3, STM32MP215CAN3, STM32MP215CAO3, STM32MP215DAL3, STM32MP215DAM3, STM32MP215DAN3, STM32MP215DAO3, STM32MP215F-DK, STM32MP215FAL3, STM32MP215FAM3, STM32MP215FAN3, STM32MP215FAO3, STM32MP231AAJ3, STM32MP231AAK3, STM32MP231AAL3, STM32MP231CAJ3, STM32MP231CAK3, STM32MP231CAL3, STM32MP231DAJ3, STM32MP231DAK3, STM32MP231DAL3, STM32MP231FAJ3, STM32MP231FAK3, STM32MP231FAL3, STM32MP233AAJ3, STM32MP233AAK3, STM32MP233AAL3, STM32MP233CAJ3, STM32MP233CAK3, STM32MP233CAL3, STM32MP233DAJ3, STM32MP233DAK3, STM32MP233DAL3, STM32MP233FAJ3, STM32MP233FAK3, STM32MP233FAL3, STM32MP235AAJ3, STM32MP235AAK3, STM32MP235AAL3, STM32MP235CAJ3, STM32MP235CAK3, STM32MP235CAL3, STM32MP235DAJ3, STM32MP235DAK3, STM32MP235DAL3, STM32MP235FAJ3, STM32MP235FAK3, STM32MP235FAL3, STM32MP251AAI3, STM32MP251AAK3, STM32MP251AAL3, STM32MP251CAI3, STM32MP251CAK3, STM32MP251CAL3, STM32MP251DAI3, STM32MP251DAK3, STM32MP251DAL3, STM32MP251FAI3, STM32MP251FAK3, STM32MP251FAL3, STM32MP253AAI3, STM32MP253AAK3, STM32MP253AAL3, STM32MP253CAI3, STM32MP253CAK3, STM32MP253CAL3, STM32MP253DAI3, STM32MP253DAK3, STM32MP253DAL3, STM32MP253FAI3, STM32MP253FAK3, STM32MP253FAL3, STM32MP255AAI3, STM32MP255AAK3, STM32MP255AAL3, STM32MP255CAI3, STM32MP255CAK3, STM32MP255CAL3, STM32MP255DAI3, STM32MP255DAK3, STM32MP255DAL3, STM32MP255FAI3, STM32MP255FAK3, STM32MP255FAL3, STM32MP257AAI3, STM32MP257AAK3, STM32MP257AAL3, STM32MP257CAI3, STM32MP257CAK3, STM32MP257CAL3, STM32MP257DAI3, STM32MP257DAK3, STM32MP257DAL3, STM32MP257F-DK, STM32MP257F-EV1, STM32MP257FAI3, STM32MP257FAK3, STM32MP257FAL3, STM32N645A0H3Q, STM32N645B0H3Q, STM32N645I0H3Q, STM32N645L0H3Q, STM32N645X0H3Q, STM32N645Z0H3Q, STM32N647A0H3Q, STM32N647B0H3Q, STM32N647I0H3Q, STM32N647L0H3Q, STM32N647X0H3Q, STM32N647Z0H3Q, STM32N655A0H3Q, STM32N655B0H3Q, STM32N655I0H3Q, STM32N655L0H3Q, STM32N655X0H3Q, STM32N655Z0H3Q, STM32N6570-DK, STM32N657A0H3Q, STM32N657B0H3Q, STM32N657I0H3Q, STM32N657L0H3Q, STM32N657X0H3Q, STM32N657Z0H3Q, STM32U031C6T6, STM32U031C6U6, STM32U031C8T6, STM32U031C8U6, STM32U031F4P6, STM32U031F6P6, STM32U031F8P6, STM32U031G6Y6TR, STM32U031G8Y6TR, STM32U031K4U6, STM32U031K6U6, STM32U031K8U6, STM32U031R6I6, STM32U031R6T6, STM32U031R8I6, STM32U031R8T6, STM32U073C8T6, STM32U073C8U6, STM32U073CBT6, STM32U073CBU6, STM32U073CCT6, STM32U073CCU6, STM32U073H8Y6TR, STM32U073HBY6TR, STM32U073HCY6TR, STM32U073K8U6, STM32U073KBU6, STM32U073KCU6, STM32U073M8I6, STM32U073M8T6, STM32U073MBI6, STM32U073MBT6, STM32U073MCI6, STM32U073MCT6, STM32U073R8I6, STM32U073R8T6, STM32U073RBI6, STM32U073RBT6, STM32U073RCI6, STM32U073RCT6, STM32U083C-DK, STM32U083CCT6, STM32U083CCU6, STM32U083HCY6TR, STM32U083KCU6, STM32U083MCI6, STM32U083MCT6, STM32U083RCI6, STM32U083RCT6, STM32U375CET6, STM32U375CET6Q, STM32U375CEU6, STM32U375CEU6Q, STM32U375CEY6QTR, STM32U375CGT6, STM32U375CGT6Q, STM32U375CGU6, STM32U375CGU6Q, STM32U375CGY6QTR, STM32U375KEU6, STM32U375KGU6, STM32U375REI6, STM32U375REI6Q, STM32U375RET6, STM32U375RET6Q, STM32U375REY6GTR, STM32U375REY6QTR, STM32U375RGI6, STM32U375RGI6Q, STM32U375RGT6, STM32U375RGT6Q, STM32U375RGY6GTR, STM32U375RGY6QTR, STM32U375VEI6, STM32U375VEI6Q, STM32U375VET6, STM32U375VET6Q, STM32U375VGI6, STM32U375VGI6Q, STM32U375VGT6, STM32U375VGT6Q, STM32U385CGT6, STM32U385CGT6Q, STM32U385CGU6, STM32U385CGU6Q, STM32U385CGY6QTR, STM32U385KGU6, STM32U385RGI6, STM32U385RGI6Q, STM32U385RGT6, STM32U385RGT6Q, STM32U385RGY6GTR, STM32U385RGY6QTR, STM32U385VGI6, STM32U385VGI6Q, STM32U385VGT6, STM32U385VGT6Q, STM32U535CBT6, STM32U535CBT6Q, STM32U535CBU6, STM32U535CBU6Q, STM32U535CCT6, STM32U535CCT6Q, STM32U535CCU6, STM32U535CCU6Q, STM32U535CET6, STM32U535CET6Q, STM32U535CEU6, STM32U535CEU6Q, STM32U535JEY6QTR, STM32U535NCY6QTR, STM32U535NEY6QTR, STM32U535RBI6, STM32U535RBI6Q, STM32U535RBT6, STM32U535RBT6Q, STM32U535RCI6, STM32U535RCI6Q, STM32U535RCT6, STM32U535RCT6Q, STM32U535REI6, STM32U535REI6Q, STM32U535RET6, STM32U535RET6Q, STM32U535VCI6, STM32U535VCI6Q, STM32U535VCT6, STM32U535VCT6Q, STM32U535VEI6, STM32U535VEI6Q, STM32U535VET6, STM32U535VET6Q, STM32U545CET6, STM32U545CET6Q, STM32U545CEU6, STM32U545CEU6Q, STM32U545JEY6QTR, STM32U545NEY6QTR, STM32U545REI6, STM32U545REI6Q, STM32U545RET6, STM32U545RET6Q, STM32U545VEI6, STM32U545VEI6Q, STM32U545VET6, STM32U545VET6Q, STM32U595AIH6, STM32U595AIH6Q, STM32U595AJH6, STM32U595AJH6Q, STM32U595QII6, STM32U595QII6Q, STM32U595QJI6, STM32U595QJI6Q, STM32U595RIT6, STM32U595RIT6Q, STM32U595RJT6, STM32U595RJT6Q, STM32U595VIT6, STM32U595VIT6Q, STM32U595VJT6, STM32U595VJT6Q, STM32U595ZIT6, STM32U595ZIT6Q, STM32U595ZIY6QTR, STM32U595ZJT6, STM32U595ZJT6Q, STM32U595ZJY6QTR, STM32U599BJY6QTR, STM32U599NIH6Q, STM32U599NJH6Q, STM32U599VIT6Q, STM32U599VJT6, STM32U599VJT6Q, STM32U599ZIT6Q, STM32U599ZIY6QTR, STM32U599ZJT6Q, STM32U599ZJY6QTR, STM32U5A5AJH6, STM32U5A5AJH6Q, STM32U5A5QII3Q , STM32U5A5QJI6, STM32U5A5QJI6Q, STM32U5A5RJT6, STM32U5A5RJT6Q, STM32U5A5VJT6, STM32U5A5VJT6Q, STM32U5A5ZJT6, STM32U5A5ZJT6Q, STM32U5A5ZJY6QTR, STM32U5A9BJY6QTR, STM32U5A9J-DK, STM32U5A9NJH6Q, STM32U5A9VJT6Q, STM32U5A9ZJT6Q, STM32U5A9ZJY6QTR, STM32U5F7VIT6, STM32U5F7VIT6Q, STM32U5F7VJT6, STM32U5F7VJT6Q, STM32U5F9BJY6QTR, STM32U5F9NJH6Q, STM32U5F9VIT6Q, STM32U5F9VJT6Q, STM32U5F9ZIJ6QTR, STM32U5F9ZIT6Q, STM32U5F9ZJJ6QTR, STM32U5F9ZJT6Q, STM32U5G7VJT6, STM32U5G7VJT6Q, STM32U5G9BJY6QTR, STM32U5G9J-DK1, STM32U5G9J-DK2, STM32U5G9NJH6Q, STM32U5G9VJT6Q, STM32U5G9ZJJ6QTR, STM32U5G9ZJT6Q, STM32WB05KZV6TR, STM32WB05KZV7TR, STM32WB05TZF6TR, STM32WB05TZF7TR, STM32WB06CCF6TR, STM32WB06CCF7TR, STM32WB06CCV6TR, STM32WB06CCV7TR, STM32WB06KCV6TR, STM32WB06KCV7TR, STM32WB07CCF6TR, STM32WB07CCF7TR, STM32WB07CCV6TR, STM32WB07CCV7TR, STM32WB07KCV6TR, STM32WB07KCV7TR, STM32WB09KEV6TR, STM32WB09KEV7TR, STM32WB09TEF6TR, STM32WB09TEF7TR, STM32WB1MMCH6, STM32WBA50KGU6, STM32WBA50KGU6TR, STM32WBA52CEU6, STM32WBA52CEU6TR, STM32WBA52CEU7, STM32WBA52CEU7TR, STM32WBA52CGU6, STM32WBA52CGU6TR, STM32WBA52CGU6U, STM32WBA52CGU7, STM32WBA52CGU7TR, STM32WBA52KEU6, STM32WBA52KEU6TR, STM32WBA52KGU6, STM32WBA52KGU6TR, STM32WBA54CEU6, STM32WBA54CEU6TR, STM32WBA54CEU7, STM32WBA54CEU7TR, STM32WBA54CGU6, STM32WBA54CGU6TR, STM32WBA54CGU7, STM32WBA54CGU7TR, STM32WBA54KEU6, STM32WBA54KEU6TR, STM32WBA54KEU7, STM32WBA54KEU7TR, STM32WBA54KGU6, STM32WBA54KGU6TR, STM32WBA54KGU7, STM32WBA54KGU7TR, STM32WBA55CEU6, STM32WBA55CEU6TR, STM32WBA55CEU7, STM32WBA55CEU7TR, STM32WBA55CGU6, STM32WBA55CGU6TR, STM32WBA55CGU6U, STM32WBA55CGU7, STM32WBA55CGU7TR, STM32WBA55G-DK1, STM32WBA55HEF6, STM32WBA55HEF7, STM32WBA55HGF6, STM32WBA55HGF7, STM32WBA55UEI6, STM32WBA55UEI6TR, STM32WBA55UEI7, STM32WBA55UEI7TR, STM32WBA55UGI6, STM32WBA55UGI6TR, STM32WBA55UGI7, STM32WBA55UGI7TR, STM32WBA5MMGH6TR, STM32WBA62MGF6, STM32WBA62MIF6, STM32WBA65MGF7, STM32WBA65MIF6, STM32WBA65MIF7, STM32WL30K8V6, STM32WL30KBV6, STM32WL31C8V6, STM32WL31CBV6, STM32WL31K8V6, STM32WL31KBV6, STM32WL33C8V6, STM32WL33C8V6X, STM32WL33CBV6, STM32WL33CBV6X, STM32WL33CCV6, STM32WL33CCV6A, STM32WL33CCV6X, STM32WL33K8V7, STM32WL33K8V7X, STM32WL33KBV7 , STM32WL33KBV7X, STM32WL33KCV7, STM32WL33KCV7X, STM32WL5MOCH6, STM32WL5MOCH6TR]
2026-07-31 10:03:54,629 [INFO] BoardInfo:889 - No configuration file found for board NUCLEO-H5E5ZJ
2026-07-31 10:03:54,631 [INFO] DbBoards:161 - Board is not supported: NUCLEO-H5E5ZJ
2026-07-31 10:03:54,755 [INFO] BoardInfo:889 - No configuration file found for board NUCLEO-U3C5ZI-Q
2026-07-31 10:03:54,758 [INFO] DbBoards:161 - Board is not supported: NUCLEO-U3C5ZI-Q
2026-07-31 10:03:54,792 [INFO] BoardInfo:889 - No configuration file found for board NUCLEO-WBA25CE1
2026-07-31 10:03:54,794 [INFO] DbBoards:161 - Board is not supported: NUCLEO-WBA25CE1
2026-07-31 10:03:54,814 [INFO] BoardInfo:889 - No configuration file found for board NUCLEO-WL3RKB1
2026-07-31 10:03:54,817 [INFO] DbBoards:161 - Board is not supported: NUCLEO-WL3RKB1
2026-07-31 10:03:54,819 [INFO] BoardInfo:889 - No configuration file found for board NUCLEO-WL3RKB2
2026-07-31 10:03:54,821 [INFO] DbBoards:161 - Board is not supported: NUCLEO-WL3RKB2
2026-07-31 10:03:54,837 [INFO] BoardInfo:889 - No configuration file found for board P-NUCLEO-WB55
2026-07-31 10:03:54,839 [INFO] DbBoards:161 - Kit is not supported: P-NUCLEO-WB55
2026-07-31 10:03:54,852 [INFO] BoardInfo:889 - No configuration file found for board STEVAL-BFA001V1B
2026-07-31 10:03:54,854 [INFO] DbBoards:161 - Kit is not supported: STEVAL-BFA001V1B
2026-07-31 10:03:54,856 [INFO] BoardInfo:889 - No configuration file found for board STEVAL-BFA001V2B
2026-07-31 10:03:54,858 [INFO] DbBoards:161 - Kit is not supported: STEVAL-BFA001V2B
2026-07-31 10:03:55,098 [INFO] BoardInfo:889 - No configuration file found for board STM32H5F5J-DK
2026-07-31 10:03:55,100 [INFO] DbBoards:161 - Board is not supported: STM32H5F5J-DK
2026-07-31 10:03:55,267 [INFO] DbBoards:168 - Found 218 boards, 209 are supported
2026-07-31 10:03:55,268 [INFO] DbBoards:169 - Found 218 boards, 43 of them is supported for  Bsp
2026-07-31 10:03:55,271 [INFO] ApiDb:423 - Load user favorites file C:\Users\ADMIN/.stm32cubeide/favorites.boards.txt: 0 item(s)
2026-07-31 10:03:55,271 [INFO] ApiDb:427 - User favorites Boards=[]
2026-07-31 10:03:55,271 [INFO] DbBoards:198 - Set 0 / 0 favorites Boards
2026-07-31 10:03:55,271 [INFO] McuFinderGlobals:76 - Set McuFinderConnectedMode to true
2026-07-31 10:03:55,282 [INFO] MultiScanPanel:200 - Auto-refresh data requested => check proxy status ongoing
2026-07-31 10:03:55,286 [INFO] FinderPluginLoader:96 - Searching for filters in installed packs
2026-07-31 10:03:55,287 [INFO] FinderPluginLoader:109 - Found C:\Users\ADMIN\STM32Cube\Repository\Packs\STMicroelectronics\X-CUBE-AI\10.2.1\CubeMX\plugins\ip\ai.10.2.1.jar
2026-07-31 10:03:55,288 [INFO] FinderPluginLoader:119 - Loading ai.10.2.1
2026-07-31 10:03:55,366 [INFO] McuExtendedFiltersManager:95 - Add MCU extended filter: Artificial Intelligence
2026-07-31 10:03:56,650 [INFO] AInterface:116 - AInterface using toolDir: C:/Users/ADMIN/STM32Cube/Repository//Packs/STMicroelectronics/X-CUBE-AI/10.2.1/Utilities/windows
2026-07-31 10:03:57,514 [INFO] LoadUrlFilesThread:185 - End of LoadServerUrlFiles without Thread
2026-07-31 10:03:57,531 [INFO] DetailPanel:341 - Set advertising image to C:/Users/ADMIN/STM32Cube/Repository/\en.stm32h5cubemxbanner.png
2026-07-31 10:04:01,730 [INFO] MultiScanPanel:200 - Auto-refresh data requested => check proxy status ongoing
2026-07-31 10:04:01,937 [INFO] LoadUrlFilesThread:185 - End of LoadServerUrlFiles without Thread
2026-07-31 10:04:01,938 [INFO] DetailPanel:341 - Set advertising image to C:/Users/ADMIN/STM32Cube/Repository/\en.stm32h5cubemxbanner.png
2026-07-31 10:04:01,968 [INFO] DbBoards:642 - Loading board mini-images...
2026-07-31 10:04:05,413 [INFO] DbBoards:665 - Loaded 218 board mini-images
2026-07-31 10:04:49,006 [INFO] MainUpdater:2872 - connection check result : 10
2026-07-31 10:04:49,006 [INFO] MainUpdater:2872 - connection check result : 10
2026-07-31 10:04:49,042 [INFO] MicroXplorer:468 - Change Database Path : 
2026-07-31 10:04:49,042 [INFO] MicroXplorer:498 - Change Database Version : DB.6.0.150
2026-07-31 10:04:49,054 [WARN] ThirdParty:871 - waiting for thirdparty lock release [close project]
2026-07-31 10:04:49,054 [INFO] ThirdParty:873 - entering critical section [close project]
2026-07-31 10:04:49,057 [INFO] ThirdParty:883 - exiting critical section [close project]
2026-07-31 10:04:49,063 [INFO] PinOutPanel:1589 - setPackage(No Configuration,No Configuration)
2026-07-31 10:04:49,065 [INFO] UtilMem:75 - Begin LoadConfig() Used Memory: 550032688 Bytes (819986432)
2026-07-31 10:04:49,074 [INFO] OpenFileManager:355 - Change cursor
2026-07-31 10:04:49,199 [INFO] ProjectFactory:514 - No CPN specified for board B-L4S5I-IOT01A => set CPN to STM32L4S5VIT6
2026-07-31 10:04:49,199 [INFO] Mcu:2029 - Initializing MCU STM32L4S5VITx STM32L4S5VITx STM32L4S5VIT6
2026-07-31 10:04:53,033 [INFO] Context:786 - Trying to add GPIOservice into a context  which must be forbidden
2026-07-31 10:04:54,156 [INFO] Rule:233 - rule 117617 - U5Cobra4M][GTZC] default value MPCBB3 and MPCBB5 - Not Secured memory - MPCBB1 is applicable
2026-07-31 10:04:54,156 [INFO] Rule:233 - rule 117617 - U5Cobra4M][GTZC] default value MPCBB3 and MPCBB5 - Not Secured memory - MPCBB1 is applicable
2026-07-31 10:04:54,156 [INFO] Rule:233 - rule 117617 - U5Cobra4M][GTZC] default value MPCBB3 and MPCBB5 - Not Secured memory - MPCBB2 is applicable
2026-07-31 10:04:54,157 [INFO] Rule:233 - rule 117617 - U5Cobra4M][GTZC] default value MPCBB3 and MPCBB5 - Not Secured memory - MPCBB2 is applicable
2026-07-31 10:04:54,157 [INFO] Rule:233 - rule 117617 - U5Cobra4M][GTZC] default value MPCBB3 and MPCBB5 - Not Secured memory - MPCBB3 is applicable
2026-07-31 10:04:54,157 [INFO] Rule:233 - rule 117617 - U5Cobra4M][GTZC] default value MPCBB3 and MPCBB5 - Not Secured memory - MPCBB3 is applicable
2026-07-31 10:04:54,157 [INFO] Rule:233 - rule 117617 - U5Cobra4M][GTZC] default value MPCBB3 and MPCBB5 - Not Secured memory - MPCBB4 is applicable
2026-07-31 10:04:54,157 [INFO] Rule:233 - rule 117617 - U5Cobra4M][GTZC] default value MPCBB3 and MPCBB5 - Not Secured memory - MPCBB4 is applicable
2026-07-31 10:04:54,157 [INFO] Rule:233 - rule 117617 - U5Cobra4M][GTZC] default value MPCBB3 and MPCBB5 - Secured memory - MPCBB1 is applicable
2026-07-31 10:04:54,157 [INFO] Rule:233 - rule 117617 - U5Cobra4M][GTZC] default value MPCBB3 and MPCBB5 - Secured memory - MPCBB2 is applicable
2026-07-31 10:04:54,157 [INFO] Rule:233 - rule 117617 - U5Cobra4M][GTZC] default value MPCBB3 and MPCBB5 - Secured memory - MPCBB3 is applicable
2026-07-31 10:04:54,157 [INFO] Rule:233 - rule 117617 - U5Cobra4M][GTZC] default value MPCBB3 and MPCBB5 - Secured memory - MPCBB4 is applicable
2026-07-31 10:04:54,157 [INFO] Rule:233 - rule 117617 - U5Cobra4M][GTZC] default value MPCBB3 and MPCBB5 - Privileged memory - MPCBB1 is applicable
2026-07-31 10:04:54,157 [INFO] Rule:233 - rule 117617 - U5Cobra4M][GTZC] default value MPCBB3 and MPCBB5 - Privileged memory - MPCBB2 is applicable
2026-07-31 10:04:54,157 [INFO] Rule:233 - rule 117617 - U5Cobra4M][GTZC] default value MPCBB3 and MPCBB5 - Privileged memory - MPCBB3 is applicable
2026-07-31 10:04:54,157 [INFO] Rule:233 - rule 117617 - U5Cobra4M][GTZC] default value MPCBB3 and MPCBB5 - Privileged memory - MPCBB4 is applicable
2026-07-31 10:04:54,157 [INFO] Rule:233 - rule 117617 - U5Cobra4M][GTZC] default value MPCBB3 and MPCBB5 - Not Privileged memory - MPCBB1 is applicable
2026-07-31 10:04:54,157 [INFO] Rule:233 - rule 117617 - U5Cobra4M][GTZC] default value MPCBB3 and MPCBB5 - Not Privileged memory - MPCBB2 is applicable
2026-07-31 10:04:54,157 [INFO] Rule:233 - rule 117617 - U5Cobra4M][GTZC] default value MPCBB3 and MPCBB5 - Not Privileged memory - MPCBB3 is applicable
2026-07-31 10:04:54,157 [INFO] Rule:233 - rule 117617 - U5Cobra4M][GTZC] default value MPCBB3 and MPCBB5 - Not Privileged memory - MPCBB4 is applicable
2026-07-31 10:04:54,157 [INFO] Rule:233 - rule 117617 - U5Cobra4M][GTZC] default value MPCBB3 and MPCBB5 - Privileged memory - MPCBB1 is applicable
2026-07-31 10:04:54,157 [INFO] Rule:233 - rule 117617 - U5Cobra4M][GTZC] default value MPCBB3 and MPCBB5 - Privileged memory - MPCBB2 is applicable
2026-07-31 10:04:54,157 [INFO] Rule:233 - rule 117617 - U5Cobra4M][GTZC] default value MPCBB3 and MPCBB5 - Privileged memory - MPCBB3 is applicable
2026-07-31 10:04:54,157 [INFO] Rule:233 - rule 117617 - U5Cobra4M][GTZC] default value MPCBB3 and MPCBB5 - Privileged memory - MPCBB4 is applicable
2026-07-31 10:04:54,158 [INFO] Rule:233 - rule 117617 - U5Cobra4M][GTZC] default value MPCBB3 and MPCBB5 - Privileged memory - MPCBB1 is applicable
2026-07-31 10:04:54,158 [INFO] Rule:233 - rule 117617 - U5Cobra4M][GTZC] default value MPCBB3 and MPCBB5 - Privileged memory - MPCBB2 is applicable
2026-07-31 10:04:54,158 [INFO] Rule:233 - rule 117617 - U5Cobra4M][GTZC] default value MPCBB3 and MPCBB5 - Privileged memory - MPCBB3 is applicable
2026-07-31 10:04:54,158 [INFO] Rule:233 - rule 117617 - U5Cobra4M][GTZC] default value MPCBB3 and MPCBB5 - Privileged memory - MPCBB4 is applicable
2026-07-31 10:04:54,158 [INFO] Rule:233 - rule 117617 - U5Cobra4M][GTZC] default value MPCBB3 and MPCBB5 - Not Privileged memory - MPCBB1 is applicable
2026-07-31 10:04:54,158 [INFO] Rule:233 - rule 117617 - U5Cobra4M][GTZC] default value MPCBB3 and MPCBB5 - Not Privileged memory - MPCBB2 is applicable
2026-07-31 10:04:54,158 [INFO] Rule:233 - rule 117617 - U5Cobra4M][GTZC] default value MPCBB3 and MPCBB5 - Not Privileged memory - MPCBB3 is applicable
2026-07-31 10:04:54,158 [INFO] Rule:233 - rule 117617 - U5Cobra4M][GTZC] default value MPCBB3 and MPCBB5 - Not Privileged memory - MPCBB4 is applicable
2026-07-31 10:04:54,158 [INFO] Rule:233 - rule 117617 - U5Cobra4M][GTZC] default value MPCBB3 and MPCBB5 - Privileged memory - MPCBB1 is applicable
2026-07-31 10:04:54,158 [INFO] Rule:233 - rule 117617 - U5Cobra4M][GTZC] default value MPCBB3 and MPCBB5 - Privileged memory - MPCBB2 is applicable
2026-07-31 10:04:54,158 [INFO] Rule:233 - rule 117617 - U5Cobra4M][GTZC] default value MPCBB3 and MPCBB5 - Privileged memory - MPCBB3 is applicable
2026-07-31 10:04:54,158 [INFO] Rule:233 - rule 117617 - U5Cobra4M][GTZC] default value MPCBB3 and MPCBB5 - Privileged memory - MPCBB4 is applicable
2026-07-31 10:04:54,158 [INFO] Rule:233 - rule WakeUp0 Mode is applicable
2026-07-31 10:04:54,158 [INFO] Rule:233 - rule WakeUp0 SIGNAL is applicable
2026-07-31 10:04:54,158 [INFO] Rule:233 - rule WakeUp1 Mode is applicable
2026-07-31 10:04:54,158 [INFO] Rule:233 - rule WakeUp1 SIGNAL is applicable
2026-07-31 10:04:54,158 [INFO] Rule:233 - rule WakeUp2 Mode is applicable
2026-07-31 10:04:54,159 [INFO] Rule:233 - rule WakeUp2 SIGNAL is applicable
2026-07-31 10:04:54,159 [INFO] Rule:233 - rule WakeUp4 Mode is applicable
2026-07-31 10:04:54,159 [INFO] Rule:233 - rule WakeUp4 SIGNAL is applicable
2026-07-31 10:04:54,159 [INFO] Rule:233 - rule WakeUp5 Mode is applicable
2026-07-31 10:04:54,159 [INFO] Rule:233 - rule WakeUp5 SIGNAL is applicable
2026-07-31 10:04:54,159 [INFO] Rule:233 - rule Change Default Value for LSE Drive Capability for WB family is applicable
2026-07-31 10:04:54,159 [INFO] Rule:233 - rule change FDCAN default value is applicable
2026-07-31 10:04:54,160 [INFO] Rule:233 - rule Adapt Old IOC before rework replace old CORTEX_M33/CORTEX_M55 attributes by the new one. is applicable
2026-07-31 10:04:54,160 [INFO] Rule:233 - rule Rename parametre of RCC RCC_APBDBG_DIV2 to RCC_TIMPRES_DIV2 is applicable
2026-07-31 10:04:54,160 [INFO] Rule:233 - rule Rename DIE493 pin PA10 [PA12] -> PA10 is applicable
2026-07-31 10:04:54,160 [INFO] Rule:233 - rule Rename DIE493 pin PA9 [PA11] -> PA9 is applicable
2026-07-31 10:04:54,160 [INFO] Rule:233 - rule Rename DIE492 PartNumber CPN STM32WBA5MJGHx -> STM32WBA5MMGHx is applicable
2026-07-31 10:04:54,160 [INFO] Rule:233 - rule Rename DIE492 PartNumber  Name STM32WBA5MJGHx -> STM32WBA5MMGHx is applicable
2026-07-31 10:04:54,160 [INFO] Rule:233 - rule Rename DIE492 PartNumber UserName STM32WBA5MJGHx -> STM32WBA5MMGHx is applicable
2026-07-31 10:04:54,160 [INFO] Rule:233 - rule Rename DIE492 PartNumber DeviceId STM32WBA5MJGHx -> STM32WBA5MMGHx is applicable
2026-07-31 10:04:54,160 [INFO] Rule:233 - rule Adapt Old IOC CSI. is applicable
2026-07-31 10:04:54,160 [INFO] Rule:233 - rule Adapt Old IOC DCMIPP. is applicable
2026-07-31 10:04:54,160 [INFO] Rule:233 - rule Adapt Old IOC DCMIPP Mode Parallel. is applicable
2026-07-31 10:04:54,160 [INFO] Rule:233 - rule Adapt Old IOC LTDC. is applicable
2026-07-31 10:04:54,160 [INFO] Rule:233 - rule Rename STM32MP2 RIF Peripheral LTDC RIF.RISUP.LTDC_L0L1.Privilege -> RIF.RISUP.LTDC_L1L2.Privilege is applicable
2026-07-31 10:04:54,160 [INFO] Rule:233 - rule Rename STM32MP2 RIF Peripheral LTDC RIF.RISUP.LTDC_L0L1.Privilege -> RIF.RISUP.LTDC_L1L2.Privilege is applicable
2026-07-31 10:04:54,160 [INFO] Rule:233 - rule Rename STM32MP2 RIF Peripheral LTDC RIF.RISUP.LTDC_L0L1.Lock -> RIF.RISUP.LTDC_L1L2.Lock is applicable
2026-07-31 10:04:54,160 [INFO] Rule:233 - rule Rename STM32MP2 RIF Peripheral LTDC RIF.RISUP.LTDC_L2.Lock -> RIF.RISUP.LTDC_L3.Lock is applicable
2026-07-31 10:04:54,160 [INFO] Rule:233 - rule Adapt the old IOC example for updating the SYS when it is misconfigured. is applicable
2026-07-31 10:04:54,160 [INFO] Rule:233 - rule Rename STM32C09 Mcu.Package LQFP64 -> LQFP48 is applicable
2026-07-31 10:04:54,161 [INFO] Rule:233 - rule Adapt the old IOC example for updating the SYS when it is misconfigured. is applicable
2026-07-31 10:04:54,161 [INFO] Rule:233 - rule Adapt the old IOC example for updating the SYS when it is misconfigured. is applicable
2026-07-31 10:04:54,172 [INFO] DbConfProperties:307 - Apply Compatibility (5/68 Rules)
2026-07-31 10:04:54,214 [INFO] ImportTextPane:234 - (OptionalMessage_ERROR) Pin84 (VP_RIF_VS_RIF1) cannot be retrieved for this MCU
2026-07-31 10:04:54,423 [INFO] RtosManager:558 - Registered RTOS mode: class=CMSIS, group=RTOS, mode=CMSIS_V1, owner=FREERTOS
2026-07-31 10:04:54,424 [INFO] RtosManager:558 - Registered RTOS mode: class=CMSIS, group=RTOS2, mode=CMSIS_V2, owner=FREERTOS
2026-07-31 10:04:54,424 [INFO] RtosManager:558 - Registered RTOS mode: class=RTOS, group=Core, mode=CMSIS_V1, owner=FREERTOS
2026-07-31 10:04:54,424 [INFO] RtosManager:558 - Registered RTOS mode: class=RTOS, group=Core, mode=CMSIS_V2, owner=FREERTOS
2026-07-31 10:04:54,424 [WARN] ModelIntegratedComponent:184 - Missing modes for component STMicroelectronics:FreeRTOS:0.0.1:STMicroelectronics:RTOS:FreeRTOS:Core:::10.2.0:
2026-07-31 10:04:54,540 [WARN] ModelIntegratedComponent:63 - No mode defined for component null
2026-07-31 10:04:54,541 [WARN] ModelIntegratedComponent:63 - No mode defined for component null
2026-07-31 10:04:54,541 [WARN] ModelIntegratedComponent:63 - No mode defined for component null
2026-07-31 10:04:54,541 [WARN] ModelIntegratedComponent:63 - No mode defined for component null
2026-07-31 10:04:54,541 [WARN] ModelIntegratedComponent:63 - No mode defined for component null
2026-07-31 10:04:54,541 [WARN] ModelIntegratedComponent:63 - No mode defined for component null
2026-07-31 10:04:54,541 [WARN] ModelIntegratedComponent:63 - No mode defined for component null
2026-07-31 10:04:54,541 [WARN] ModelIntegratedComponent:63 - No mode defined for component null
2026-07-31 10:04:54,541 [WARN] ModelIntegratedComponent:63 - No mode defined for component null
2026-07-31 10:04:54,541 [WARN] ModelIntegratedComponent:63 - No mode defined for component null
2026-07-31 10:04:54,541 [WARN] ModelIntegratedComponent:63 - No mode defined for component null
2026-07-31 10:04:54,541 [WARN] ModelIntegratedComponent:63 - No mode defined for component null
2026-07-31 10:04:54,541 [WARN] ModelIntegratedComponent:63 - No mode defined for component null
2026-07-31 10:04:54,541 [WARN] ModelIntegratedComponent:63 - No mode defined for component null
2026-07-31 10:04:54,541 [WARN] ModelIntegratedComponent:63 - No mode defined for component null
2026-07-31 10:04:54,541 [WARN] ModelIntegratedComponent:63 - No mode defined for component null
2026-07-31 10:04:54,541 [WARN] ModelIntegratedComponent:63 - No mode defined for component null
2026-07-31 10:04:54,541 [WARN] ModelIntegratedComponent:63 - No mode defined for component null
2026-07-31 10:04:54,541 [WARN] ModelIntegratedComponent:63 - No mode defined for component null
2026-07-31 10:04:54,541 [WARN] ModelIntegratedComponent:63 - No mode defined for component null
2026-07-31 10:04:54,541 [WARN] ModelIntegratedComponent:63 - No mode defined for component null
2026-07-31 10:04:54,541 [WARN] ModelIntegratedComponent:63 - No mode defined for component null
2026-07-31 10:04:54,541 [WARN] ModelIntegratedComponent:63 - No mode defined for component null
2026-07-31 10:04:54,541 [WARN] ModelIntegratedComponent:63 - No mode defined for component null
2026-07-31 10:04:54,542 [WARN] ModelIntegratedComponent:63 - No mode defined for component null
2026-07-31 10:04:54,542 [WARN] ModelIntegratedComponent:63 - No mode defined for component null
2026-07-31 10:04:54,542 [WARN] ModelIntegratedComponent:63 - No mode defined for component null
2026-07-31 10:04:54,542 [WARN] ModelIntegratedComponent:63 - No mode defined for component null
2026-07-31 10:04:54,542 [WARN] ModelIntegratedComponent:63 - No mode defined for component null
2026-07-31 10:04:54,542 [WARN] ModelIntegratedComponent:63 - No mode defined for component null
2026-07-31 10:04:54,542 [WARN] ModelIntegratedComponent:63 - No mode defined for component null
2026-07-31 10:04:54,542 [WARN] ModelIntegratedComponent:63 - No mode defined for component null
2026-07-31 10:04:54,542 [WARN] ModelIntegratedComponent:63 - No mode defined for component null
2026-07-31 10:04:54,542 [WARN] ModelIntegratedComponent:63 - No mode defined for component null
2026-07-31 10:04:54,542 [WARN] ModelIntegratedComponent:63 - No mode defined for component null
2026-07-31 10:04:54,542 [WARN] ModelPack:524 - Component already loaded: STMicroelectronics:HAL Drivers:0.0.0:STMicroelectronics:Device:STMicro_Driver:XSPI:HAL::0.0.1:HAL_XSPI
2026-07-31 10:04:54,610 [INFO] ThirdPartyModel:298 - Start build external matchings
2026-07-31 10:04:55,142 [INFO] ThirdPartyModel:316 - End build external matchings
2026-07-31 10:04:55,178 [WARN] IP:2250 - MaxTran not found: check if there is a RefParameter without a condition.
2026-07-31 10:04:55,178 [WARN] IP:2250 - Refresh not found: check if there is a RefParameter without a condition.
2026-07-31 10:04:55,179 [INFO] ImportTextPane:234 - (OptionalMessage_ERROR) IP (RCC) : Invalid parameter (FamilyName)
2026-07-31 10:04:55,634 [INFO] UtilMem:75 - End LoadConfig() Used Memory: 694591992 Bytes (980418560)
2026-07-31 10:04:55,807 [WARN] ThirdParty:833 - waiting for thirdparty lock release [change project]
2026-07-31 10:04:55,808 [INFO] ThirdParty:835 - entering critical section [change project]
2026-07-31 10:04:55,808 [INFO] ThirdParty:1030 - CMSIS Pack Vendor :STMicroelectronics X-CUBE-AZRTOS-H7 3.5.0
2026-07-31 10:04:55,808 [INFO] ThirdParty:1030 - CMSIS Pack Vendor :STMicroelectronics X-CUBE-PM33A1 1.0.0
2026-07-31 10:04:55,808 [INFO] ThirdParty:1030 - CMSIS Pack Vendor :STMicroelectronics USBPD 4.1
2026-07-31 10:04:55,808 [INFO] ThirdParty:1030 - CMSIS Pack Vendor :STMicroelectronics X-CUBE-NFC9 1.0.0
2026-07-31 10:04:55,808 [INFO] ThirdParty:1030 - CMSIS Pack Vendor :STMicroelectronics USB_HOST 2.0.0
2026-07-31 10:04:55,808 [INFO] ThirdParty:1030 - CMSIS Pack Vendor :STMicroelectronics FP-ATR-ASTRA1 2.0.3
2026-07-31 10:04:55,808 [INFO] ThirdParty:1030 - CMSIS Pack Vendor :STMicroelectronics X-CUBE-AZRTOS-F4 1.1.0
2026-07-31 10:04:55,809 [INFO] ThirdParty:1030 - CMSIS Pack Vendor :STMicroelectronics LIBJPEG 8.0.0
2026-07-31 10:04:55,809 [INFO] ThirdParty:1030 - CMSIS Pack Vendor :STMicroelectronics X-CUBE-BLE1 7.1.0
2026-07-31 10:04:55,809 [INFO] ThirdParty:1030 - CMSIS Pack Vendor :wolfSSL I-CUBE-wolfMQTT 1.19.2
2026-07-31 10:04:55,809 [INFO] ThirdParty:1030 - CMSIS Pack Vendor :STMicroelectronics USB_DEVICE 3.0.0
2026-07-31 10:04:55,809 [INFO] ThirdParty:1030 - CMSIS Pack Vendor :STMicroelectronics X-CUBE-ISPU 2.1.0
2026-07-31 10:04:55,809 [INFO] ThirdParty:1030 - CMSIS Pack Vendor :STMicroelectronics X-CUBE-EEPRMA1 5.2.0
2026-07-31 10:04:55,809 [INFO] ThirdParty:1030 - CMSIS Pack Vendor :STMicroelectronics X-CUBE-IPS 3.2.0
2026-07-31 10:04:55,809 [INFO] ThirdParty:1030 - CMSIS Pack Vendor :STMicroelectronics eDS-WB_DPC_TT-BIDIR 2.1.1
2026-07-31 10:04:55,809 [INFO] ThirdParty:1030 - CMSIS Pack Vendor :STMicroelectronics X-CUBE-AZRTOS-WB 2.0.0
2026-07-31 10:04:55,809 [INFO] ThirdParty:1030 - CMSIS Pack Vendor :STMicroelectronics X-CUBE-NFC12 1.0.0
2026-07-31 10:04:55,809 [INFO] ThirdParty:1030 - CMSIS Pack Vendor :STMicroelectronics X-CUBE-AZRTOS-F7 1.1.0
2026-07-31 10:04:55,809 [INFO] ThirdParty:1030 - CMSIS Pack Vendor :STMicroelectronics X-CUBE-AZRTOS-L5 2.0.0
2026-07-31 10:04:55,810 [INFO] ThirdParty:1030 - CMSIS Pack Vendor :STMicroelectronics USB_DEVICE 2.0.0
2026-07-31 10:04:55,810 [INFO] ThirdParty:1030 - CMSIS Pack Vendor :STMicroelectronics X-CUBE-FREERTOS 1.6.0
2026-07-31 10:04:55,810 [INFO] ThirdParty:1030 - CMSIS Pack Vendor :STMicroelectronics FP-SNS-STAIOTCFT 1.1.0
2026-07-31 10:04:55,810 [INFO] ThirdParty:1030 - CMSIS Pack Vendor :quantropi X-CUBE-qispace-sdk-base 2.1.0
2026-07-31 10:04:55,810 [INFO] ThirdParty:1030 - CMSIS Pack Vendor :STMicroelectronics X-CUBE-STSE01 2.0.0
2026-07-31 10:04:55,810 [INFO] ThirdParty:1030 - CMSIS Pack Vendor :STMicroelectronics X-CUBE-ALGOBUILD 1.5.0
2026-07-31 10:04:55,810 [INFO] ThirdParty:1030 - CMSIS Pack Vendor :STMicroelectronics FP-SNS-MOTENV1 5.1.0
2026-07-31 10:04:55,810 [INFO] ThirdParty:1030 - CMSIS Pack Vendor :STMicroelectronics FreeRTOS 0.0.1
2026-07-31 10:04:55,810 [INFO] ThirdParty:1030 - CMSIS Pack Vendor :STMicroelectronics X-CUBE-AZRTOS-H7RS 1.3.0
2026-07-31 10:04:55,810 [INFO] ThirdParty:1030 - CMSIS Pack Vendor :STMicroelectronics X-CUBE-AZRTOS-G0 1.1.0
2026-07-31 10:04:55,810 [INFO] ThirdParty:1030 - CMSIS Pack Vendor :STMicroelectronics X-CUBE-NFC4 3.0.0
2026-07-31 10:04:55,810 [INFO] ThirdParty:1030 - CMSIS Pack Vendor :STMicroelectronics X-CUBE-SUBG2 5.0.0
2026-07-31 10:04:55,810 [INFO] ThirdParty:1030 - CMSIS Pack Vendor :STMicroelectronics STM32_WPAN 1.0.0
2026-07-31 10:04:55,810 [INFO] ThirdParty:1030 - CMSIS Pack Vendor :STMicroelectronics eDS-WB_DPC_VIENNA 1.2.0
2026-07-31 10:04:55,810 [INFO] ThirdParty:1030 - CMSIS Pack Vendor :EmbeddedOffice I-CUBE-FS-RTOS 1.0.1
2026-07-31 10:04:55,810 [INFO] ThirdParty:1030 - CMSIS Pack Vendor :STMicroelectronics lwIP 2.0.3
2026-07-31 10:04:55,810 [INFO] ThirdParty:1030 - CMSIS Pack Vendor :WES I-CUBE-Cesium 1.4.0
2026-07-31 10:04:55,810 [INFO] ThirdParty:1030 - CMSIS Pack Vendor :STMicroelectronics X-CUBE-MEMS1 13.0.0
2026-07-31 10:04:55,810 [INFO] ThirdParty:1030 - CMSIS Pack Vendor :STMicroelectronics eDS-WB_DPC_3PH2L-BIDIR 1.1.1
2026-07-31 10:04:55,810 [INFO] ThirdParty:1030 - CMSIS Pack Vendor :STMicroelectronics USB_HOST 1.0.0
2026-07-31 10:04:55,810 [INFO] ThirdParty:1030 - CMSIS Pack Vendor :STMicroelectronics X-CUBE-AZRTOS-G4 2.0.0
2026-07-31 10:04:55,810 [INFO] ThirdParty:1030 - CMSIS Pack Vendor :STMicroelectronics PDM2PCM 3.1.0
2026-07-31 10:04:55,810 [INFO] ThirdParty:1030 - CMSIS Pack Vendor :STMicroelectronics PDM2PCM 3.3.0
2026-07-31 10:04:55,810 [INFO] ThirdParty:1030 - CMSIS Pack Vendor :wolfSSL I-CUBE-wolfTPM 3.8.0
2026-07-31 10:04:55,810 [INFO] ThirdParty:1030 - CMSIS Pack Vendor :STMicroelectronics X-CUBE-DISPLAY 3.0.0
2026-07-31 10:04:55,811 [INFO] ThirdParty:1030 - CMSIS Pack Vendor :wolfSSL I-CUBE-wolfSSH 1.4.20
2026-07-31 10:04:55,811 [INFO] ThirdParty:1030 - CMSIS Pack Vendor :STMicroelectronics X-CUBE-NFC7 2.0.0
2026-07-31 10:04:55,811 [INFO] ThirdParty:1030 - CMSIS Pack Vendor :STMicroelectronics X-CUBE-GNSS1 7.1.1
2026-07-31 10:04:55,811 [INFO] ThirdParty:1030 - CMSIS Pack Vendor :STMicroelectronics FP-SNS-MOTENVWB1 1.5.0
2026-07-31 10:04:55,811 [INFO] ThirdParty:1030 - CMSIS Pack Vendor :STMicroelectronics X-CUBE-TCPP 4.2.0
2026-07-31 10:04:55,811 [INFO] ThirdParty:1030 - CMSIS Pack Vendor :RealThread X-CUBE-RT-Thread_Nano 4.1.1
2026-07-31 10:04:55,811 [INFO] ThirdParty:1030 - CMSIS Pack Vendor :STMicroelectronics FP-ATR-SIGFOX1 3.2.0
2026-07-31 10:04:55,811 [INFO] ThirdParty:1030 - CMSIS Pack Vendor :STMicroelectronics X-CUBE-NFC10 1.0.0
2026-07-31 10:04:55,811 [INFO] ThirdParty:1030 - CMSIS Pack Vendor :STMicroelectronics HAL Drivers 0.0.0
2026-07-31 10:04:55,811 [INFO] ThirdParty:1030 - CMSIS Pack Vendor :STMicroelectronics MBEDTLS 2.16.2
2026-07-31 10:04:55,811 [INFO] ThirdParty:1030 - CMSIS Pack Vendor :STMicroelectronics X-CUBE-ST60 1.1.0
2026-07-31 10:04:55,811 [INFO] ThirdParty:1030 - CMSIS Pack Vendor :STMicroelectronics X-CUBE-ALS 1.0.2
2026-07-31 10:04:55,811 [INFO] ThirdParty:1030 - CMSIS Pack Vendor :emotas I-CUBE-CANOPEN 1.3.0
2026-07-31 10:04:55,811 [INFO] ThirdParty:1030 - CMSIS Pack Vendor :wolfSSL I-CUBE-wolfSSL 5.9.2
2026-07-31 10:04:55,811 [INFO] ThirdParty:1030 - CMSIS Pack Vendor :STMicroelectronics MBEDTLS 2.14.1
2026-07-31 10:04:55,811 [INFO] ThirdParty:1030 - CMSIS Pack Vendor :ITTIA_DB I-CUBE-ITTIADB 8.9.0
2026-07-31 10:04:55,811 [INFO] ThirdParty:1030 - CMSIS Pack Vendor :Cesanta I-CUBE-Mongoose 7.21.7
2026-07-31 10:04:55,811 [INFO] ThirdParty:1030 - CMSIS Pack Vendor :STMicroelectronics X-CUBE-TOUCHGFX 4.26.1
2026-07-31 10:04:55,811 [INFO] ThirdParty:1030 - CMSIS Pack Vendor :STMicroelectronics X-CUBE-NFC6 3.2.0
2026-07-31 10:04:55,811 [INFO] ThirdParty:1030 - CMSIS Pack Vendor :STMicroelectronics FP-SNS-STBOX1 2.1.0
2026-07-31 10:04:55,811 [INFO] ThirdParty:1030 - CMSIS Pack Vendor :STMicroelectronics X-CUBE-AI 10.2.1
2026-07-31 10:04:55,811 [INFO] ThirdParty:1030 - CMSIS Pack Vendor :STMicroelectronics ThreadX 1.0.0
2026-07-31 10:04:55,811 [INFO] ThirdParty:1030 - CMSIS Pack Vendor :STMicroelectronics FP-SNS-SMARTAG2 1.2.0
2026-07-31 10:04:55,811 [INFO] ThirdParty:1030 - CMSIS Pack Vendor :STMicroelectronics FP-SNS-FLIGHT1 5.1.0
2026-07-31 10:04:55,811 [INFO] ThirdParty:1030 - CMSIS Pack Vendor :STMicroelectronics X-CUBE-AZRTOS-WL 2.0.0
2026-07-31 10:04:55,811 [INFO] ThirdParty:1030 - CMSIS Pack Vendor :SEGGER I-CUBE-embOS 1.3.1
2026-07-31 10:04:55,811 [INFO] ThirdParty:1030 - CMSIS Pack Vendor :STMicroelectronics X-CUBE-DPower 1.3.0
2026-07-31 10:04:55,811 [INFO] ThirdParty:1030 - CMSIS Pack Vendor :STMicroelectronics USB_DEVICE 1.0.0
2026-07-31 10:04:55,811 [INFO] ThirdParty:1030 - CMSIS Pack Vendor :STMicroelectronics X-CUBE-AZRTOS-L4 2.0.0
2026-07-31 10:04:55,811 [INFO] ThirdParty:1030 - CMSIS Pack Vendor :STMicroelectronics ThreadX 0.0.2
2026-07-31 10:04:55,812 [INFO] ThirdParty:1030 - CMSIS Pack Vendor :STMicroelectronics lwIP 2.1.2
2026-07-31 10:04:55,812 [INFO] ThirdParty:1030 - CMSIS Pack Vendor :STMicroelectronics X-CUBE-SFXS2LP1 4.0.0
2026-07-31 10:04:55,812 [INFO] ThirdParty:1030 - CMSIS Pack Vendor :STMicroelectronics X-CUBE-BLE2 3.3.0
2026-07-31 10:04:55,812 [INFO] ThirdParty:1030 - CMSIS Pack Vendor :Avnet-IOTCONNECT X-CUBE-iotc-st67-sdk 1.0.0
2026-07-31 10:04:55,812 [INFO] ThirdParty:1030 - CMSIS Pack Vendor :STMicroelectronics X-CUBE-TOF1 3.4.3
2026-07-31 10:04:55,812 [INFO] ThirdParty:1030 - CMSIS Pack Vendor :Infineon AIROC-Wi-Fi-Bluetooth-STM32 1.8.0
2026-07-31 10:04:55,812 [INFO] ThirdParty:1030 - CMSIS Pack Vendor :STMicroelectronics X-CUBE-NFC13 1.0.0
2026-07-31 10:04:55,812 [INFO] ThirdParty:1030 - CMSIS Pack Vendor :STMicroelectronics PDM2PCM 3.2.0
2026-07-31 10:04:55,812 [INFO] ThirdParty:1030 - CMSIS Pack Vendor :STMicroelectronics X-CUBE-WB05N 2.1.0
2026-07-31 10:04:55,812 [INFO] ThirdParty:841 - exiting critical section [change project]
2026-07-31 10:04:56,448 [INFO] PinOutPanel:1589 - setPackage(No Configuration,No Configuration)
2026-07-31 10:04:56,450 [INFO] PinOutPanel:1589 - setPackage(STM32L4S5VITx,LQFP100)
2026-07-31 10:04:57,409 [INFO] UtilMem:75 - Before build in PCC Used Memory: 603171768 Bytes (980418560)
2026-07-31 10:04:59,259 [INFO] UtilMem:75 - After build in PCC Used Memory: 726381496 Bytes (980418560)
2026-07-31 10:04:59,315 [INFO] IPUIPlugin:80 - create IPUIPlugin
2026-07-31 10:04:59,315 [INFO] IPUIPlugin:80 - create IPUIPlugin
2026-07-31 10:04:59,315 [INFO] IPUIPlugin:80 - create IPUIPlugin
2026-07-31 10:04:59,315 [INFO] IPUIPlugin:80 - create IPUIPlugin
2026-07-31 10:04:59,316 [INFO] IPUIPlugin:80 - create IPUIPlugin
2026-07-31 10:04:59,316 [INFO] IPUIPlugin:80 - create IPUIPlugin
2026-07-31 10:04:59,316 [INFO] IPUIPlugin:80 - create IPUIPlugin
2026-07-31 10:04:59,316 [INFO] IPUIPlugin:80 - create IPUIPlugin
2026-07-31 10:04:59,316 [INFO] IPUIPlugin:80 - create IPUIPlugin
2026-07-31 10:04:59,316 [INFO] IPUIPlugin:80 - create IPUIPlugin
2026-07-31 10:04:59,317 [INFO] IPUIPlugin:80 - create IPUIPlugin
2026-07-31 10:04:59,317 [INFO] IPUIPlugin:80 - create IPUIPlugin
2026-07-31 10:04:59,317 [INFO] IPUIPlugin:80 - create IPUIPlugin
2026-07-31 10:04:59,317 [INFO] IPUIPlugin:80 - create IPUIPlugin
2026-07-31 10:04:59,317 [INFO] IPUIPlugin:80 - create IPUIPlugin
2026-07-31 10:04:59,317 [INFO] IPUIPlugin:80 - create IPUIPlugin
2026-07-31 10:04:59,317 [INFO] IPUIPlugin:80 - create IPUIPlugin
2026-07-31 10:04:59,317 [INFO] IPUIPlugin:80 - create IPUIPlugin
2026-07-31 10:04:59,317 [INFO] IPUIPlugin:80 - create IPUIPlugin
2026-07-31 10:04:59,318 [INFO] IPUIPlugin:80 - create IPUIPlugin
2026-07-31 10:04:59,318 [INFO] IPUIPlugin:80 - create IPUIPlugin
2026-07-31 10:04:59,318 [INFO] IPUIPlugin:80 - create IPUIPlugin
2026-07-31 10:04:59,318 [INFO] IPUIPlugin:80 - create IPUIPlugin
2026-07-31 10:04:59,318 [INFO] IPUIPlugin:80 - create IPUIPlugin
2026-07-31 10:04:59,319 [INFO] IPUIPlugin:80 - create IPUIPlugin
2026-07-31 10:04:59,319 [INFO] IPUIPlugin:80 - create IPUIPlugin
2026-07-31 10:04:59,319 [INFO] IPUIPlugin:80 - create IPUIPlugin
2026-07-31 10:04:59,319 [INFO] IPUIPlugin:80 - create IPUIPlugin
2026-07-31 10:04:59,320 [INFO] IPUIPlugin:80 - create IPUIPlugin
2026-07-31 10:04:59,320 [INFO] IPUIPlugin:80 - create IPUIPlugin
2026-07-31 10:04:59,320 [INFO] IPUIPlugin:80 - create IPUIPlugin
2026-07-31 10:04:59,320 [INFO] IPUIPlugin:80 - create IPUIPlugin
2026-07-31 10:04:59,320 [INFO] IPUIPlugin:80 - create IPUIPlugin
2026-07-31 10:04:59,321 [INFO] IPUIPlugin:80 - create IPUIPlugin
2026-07-31 10:04:59,321 [INFO] IPUIPlugin:80 - create IPUIPlugin
2026-07-31 10:04:59,321 [INFO] IPUIPlugin:80 - create IPUIPlugin
2026-07-31 10:04:59,322 [INFO] IPUIPlugin:80 - create IPUIPlugin
2026-07-31 10:04:59,322 [INFO] IPUIPlugin:80 - create IPUIPlugin
2026-07-31 10:04:59,322 [INFO] IPUIPlugin:80 - create IPUIPlugin
2026-07-31 10:04:59,322 [INFO] IPUIPlugin:80 - create IPUIPlugin
2026-07-31 10:04:59,323 [INFO] IPUIPlugin:80 - create IPUIPlugin
2026-07-31 10:04:59,323 [INFO] IPUIPlugin:80 - create IPUIPlugin
2026-07-31 10:04:59,323 [INFO] IPUIPlugin:80 - create IPUIPlugin
2026-07-31 10:04:59,323 [INFO] IPUIPlugin:80 - create IPUIPlugin
2026-07-31 10:04:59,324 [INFO] IPUIPlugin:80 - create IPUIPlugin
2026-07-31 10:04:59,324 [INFO] IPUIPlugin:80 - create IPUIPlugin
2026-07-31 10:04:59,324 [INFO] IPUIPlugin:80 - create IPUIPlugin
2026-07-31 10:04:59,324 [INFO] IPUIPlugin:80 - create IPUIPlugin
2026-07-31 10:04:59,325 [INFO] IPUIPlugin:80 - create IPUIPlugin
2026-07-31 10:04:59,325 [INFO] IPUIPlugin:80 - create IPUIPlugin
2026-07-31 10:04:59,325 [INFO] IPUIPlugin:80 - create IPUIPlugin
2026-07-31 10:04:59,326 [INFO] IPUIPlugin:80 - create IPUIPlugin
2026-07-31 10:04:59,326 [INFO] IPUIPlugin:80 - create IPUIPlugin
2026-07-31 10:04:59,326 [INFO] IPUIPlugin:80 - create IPUIPlugin
2026-07-31 10:04:59,327 [INFO] IPUIPlugin:80 - create IPUIPlugin
2026-07-31 10:04:59,327 [INFO] IPUIPlugin:80 - create IPUIPlugin
2026-07-31 10:04:59,327 [INFO] IPUIPlugin:80 - create IPUIPlugin
2026-07-31 10:04:59,328 [INFO] IPUIPlugin:80 - create IPUIPlugin
2026-07-31 10:04:59,328 [INFO] IPUIPlugin:80 - create IPUIPlugin
2026-07-31 10:04:59,328 [INFO] IPUIPlugin:80 - create IPUIPlugin
2026-07-31 10:04:59,329 [INFO] IPUIPlugin:80 - create IPUIPlugin
2026-07-31 10:04:59,329 [INFO] IPUIPlugin:80 - create IPUIPlugin
2026-07-31 10:04:59,330 [INFO] IPUIPlugin:80 - create IPUIPlugin
2026-07-31 10:04:59,722 [INFO] CADModel:165 - CPN selected for project levelSTM32L4S5VIT6
2026-07-31 10:04:59,723 [INFO] CADModel:114 - Register for checkConnection events
2026-07-31 10:04:59,777 [INFO] OpenFileManager:386 - Restore cursor
2026-07-31 10:05:00,332 [WARN] IP:2250 - MaxTran not found: check if there is a RefParameter without a condition.
2026-07-31 10:05:00,332 [WARN] IP:2250 - Refresh not found: check if there is a RefParameter without a condition.
2026-07-31 10:05:00,333 [WARN] IP:2250 - MaxTran not found: check if there is a RefParameter without a condition.
2026-07-31 10:05:00,333 [WARN] IP:2250 - Refresh not found: check if there is a RefParameter without a condition.
2026-07-31 10:05:01,600 [INFO] UtilMem:75 - End SaveConfig() Used Memory: 649009248 Bytes (980418560)
2026-07-31 10:05:01,746 [INFO] UtilMem:75 - End SaveConfig() Used Memory: 667883616 Bytes (980418560)
2026-07-31 10:05:02,442 [INFO] BlockDiagram:2775 - set Specific Code input for plugin: SPI
2026-07-31 10:05:02,442 [INFO] BlockDiagram:2775 - set Specific Code input for plugin: SPI
2026-07-31 10:05:02,442 [INFO] BlockDiagram:2775 - set Specific Code input for plugin: DFSDM
2026-07-31 10:05:02,443 [INFO] BlockDiagram:2775 - set Specific Code input for plugin: SYS
2026-07-31 10:05:02,443 [INFO] BlockDiagram:2775 - set Specific Code input for plugin: ADC
2026-07-31 10:05:02,443 [INFO] BlockDiagram:2775 - set Specific Code input for plugin: RCC
2026-07-31 10:05:02,443 [INFO] BlockDiagram:2775 - set Specific Code input for plugin: I2C
2026-07-31 10:05:02,443 [INFO] BlockDiagram:2775 - set Specific Code input for plugin: I2C
2026-07-31 10:05:02,443 [INFO] BlockDiagram:2775 - set Specific Code input for plugin: USB_OTG_FS
2026-07-31 10:05:02,443 [INFO] BlockDiagram:2775 - set Specific Code input for plugin: NVIC
2026-07-31 10:05:02,443 [INFO] BlockDiagram:2775 - set Specific Code input for plugin: USART
2026-07-31 10:05:02,443 [INFO] BlockDiagram:2775 - set Specific Code input for plugin: USART
2026-07-31 10:05:02,443 [INFO] BlockDiagram:2775 - set Specific Code input for plugin: USART
2026-07-31 10:05:02,443 [INFO] BlockDiagram:2775 - set Specific Code input for plugin: OCTOSPI
2026-07-31 10:05:02,443 [INFO] BlockDiagram:2775 - set Specific Code input for plugin: UART
2026-07-31 10:05:02,444 [INFO] BlockDiagram:2775 - set Specific Code input for plugin: GPIO
2026-07-31 10:05:02,445 [INFO] CodeGenerator:892 - code generatio: config db path: C:\ST\STM32CubeIDE_1.19.0\STM32CubeIDE\plugins\com.st.stm32cube.common.mx_6.15.0.202507011659\\db\
2026-07-31 10:05:02,517 [WARN] IP:2250 - MaxTran not found: check if there is a RefParameter without a condition.
2026-07-31 10:05:02,517 [WARN] IP:2250 - Refresh not found: check if there is a RefParameter without a condition.
2026-07-31 10:05:02,796 [INFO] CodeEngine:265 - oldGeneratedFile, D:\Anusha_TinyML_FDP\TinyML_Workshop_Nitte-\STM32\Deep_Learning_Inference\MXTmpFiles\license.tmp_save
2026-07-31 10:05:03,298 [INFO] CodeEngine:289 - Generated code: D:\Anusha_TinyML_FDP\TinyML_Workshop_Nitte-\STM32\Deep_Learning_Inference\MXTmpFiles\license.tmp
2026-07-31 10:05:03,857 [INFO] CodeEngine:265 - oldGeneratedFile, D:\Anusha_TinyML_FDP\TinyML_Workshop_Nitte-\STM32\Deep_Learning_Inference\MXTmpFiles\gpio.tmp_save
2026-07-31 10:05:04,117 [INFO] CodeEngine:289 - Generated code: D:\Anusha_TinyML_FDP\TinyML_Workshop_Nitte-\STM32\Deep_Learning_Inference\MXTmpFiles\gpio.tmp
2026-07-31 10:05:07,276 [WARN] IPConfigManager:103 - WARNING: Missing Config File for USB ip!!
2026-07-31 10:05:07,464 [WARN] IPConfigManager:3238 - Warning: the RefConfig PWREx_EnableUSBVoltageDetector is not available in your config.xml file
2026-07-31 10:05:07,496 [INFO] CodeEngine:265 - oldGeneratedFile, D:\Anusha_TinyML_FDP\TinyML_Workshop_Nitte-\STM32\Deep_Learning_Inference\Core\Src\stm32l4xx_it.c_save
2026-07-31 10:05:07,740 [INFO] CodeEngine:289 - Generated code: D:\Anusha_TinyML_FDP\TinyML_Workshop_Nitte-\STM32\Deep_Learning_Inference\Core\Src\stm32l4xx_it.c
2026-07-31 10:05:07,746 [INFO] CodeEngine:265 - oldGeneratedFile, D:\Anusha_TinyML_FDP\TinyML_Workshop_Nitte-\STM32\Deep_Learning_Inference\Core\Inc\stm32l4xx_it.h_save
2026-07-31 10:05:07,876 [INFO] CodeEngine:289 - Generated code: D:\Anusha_TinyML_FDP\TinyML_Workshop_Nitte-\STM32\Deep_Learning_Inference\Core\Inc\stm32l4xx_it.h
2026-07-31 10:05:07,900 [INFO] CodeEngine:265 - oldGeneratedFile, D:\Anusha_TinyML_FDP\TinyML_Workshop_Nitte-\STM32\Deep_Learning_Inference\Core\Src\stm32l4xx_hal_msp.c_save
2026-07-31 10:05:08,173 [INFO] CodeEngine:289 - Generated code: D:\Anusha_TinyML_FDP\TinyML_Workshop_Nitte-\STM32\Deep_Learning_Inference\Core\Src\stm32l4xx_hal_msp.c
2026-07-31 10:05:08,178 [INFO] CodeEngine:265 - oldGeneratedFile, D:\Anusha_TinyML_FDP\TinyML_Workshop_Nitte-\STM32\Deep_Learning_Inference\MXTmpFiles\system.tmp_save
2026-07-31 10:05:08,278 [INFO] CodeEngine:289 - Generated code: D:\Anusha_TinyML_FDP\TinyML_Workshop_Nitte-\STM32\Deep_Learning_Inference\MXTmpFiles\system.tmp
2026-07-31 10:05:08,293 [INFO] CodeEngine:321 - oldGeneratedFile, D:\Anusha_TinyML_FDP\TinyML_Workshop_Nitte-\STM32\Deep_Learning_Inference\Core\Inc\stm32l4xx_hal_conf.h_save
2026-07-31 10:05:08,395 [INFO] CodeEngine:345 - Generated code: D:\Anusha_TinyML_FDP\TinyML_Workshop_Nitte-\STM32\Deep_Learning_Inference\Core\Inc\stm32l4xx_hal_conf.h
2026-07-31 10:05:08,469 [INFO] ApiDbMcu:532 - Load IP Config File for ADC1
2026-07-31 10:05:08,501 [INFO] ApiDbMcu:532 - Load IP Config File for DFSDM1
2026-07-31 10:05:08,509 [INFO] ApiDbMcu:532 - Load IP Config File for I2C1
2026-07-31 10:05:08,514 [INFO] ApiDbMcu:532 - Load IP Config File for I2C2
2026-07-31 10:05:08,519 [INFO] ApiDbMcu:532 - Load IP Config File for OCTOSPI1
2026-07-31 10:05:08,524 [INFO] ApiDbMcu:532 - Load IP Config File for SPI1
2026-07-31 10:05:08,528 [INFO] ApiDbMcu:532 - Load IP Config File for SPI3
2026-07-31 10:05:08,546 [INFO] ApiDbMcu:532 - Load IP Config File for UART4
2026-07-31 10:05:08,565 [INFO] ApiDbMcu:532 - Load IP Config File for USART1
2026-07-31 10:05:08,585 [INFO] ApiDbMcu:532 - Load IP Config File for USART2
2026-07-31 10:05:08,602 [INFO] ApiDbMcu:532 - Load IP Config File for USART3
2026-07-31 10:05:08,603 [ERROR] ApiDbMcu:560 - Cannot parse USB_OTG_FS_Config file : file do not exist
2026-07-31 10:05:08,603 [ERROR] ApiDbMcu:560 - Cannot parse USB_OTG_FS_Config file : file do not exist
2026-07-31 10:05:08,610 [INFO] ApiDbMcu:532 - Load IP Config File for RCC
2026-07-31 10:05:08,616 [WARN] IPConfigManager:3811 - IP not found : USB_OTG
2026-07-31 10:05:08,618 [WARN] CodeGenerator:4259 - IP not found : null
2026-07-31 10:05:08,626 [INFO] CodeEngine:265 - oldGeneratedFile, D:\Anusha_TinyML_FDP\TinyML_Workshop_Nitte-\STM32\Deep_Learning_Inference\Core\Inc\main.h_save
2026-07-31 10:05:08,758 [INFO] CodeEngine:289 - Generated code: D:\Anusha_TinyML_FDP\TinyML_Workshop_Nitte-\STM32\Deep_Learning_Inference\Core\Inc\main.h
2026-07-31 10:05:08,762 [INFO] CodeEngine:265 - oldGeneratedFile, D:\Anusha_TinyML_FDP\TinyML_Workshop_Nitte-\STM32\Deep_Learning_Inference\Core\Src\main.c_save
2026-07-31 10:05:09,007 [INFO] CodeEngine:289 - Generated code: D:\Anusha_TinyML_FDP\TinyML_Workshop_Nitte-\STM32\Deep_Learning_Inference\Core\Src\main.c
2026-07-31 10:05:09,550 [INFO] ProjectBuilder:3606 - Time for Copy HAL[1] : 275mS.
2026-07-31 10:05:09,567 [INFO] ProjectBuilder:5216 - Project Generator version: 4.7.0-B52
2026-07-31 10:05:09,684 [INFO] ConfigFileManager:1595 - The Die is : DIE470
2026-07-31 10:05:09,753 [INFO] ApiDbMcu:532 - Load IP Config File for FATFS
2026-07-31 10:05:09,762 [INFO] ApiDbMcu:532 - Load IP Config File for FREERTOS
2026-07-31 10:05:09,779 [INFO] ApiDbMcu:532 - Load IP Config File for TOUCHSENSING
2026-07-31 10:05:09,790 [INFO] ApiDbMcu:532 - Load IP Config File for USB_DEVICE
2026-07-31 10:05:09,797 [INFO] ApiDbMcu:532 - Load IP Config File for USB_HOST
2026-07-31 10:05:10,419 [INFO] LogOutputStream:77 - [STDOUT_REDIRECT] 
2026-07-31 10:05:13,538 [INFO] ProjectBuilder:5496 - Time for Generating toolchain IDE Files: 3972mS.
2026-07-31 10:05:13,539 [INFO] ProjectBuilder:3463 - Time for Copy CMSIS : 1mS.
2026-07-31 10:05:13,540 [INFO] ProjectBuilder:3463 - Time for Copy CMSIS : 0mS.
2026-07-31 10:05:14,932 [INFO] McuFinderGlobals:76 - Set McuFinderConnectedMode to true
2026-07-31 10:05:14,936 [INFO] ApiDb:448 - Save user favorites file C:\Users\ADMIN/.stm32cubeide/favorites.mcus.txt: 0 item(s)
2026-07-31 10:05:14,936 [INFO] ApiDb:452 - User favorites MCUs=[]
2026-07-31 10:05:14,939 [INFO] ApiDb:448 - Save user favorites file C:\Users\ADMIN/.stm32cubeide/favorites.boards.txt: 0 item(s)
2026-07-31 10:05:14,939 [INFO] ApiDb:452 - User favorites Boards=[]
2026-07-31 10:06:00,148 [INFO] I2cTimingTraitement:330 - 0x30A175AB
2026-07-31 10:06:52,296 [INFO] ApiDbMcu:532 - Load IP Config File for STMicroelectronics.X-CUBE-AI.10.2.1
2026-07-31 10:06:52,645 [WARN] SupportedApi:132 - Cannot load RTOS API schema: s4s-elt-must-match.1: The content of 'definitions' must match (annotation?, (simpleType | complexType)?, (unique | key | keyref)*)). A problem was found starting at: attribute.
2026-07-31 10:06:52,683 [INFO] IPUIPlugin:80 - create IPUIPlugin
2026-07-31 10:06:52,738 [INFO] PluginManager:220 - loadIPPluginJar : add ai.10.2.1
2026-07-31 10:06:53,494 [INFO] IPUIPlugin:80 - create IPUIPlugin
2026-07-31 10:06:54,251 [INFO] ServerAccessManage:452 - Complete download http(s) 200
2026-07-31 10:06:54,251 [INFO] ServerAccessManage:509 - Download File 
2026-07-31 10:06:54,256 [INFO] LoadUrlFilesThread:185 - End of LoadServerUrlFiles without Thread
2026-07-31 10:07:00,775 [INFO] CheckServerUpdateThread:120 - End of CheckServer Thread
2026-07-31 10:07:12,233 [INFO] AIMainUI:1269 - Restoring parameters from IP...
2026-07-31 10:07:12,233 [INFO] AIMainUI:1392 - No old model detected
2026-07-31 10:07:12,271 [INFO] AI:955 - getUI adding AI com.st.microxplorer.plugins.ip.ai.AI@3f4838b5 on STMicroelectronics.X-CUBE-AI.10.2.1
2026-07-31 10:07:28,015 [INFO] AInterface:116 - AInterface using toolDir: C:/Users/ADMIN/STM32Cube/Repository//Packs/STMicroelectronics/X-CUBE-AI/10.2.1/Utilities/windows
2026-07-31 10:07:28,059 [INFO] AIModelDetailledView:2264 - Analysis status: -
2026-07-31 10:07:28,060 [INFO] AIModelDetailledView:898 - Selected model: Keras
2026-07-31 10:07:33,570 [INFO] AIModelDetailledView:898 - Selected model: ONNX
2026-07-31 10:08:21,751 [INFO] AInterface:259 - ModelName:network; files:[D:\Anusha_TinyML_FDP\TinyML_Workshop_Nitte-\ONNX\mlp_model.onnx]; type:ONNX; compression:None
2026-07-31 10:08:21,753 [INFO] AInterface:526 - workspaceTempDir: C:/Users/ADMIN/AppData/Local/Temp/mxAI_workspace907077884368220011936103222553767955
2026-07-31 10:08:21,753 [INFO] AInterface:1179 - Setting Env: C:/Users/ADMIN/STM32Cube/Repository//Packs/STMicroelectronics/X-CUBE-AI/10.2.1/Utilities/windows
2026-07-31 10:08:21,943 [INFO] STM32CubeIDEBuilder:265 - Looking for gnu-tools-for-stm32 tools/bin/arm-none-eabi-gcc.exe in C:\ST\STM32CubeIDE_1.19.0\STM32CubeIDE
2026-07-31 10:08:21,947 [INFO] STM32CubeIDEBuilder:294 - checking C:\ST\STM32CubeIDE_1.19.0\STM32CubeIDE\plugins\com.st.stm32cube.ide.mcu.externaltools.gnu-tools-for-stm32.13.3.rel1.win32_1.0.0.202411081344\tools\bin\arm-none-eabi-gcc.exe
2026-07-31 10:08:21,947 [INFO] STM32CubeIDEBuilder:297 - ret=C:\ST\STM32CubeIDE_1.19.0\STM32CubeIDE\plugins\com.st.stm32cube.ide.mcu.externaltools.gnu-tools-for-stm32.13.3.rel1.win32_1.0.0.202411081344\tools\bin\arm-none-eabi-gcc.exe
2026-07-31 10:08:21,947 [INFO] STM32CubeIDEBuilder:311 - returning C:\ST\STM32CubeIDE_1.19.0\STM32CubeIDE\plugins\com.st.stm32cube.ide.mcu.externaltools.gnu-tools-for-stm32.13.3.rel1.win32_1.0.0.202411081344\tools\bin\arm-none-eabi-gcc.exe
2026-07-31 10:08:21,948 [INFO] AInterface:1236 - Custom PATH variable: C:/Users/ADMIN/STM32Cube/Repository//Packs/STMicroelectronics/X-CUBE-AI/10.2.1/Utilities/windows;C:/Users/ADMIN/STM32Cube/Repository//Packs/STMicroelectronics/X-CUBE-AI/10.2.1/Utilities/windows/mingw64/bin;C:/Users/ADMIN/STM32Cube/Repository//Packs/STMicroelectronics/X-CUBE-AI/10.2.1/Utilities/windows/mingw64/libexec/gcc/x86_64-w64-mingw32/7.3.0;;C:\ST\STM32CubeIDE_1.19.0\STM32CubeIDE\plugins\com.st.stm32cube.ide.mcu.externaltools.gnu-tools-for-stm32.13.3.rel1.win32_1.0.0.202411081344\tools\bin
2026-07-31 10:08:21,956 [INFO] CmdLine:115 - Command: C:/Users/ADMIN/STM32Cube/Repository//Packs/STMicroelectronics/X-CUBE-AI/10.2.1/Utilities/windows/stedgeai.exe analyze --target stm32l4 --name network -m D:/Anusha_TinyML_FDP/TinyML_Workshop_Nitte-/ONNX/mlp_model.onnx --compression none --verbosity 1 --workspace C:/Users/ADMIN/AppData/Local/Temp/mxAI_workspace907077884368220011936103222553767955 --output C:/Users/ADMIN/.stm32cubemx/network_output
2026-07-31 10:08:21,963 [INFO] AIModelDetailledView:2264 - Analysis status: pending
2026-07-31 10:08:23,037 [INFO] CmdLine:76 - ST Edge AI Core v2.2.0-20266 2adc00962
2026-07-31 10:08:37,236 [INFO] CmdLine:76 - Creating c (debug) info json file C:\Users\ADMIN\.stm32cubemx\network_output\network_c_info.json
2026-07-31 10:08:37,279 [INFO] CmdLine:76 -  
2026-07-31 10:08:37,279 [INFO] CmdLine:76 -  Exec/report summary (analyze)
2026-07-31 10:08:37,280 [INFO] CmdLine:76 -  --------------------------------------------------------------------------------------------------------------
2026-07-31 10:08:37,280 [INFO] CmdLine:76 -  model file         :   D:\Anusha_TinyML_FDP\TinyML_Workshop_Nitte-\ONNX\mlp_model.onnx                        
2026-07-31 10:08:37,281 [INFO] CmdLine:76 -  type               :   onnx                                                                                   
2026-07-31 10:08:37,284 [INFO] CmdLine:76 -  c_name             :   network                                                                                
2026-07-31 10:08:37,286 [INFO] CmdLine:76 -  compression        :   none                                                                                   
2026-07-31 10:08:37,287 [INFO] CmdLine:76 -  options            :   allocate-inputs, allocate-outputs                                                      
2026-07-31 10:08:37,288 [INFO] CmdLine:76 -  optimization       :   balanced                                                                               
2026-07-31 10:08:37,289 [INFO] CmdLine:76 -  target/series      :   stm32l4                                                                                
2026-07-31 10:08:37,289 [INFO] CmdLine:76 -  workspace dir      :   C:\Users\ADMIN\AppData\Local\Temp\mxAI_workspace907077884368220011936103222553767955   
2026-07-31 10:08:37,290 [INFO] CmdLine:76 -  output dir         :   C:\Users\ADMIN\.stm32cubemx\network_output                                             
2026-07-31 10:08:37,291 [INFO] CmdLine:76 -  model_fmt          :   float                                                                                  
2026-07-31 10:08:37,292 [INFO] CmdLine:76 -  model_name         :   mlp_model                                                                              
2026-07-31 10:08:37,293 [INFO] CmdLine:76 -  model_hash         :   0xdeea65ffd24f71ddeacb634c57bdc030                                                     
2026-07-31 10:08:37,293 [INFO] CmdLine:76 -  params #           :   2,693 items (10.52 KiB)                                                                
2026-07-31 10:08:37,295 [INFO] CmdLine:76 -  --------------------------------------------------------------------------------------------------------------
2026-07-31 10:08:37,295 [INFO] CmdLine:76 -  input 1/1          :   'input', f32(1x6), 24 Bytes, activations                                               
2026-07-31 10:08:37,296 [INFO] CmdLine:76 -  output 1/1         :   'output', f32(1x5), 20 Bytes, activations                                              
2026-07-31 10:08:37,296 [INFO] CmdLine:76 -  macc               :   2,789                                                                                  
2026-07-31 10:08:37,297 [INFO] CmdLine:76 -  weights (ro)       :   10,772 B (10.52 KiB) (1 segment)                                                       
2026-07-31 10:08:37,297 [INFO] CmdLine:76 -  activations (rw)   :   384 B (384 B) (1 segment) *                                                            
2026-07-31 10:08:37,297 [INFO] CmdLine:76 -  ram (total)        :   384 B (384 B) = 384 + 0 + 0                                                            
2026-07-31 10:08:37,298 [INFO] CmdLine:76 -  --------------------------------------------------------------------------------------------------------------
2026-07-31 10:08:37,298 [INFO] CmdLine:76 -  (*) 'input'/'output' buffers are allocated in the activations buffer
2026-07-31 10:08:37,298 [INFO] CmdLine:76 - Computing AI RT data/code size (target=stm32l4)..
2026-07-31 10:08:38,985 [INFO] CmdLine:76 -  Model name - mlp_model
2026-07-31 10:08:38,986 [INFO] CmdLine:76 -  ------ ------------------- ------------- ------------- ------- --------------
2026-07-31 10:08:38,987 [INFO] CmdLine:76 -  m_id   layer (original)    oshape        param/size       macc   connected to
2026-07-31 10:08:38,988 [INFO] CmdLine:76 -  ------ ------------------- ------------- ------------- ------- --------------
2026-07-31 10:08:38,989 [INFO] CmdLine:76 -  1      fc1_weight (Gemm)   [b:64,c:6]    384/1,536
2026-07-31 10:08:38,991 [INFO] CmdLine:76 -         fc1_bias (Gemm)     [b:64]        64/256
2026-07-31 10:08:38,992 [INFO] CmdLine:76 -  ------ ------------------- ------------- ------------- ------- --------------
2026-07-31 10:08:38,993 [INFO] CmdLine:76 -  3      fc2_weight (Gemm)   [b:32,c:64]   2,048/8,192
2026-07-31 10:08:38,993 [INFO] CmdLine:76 -         fc2_bias (Gemm)     [b:32]        32/128
2026-07-31 10:08:38,994 [INFO] CmdLine:76 -  ------ ------------------- ------------- ------------- ------- --------------
2026-07-31 10:08:38,994 [INFO] CmdLine:76 -  5      fc3_weight (Gemm)   [b:5,c:32]    160/640
2026-07-31 10:08:38,995 [INFO] CmdLine:76 -         fc3_bias (Gemm)     [b:5]         5/20
2026-07-31 10:08:38,999 [INFO] CmdLine:76 -  ------ ------------------- ------------- ------------- ------- --------------
2026-07-31 10:08:39,000 [INFO] CmdLine:76 -  0      input ()            [b:1,c:6]
2026-07-31 10:08:39,001 [INFO] CmdLine:76 -  ------ ------------------- ------------- ------------- ------- --------------
2026-07-31 10:08:39,001 [INFO] CmdLine:76 -  1      linear (Gemm)       [b:1,c:64]                      448          input
2026-07-31 10:08:39,002 [INFO] CmdLine:76 -                                                                     fc1_weight
2026-07-31 10:08:39,002 [INFO] CmdLine:76 -                                                                       fc1_bias
2026-07-31 10:08:39,003 [INFO] CmdLine:76 -  ------ ------------------- ------------- ------------- ------- --------------
2026-07-31 10:08:39,003 [INFO] CmdLine:76 -  2      relu (Relu)         [b:1,c:64]                       64         linear
2026-07-31 10:08:39,004 [INFO] CmdLine:76 -  ------ ------------------- ------------- ------------- ------- --------------
2026-07-31 10:08:39,005 [INFO] CmdLine:76 -  3      linear_1 (Gemm)     [b:1,c:32]                    2,080           relu
2026-07-31 10:08:39,006 [INFO] CmdLine:76 -                                                                     fc2_weight
2026-07-31 10:08:39,007 [INFO] CmdLine:76 -                                                                       fc2_bias
2026-07-31 10:08:39,007 [INFO] CmdLine:76 -  ------ ------------------- ------------- ------------- ------- --------------
2026-07-31 10:08:39,008 [INFO] CmdLine:76 -  4      relu_1 (Relu)       [b:1,c:32]                       32       linear_1
2026-07-31 10:08:39,008 [INFO] CmdLine:76 -  ------ ------------------- ------------- ------------- ------- --------------
2026-07-31 10:08:39,009 [INFO] CmdLine:76 -  5      output (Gemm)       [b:1,c:5]                       165         relu_1
2026-07-31 10:08:39,009 [INFO] CmdLine:76 -                                                                     fc3_weight
2026-07-31 10:08:39,009 [INFO] CmdLine:76 -                                                                       fc3_bias
2026-07-31 10:08:39,010 [INFO] CmdLine:76 -  ------ ------------------- ------------- ------------- ------- --------------
2026-07-31 10:08:39,010 [INFO] CmdLine:76 -  model: macc=2,789 weights=10,772 activations=-- io=--
2026-07-31 10:08:39,010 [INFO] CmdLine:76 -  Number of operations per c-layer
2026-07-31 10:08:39,010 [INFO] CmdLine:76 -  ------- ------ ----------------------- ------- --------------
2026-07-31 10:08:39,011 [INFO] CmdLine:76 -  c_id    m_id   name (type)                 #op           type
2026-07-31 10:08:39,011 [INFO] CmdLine:76 -  ------- ------ ----------------------- ------- --------------
2026-07-31 10:08:39,011 [INFO] CmdLine:76 -  0       1      linear (Dense)              448   smul_f32_f32
2026-07-31 10:08:39,012 [INFO] CmdLine:76 -  1       2      relu (Nonlinearity)          64     op_f32_f32
2026-07-31 10:08:39,012 [INFO] CmdLine:76 -  2       3      linear_1 (Dense)          2,080   smul_f32_f32
2026-07-31 10:08:39,013 [INFO] CmdLine:76 -  3       4      relu_1 (Nonlinearity)        32     op_f32_f32
2026-07-31 10:08:39,013 [INFO] CmdLine:76 -  4       5      output (Dense)              165   smul_f32_f32
2026-07-31 10:08:39,014 [INFO] CmdLine:76 -  ------- ------ ----------------------- ------- --------------
2026-07-31 10:08:39,015 [INFO] CmdLine:76 -  total                                    2,789
2026-07-31 10:08:39,015 [INFO] CmdLine:76 -  Number of operation types
2026-07-31 10:08:39,016 [INFO] CmdLine:76 -  ---------------- ------- -----------
2026-07-31 10:08:39,016 [INFO] CmdLine:76 -  operation type         #           %
2026-07-31 10:08:39,017 [INFO] CmdLine:76 -  ---------------- ------- -----------
2026-07-31 10:08:39,017 [INFO] CmdLine:76 -  smul_f32_f32       2,693       96.6%
2026-07-31 10:08:39,018 [INFO] CmdLine:76 -  op_f32_f32            96        3.4%
2026-07-31 10:08:39,018 [INFO] CmdLine:76 -  Complexity report (model)
2026-07-31 10:08:39,019 [INFO] CmdLine:76 -  ------ ------------ ------------------------- ------------------------- ------
2026-07-31 10:08:39,019 [INFO] CmdLine:76 -  m_id   name         c_macc                    c_rom                     c_id
2026-07-31 10:08:39,020 [INFO] CmdLine:76 -  ------ ------------ ------------------------- ------------------------- ------
2026-07-31 10:08:39,021 [INFO] CmdLine:76 -  1      fc1_weight   ||||              16.1%   ||||              16.6%   [0]
2026-07-31 10:08:39,022 [INFO] CmdLine:76 -  3      fc2_weight   ||||||||||||||||  74.6%   ||||||||||||||||  77.2%   [2]
2026-07-31 10:08:39,022 [INFO] CmdLine:76 -  5      fc3_weight   ||                 5.9%   ||                 6.1%   [4]
2026-07-31 10:08:39,023 [INFO] CmdLine:76 -  2      relu         |                  2.3%   |                  0.0%   [1]
2026-07-31 10:08:39,024 [INFO] CmdLine:76 -  4      relu_1       |                  1.1%   |                  0.0%   [3]
2026-07-31 10:08:39,024 [INFO] CmdLine:76 -  ------ ------------ ------------------------- ------------------------- ------
2026-07-31 10:08:39,025 [INFO] CmdLine:76 -  macc=2,789 weights=10,772 act=384 ram_io=0
2026-07-31 10:08:39,025 [INFO] CmdLine:76 -  Requested memory size by section - "stm32l4" target
2026-07-31 10:08:39,026 [INFO] CmdLine:76 -  ------------------------------ ------- -------- ------- -----
2026-07-31 10:08:39,026 [INFO] CmdLine:76 -  module                            text   rodata    data   bss
2026-07-31 10:08:39,027 [INFO] CmdLine:76 -  ------------------------------ ------- -------- ------- -----
2026-07-31 10:08:39,027 [INFO] CmdLine:76 -  NetworkRuntime1020_CM4_GCC.a     6,452        0       0     0
2026-07-31 10:08:39,028 [INFO] CmdLine:76 -  network.o                          528       40   1,584   140
2026-07-31 10:08:39,028 [INFO] CmdLine:76 -  network_data.o                      48       16      88     0
2026-07-31 10:08:39,029 [INFO] CmdLine:76 -  lib (toolchain)*                     0        0       0     0
2026-07-31 10:08:39,029 [INFO] CmdLine:76 -  ------------------------------ ------- -------- ------- -----
2026-07-31 10:08:39,030 [INFO] CmdLine:76 -  RT total**                       7,028       56   1,672   140
2026-07-31 10:08:39,030 [INFO] CmdLine:76 -  ------------------------------ ------- -------- ------- -----
2026-07-31 10:08:39,031 [INFO] CmdLine:76 -  weights                              0   10,776       0     0
2026-07-31 10:08:39,031 [INFO] CmdLine:76 -  activations                          0        0       0   384
2026-07-31 10:08:39,032 [INFO] CmdLine:76 -  io                                   0        0       0     0
2026-07-31 10:08:39,032 [INFO] CmdLine:76 -  ------------------------------ ------- -------- ------- -----
2026-07-31 10:08:39,033 [INFO] CmdLine:76 -  TOTAL                            7,028   10,832   1,672   524
2026-07-31 10:08:39,033 [INFO] CmdLine:76 -  ------------------------------ ------- -------- ------- -----
2026-07-31 10:08:39,034 [INFO] CmdLine:76 -  *  toolchain objects (libm/libgcc*)
2026-07-31 10:08:39,034 [INFO] CmdLine:76 -  ** RT AI runtime objects (kernels+infrastructure)
2026-07-31 10:08:39,034 [INFO] CmdLine:76 -   Summary - "stm32l4" target
2026-07-31 10:08:39,035 [INFO] CmdLine:76 -   ---------------------------------------------------
2026-07-31 10:08:39,036 [INFO] CmdLine:76 -                FLASH (ro)      %*   RAM (rw)       %
2026-07-31 10:08:39,036 [INFO] CmdLine:76 -   ---------------------------------------------------
2026-07-31 10:08:39,037 [INFO] CmdLine:76 -   RT total          8,756   44.8%      1,812   82.5%
2026-07-31 10:08:39,038 [INFO] CmdLine:76 -   ---------------------------------------------------
2026-07-31 10:08:39,039 [INFO] CmdLine:76 -   TOTAL            19,532              2,196
2026-07-31 10:08:39,040 [INFO] CmdLine:76 -   ---------------------------------------------------
2026-07-31 10:08:39,040 [INFO] CmdLine:76 -   *  rt/total
2026-07-31 10:08:39,041 [INFO] CmdLine:76 - Creating txt report file C:\Users\ADMIN\.stm32cubemx\network_output\network_analyze_report.txt
2026-07-31 10:08:45,360 [INFO] CmdLine:76 - elapsed time (analyze): 22.321s
2026-07-31 10:08:46,002 [INFO] CmdLine:148 - stedgeai exit with status: 0
2026-07-31 10:08:46,019 [INFO] AIModelDetailledView:1077 - Model file:      mlp_model.onnx
2026-07-31 10:08:46,020 [INFO] AIModelDetailledView:1077 - Total Flash:     19528 B (19.07 KiB)
2026-07-31 10:08:46,021 [INFO] AIModelDetailledView:1077 -     Weights:     10772 B (10.52 KiB)
2026-07-31 10:08:46,022 [INFO] AIModelDetailledView:1077 -     Library:     8756 B (8.55 KiB)
2026-07-31 10:08:46,023 [INFO] AIModelDetailledView:1077 - Total Ram:       2196 B (2.14 KiB)
2026-07-31 10:08:46,023 [INFO] AIModelDetailledView:1077 -     Activations: 384 B
2026-07-31 10:08:46,024 [INFO] AIModelDetailledView:1077 -     Library:     1812 B (1.77 KiB)
2026-07-31 10:08:46,024 [INFO] AIModelDetailledView:1077 -     Input:       24 B (included in Activations)
2026-07-31 10:08:46,025 [INFO] AIModelDetailledView:1077 -     Output:      20 B (included in Activations)
2026-07-31 10:08:46,025 [INFO] AIModelDetailledView:1077 - Done
2026-07-31 10:08:46,026 [INFO] AIModelDetailledView:2598 - Analyze complete on AI model
2026-07-31 10:08:46,224 [INFO] AIModelDetailledView:2264 - Analysis status: done
2026-07-31 10:09:42,528 [INFO] UtilMem:75 - End SaveConfig() Used Memory: 699589248 Bytes (1073741824)
2026-07-31 10:09:42,766 [INFO] AIModelDetailledView:2264 - Analysis status: -
2026-07-31 10:09:42,769 [INFO] AInterface:259 - ModelName:network; files:[D:\Anusha_TinyML_FDP\TinyML_Workshop_Nitte-\ONNX\mlp_model.onnx]; type:ONNX; compression:None
2026-07-31 10:09:42,770 [INFO] AInterface:526 - workspaceTempDir: C:/Users/ADMIN/AppData/Local/Temp/mxAI_workspace90708598621085005899391068870998403
2026-07-31 10:09:42,771 [INFO] AInterface:1179 - Setting Env: C:/Users/ADMIN/STM32Cube/Repository//Packs/STMicroelectronics/X-CUBE-AI/10.2.1/Utilities/windows
2026-07-31 10:09:42,777 [INFO] STM32CubeIDEBuilder:265 - Looking for gnu-tools-for-stm32 tools/bin/arm-none-eabi-gcc.exe in C:\ST\STM32CubeIDE_1.19.0\STM32CubeIDE
2026-07-31 10:09:42,780 [INFO] STM32CubeIDEBuilder:294 - checking C:\ST\STM32CubeIDE_1.19.0\STM32CubeIDE\plugins\com.st.stm32cube.ide.mcu.externaltools.gnu-tools-for-stm32.13.3.rel1.win32_1.0.0.202411081344\tools\bin\arm-none-eabi-gcc.exe
2026-07-31 10:09:42,781 [INFO] STM32CubeIDEBuilder:297 - ret=C:\ST\STM32CubeIDE_1.19.0\STM32CubeIDE\plugins\com.st.stm32cube.ide.mcu.externaltools.gnu-tools-for-stm32.13.3.rel1.win32_1.0.0.202411081344\tools\bin\arm-none-eabi-gcc.exe
2026-07-31 10:09:42,781 [INFO] STM32CubeIDEBuilder:311 - returning C:\ST\STM32CubeIDE_1.19.0\STM32CubeIDE\plugins\com.st.stm32cube.ide.mcu.externaltools.gnu-tools-for-stm32.13.3.rel1.win32_1.0.0.202411081344\tools\bin\arm-none-eabi-gcc.exe
2026-07-31 10:09:42,781 [INFO] AInterface:1236 - Custom PATH variable: C:/Users/ADMIN/STM32Cube/Repository//Packs/STMicroelectronics/X-CUBE-AI/10.2.1/Utilities/windows;C:/Users/ADMIN/STM32Cube/Repository//Packs/STMicroelectronics/X-CUBE-AI/10.2.1/Utilities/windows/mingw64/bin;C:/Users/ADMIN/STM32Cube/Repository//Packs/STMicroelectronics/X-CUBE-AI/10.2.1/Utilities/windows/mingw64/libexec/gcc/x86_64-w64-mingw32/7.3.0;;C:\ST\STM32CubeIDE_1.19.0\STM32CubeIDE\plugins\com.st.stm32cube.ide.mcu.externaltools.gnu-tools-for-stm32.13.3.rel1.win32_1.0.0.202411081344\tools\bin
2026-07-31 10:09:42,783 [INFO] CmdLine:115 - Command: C:/Users/ADMIN/STM32Cube/Repository//Packs/STMicroelectronics/X-CUBE-AI/10.2.1/Utilities/windows/stedgeai.exe analyze --target stm32l4 --name network -m D:/Anusha_TinyML_FDP/TinyML_Workshop_Nitte-/ONNX/mlp_model.onnx --compression none --verbosity 1 --workspace C:/Users/ADMIN/AppData/Local/Temp/mxAI_workspace90708598621085005899391068870998403 --output C:/Users/ADMIN/.stm32cubemx/network_output
2026-07-31 10:09:42,784 [INFO] AIModelDetailledView:2264 - Analysis status: pending
2026-07-31 10:09:43,624 [INFO] CmdLine:76 - ST Edge AI Core v2.2.0-20266 2adc00962
2026-07-31 10:09:53,541 [INFO] CmdLine:76 - Creating c (debug) info json file C:\Users\ADMIN\.stm32cubemx\network_output\network_c_info.json
2026-07-31 10:09:53,566 [INFO] CmdLine:76 -  
2026-07-31 10:09:53,566 [INFO] CmdLine:76 -  Exec/report summary (analyze)
2026-07-31 10:09:53,566 [INFO] CmdLine:76 -  -------------------------------------------------------------------------------------------------------------
2026-07-31 10:09:53,567 [INFO] CmdLine:76 -  model file         :   D:\Anusha_TinyML_FDP\TinyML_Workshop_Nitte-\ONNX\mlp_model.onnx                       
2026-07-31 10:09:53,567 [INFO] CmdLine:76 -  type               :   onnx                                                                                  
2026-07-31 10:09:53,567 [INFO] CmdLine:76 -  c_name             :   network                                                                               
2026-07-31 10:09:53,567 [INFO] CmdLine:76 -  compression        :   none                                                                                  
2026-07-31 10:09:53,567 [INFO] CmdLine:76 -  options            :   allocate-inputs, allocate-outputs                                                     
2026-07-31 10:09:53,567 [INFO] CmdLine:76 -  optimization       :   balanced                                                                              
2026-07-31 10:09:53,567 [INFO] CmdLine:76 -  target/series      :   stm32l4                                                                               
2026-07-31 10:09:53,567 [INFO] CmdLine:76 -  workspace dir      :   C:\Users\ADMIN\AppData\Local\Temp\mxAI_workspace90708598621085005899391068870998403   
2026-07-31 10:09:53,568 [INFO] CmdLine:76 -  output dir         :   C:\Users\ADMIN\.stm32cubemx\network_output                                            
2026-07-31 10:09:53,568 [INFO] CmdLine:76 -  model_fmt          :   float                                                                                 
2026-07-31 10:09:53,568 [INFO] CmdLine:76 -  model_name         :   mlp_model                                                                             
2026-07-31 10:09:53,568 [INFO] CmdLine:76 -  model_hash         :   0xdeea65ffd24f71ddeacb634c57bdc030                                                    
2026-07-31 10:09:53,568 [INFO] CmdLine:76 -  params #           :   2,693 items (10.52 KiB)                                                               
2026-07-31 10:09:53,568 [INFO] CmdLine:76 -  -------------------------------------------------------------------------------------------------------------
2026-07-31 10:09:53,568 [INFO] CmdLine:76 -  input 1/1          :   'input', f32(1x6), 24 Bytes, activations                                              
2026-07-31 10:09:53,569 [INFO] CmdLine:76 -  output 1/1         :   'output', f32(1x5), 20 Bytes, activations                                             
2026-07-31 10:09:53,569 [INFO] CmdLine:76 -  macc               :   2,789                                                                                 
2026-07-31 10:09:53,570 [INFO] CmdLine:76 -  weights (ro)       :   10,772 B (10.52 KiB) (1 segment)                                                      
2026-07-31 10:09:53,570 [INFO] CmdLine:76 -  activations (rw)   :   384 B (384 B) (1 segment) *                                                           
2026-07-31 10:09:53,570 [INFO] CmdLine:76 -  ram (total)        :   384 B (384 B) = 384 + 0 + 0                                                           
2026-07-31 10:09:53,570 [INFO] CmdLine:76 -  -------------------------------------------------------------------------------------------------------------
2026-07-31 10:09:53,570 [INFO] CmdLine:76 -  (*) 'input'/'output' buffers are allocated in the activations buffer
2026-07-31 10:09:53,573 [INFO] CmdLine:76 - Computing AI RT data/code size (target=stm32l4)..
2026-07-31 10:09:55,076 [INFO] CmdLine:76 -  Model name - mlp_model
2026-07-31 10:09:55,077 [INFO] CmdLine:76 -  ------ ------------------- ------------- ------------- ------- --------------
2026-07-31 10:09:55,078 [INFO] CmdLine:76 -  m_id   layer (original)    oshape        param/size       macc   connected to
2026-07-31 10:09:55,078 [INFO] CmdLine:76 -  ------ ------------------- ------------- ------------- ------- --------------
2026-07-31 10:09:55,078 [INFO] CmdLine:76 -  1      fc1_weight (Gemm)   [b:64,c:6]    384/1,536
2026-07-31 10:09:55,078 [INFO] CmdLine:76 -         fc1_bias (Gemm)     [b:64]        64/256
2026-07-31 10:09:55,079 [INFO] CmdLine:76 -  ------ ------------------- ------------- ------------- ------- --------------
2026-07-31 10:09:55,079 [INFO] CmdLine:76 -  3      fc2_weight (Gemm)   [b:32,c:64]   2,048/8,192
2026-07-31 10:09:55,079 [INFO] CmdLine:76 -         fc2_bias (Gemm)     [b:32]        32/128
2026-07-31 10:09:55,080 [INFO] CmdLine:76 -  ------ ------------------- ------------- ------------- ------- --------------
2026-07-31 10:09:55,080 [INFO] CmdLine:76 -  5      fc3_weight (Gemm)   [b:5,c:32]    160/640
2026-07-31 10:09:55,080 [INFO] CmdLine:76 -         fc3_bias (Gemm)     [b:5]         5/20
2026-07-31 10:09:55,080 [INFO] CmdLine:76 -  ------ ------------------- ------------- ------------- ------- --------------
2026-07-31 10:09:55,081 [INFO] CmdLine:76 -  0      input ()            [b:1,c:6]
2026-07-31 10:09:55,081 [INFO] CmdLine:76 -  ------ ------------------- ------------- ------------- ------- --------------
2026-07-31 10:09:55,081 [INFO] CmdLine:76 -  1      linear (Gemm)       [b:1,c:64]                      448          input
2026-07-31 10:09:55,081 [INFO] CmdLine:76 -                                                                     fc1_weight
2026-07-31 10:09:55,082 [INFO] CmdLine:76 -                                                                       fc1_bias
2026-07-31 10:09:55,082 [INFO] CmdLine:76 -  ------ ------------------- ------------- ------------- ------- --------------
2026-07-31 10:09:55,082 [INFO] CmdLine:76 -  2      relu (Relu)         [b:1,c:64]                       64         linear
2026-07-31 10:09:55,083 [INFO] CmdLine:76 -  ------ ------------------- ------------- ------------- ------- --------------
2026-07-31 10:09:55,083 [INFO] CmdLine:76 -  3      linear_1 (Gemm)     [b:1,c:32]                    2,080           relu
2026-07-31 10:09:55,083 [INFO] CmdLine:76 -                                                                     fc2_weight
2026-07-31 10:09:55,084 [INFO] CmdLine:76 -                                                                       fc2_bias
2026-07-31 10:09:55,084 [INFO] CmdLine:76 -  ------ ------------------- ------------- ------------- ------- --------------
2026-07-31 10:09:55,085 [INFO] CmdLine:76 -  4      relu_1 (Relu)       [b:1,c:32]                       32       linear_1
2026-07-31 10:09:55,085 [INFO] CmdLine:76 -  ------ ------------------- ------------- ------------- ------- --------------
2026-07-31 10:09:55,086 [INFO] CmdLine:76 -  5      output (Gemm)       [b:1,c:5]                       165         relu_1
2026-07-31 10:09:55,086 [INFO] CmdLine:76 -                                                                     fc3_weight
2026-07-31 10:09:55,086 [INFO] CmdLine:76 -                                                                       fc3_bias
2026-07-31 10:09:55,087 [INFO] CmdLine:76 -  ------ ------------------- ------------- ------------- ------- --------------
2026-07-31 10:09:55,087 [INFO] CmdLine:76 -  model: macc=2,789 weights=10,772 activations=-- io=--
2026-07-31 10:09:55,087 [INFO] CmdLine:76 -  Number of operations per c-layer
2026-07-31 10:09:55,088 [INFO] CmdLine:76 -  ------- ------ ----------------------- ------- --------------
2026-07-31 10:09:55,088 [INFO] CmdLine:76 -  c_id    m_id   name (type)                 #op           type
2026-07-31 10:09:55,088 [INFO] CmdLine:76 -  ------- ------ ----------------------- ------- --------------
2026-07-31 10:09:55,089 [INFO] CmdLine:76 -  0       1      linear (Dense)              448   smul_f32_f32
2026-07-31 10:09:55,089 [INFO] CmdLine:76 -  1       2      relu (Nonlinearity)          64     op_f32_f32
2026-07-31 10:09:55,089 [INFO] CmdLine:76 -  2       3      linear_1 (Dense)          2,080   smul_f32_f32
2026-07-31 10:09:55,090 [INFO] CmdLine:76 -  3       4      relu_1 (Nonlinearity)        32     op_f32_f32
2026-07-31 10:09:55,090 [INFO] CmdLine:76 -  4       5      output (Dense)              165   smul_f32_f32
2026-07-31 10:09:55,090 [INFO] CmdLine:76 -  ------- ------ ----------------------- ------- --------------
2026-07-31 10:09:55,090 [INFO] CmdLine:76 -  total                                    2,789
2026-07-31 10:09:55,090 [INFO] CmdLine:76 -  Number of operation types
2026-07-31 10:09:55,091 [INFO] CmdLine:76 -  ---------------- ------- -----------
2026-07-31 10:09:55,091 [INFO] CmdLine:76 -  operation type         #           %
2026-07-31 10:09:55,091 [INFO] CmdLine:76 -  ---------------- ------- -----------
2026-07-31 10:09:55,091 [INFO] CmdLine:76 -  smul_f32_f32       2,693       96.6%
2026-07-31 10:09:55,092 [INFO] CmdLine:76 -  op_f32_f32            96        3.4%
2026-07-31 10:09:55,092 [INFO] CmdLine:76 -  Complexity report (model)
2026-07-31 10:09:55,092 [INFO] CmdLine:76 -  ------ ------------ ------------------------- ------------------------- ------
2026-07-31 10:09:55,092 [INFO] CmdLine:76 -  m_id   name         c_macc                    c_rom                     c_id
2026-07-31 10:09:55,093 [INFO] CmdLine:76 -  ------ ------------ ------------------------- ------------------------- ------
2026-07-31 10:09:55,093 [INFO] CmdLine:76 -  1      fc1_weight   ||||              16.1%   ||||              16.6%   [0]
2026-07-31 10:09:55,093 [INFO] CmdLine:76 -  3      fc2_weight   ||||||||||||||||  74.6%   ||||||||||||||||  77.2%   [2]
2026-07-31 10:09:55,093 [INFO] CmdLine:76 -  5      fc3_weight   ||                 5.9%   ||                 6.1%   [4]
2026-07-31 10:09:55,094 [INFO] CmdLine:76 -  2      relu         |                  2.3%   |                  0.0%   [1]
2026-07-31 10:09:55,094 [INFO] CmdLine:76 -  4      relu_1       |                  1.1%   |                  0.0%   [3]
2026-07-31 10:09:55,094 [INFO] CmdLine:76 -  ------ ------------ ------------------------- ------------------------- ------
2026-07-31 10:09:55,094 [INFO] CmdLine:76 -  macc=2,789 weights=10,772 act=384 ram_io=0
2026-07-31 10:09:55,095 [INFO] CmdLine:76 -  Requested memory size by section - "stm32l4" target
2026-07-31 10:09:55,095 [INFO] CmdLine:76 -  ------------------------------ ------- -------- ------- -----
2026-07-31 10:09:55,095 [INFO] CmdLine:76 -  module                            text   rodata    data   bss
2026-07-31 10:09:55,095 [INFO] CmdLine:76 -  ------------------------------ ------- -------- ------- -----
2026-07-31 10:09:55,096 [INFO] CmdLine:76 -  NetworkRuntime1020_CM4_GCC.a     6,452        0       0     0
2026-07-31 10:09:55,096 [INFO] CmdLine:76 -  network.o                          528       40   1,584   140
2026-07-31 10:09:55,096 [INFO] CmdLine:76 -  network_data.o                      48       16      88     0
2026-07-31 10:09:55,096 [INFO] CmdLine:76 -  lib (toolchain)*                     0        0       0     0
2026-07-31 10:09:55,096 [INFO] CmdLine:76 -  ------------------------------ ------- -------- ------- -----
2026-07-31 10:09:55,097 [INFO] CmdLine:76 -  RT total**                       7,028       56   1,672   140
2026-07-31 10:09:55,097 [INFO] CmdLine:76 -  ------------------------------ ------- -------- ------- -----
2026-07-31 10:09:55,097 [INFO] CmdLine:76 -  weights                              0   10,776       0     0
2026-07-31 10:09:55,097 [INFO] CmdLine:76 -  activations                          0        0       0   384
2026-07-31 10:09:55,097 [INFO] CmdLine:76 -  io                                   0        0       0     0
2026-07-31 10:09:55,098 [INFO] CmdLine:76 -  ------------------------------ ------- -------- ------- -----
2026-07-31 10:09:55,098 [INFO] CmdLine:76 -  TOTAL                            7,028   10,832   1,672   524
2026-07-31 10:09:55,098 [INFO] CmdLine:76 -  ------------------------------ ------- -------- ------- -----
2026-07-31 10:09:55,098 [INFO] CmdLine:76 -  *  toolchain objects (libm/libgcc*)
2026-07-31 10:09:55,098 [INFO] CmdLine:76 -  ** RT AI runtime objects (kernels+infrastructure)
2026-07-31 10:09:55,099 [INFO] CmdLine:76 -   Summary - "stm32l4" target
2026-07-31 10:09:55,099 [INFO] CmdLine:76 -   ---------------------------------------------------
2026-07-31 10:09:55,099 [INFO] CmdLine:76 -                FLASH (ro)      %*   RAM (rw)       %
2026-07-31 10:09:55,099 [INFO] CmdLine:76 -   ---------------------------------------------------
2026-07-31 10:09:55,099 [INFO] CmdLine:76 -   RT total          8,756   44.8%      1,812   82.5%
2026-07-31 10:09:55,099 [INFO] CmdLine:76 -   ---------------------------------------------------
2026-07-31 10:09:55,099 [INFO] CmdLine:76 -   TOTAL            19,532              2,196
2026-07-31 10:09:55,099 [INFO] CmdLine:76 -   ---------------------------------------------------
2026-07-31 10:09:55,100 [INFO] CmdLine:76 -   *  rt/total
2026-07-31 10:09:55,100 [INFO] CmdLine:76 - Creating txt report file C:\Users\ADMIN\.stm32cubemx\network_output\network_analyze_report.txt
2026-07-31 10:09:56,011 [INFO] CmdLine:76 - elapsed time (analyze): 12.386s
2026-07-31 10:09:56,613 [INFO] CmdLine:148 - stedgeai exit with status: 0
2026-07-31 10:09:56,624 [INFO] AIModelDetailledView:2598 - Analyze complete on AI model
2026-07-31 10:09:56,626 [INFO] AIModelDetailledView:2264 - Analysis status: done
2026-07-31 10:09:56,636 [ERROR] LogOutputStream:75 - [STDERR_REDIRECT] Exception in thread "AWT-EventQueue-0" java.lang.ClassCastException: class javax.swing.SwingUtilities$SharedOwnerFrame cannot be cast to class com.st.microxplorer.maingui.MainFrame (javax.swing.SwingUtilities$SharedOwnerFrame is in module java.desktop of loader 'bootstrap'; com.st.microxplorer.maingui.MainFrame is in unnamed module of loader org.eclipse.osgi.internal.loader.EquinoxClassLoader @3303e89e)
2026-07-31 10:09:56,638 [ERROR] LogOutputStream:75 - [STDERR_REDIRECT] 	at com.st.microxplorer.plugins.ip.ai.model.AIAdvancedSettingsData.saveSettings(AIAdvancedSettingsData.java:655)
2026-07-31 10:09:56,641 [ERROR] LogOutputStream:75 - [STDERR_REDIRECT] 	at com.st.microxplorer.plugins.ip.ai.model.AIAdvancedSettingsData.cmdSaveSettings(AIAdvancedSettingsData.java:527)
2026-07-31 10:09:56,642 [ERROR] LogOutputStream:75 - [STDERR_REDIRECT] 	at com.st.microxplorer.plugins.ip.ai.gui.AIModelDetailledView.saveData(AIModelDetailledView.java:471)
2026-07-31 10:09:56,644 [ERROR] LogOutputStream:75 - [STDERR_REDIRECT] 	at com.st.microxplorer.plugins.ip.ai.gui.AIMainUI.saveModelDataNeededForGeneration(AIMainUI.java:912)
2026-07-31 10:09:56,645 [ERROR] LogOutputStream:75 - [STDERR_REDIRECT] 	at com.st.microxplorer.plugins.ip.ai.gui.AITopWindow.saveModelsData(AITopWindow.java:253)
2026-07-31 10:09:56,646 [ERROR] LogOutputStream:75 - [STDERR_REDIRECT] 	at com.st.microxplorer.plugins.ip.ai.AI.propertyChange(AI.java:1654)
2026-07-31 10:09:56,647 [ERROR] LogOutputStream:75 - [STDERR_REDIRECT] 	at java.desktop/java.beans.PropertyChangeSupport.fire(PropertyChangeSupport.java:343)
2026-07-31 10:09:56,648 [ERROR] LogOutputStream:75 - [STDERR_REDIRECT] 	at java.desktop/java.beans.PropertyChangeSupport.firePropertyChange(PropertyChangeSupport.java:335)
2026-07-31 10:09:56,650 [ERROR] LogOutputStream:75 - [STDERR_REDIRECT] 	at java.desktop/java.beans.PropertyChangeSupport.firePropertyChange(PropertyChangeSupport.java:268)
2026-07-31 10:09:56,651 [ERROR] LogOutputStream:75 - [STDERR_REDIRECT] 	at com.st.microxplorer.util.MXPropertyChangeSupport.firePropertyChange(MXPropertyChangeSupport.java:54)
2026-07-31 10:09:56,652 [ERROR] LogOutputStream:75 - [STDERR_REDIRECT] 	at com.st.microxplorer.mxsystem.MxSystem.completeSaveConfig(MxSystem.java:843)
2026-07-31 10:09:56,654 [ERROR] LogOutputStream:75 - [STDERR_REDIRECT] 	at com.st.microxplorer.plugins.filemanager.engine.SaveFileManager.saveConfiguration(SaveFileManager.java:125)
2026-07-31 10:09:56,656 [ERROR] LogOutputStream:75 - [STDERR_REDIRECT] 	at com.st.microxplorer.plugins.filemanager.engine.MainFileManager.userSaveConfig(MainFileManager.java:482)
2026-07-31 10:09:56,657 [ERROR] LogOutputStream:75 - [STDERR_REDIRECT] 	at com.st.microxplorer.plugins.filemanager.FileManagerView.getSpecificTask(FileManagerView.java:280)
2026-07-31 10:09:56,658 [ERROR] LogOutputStream:75 - [STDERR_REDIRECT] 	at com.st.stm32cube.common.mx.editor.CubeMxEditor$9.run(CubeMxEditor.java:690)
2026-07-31 10:09:56,660 [ERROR] LogOutputStream:75 - [STDERR_REDIRECT] 	at com.st.stm32cube.common.mx.oss.core.awtswtbridge.AwtEnvironment$2.run(AwtEnvironment.java:166)
2026-07-31 10:09:56,661 [ERROR] LogOutputStream:75 - [STDERR_REDIRECT] 	at java.desktop/java.awt.event.InvocationEvent.dispatch(InvocationEvent.java:318)
2026-07-31 10:09:56,663 [ERROR] LogOutputStream:75 - [STDERR_REDIRECT] 	at java.desktop/java.awt.EventQueue.dispatchEventImpl(EventQueue.java:773)
2026-07-31 10:09:56,664 [ERROR] LogOutputStream:75 - [STDERR_REDIRECT] 	at java.desktop/java.awt.EventQueue$4.run(EventQueue.java:720)
2026-07-31 10:09:56,664 [ERROR] LogOutputStream:75 - [STDERR_REDIRECT] 	at java.desktop/java.awt.EventQueue$4.run(EventQueue.java:714)
2026-07-31 10:09:56,666 [ERROR] LogOutputStream:75 - [STDERR_REDIRECT] 	at java.base/java.security.AccessController.doPrivileged(AccessController.java:400)
2026-07-31 10:09:56,667 [ERROR] LogOutputStream:75 - [STDERR_REDIRECT] 	at java.base/java.security.ProtectionDomain$JavaSecurityAccessImpl.doIntersectionPrivilege(ProtectionDomain.java:87)
2026-07-31 10:09:56,668 [ERROR] LogOutputStream:75 - [STDERR_REDIRECT] 	at java.desktop/java.awt.EventQueue.dispatchEvent(EventQueue.java:742)
2026-07-31 10:09:56,670 [ERROR] LogOutputStream:75 - [STDERR_REDIRECT] 	at java.desktop/java.awt.EventDispatchThread.pumpOneEventForFilters(EventDispatchThread.java:203)
2026-07-31 10:09:56,672 [ERROR] LogOutputStream:75 - [STDERR_REDIRECT] 	at java.desktop/java.awt.EventDispatchThread.pumpEventsForFilter(EventDispatchThread.java:124)
2026-07-31 10:09:56,673 [ERROR] LogOutputStream:75 - [STDERR_REDIRECT] 	at java.desktop/java.awt.EventDispatchThread.pumpEventsForHierarchy(EventDispatchThread.java:113)
2026-07-31 10:09:56,674 [ERROR] LogOutputStream:75 - [STDERR_REDIRECT] 	at java.desktop/java.awt.EventDispatchThread.pumpEvents(EventDispatchThread.java:109)
2026-07-31 10:09:56,676 [ERROR] LogOutputStream:75 - [STDERR_REDIRECT] 	at java.desktop/java.awt.EventDispatchThread.pumpEvents(EventDispatchThread.java:101)
2026-07-31 10:09:56,677 [ERROR] LogOutputStream:75 - [STDERR_REDIRECT] 	at java.desktop/java.awt.EventDispatchThread.run(EventDispatchThread.java:90)
2026-07-31 10:10:01,860 [INFO] UtilMem:75 - End SaveConfig() Used Memory: 790787224 Bytes (1073741824)
2026-07-31 10:10:03,328 [INFO] UtilMem:75 - End SaveConfig() Used Memory: 979559216 Bytes (1073741824)
2026-07-31 10:10:05,079 [INFO] UtilMem:75 - End SaveConfig() Used Memory: 626727976 Bytes (1073741824)
2026-07-31 10:10:06,139 [INFO] BlockDiagram:2775 - set Specific Code input for plugin: SYS
2026-07-31 10:10:06,139 [INFO] BlockDiagram:2775 - set Specific Code input for plugin: RCC
2026-07-31 10:10:06,139 [INFO] BlockDiagram:2775 - set Specific Code input for plugin: I2C
2026-07-31 10:10:06,139 [INFO] BlockDiagram:2775 - set Specific Code input for plugin: NVIC
2026-07-31 10:10:06,139 [INFO] BlockDiagram:2775 - set Specific Code input for plugin: USART
2026-07-31 10:10:06,139 [INFO] BlockDiagram:2775 - set Specific Code input for plugin: STMicroelectronics.X-CUBE-AI.10.2.1
2026-07-31 10:10:06,140 [INFO] BlockDiagram:2775 - set Specific Code input for plugin: GPIO
2026-07-31 10:10:06,152 [INFO] CodeGenerator:892 - code generatio: config db path: C:\ST\STM32CubeIDE_1.19.0\STM32CubeIDE\plugins\com.st.stm32cube.common.mx_6.15.0.202507011659\\db\
2026-07-31 10:10:06,403 [INFO] IP:3329 - RTE Config file name : RTE_Component
2026-07-31 10:10:06,403 [INFO] IP:3347 - RTE template : RTE_Components.ftl
2026-07-31 10:10:06,411 [INFO] CodeEngine:265 - oldGeneratedFile, D:\Anusha_TinyML_FDP\TinyML_Workshop_Nitte-\STM32\Deep_Learning_Inference\MXTmpFiles\license.tmp_save
2026-07-31 10:10:06,627 [INFO] CodeEngine:289 - Generated code: D:\Anusha_TinyML_FDP\TinyML_Workshop_Nitte-\STM32\Deep_Learning_Inference\MXTmpFiles\license.tmp
2026-07-31 10:10:06,654 [INFO] CodeEngine:265 - oldGeneratedFile, D:\Anusha_TinyML_FDP\TinyML_Workshop_Nitte-\STM32\Deep_Learning_Inference\MXTmpFiles\gpio.tmp_save
2026-07-31 10:10:06,803 [INFO] CodeEngine:289 - Generated code: D:\Anusha_TinyML_FDP\TinyML_Workshop_Nitte-\STM32\Deep_Learning_Inference\MXTmpFiles\gpio.tmp
2026-07-31 10:10:06,953 [INFO] Middleware:1452 - No code input for Bsp Dependency
2026-07-31 10:10:06,957 [INFO] Middleware:1452 - No code input for Bsp Dependency
2026-07-31 10:10:06,971 [INFO] CodeEngine:265 - oldGeneratedFile, D:\Anusha_TinyML_FDP\TinyML_Workshop_Nitte-\STM32\Deep_Learning_Inference\Core\Src\stm32l4xx_it.c_save
2026-07-31 10:10:07,107 [INFO] CodeEngine:289 - Generated code: D:\Anusha_TinyML_FDP\TinyML_Workshop_Nitte-\STM32\Deep_Learning_Inference\Core\Src\stm32l4xx_it.c
2026-07-31 10:10:07,113 [INFO] CodeEngine:265 - oldGeneratedFile, D:\Anusha_TinyML_FDP\TinyML_Workshop_Nitte-\STM32\Deep_Learning_Inference\Core\Inc\stm32l4xx_it.h_save
2026-07-31 10:10:07,212 [INFO] CodeEngine:289 - Generated code: D:\Anusha_TinyML_FDP\TinyML_Workshop_Nitte-\STM32\Deep_Learning_Inference\Core\Inc\stm32l4xx_it.h
2026-07-31 10:10:07,231 [INFO] CodeEngine:265 - oldGeneratedFile, D:\Anusha_TinyML_FDP\TinyML_Workshop_Nitte-\STM32\Deep_Learning_Inference\Core\Src\stm32l4xx_hal_msp.c_save
2026-07-31 10:10:07,399 [INFO] CodeEngine:289 - Generated code: D:\Anusha_TinyML_FDP\TinyML_Workshop_Nitte-\STM32\Deep_Learning_Inference\Core\Src\stm32l4xx_hal_msp.c
2026-07-31 10:10:07,404 [INFO] CodeEngine:265 - oldGeneratedFile, D:\Anusha_TinyML_FDP\TinyML_Workshop_Nitte-\STM32\Deep_Learning_Inference\MXTmpFiles\system.tmp_save
2026-07-31 10:10:07,492 [INFO] CodeEngine:289 - Generated code: D:\Anusha_TinyML_FDP\TinyML_Workshop_Nitte-\STM32\Deep_Learning_Inference\MXTmpFiles\system.tmp
2026-07-31 10:10:07,504 [INFO] CodeEngine:321 - oldGeneratedFile, D:\Anusha_TinyML_FDP\TinyML_Workshop_Nitte-\STM32\Deep_Learning_Inference\Core\Inc\stm32l4xx_hal_conf.h_save
2026-07-31 10:10:07,605 [INFO] CodeEngine:345 - Generated code: D:\Anusha_TinyML_FDP\TinyML_Workshop_Nitte-\STM32\Deep_Learning_Inference\Core\Inc\stm32l4xx_hal_conf.h
2026-07-31 10:10:07,634 [INFO] CodeEngine:265 - oldGeneratedFile, D:\Anusha_TinyML_FDP\TinyML_Workshop_Nitte-\STM32\Deep_Learning_Inference\Core\Inc\main.h_save
2026-07-31 10:10:07,734 [INFO] CodeEngine:289 - Generated code: D:\Anusha_TinyML_FDP\TinyML_Workshop_Nitte-\STM32\Deep_Learning_Inference\Core\Inc\main.h
2026-07-31 10:10:07,740 [INFO] CodeEngine:265 - oldGeneratedFile, D:\Anusha_TinyML_FDP\TinyML_Workshop_Nitte-\STM32\Deep_Learning_Inference\Core\Src\main.c_save
2026-07-31 10:10:07,889 [INFO] CodeEngine:289 - Generated code: D:\Anusha_TinyML_FDP\TinyML_Workshop_Nitte-\STM32\Deep_Learning_Inference\Core\Src\main.c
2026-07-31 10:10:08,082 [INFO] AInterface:322 - ModelName:network; files:[D:\Anusha_TinyML_FDP\TinyML_Workshop_Nitte-\ONNX\mlp_model.onnx]; type:ONNX; compression:None
2026-07-31 10:10:08,082 [INFO] AInterface:526 - workspaceTempDir: C:/Users/ADMIN/AppData/Local/Temp/mxAI_workspace907088517472130018427315516388203282
2026-07-31 10:10:08,083 [INFO] AInterface:1179 - Setting Env: C:/Users/ADMIN/STM32Cube/Repository//Packs/STMicroelectronics/X-CUBE-AI/10.2.1/Utilities/windows
2026-07-31 10:10:08,089 [INFO] STM32CubeIDEBuilder:265 - Looking for gnu-tools-for-stm32 tools/bin/arm-none-eabi-gcc.exe in C:\ST\STM32CubeIDE_1.19.0\STM32CubeIDE
2026-07-31 10:10:08,091 [INFO] STM32CubeIDEBuilder:294 - checking C:\ST\STM32CubeIDE_1.19.0\STM32CubeIDE\plugins\com.st.stm32cube.ide.mcu.externaltools.gnu-tools-for-stm32.13.3.rel1.win32_1.0.0.202411081344\tools\bin\arm-none-eabi-gcc.exe
2026-07-31 10:10:08,092 [INFO] STM32CubeIDEBuilder:297 - ret=C:\ST\STM32CubeIDE_1.19.0\STM32CubeIDE\plugins\com.st.stm32cube.ide.mcu.externaltools.gnu-tools-for-stm32.13.3.rel1.win32_1.0.0.202411081344\tools\bin\arm-none-eabi-gcc.exe
2026-07-31 10:10:08,092 [INFO] STM32CubeIDEBuilder:311 - returning C:\ST\STM32CubeIDE_1.19.0\STM32CubeIDE\plugins\com.st.stm32cube.ide.mcu.externaltools.gnu-tools-for-stm32.13.3.rel1.win32_1.0.0.202411081344\tools\bin\arm-none-eabi-gcc.exe
2026-07-31 10:10:08,093 [INFO] AInterface:1236 - Custom PATH variable: C:/Users/ADMIN/STM32Cube/Repository//Packs/STMicroelectronics/X-CUBE-AI/10.2.1/Utilities/windows;C:/Users/ADMIN/STM32Cube/Repository//Packs/STMicroelectronics/X-CUBE-AI/10.2.1/Utilities/windows/mingw64/bin;C:/Users/ADMIN/STM32Cube/Repository//Packs/STMicroelectronics/X-CUBE-AI/10.2.1/Utilities/windows/mingw64/libexec/gcc/x86_64-w64-mingw32/7.3.0;;C:\ST\STM32CubeIDE_1.19.0\STM32CubeIDE\plugins\com.st.stm32cube.ide.mcu.externaltools.gnu-tools-for-stm32.13.3.rel1.win32_1.0.0.202411081344\tools\bin
2026-07-31 10:10:08,094 [INFO] CmdLine:115 - Command: C:/Users/ADMIN/STM32Cube/Repository//Packs/STMicroelectronics/X-CUBE-AI/10.2.1/Utilities/windows/stedgeai.exe generate --target stm32l4 --name network -m D:/Anusha_TinyML_FDP/TinyML_Workshop_Nitte-/ONNX/mlp_model.onnx --compression none --verbosity 1 --workspace C:/Users/ADMIN/AppData/Local/Temp/mxAI_workspace907088517472130018427315516388203282 --output C:/Users/ADMIN/.stm32cubemx/network_output
2026-07-31 10:10:08,095 [INFO] AIModelDetailledView:2264 - Analysis status: pending
2026-07-31 10:10:08,916 [INFO] CmdLine:76 - ST Edge AI Core v2.2.0-20266 2adc00962
2026-07-31 10:10:18,706 [INFO] CmdLine:76 - Creating c (debug) info json file C:\Users\ADMIN\.stm32cubemx\network_output\network_c_info.json
2026-07-31 10:10:18,730 [INFO] CmdLine:76 -  
2026-07-31 10:10:18,730 [INFO] CmdLine:76 -  Exec/report summary (generate)
2026-07-31 10:10:18,730 [INFO] CmdLine:76 -  --------------------------------------------------------------------------------------------------------------
2026-07-31 10:10:18,731 [INFO] CmdLine:76 -  model file         :   D:\Anusha_TinyML_FDP\TinyML_Workshop_Nitte-\ONNX\mlp_model.onnx                        
2026-07-31 10:10:18,731 [INFO] CmdLine:76 -  type               :   onnx                                                                                   
2026-07-31 10:10:18,731 [INFO] CmdLine:76 -  c_name             :   network                                                                                
2026-07-31 10:10:18,731 [INFO] CmdLine:76 -  compression        :   none                                                                                   
2026-07-31 10:10:18,731 [INFO] CmdLine:76 -  options            :   allocate-inputs, allocate-outputs                                                      
2026-07-31 10:10:18,731 [INFO] CmdLine:76 -  optimization       :   balanced                                                                               
2026-07-31 10:10:18,731 [INFO] CmdLine:76 -  target/series      :   stm32l4                                                                                
2026-07-31 10:10:18,731 [INFO] CmdLine:76 -  workspace dir      :   C:\Users\ADMIN\AppData\Local\Temp\mxAI_workspace907088517472130018427315516388203282   
2026-07-31 10:10:18,731 [INFO] CmdLine:76 -  output dir         :   C:\Users\ADMIN\.stm32cubemx\network_output                                             
2026-07-31 10:10:18,731 [INFO] CmdLine:76 -  model_fmt          :   float                                                                                  
2026-07-31 10:10:18,731 [INFO] CmdLine:76 -  model_name         :   mlp_model                                                                              
2026-07-31 10:10:18,731 [INFO] CmdLine:76 -  model_hash         :   0xdeea65ffd24f71ddeacb634c57bdc030                                                     
2026-07-31 10:10:18,731 [INFO] CmdLine:76 -  params #           :   2,693 items (10.52 KiB)                                                                
2026-07-31 10:10:18,732 [INFO] CmdLine:76 -  --------------------------------------------------------------------------------------------------------------
2026-07-31 10:10:18,732 [INFO] CmdLine:76 -  input 1/1          :   'input', f32(1x6), 24 Bytes, activations                                               
2026-07-31 10:10:18,732 [INFO] CmdLine:76 -  output 1/1         :   'output', f32(1x5), 20 Bytes, activations                                              
2026-07-31 10:10:18,732 [INFO] CmdLine:76 -  macc               :   2,789                                                                                  
2026-07-31 10:10:18,732 [INFO] CmdLine:76 -  weights (ro)       :   10,772 B (10.52 KiB) (1 segment)                                                       
2026-07-31 10:10:18,732 [INFO] CmdLine:76 -  activations (rw)   :   384 B (384 B) (1 segment) *                                                            
2026-07-31 10:10:18,732 [INFO] CmdLine:76 -  ram (total)        :   384 B (384 B) = 384 + 0 + 0                                                            
2026-07-31 10:10:18,732 [INFO] CmdLine:76 -  --------------------------------------------------------------------------------------------------------------
2026-07-31 10:10:18,732 [INFO] CmdLine:76 -  (*) 'input'/'output' buffers are allocated in the activations buffer
2026-07-31 10:10:18,739 [INFO] CmdLine:76 - Computing AI RT data/code size (target=stm32l4)..
2026-07-31 10:10:20,314 [INFO] CmdLine:76 -  Requested memory size by section - "stm32l4" target
2026-07-31 10:10:20,314 [INFO] CmdLine:76 -  ------------------------------ ------- -------- ------- -----
2026-07-31 10:10:20,315 [INFO] CmdLine:76 -  module                            text   rodata    data   bss
2026-07-31 10:10:20,315 [INFO] CmdLine:76 -  ------------------------------ ------- -------- ------- -----
2026-07-31 10:10:20,316 [INFO] CmdLine:76 -  NetworkRuntime1020_CM4_GCC.a     6,452        0       0     0
2026-07-31 10:10:20,316 [INFO] CmdLine:76 -  network.o                          528       40   1,584   140
2026-07-31 10:10:20,316 [INFO] CmdLine:76 -  network_data.o                      48       16      88     0
2026-07-31 10:10:20,316 [INFO] CmdLine:76 -  lib (toolchain)*                     0        0       0     0
2026-07-31 10:10:20,317 [INFO] CmdLine:76 -  ------------------------------ ------- -------- ------- -----
2026-07-31 10:10:20,317 [INFO] CmdLine:76 -  RT total**                       7,028       56   1,672   140
2026-07-31 10:10:20,317 [INFO] CmdLine:76 -  ------------------------------ ------- -------- ------- -----
2026-07-31 10:10:20,317 [INFO] CmdLine:76 -  weights                              0   10,776       0     0
2026-07-31 10:10:20,317 [INFO] CmdLine:76 -  activations                          0        0       0   384
2026-07-31 10:10:20,318 [INFO] CmdLine:76 -  io                                   0        0       0     0
2026-07-31 10:10:20,318 [INFO] CmdLine:76 -  ------------------------------ ------- -------- ------- -----
2026-07-31 10:10:20,318 [INFO] CmdLine:76 -  TOTAL                            7,028   10,832   1,672   524
2026-07-31 10:10:20,318 [INFO] CmdLine:76 -  ------------------------------ ------- -------- ------- -----
2026-07-31 10:10:20,318 [INFO] CmdLine:76 -  *  toolchain objects (libm/libgcc*)
2026-07-31 10:10:20,319 [INFO] CmdLine:76 -  ** RT AI runtime objects (kernels+infrastructure)
2026-07-31 10:10:20,319 [INFO] CmdLine:76 -   Summary - "stm32l4" target
2026-07-31 10:10:20,319 [INFO] CmdLine:76 -   ---------------------------------------------------
2026-07-31 10:10:20,319 [INFO] CmdLine:76 -                FLASH (ro)      %*   RAM (rw)       %
2026-07-31 10:10:20,319 [INFO] CmdLine:76 -   ---------------------------------------------------
2026-07-31 10:10:20,320 [INFO] CmdLine:76 -   RT total          8,756   44.8%      1,812   82.5%
2026-07-31 10:10:20,320 [INFO] CmdLine:76 -   ---------------------------------------------------
2026-07-31 10:10:20,320 [INFO] CmdLine:76 -   TOTAL            19,532              2,196
2026-07-31 10:10:20,320 [INFO] CmdLine:76 -   ---------------------------------------------------
2026-07-31 10:10:20,320 [INFO] CmdLine:76 -   *  rt/total
2026-07-31 10:10:20,321 [INFO] CmdLine:76 -  Generated files (7)
2026-07-31 10:10:20,321 [INFO] CmdLine:76 -  ------------------------------------------------------------------
2026-07-31 10:10:20,322 [INFO] CmdLine:76 -  C:\Users\ADMIN\.stm32cubemx\network_output\network_data_params.h
2026-07-31 10:10:20,322 [INFO] CmdLine:76 -  C:\Users\ADMIN\.stm32cubemx\network_output\network_data_params.c
2026-07-31 10:10:20,323 [INFO] CmdLine:76 -  C:\Users\ADMIN\.stm32cubemx\network_output\network_data.h
2026-07-31 10:10:20,323 [INFO] CmdLine:76 -  C:\Users\ADMIN\.stm32cubemx\network_output\network_data.c
2026-07-31 10:10:20,324 [INFO] CmdLine:76 -  C:\Users\ADMIN\.stm32cubemx\network_output\network_config.h
2026-07-31 10:10:20,324 [INFO] CmdLine:76 -  C:\Users\ADMIN\.stm32cubemx\network_output\network.h
2026-07-31 10:10:20,325 [INFO] CmdLine:76 -  C:\Users\ADMIN\.stm32cubemx\network_output\network.c
2026-07-31 10:10:20,325 [INFO] CmdLine:76 - Creating txt report file C:\Users\ADMIN\.stm32cubemx\network_output\network_generate_report.txt
2026-07-31 10:10:33,290 [INFO] CmdLine:76 - elapsed time (generate): 24.376s
2026-07-31 10:10:33,898 [INFO] CmdLine:148 - stedgeai exit with status: 0
2026-07-31 10:10:33,907 [INFO] AIModelDetailledView:2264 - Analysis status: done
2026-07-31 10:10:34,374 [INFO] ProjectBuilder:3606 - Time for Copy HAL[1] : 175mS.
2026-07-31 10:10:34,374 [ERROR] Middleware:2950 - Invalid RefComponent list
2026-07-31 10:10:34,375 [ERROR] Middleware:2950 - Invalid RefComponent list
2026-07-31 10:10:34,375 [ERROR] Middleware:2950 - Invalid RefComponent list
2026-07-31 10:10:34,375 [ERROR] Middleware:2950 - Invalid RefComponent list
2026-07-31 10:10:34,375 [ERROR] Middleware:2950 - Invalid RefComponent list
2026-07-31 10:10:34,375 [ERROR] Middleware:2950 - Invalid RefComponent list
2026-07-31 10:10:34,375 [ERROR] Middleware:2950 - Invalid RefComponent list
2026-07-31 10:10:34,375 [ERROR] Middleware:2950 - Invalid RefComponent list
2026-07-31 10:10:34,375 [ERROR] Middleware:2950 - Invalid RefComponent list
2026-07-31 10:10:34,375 [ERROR] Middleware:2950 - Invalid RefComponent list
2026-07-31 10:10:34,375 [ERROR] Middleware:2950 - Invalid RefComponent list
2026-07-31 10:10:34,375 [ERROR] Middleware:2950 - Invalid RefComponent list
2026-07-31 10:10:34,375 [ERROR] Middleware:2950 - Invalid RefComponent list
2026-07-31 10:10:34,375 [ERROR] Middleware:2950 - Invalid RefComponent list
2026-07-31 10:10:34,375 [ERROR] Middleware:2950 - Invalid RefComponent list
2026-07-31 10:10:34,375 [ERROR] Middleware:2950 - Invalid RefComponent list
2026-07-31 10:10:34,375 [ERROR] Middleware:2950 - Invalid RefComponent list
2026-07-31 10:10:34,375 [ERROR] Middleware:2950 - Invalid RefComponent list
2026-07-31 10:10:34,375 [ERROR] Middleware:2950 - Invalid RefComponent list
2026-07-31 10:10:34,375 [ERROR] Middleware:2950 - Invalid RefComponent list
2026-07-31 10:10:34,375 [ERROR] Middleware:2950 - Invalid RefComponent list
2026-07-31 10:10:34,375 [ERROR] Middleware:2950 - Invalid RefComponent list
2026-07-31 10:10:34,375 [ERROR] Middleware:2950 - Invalid RefComponent list
2026-07-31 10:10:34,375 [ERROR] Middleware:2950 - Invalid RefComponent list
2026-07-31 10:10:34,375 [ERROR] Middleware:2950 - Invalid RefComponent list
2026-07-31 10:10:34,375 [ERROR] Middleware:2950 - Invalid RefComponent list
2026-07-31 10:10:34,375 [ERROR] Middleware:2950 - Invalid RefComponent list
2026-07-31 10:10:34,375 [ERROR] Middleware:2950 - Invalid RefComponent list
2026-07-31 10:10:34,376 [ERROR] Middleware:2950 - Invalid RefComponent list
2026-07-31 10:10:34,376 [ERROR] Middleware:2950 - Invalid RefComponent list
2026-07-31 10:10:34,376 [ERROR] Middleware:2950 - Invalid RefComponent list
2026-07-31 10:10:34,376 [ERROR] Middleware:2950 - Invalid RefComponent list
2026-07-31 10:10:34,376 [ERROR] Middleware:2950 - Invalid RefComponent list
2026-07-31 10:10:34,376 [ERROR] Middleware:2950 - Invalid RefComponent list
2026-07-31 10:10:34,376 [ERROR] Middleware:2950 - Invalid RefComponent list
2026-07-31 10:10:34,376 [ERROR] Middleware:2950 - Invalid RefComponent list
2026-07-31 10:10:34,376 [ERROR] Middleware:2950 - Invalid RefComponent list
2026-07-31 10:10:34,376 [ERROR] Middleware:2950 - Invalid RefComponent list
2026-07-31 10:10:34,376 [ERROR] Middleware:2950 - Invalid RefComponent list
2026-07-31 10:10:34,376 [ERROR] Middleware:2950 - Invalid RefComponent list
2026-07-31 10:10:34,376 [ERROR] Middleware:2950 - Invalid RefComponent list
2026-07-31 10:10:34,376 [ERROR] Middleware:2950 - Invalid RefComponent list
2026-07-31 10:10:34,376 [ERROR] Middleware:2950 - Invalid RefComponent list
2026-07-31 10:10:34,376 [ERROR] Middleware:2950 - Invalid RefComponent list
2026-07-31 10:10:34,376 [ERROR] Middleware:2950 - Invalid RefComponent list
2026-07-31 10:10:34,376 [ERROR] Middleware:2950 - Invalid RefComponent list
2026-07-31 10:10:34,376 [ERROR] Middleware:2950 - Invalid RefComponent list
2026-07-31 10:10:34,376 [ERROR] Middleware:2950 - Invalid RefComponent list
2026-07-31 10:10:34,376 [ERROR] Middleware:2950 - Invalid RefComponent list
2026-07-31 10:10:34,376 [ERROR] Middleware:2950 - Invalid RefComponent list
2026-07-31 10:10:34,380 [INFO] ProjectBuilder:5216 - Project Generator version: 4.7.0-B52
2026-07-31 10:10:34,469 [INFO] ConfigFileManager:1595 - The Die is : DIE470
2026-07-31 10:10:36,035 [INFO] ProjectBuilder:5496 - Time for Generating toolchain IDE Files: 1655mS.
2026-07-31 10:10:36,036 [INFO] ProjectBuilder:3463 - Time for Copy CMSIS : 0mS.
2026-07-31 10:10:36,038 [INFO] ProjectBuilder:3463 - Time for Copy CMSIS : 0mS.
2026-07-31 10:17:31,272 [INFO] UtilMem:75 - End SaveConfig() Used Memory: 978261152 Bytes (1073741824)
2026-07-31 10:17:33,334 [INFO] UtilMem:75 - End SaveConfig() Used Memory: 661052640 Bytes (1073741824)
2026-07-31 10:17:33,571 [INFO] UtilMem:75 - End SaveConfig() Used Memory: 751752416 Bytes (1073741824)
2026-07-31 10:17:33,837 [INFO] BlockDiagram:2775 - set Specific Code input for plugin: SYS
2026-07-31 10:17:33,838 [INFO] BlockDiagram:2775 - set Specific Code input for plugin: RCC
2026-07-31 10:17:33,838 [INFO] BlockDiagram:2775 - set Specific Code input for plugin: I2C
2026-07-31 10:17:33,838 [INFO] BlockDiagram:2775 - set Specific Code input for plugin: NVIC
2026-07-31 10:17:33,838 [INFO] BlockDiagram:2775 - set Specific Code input for plugin: USART
2026-07-31 10:17:33,838 [INFO] BlockDiagram:2775 - set Specific Code input for plugin: STMicroelectronics.X-CUBE-AI.10.2.1
2026-07-31 10:17:33,838 [INFO] BlockDiagram:2775 - set Specific Code input for plugin: GPIO
2026-07-31 10:17:33,841 [INFO] CodeGenerator:892 - code generatio: config db path: C:\ST\STM32CubeIDE_1.19.0\STM32CubeIDE\plugins\com.st.stm32cube.common.mx_6.15.0.202507011659\\db\
2026-07-31 10:17:34,007 [INFO] IP:3329 - RTE Config file name : RTE_Component
2026-07-31 10:17:34,007 [INFO] IP:3347 - RTE template : RTE_Components.ftl
2026-07-31 10:17:34,017 [INFO] CodeEngine:265 - oldGeneratedFile, D:\Anusha_TinyML_FDP\TinyML_Workshop_Nitte-\STM32\Deep_Learning_Inference\MXTmpFiles\license.tmp_save
2026-07-31 10:17:34,172 [INFO] CodeEngine:289 - Generated code: D:\Anusha_TinyML_FDP\TinyML_Workshop_Nitte-\STM32\Deep_Learning_Inference\MXTmpFiles\license.tmp
2026-07-31 10:17:34,194 [INFO] CodeEngine:265 - oldGeneratedFile, D:\Anusha_TinyML_FDP\TinyML_Workshop_Nitte-\STM32\Deep_Learning_Inference\MXTmpFiles\gpio.tmp_save
2026-07-31 10:17:34,287 [INFO] CodeEngine:289 - Generated code: D:\Anusha_TinyML_FDP\TinyML_Workshop_Nitte-\STM32\Deep_Learning_Inference\MXTmpFiles\gpio.tmp
2026-07-31 10:17:34,379 [INFO] Middleware:1452 - No code input for Bsp Dependency
2026-07-31 10:17:34,381 [INFO] Middleware:1452 - No code input for Bsp Dependency
2026-07-31 10:17:34,393 [INFO] CodeEngine:265 - oldGeneratedFile, D:\Anusha_TinyML_FDP\TinyML_Workshop_Nitte-\STM32\Deep_Learning_Inference\Core\Src\stm32l4xx_it.c_save
2026-07-31 10:17:34,632 [INFO] CodeEngine:289 - Generated code: D:\Anusha_TinyML_FDP\TinyML_Workshop_Nitte-\STM32\Deep_Learning_Inference\Core\Src\stm32l4xx_it.c
2026-07-31 10:17:34,640 [INFO] CodeEngine:265 - oldGeneratedFile, D:\Anusha_TinyML_FDP\TinyML_Workshop_Nitte-\STM32\Deep_Learning_Inference\Core\Inc\stm32l4xx_it.h_save
2026-07-31 10:17:34,720 [INFO] CodeEngine:289 - Generated code: D:\Anusha_TinyML_FDP\TinyML_Workshop_Nitte-\STM32\Deep_Learning_Inference\Core\Inc\stm32l4xx_it.h
2026-07-31 10:17:34,749 [INFO] CodeEngine:265 - oldGeneratedFile, D:\Anusha_TinyML_FDP\TinyML_Workshop_Nitte-\STM32\Deep_Learning_Inference\Core\Src\stm32l4xx_hal_msp.c_save
2026-07-31 10:17:34,911 [INFO] CodeEngine:289 - Generated code: D:\Anusha_TinyML_FDP\TinyML_Workshop_Nitte-\STM32\Deep_Learning_Inference\Core\Src\stm32l4xx_hal_msp.c
2026-07-31 10:17:34,915 [INFO] CodeEngine:265 - oldGeneratedFile, D:\Anusha_TinyML_FDP\TinyML_Workshop_Nitte-\STM32\Deep_Learning_Inference\MXTmpFiles\system.tmp_save
2026-07-31 10:17:34,991 [INFO] CodeEngine:289 - Generated code: D:\Anusha_TinyML_FDP\TinyML_Workshop_Nitte-\STM32\Deep_Learning_Inference\MXTmpFiles\system.tmp
2026-07-31 10:17:35,002 [INFO] CodeEngine:321 - oldGeneratedFile, D:\Anusha_TinyML_FDP\TinyML_Workshop_Nitte-\STM32\Deep_Learning_Inference\Core\Inc\stm32l4xx_hal_conf.h_save
2026-07-31 10:17:35,087 [INFO] CodeEngine:345 - Generated code: D:\Anusha_TinyML_FDP\TinyML_Workshop_Nitte-\STM32\Deep_Learning_Inference\Core\Inc\stm32l4xx_hal_conf.h
2026-07-31 10:17:35,111 [INFO] CodeEngine:265 - oldGeneratedFile, D:\Anusha_TinyML_FDP\TinyML_Workshop_Nitte-\STM32\Deep_Learning_Inference\Core\Inc\main.h_save
2026-07-31 10:17:35,231 [INFO] CodeEngine:289 - Generated code: D:\Anusha_TinyML_FDP\TinyML_Workshop_Nitte-\STM32\Deep_Learning_Inference\Core\Inc\main.h
2026-07-31 10:17:35,236 [INFO] CodeEngine:265 - oldGeneratedFile, D:\Anusha_TinyML_FDP\TinyML_Workshop_Nitte-\STM32\Deep_Learning_Inference\Core\Src\main.c_save
2026-07-31 10:17:35,365 [INFO] CodeEngine:289 - Generated code: D:\Anusha_TinyML_FDP\TinyML_Workshop_Nitte-\STM32\Deep_Learning_Inference\Core\Src\main.c
2026-07-31 10:17:35,612 [INFO] AInterface:322 - ModelName:network; files:[D:\Anusha_TinyML_FDP\TinyML_Workshop_Nitte-\ONNX\mlp_model.onnx]; type:ONNX; compression:None
2026-07-31 10:17:35,613 [INFO] AInterface:526 - workspaceTempDir: C:/Users/ADMIN/AppData/Local/Temp/mxAI_workspace90713327047375008415011482973922806
2026-07-31 10:17:35,613 [INFO] AInterface:1179 - Setting Env: C:/Users/ADMIN/STM32Cube/Repository//Packs/STMicroelectronics/X-CUBE-AI/10.2.1/Utilities/windows
2026-07-31 10:17:35,618 [INFO] STM32CubeIDEBuilder:265 - Looking for gnu-tools-for-stm32 tools/bin/arm-none-eabi-gcc.exe in C:\ST\STM32CubeIDE_1.19.0\STM32CubeIDE
2026-07-31 10:17:35,621 [INFO] STM32CubeIDEBuilder:294 - checking C:\ST\STM32CubeIDE_1.19.0\STM32CubeIDE\plugins\com.st.stm32cube.ide.mcu.externaltools.gnu-tools-for-stm32.13.3.rel1.win32_1.0.0.202411081344\tools\bin\arm-none-eabi-gcc.exe
2026-07-31 10:17:35,621 [INFO] STM32CubeIDEBuilder:297 - ret=C:\ST\STM32CubeIDE_1.19.0\STM32CubeIDE\plugins\com.st.stm32cube.ide.mcu.externaltools.gnu-tools-for-stm32.13.3.rel1.win32_1.0.0.202411081344\tools\bin\arm-none-eabi-gcc.exe
2026-07-31 10:17:35,621 [INFO] STM32CubeIDEBuilder:311 - returning C:\ST\STM32CubeIDE_1.19.0\STM32CubeIDE\plugins\com.st.stm32cube.ide.mcu.externaltools.gnu-tools-for-stm32.13.3.rel1.win32_1.0.0.202411081344\tools\bin\arm-none-eabi-gcc.exe
2026-07-31 10:17:35,622 [INFO] AInterface:1236 - Custom PATH variable: C:/Users/ADMIN/STM32Cube/Repository//Packs/STMicroelectronics/X-CUBE-AI/10.2.1/Utilities/windows;C:/Users/ADMIN/STM32Cube/Repository//Packs/STMicroelectronics/X-CUBE-AI/10.2.1/Utilities/windows/mingw64/bin;C:/Users/ADMIN/STM32Cube/Repository//Packs/STMicroelectronics/X-CUBE-AI/10.2.1/Utilities/windows/mingw64/libexec/gcc/x86_64-w64-mingw32/7.3.0;;C:\ST\STM32CubeIDE_1.19.0\STM32CubeIDE\plugins\com.st.stm32cube.ide.mcu.externaltools.gnu-tools-for-stm32.13.3.rel1.win32_1.0.0.202411081344\tools\bin
2026-07-31 10:17:35,623 [INFO] CmdLine:115 - Command: C:/Users/ADMIN/STM32Cube/Repository//Packs/STMicroelectronics/X-CUBE-AI/10.2.1/Utilities/windows/stedgeai.exe generate --target stm32l4 --name network -m D:/Anusha_TinyML_FDP/TinyML_Workshop_Nitte-/ONNX/mlp_model.onnx --compression none --verbosity 1 --workspace C:/Users/ADMIN/AppData/Local/Temp/mxAI_workspace90713327047375008415011482973922806 --output C:/Users/ADMIN/.stm32cubemx/network_output
2026-07-31 10:17:35,625 [INFO] AIModelDetailledView:2264 - Analysis status: pending
2026-07-31 10:17:36,430 [INFO] CmdLine:76 - ST Edge AI Core v2.2.0-20266 2adc00962
2026-07-31 10:17:46,316 [INFO] CmdLine:76 - Creating c (debug) info json file C:\Users\ADMIN\.stm32cubemx\network_output\network_c_info.json
2026-07-31 10:17:46,339 [INFO] CmdLine:76 -  
2026-07-31 10:17:46,339 [INFO] CmdLine:76 -  Exec/report summary (generate)
2026-07-31 10:17:46,340 [INFO] CmdLine:76 -  -------------------------------------------------------------------------------------------------------------
2026-07-31 10:17:46,340 [INFO] CmdLine:76 -  model file         :   D:\Anusha_TinyML_FDP\TinyML_Workshop_Nitte-\ONNX\mlp_model.onnx                       
2026-07-31 10:17:46,340 [INFO] CmdLine:76 -  type               :   onnx                                                                                  
2026-07-31 10:17:46,340 [INFO] CmdLine:76 -  c_name             :   network                                                                               
2026-07-31 10:17:46,340 [INFO] CmdLine:76 -  compression        :   none                                                                                  
2026-07-31 10:17:46,340 [INFO] CmdLine:76 -  options            :   allocate-inputs, allocate-outputs                                                     
2026-07-31 10:17:46,340 [INFO] CmdLine:76 -  optimization       :   balanced                                                                              
2026-07-31 10:17:46,340 [INFO] CmdLine:76 -  target/series      :   stm32l4                                                                               
2026-07-31 10:17:46,341 [INFO] CmdLine:76 -  workspace dir      :   C:\Users\ADMIN\AppData\Local\Temp\mxAI_workspace90713327047375008415011482973922806   
2026-07-31 10:17:46,341 [INFO] CmdLine:76 -  output dir         :   C:\Users\ADMIN\.stm32cubemx\network_output                                            
2026-07-31 10:17:46,341 [INFO] CmdLine:76 -  model_fmt          :   float                                                                                 
2026-07-31 10:17:46,341 [INFO] CmdLine:76 -  model_name         :   mlp_model                                                                             
2026-07-31 10:17:46,341 [INFO] CmdLine:76 -  model_hash         :   0xdeea65ffd24f71ddeacb634c57bdc030                                                    
2026-07-31 10:17:46,341 [INFO] CmdLine:76 -  params #           :   2,693 items (10.52 KiB)                                                               
2026-07-31 10:17:46,341 [INFO] CmdLine:76 -  -------------------------------------------------------------------------------------------------------------
2026-07-31 10:17:46,341 [INFO] CmdLine:76 -  input 1/1          :   'input', f32(1x6), 24 Bytes, activations                                              
2026-07-31 10:17:46,341 [INFO] CmdLine:76 -  output 1/1         :   'output', f32(1x5), 20 Bytes, activations                                             
2026-07-31 10:17:46,341 [INFO] CmdLine:76 -  macc               :   2,789                                                                                 
2026-07-31 10:17:46,341 [INFO] CmdLine:76 -  weights (ro)       :   10,772 B (10.52 KiB) (1 segment)                                                      
2026-07-31 10:17:46,342 [INFO] CmdLine:76 -  activations (rw)   :   384 B (384 B) (1 segment) *                                                           
2026-07-31 10:17:46,342 [INFO] CmdLine:76 -  ram (total)        :   384 B (384 B) = 384 + 0 + 0                                                           
2026-07-31 10:17:46,342 [INFO] CmdLine:76 -  -------------------------------------------------------------------------------------------------------------
2026-07-31 10:17:46,342 [INFO] CmdLine:76 -  (*) 'input'/'output' buffers are allocated in the activations buffer
2026-07-31 10:17:46,347 [INFO] CmdLine:76 - Computing AI RT data/code size (target=stm32l4)..
2026-07-31 10:17:47,780 [INFO] CmdLine:76 -  Requested memory size by section - "stm32l4" target
2026-07-31 10:17:47,781 [INFO] CmdLine:76 -  ------------------------------ ------- -------- ------- -----
2026-07-31 10:17:47,781 [INFO] CmdLine:76 -  module                            text   rodata    data   bss
2026-07-31 10:17:47,781 [INFO] CmdLine:76 -  ------------------------------ ------- -------- ------- -----
2026-07-31 10:17:47,781 [INFO] CmdLine:76 -  NetworkRuntime1020_CM4_GCC.a     6,452        0       0     0
2026-07-31 10:17:47,781 [INFO] CmdLine:76 -  network.o                          528       40   1,584   140
2026-07-31 10:17:47,782 [INFO] CmdLine:76 -  network_data.o                      48       16      88     0
2026-07-31 10:17:47,782 [INFO] CmdLine:76 -  lib (toolchain)*                     0        0       0     0
2026-07-31 10:17:47,782 [INFO] CmdLine:76 -  ------------------------------ ------- -------- ------- -----
2026-07-31 10:17:47,782 [INFO] CmdLine:76 -  RT total**                       7,028       56   1,672   140
2026-07-31 10:17:47,782 [INFO] CmdLine:76 -  ------------------------------ ------- -------- ------- -----
2026-07-31 10:17:47,782 [INFO] CmdLine:76 -  weights                              0   10,776       0     0
2026-07-31 10:17:47,782 [INFO] CmdLine:76 -  activations                          0        0       0   384
2026-07-31 10:17:47,782 [INFO] CmdLine:76 -  io                                   0        0       0     0
2026-07-31 10:17:47,782 [INFO] CmdLine:76 -  ------------------------------ ------- -------- ------- -----
2026-07-31 10:17:47,783 [INFO] CmdLine:76 -  TOTAL                            7,028   10,832   1,672   524
2026-07-31 10:17:47,783 [INFO] CmdLine:76 -  ------------------------------ ------- -------- ------- -----
2026-07-31 10:17:47,783 [INFO] CmdLine:76 -  *  toolchain objects (libm/libgcc*)
2026-07-31 10:17:47,783 [INFO] CmdLine:76 -  ** RT AI runtime objects (kernels+infrastructure)
2026-07-31 10:17:47,783 [INFO] CmdLine:76 -   Summary - "stm32l4" target
2026-07-31 10:17:47,784 [INFO] CmdLine:76 -   ---------------------------------------------------
2026-07-31 10:17:47,784 [INFO] CmdLine:76 -                FLASH (ro)      %*   RAM (rw)       %
2026-07-31 10:17:47,784 [INFO] CmdLine:76 -   ---------------------------------------------------
2026-07-31 10:17:47,785 [INFO] CmdLine:76 -   RT total          8,756   44.8%      1,812   82.5%
2026-07-31 10:17:47,785 [INFO] CmdLine:76 -   ---------------------------------------------------
2026-07-31 10:17:47,785 [INFO] CmdLine:76 -   TOTAL            19,532              2,196
2026-07-31 10:17:47,785 [INFO] CmdLine:76 -   ---------------------------------------------------
2026-07-31 10:17:47,785 [INFO] CmdLine:76 -   *  rt/total
2026-07-31 10:17:47,786 [INFO] CmdLine:76 -  Generated files (7)
2026-07-31 10:17:47,786 [INFO] CmdLine:76 -  ------------------------------------------------------------------
2026-07-31 10:17:47,786 [INFO] CmdLine:76 -  C:\Users\ADMIN\.stm32cubemx\network_output\network_data_params.h
2026-07-31 10:17:47,786 [INFO] CmdLine:76 -  C:\Users\ADMIN\.stm32cubemx\network_output\network_data_params.c
2026-07-31 10:17:47,786 [INFO] CmdLine:76 -  C:\Users\ADMIN\.stm32cubemx\network_output\network_data.h
2026-07-31 10:17:47,787 [INFO] CmdLine:76 -  C:\Users\ADMIN\.stm32cubemx\network_output\network_data.c
2026-07-31 10:17:47,787 [INFO] CmdLine:76 -  C:\Users\ADMIN\.stm32cubemx\network_output\network_config.h
2026-07-31 10:17:47,787 [INFO] CmdLine:76 -  C:\Users\ADMIN\.stm32cubemx\network_output\network.h
2026-07-31 10:17:47,787 [INFO] CmdLine:76 -  C:\Users\ADMIN\.stm32cubemx\network_output\network.c
2026-07-31 10:17:47,787 [INFO] CmdLine:76 - Creating txt report file C:\Users\ADMIN\.stm32cubemx\network_output\network_generate_report.txt
2026-07-31 10:18:00,148 [INFO] CmdLine:76 - elapsed time (generate): 23.719s
2026-07-31 10:18:00,743 [INFO] CmdLine:148 - stedgeai exit with status: 0
2026-07-31 10:18:00,752 [INFO] AIModelDetailledView:2264 - Analysis status: done
2026-07-31 10:18:01,172 [INFO] ProjectBuilder:3606 - Time for Copy HAL[1] : 165mS.
2026-07-31 10:18:01,172 [ERROR] Middleware:2950 - Invalid RefComponent list
2026-07-31 10:18:01,172 [ERROR] Middleware:2950 - Invalid RefComponent list
2026-07-31 10:18:01,172 [ERROR] Middleware:2950 - Invalid RefComponent list
2026-07-31 10:18:01,172 [ERROR] Middleware:2950 - Invalid RefComponent list
2026-07-31 10:18:01,172 [ERROR] Middleware:2950 - Invalid RefComponent list
2026-07-31 10:18:01,172 [ERROR] Middleware:2950 - Invalid RefComponent list
2026-07-31 10:18:01,172 [ERROR] Middleware:2950 - Invalid RefComponent list
2026-07-31 10:18:01,172 [ERROR] Middleware:2950 - Invalid RefComponent list
2026-07-31 10:18:01,172 [ERROR] Middleware:2950 - Invalid RefComponent list
2026-07-31 10:18:01,172 [ERROR] Middleware:2950 - Invalid RefComponent list
2026-07-31 10:18:01,172 [ERROR] Middleware:2950 - Invalid RefComponent list
2026-07-31 10:18:01,172 [ERROR] Middleware:2950 - Invalid RefComponent list
2026-07-31 10:18:01,172 [ERROR] Middleware:2950 - Invalid RefComponent list
2026-07-31 10:18:01,172 [ERROR] Middleware:2950 - Invalid RefComponent list
2026-07-31 10:18:01,172 [ERROR] Middleware:2950 - Invalid RefComponent list
2026-07-31 10:18:01,172 [ERROR] Middleware:2950 - Invalid RefComponent list
2026-07-31 10:18:01,172 [ERROR] Middleware:2950 - Invalid RefComponent list
2026-07-31 10:18:01,173 [ERROR] Middleware:2950 - Invalid RefComponent list
2026-07-31 10:18:01,173 [ERROR] Middleware:2950 - Invalid RefComponent list
2026-07-31 10:18:01,173 [ERROR] Middleware:2950 - Invalid RefComponent list
2026-07-31 10:18:01,173 [ERROR] Middleware:2950 - Invalid RefComponent list
2026-07-31 10:18:01,173 [ERROR] Middleware:2950 - Invalid RefComponent list
2026-07-31 10:18:01,173 [ERROR] Middleware:2950 - Invalid RefComponent list
2026-07-31 10:18:01,173 [ERROR] Middleware:2950 - Invalid RefComponent list
2026-07-31 10:18:01,173 [ERROR] Middleware:2950 - Invalid RefComponent list
2026-07-31 10:18:01,173 [ERROR] Middleware:2950 - Invalid RefComponent list
2026-07-31 10:18:01,173 [ERROR] Middleware:2950 - Invalid RefComponent list
2026-07-31 10:18:01,173 [ERROR] Middleware:2950 - Invalid RefComponent list
2026-07-31 10:18:01,173 [ERROR] Middleware:2950 - Invalid RefComponent list
2026-07-31 10:18:01,173 [ERROR] Middleware:2950 - Invalid RefComponent list
2026-07-31 10:18:01,173 [ERROR] Middleware:2950 - Invalid RefComponent list
2026-07-31 10:18:01,173 [ERROR] Middleware:2950 - Invalid RefComponent list
2026-07-31 10:18:01,173 [ERROR] Middleware:2950 - Invalid RefComponent list
2026-07-31 10:18:01,173 [ERROR] Middleware:2950 - Invalid RefComponent list
2026-07-31 10:18:01,173 [ERROR] Middleware:2950 - Invalid RefComponent list
2026-07-31 10:18:01,173 [ERROR] Middleware:2950 - Invalid RefComponent list
2026-07-31 10:18:01,173 [ERROR] Middleware:2950 - Invalid RefComponent list
2026-07-31 10:18:01,173 [ERROR] Middleware:2950 - Invalid RefComponent list
2026-07-31 10:18:01,173 [ERROR] Middleware:2950 - Invalid RefComponent list
2026-07-31 10:18:01,173 [ERROR] Middleware:2950 - Invalid RefComponent list
2026-07-31 10:18:01,173 [ERROR] Middleware:2950 - Invalid RefComponent list
2026-07-31 10:18:01,173 [ERROR] Middleware:2950 - Invalid RefComponent list
2026-07-31 10:18:01,173 [ERROR] Middleware:2950 - Invalid RefComponent list
2026-07-31 10:18:01,173 [ERROR] Middleware:2950 - Invalid RefComponent list
2026-07-31 10:18:01,173 [ERROR] Middleware:2950 - Invalid RefComponent list
2026-07-31 10:18:01,174 [ERROR] Middleware:2950 - Invalid RefComponent list
2026-07-31 10:18:01,174 [ERROR] Middleware:2950 - Invalid RefComponent list
2026-07-31 10:18:01,174 [ERROR] Middleware:2950 - Invalid RefComponent list
2026-07-31 10:18:01,174 [ERROR] Middleware:2950 - Invalid RefComponent list
2026-07-31 10:18:01,174 [ERROR] Middleware:2950 - Invalid RefComponent list
2026-07-31 10:18:01,177 [INFO] ProjectBuilder:5216 - Project Generator version: 4.7.0-B52
2026-07-31 10:18:01,267 [INFO] ConfigFileManager:1595 - The Die is : DIE470
2026-07-31 10:18:02,145 [INFO] ProjectBuilder:5496 - Time for Generating toolchain IDE Files: 968mS.
2026-07-31 10:18:02,146 [INFO] ProjectBuilder:3463 - Time for Copy CMSIS : 1mS.
2026-07-31 10:18:02,147 [INFO] ProjectBuilder:3463 - Time for Copy CMSIS : 0mS.
2026-07-31 10:18:02,482 [INFO] UtilMem:75 - End SaveConfig() Used Memory: 599927400 Bytes (1073741824)
2026-07-31 10:18:15,087 [INFO] UtilMem:75 - End SaveConfig() Used Memory: 392060448 Bytes (1073741824)
2026-07-31 10:18:15,331 [INFO] UtilMem:75 - End SaveConfig() Used Memory: 435578400 Bytes (1073741824)
2026-07-31 10:18:15,546 [INFO] BlockDiagram:2775 - set Specific Code input for plugin: SYS
2026-07-31 10:18:15,546 [INFO] BlockDiagram:2775 - set Specific Code input for plugin: RCC
2026-07-31 10:18:15,546 [INFO] BlockDiagram:2775 - set Specific Code input for plugin: I2C
2026-07-31 10:18:15,546 [INFO] BlockDiagram:2775 - set Specific Code input for plugin: NVIC
2026-07-31 10:18:15,546 [INFO] BlockDiagram:2775 - set Specific Code input for plugin: USART
2026-07-31 10:18:15,546 [INFO] BlockDiagram:2775 - set Specific Code input for plugin: STMicroelectronics.X-CUBE-AI.10.2.1
2026-07-31 10:18:15,547 [INFO] BlockDiagram:2775 - set Specific Code input for plugin: GPIO
2026-07-31 10:18:15,549 [INFO] CodeGenerator:892 - code generatio: config db path: C:\ST\STM32CubeIDE_1.19.0\STM32CubeIDE\plugins\com.st.stm32cube.common.mx_6.15.0.202507011659\\db\
2026-07-31 10:18:15,631 [INFO] IP:3329 - RTE Config file name : RTE_Component
2026-07-31 10:18:15,631 [INFO] IP:3347 - RTE template : RTE_Components.ftl
2026-07-31 10:18:15,638 [INFO] CodeEngine:265 - oldGeneratedFile, D:\Anusha_TinyML_FDP\TinyML_Workshop_Nitte-\STM32\Deep_Learning_Inference\MXTmpFiles\license.tmp_save
2026-07-31 10:18:15,706 [INFO] CodeEngine:289 - Generated code: D:\Anusha_TinyML_FDP\TinyML_Workshop_Nitte-\STM32\Deep_Learning_Inference\MXTmpFiles\license.tmp
2026-07-31 10:18:15,726 [INFO] CodeEngine:265 - oldGeneratedFile, D:\Anusha_TinyML_FDP\TinyML_Workshop_Nitte-\STM32\Deep_Learning_Inference\MXTmpFiles\gpio.tmp_save
2026-07-31 10:18:15,793 [INFO] CodeEngine:289 - Generated code: D:\Anusha_TinyML_FDP\TinyML_Workshop_Nitte-\STM32\Deep_Learning_Inference\MXTmpFiles\gpio.tmp
2026-07-31 10:18:15,866 [INFO] Middleware:1452 - No code input for Bsp Dependency
2026-07-31 10:18:15,868 [INFO] Middleware:1452 - No code input for Bsp Dependency
2026-07-31 10:18:15,877 [INFO] CodeEngine:265 - oldGeneratedFile, D:\Anusha_TinyML_FDP\TinyML_Workshop_Nitte-\STM32\Deep_Learning_Inference\Core\Src\stm32l4xx_it.c_save
2026-07-31 10:18:15,949 [INFO] CodeEngine:289 - Generated code: D:\Anusha_TinyML_FDP\TinyML_Workshop_Nitte-\STM32\Deep_Learning_Inference\Core\Src\stm32l4xx_it.c
2026-07-31 10:18:15,954 [INFO] CodeEngine:265 - oldGeneratedFile, D:\Anusha_TinyML_FDP\TinyML_Workshop_Nitte-\STM32\Deep_Learning_Inference\Core\Inc\stm32l4xx_it.h_save
2026-07-31 10:18:16,030 [INFO] CodeEngine:289 - Generated code: D:\Anusha_TinyML_FDP\TinyML_Workshop_Nitte-\STM32\Deep_Learning_Inference\Core\Inc\stm32l4xx_it.h
2026-07-31 10:18:16,043 [INFO] CodeEngine:265 - oldGeneratedFile, D:\Anusha_TinyML_FDP\TinyML_Workshop_Nitte-\STM32\Deep_Learning_Inference\Core\Src\stm32l4xx_hal_msp.c_save
2026-07-31 10:18:16,143 [INFO] CodeEngine:289 - Generated code: D:\Anusha_TinyML_FDP\TinyML_Workshop_Nitte-\STM32\Deep_Learning_Inference\Core\Src\stm32l4xx_hal_msp.c
2026-07-31 10:18:16,147 [INFO] CodeEngine:265 - oldGeneratedFile, D:\Anusha_TinyML_FDP\TinyML_Workshop_Nitte-\STM32\Deep_Learning_Inference\MXTmpFiles\system.tmp_save
2026-07-31 10:18:16,209 [INFO] CodeEngine:289 - Generated code: D:\Anusha_TinyML_FDP\TinyML_Workshop_Nitte-\STM32\Deep_Learning_Inference\MXTmpFiles\system.tmp
2026-07-31 10:18:16,219 [INFO] CodeEngine:321 - oldGeneratedFile, D:\Anusha_TinyML_FDP\TinyML_Workshop_Nitte-\STM32\Deep_Learning_Inference\Core\Inc\stm32l4xx_hal_conf.h_save
2026-07-31 10:18:16,290 [INFO] CodeEngine:345 - Generated code: D:\Anusha_TinyML_FDP\TinyML_Workshop_Nitte-\STM32\Deep_Learning_Inference\Core\Inc\stm32l4xx_hal_conf.h
2026-07-31 10:18:16,309 [INFO] CodeEngine:265 - oldGeneratedFile, D:\Anusha_TinyML_FDP\TinyML_Workshop_Nitte-\STM32\Deep_Learning_Inference\Core\Inc\main.h_save
2026-07-31 10:18:16,379 [INFO] CodeEngine:289 - Generated code: D:\Anusha_TinyML_FDP\TinyML_Workshop_Nitte-\STM32\Deep_Learning_Inference\Core\Inc\main.h
2026-07-31 10:18:16,384 [INFO] CodeEngine:265 - oldGeneratedFile, D:\Anusha_TinyML_FDP\TinyML_Workshop_Nitte-\STM32\Deep_Learning_Inference\Core\Src\main.c_save
2026-07-31 10:18:16,496 [INFO] CodeEngine:289 - Generated code: D:\Anusha_TinyML_FDP\TinyML_Workshop_Nitte-\STM32\Deep_Learning_Inference\Core\Src\main.c
2026-07-31 10:18:16,735 [INFO] AInterface:322 - ModelName:network; files:[D:\Anusha_TinyML_FDP\TinyML_Workshop_Nitte-\ONNX\mlp_model.onnx]; type:ONNX; compression:None
2026-07-31 10:18:16,736 [INFO] AInterface:526 - workspaceTempDir: C:/Users/ADMIN/AppData/Local/Temp/mxAI_workspace90713738279043003839003001052045200
2026-07-31 10:18:16,736 [INFO] AInterface:1179 - Setting Env: C:/Users/ADMIN/STM32Cube/Repository//Packs/STMicroelectronics/X-CUBE-AI/10.2.1/Utilities/windows
2026-07-31 10:18:16,741 [INFO] STM32CubeIDEBuilder:265 - Looking for gnu-tools-for-stm32 tools/bin/arm-none-eabi-gcc.exe in C:\ST\STM32CubeIDE_1.19.0\STM32CubeIDE
2026-07-31 10:18:16,743 [INFO] STM32CubeIDEBuilder:294 - checking C:\ST\STM32CubeIDE_1.19.0\STM32CubeIDE\plugins\com.st.stm32cube.ide.mcu.externaltools.gnu-tools-for-stm32.13.3.rel1.win32_1.0.0.202411081344\tools\bin\arm-none-eabi-gcc.exe
2026-07-31 10:18:16,744 [INFO] STM32CubeIDEBuilder:297 - ret=C:\ST\STM32CubeIDE_1.19.0\STM32CubeIDE\plugins\com.st.stm32cube.ide.mcu.externaltools.gnu-tools-for-stm32.13.3.rel1.win32_1.0.0.202411081344\tools\bin\arm-none-eabi-gcc.exe
2026-07-31 10:18:16,744 [INFO] STM32CubeIDEBuilder:311 - returning C:\ST\STM32CubeIDE_1.19.0\STM32CubeIDE\plugins\com.st.stm32cube.ide.mcu.externaltools.gnu-tools-for-stm32.13.3.rel1.win32_1.0.0.202411081344\tools\bin\arm-none-eabi-gcc.exe
2026-07-31 10:18:16,744 [INFO] AInterface:1236 - Custom PATH variable: C:/Users/ADMIN/STM32Cube/Repository//Packs/STMicroelectronics/X-CUBE-AI/10.2.1/Utilities/windows;C:/Users/ADMIN/STM32Cube/Repository//Packs/STMicroelectronics/X-CUBE-AI/10.2.1/Utilities/windows/mingw64/bin;C:/Users/ADMIN/STM32Cube/Repository//Packs/STMicroelectronics/X-CUBE-AI/10.2.1/Utilities/windows/mingw64/libexec/gcc/x86_64-w64-mingw32/7.3.0;;C:\ST\STM32CubeIDE_1.19.0\STM32CubeIDE\plugins\com.st.stm32cube.ide.mcu.externaltools.gnu-tools-for-stm32.13.3.rel1.win32_1.0.0.202411081344\tools\bin
2026-07-31 10:18:16,745 [INFO] CmdLine:115 - Command: C:/Users/ADMIN/STM32Cube/Repository//Packs/STMicroelectronics/X-CUBE-AI/10.2.1/Utilities/windows/stedgeai.exe generate --target stm32l4 --name network -m D:/Anusha_TinyML_FDP/TinyML_Workshop_Nitte-/ONNX/mlp_model.onnx --compression none --verbosity 1 --workspace C:/Users/ADMIN/AppData/Local/Temp/mxAI_workspace90713738279043003839003001052045200 --output C:/Users/ADMIN/.stm32cubemx/network_output
2026-07-31 10:18:16,746 [INFO] AIModelDetailledView:2264 - Analysis status: pending
2026-07-31 10:18:17,502 [INFO] CmdLine:76 - ST Edge AI Core v2.2.0-20266 2adc00962
2026-07-31 10:18:26,962 [INFO] CmdLine:76 - Creating c (debug) info json file C:\Users\ADMIN\.stm32cubemx\network_output\network_c_info.json
2026-07-31 10:18:26,989 [INFO] CmdLine:76 -  
2026-07-31 10:18:26,989 [INFO] CmdLine:76 -  Exec/report summary (generate)
2026-07-31 10:18:26,989 [INFO] CmdLine:76 -  -------------------------------------------------------------------------------------------------------------
2026-07-31 10:18:26,989 [INFO] CmdLine:76 -  model file         :   D:\Anusha_TinyML_FDP\TinyML_Workshop_Nitte-\ONNX\mlp_model.onnx                       
2026-07-31 10:18:26,990 [INFO] CmdLine:76 -  type               :   onnx                                                                                  
2026-07-31 10:18:26,990 [INFO] CmdLine:76 -  c_name             :   network                                                                               
2026-07-31 10:18:26,990 [INFO] CmdLine:76 -  compression        :   none                                                                                  
2026-07-31 10:18:26,990 [INFO] CmdLine:76 -  options            :   allocate-inputs, allocate-outputs                                                     
2026-07-31 10:18:26,990 [INFO] CmdLine:76 -  optimization       :   balanced                                                                              
2026-07-31 10:18:26,990 [INFO] CmdLine:76 -  target/series      :   stm32l4                                                                               
2026-07-31 10:18:26,990 [INFO] CmdLine:76 -  workspace dir      :   C:\Users\ADMIN\AppData\Local\Temp\mxAI_workspace90713738279043003839003001052045200   
2026-07-31 10:18:26,990 [INFO] CmdLine:76 -  output dir         :   C:\Users\ADMIN\.stm32cubemx\network_output                                            
2026-07-31 10:18:26,990 [INFO] CmdLine:76 -  model_fmt          :   float                                                                                 
2026-07-31 10:18:26,990 [INFO] CmdLine:76 -  model_name         :   mlp_model                                                                             
2026-07-31 10:18:26,990 [INFO] CmdLine:76 -  model_hash         :   0xdeea65ffd24f71ddeacb634c57bdc030                                                    
2026-07-31 10:18:26,990 [INFO] CmdLine:76 -  params #           :   2,693 items (10.52 KiB)                                                               
2026-07-31 10:18:26,990 [INFO] CmdLine:76 -  -------------------------------------------------------------------------------------------------------------
2026-07-31 10:18:26,990 [INFO] CmdLine:76 -  input 1/1          :   'input', f32(1x6), 24 Bytes, activations                                              
2026-07-31 10:18:26,990 [INFO] CmdLine:76 -  output 1/1         :   'output', f32(1x5), 20 Bytes, activations                                             
2026-07-31 10:18:26,990 [INFO] CmdLine:76 -  macc               :   2,789                                                                                 
2026-07-31 10:18:26,991 [INFO] CmdLine:76 -  weights (ro)       :   10,772 B (10.52 KiB) (1 segment)                                                      
2026-07-31 10:18:26,991 [INFO] CmdLine:76 -  activations (rw)   :   384 B (384 B) (1 segment) *                                                           
2026-07-31 10:18:26,991 [INFO] CmdLine:76 -  ram (total)        :   384 B (384 B) = 384 + 0 + 0                                                           
2026-07-31 10:18:26,991 [INFO] CmdLine:76 -  -------------------------------------------------------------------------------------------------------------
2026-07-31 10:18:26,991 [INFO] CmdLine:76 -  (*) 'input'/'output' buffers are allocated in the activations buffer
2026-07-31 10:18:26,996 [INFO] CmdLine:76 - Computing AI RT data/code size (target=stm32l4)..
2026-07-31 10:18:28,482 [INFO] CmdLine:76 -  Requested memory size by section - "stm32l4" target
2026-07-31 10:18:28,482 [INFO] CmdLine:76 -  ------------------------------ ------- -------- ------- -----
2026-07-31 10:18:28,482 [INFO] CmdLine:76 -  module                            text   rodata    data   bss
2026-07-31 10:18:28,482 [INFO] CmdLine:76 -  ------------------------------ ------- -------- ------- -----
2026-07-31 10:18:28,482 [INFO] CmdLine:76 -  NetworkRuntime1020_CM4_GCC.a     6,452        0       0     0
2026-07-31 10:18:28,483 [INFO] CmdLine:76 -  network.o                          528       40   1,584   140
2026-07-31 10:18:28,483 [INFO] CmdLine:76 -  network_data.o                      48       16      88     0
2026-07-31 10:18:28,483 [INFO] CmdLine:76 -  lib (toolchain)*                     0        0       0     0
2026-07-31 10:18:28,483 [INFO] CmdLine:76 -  ------------------------------ ------- -------- ------- -----
2026-07-31 10:18:28,483 [INFO] CmdLine:76 -  RT total**                       7,028       56   1,672   140
2026-07-31 10:18:28,483 [INFO] CmdLine:76 -  ------------------------------ ------- -------- ------- -----
2026-07-31 10:18:28,483 [INFO] CmdLine:76 -  weights                              0   10,776       0     0
2026-07-31 10:18:28,483 [INFO] CmdLine:76 -  activations                          0        0       0   384
2026-07-31 10:18:28,484 [INFO] CmdLine:76 -  io                                   0        0       0     0
2026-07-31 10:18:28,484 [INFO] CmdLine:76 -  ------------------------------ ------- -------- ------- -----
2026-07-31 10:18:28,484 [INFO] CmdLine:76 -  TOTAL                            7,028   10,832   1,672   524
2026-07-31 10:18:28,484 [INFO] CmdLine:76 -  ------------------------------ ------- -------- ------- -----
2026-07-31 10:18:28,484 [INFO] CmdLine:76 -  *  toolchain objects (libm/libgcc*)
2026-07-31 10:18:28,484 [INFO] CmdLine:76 -  ** RT AI runtime objects (kernels+infrastructure)
2026-07-31 10:18:28,484 [INFO] CmdLine:76 -   Summary - "stm32l4" target
2026-07-31 10:18:28,484 [INFO] CmdLine:76 -   ---------------------------------------------------
2026-07-31 10:18:28,484 [INFO] CmdLine:76 -                FLASH (ro)      %*   RAM (rw)       %
2026-07-31 10:18:28,484 [INFO] CmdLine:76 -   ---------------------------------------------------
2026-07-31 10:18:28,485 [INFO] CmdLine:76 -   RT total          8,756   44.8%      1,812   82.5%
2026-07-31 10:18:28,485 [INFO] CmdLine:76 -   ---------------------------------------------------
2026-07-31 10:18:28,485 [INFO] CmdLine:76 -   TOTAL            19,532              2,196
2026-07-31 10:18:28,485 [INFO] CmdLine:76 -   ---------------------------------------------------
2026-07-31 10:18:28,485 [INFO] CmdLine:76 -   *  rt/total
2026-07-31 10:18:28,485 [INFO] CmdLine:76 -  Generated files (7)
2026-07-31 10:18:28,485 [INFO] CmdLine:76 -  ------------------------------------------------------------------
2026-07-31 10:18:28,486 [INFO] CmdLine:76 -  C:\Users\ADMIN\.stm32cubemx\network_output\network_data_params.h
2026-07-31 10:18:28,486 [INFO] CmdLine:76 -  C:\Users\ADMIN\.stm32cubemx\network_output\network_data_params.c
2026-07-31 10:18:28,486 [INFO] CmdLine:76 -  C:\Users\ADMIN\.stm32cubemx\network_output\network_data.h
2026-07-31 10:18:28,486 [INFO] CmdLine:76 -  C:\Users\ADMIN\.stm32cubemx\network_output\network_data.c
2026-07-31 10:18:28,486 [INFO] CmdLine:76 -  C:\Users\ADMIN\.stm32cubemx\network_output\network_config.h
2026-07-31 10:18:28,486 [INFO] CmdLine:76 -  C:\Users\ADMIN\.stm32cubemx\network_output\network.h
2026-07-31 10:18:28,486 [INFO] CmdLine:76 -  C:\Users\ADMIN\.stm32cubemx\network_output\network.c
2026-07-31 10:18:28,487 [INFO] CmdLine:76 - Creating txt report file C:\Users\ADMIN\.stm32cubemx\network_output\network_generate_report.txt
2026-07-31 10:18:40,089 [INFO] CmdLine:76 - elapsed time (generate): 22.586s
2026-07-31 10:18:40,699 [INFO] CmdLine:148 - stedgeai exit with status: 0
2026-07-31 10:18:40,708 [INFO] AIModelDetailledView:2264 - Analysis status: done
2026-07-31 10:18:41,122 [INFO] ProjectBuilder:3606 - Time for Copy HAL[1] : 170mS.
2026-07-31 10:18:41,122 [ERROR] Middleware:2950 - Invalid RefComponent list
2026-07-31 10:18:41,122 [ERROR] Middleware:2950 - Invalid RefComponent list
2026-07-31 10:18:41,122 [ERROR] Middleware:2950 - Invalid RefComponent list
2026-07-31 10:18:41,122 [ERROR] Middleware:2950 - Invalid RefComponent list
2026-07-31 10:18:41,122 [ERROR] Middleware:2950 - Invalid RefComponent list
2026-07-31 10:18:41,122 [ERROR] Middleware:2950 - Invalid RefComponent list
2026-07-31 10:18:41,122 [ERROR] Middleware:2950 - Invalid RefComponent list
2026-07-31 10:18:41,122 [ERROR] Middleware:2950 - Invalid RefComponent list
2026-07-31 10:18:41,122 [ERROR] Middleware:2950 - Invalid RefComponent list
2026-07-31 10:18:41,122 [ERROR] Middleware:2950 - Invalid RefComponent list
2026-07-31 10:18:41,122 [ERROR] Middleware:2950 - Invalid RefComponent list
2026-07-31 10:18:41,122 [ERROR] Middleware:2950 - Invalid RefComponent list
2026-07-31 10:18:41,123 [ERROR] Middleware:2950 - Invalid RefComponent list
2026-07-31 10:18:41,123 [ERROR] Middleware:2950 - Invalid RefComponent list
2026-07-31 10:18:41,123 [ERROR] Middleware:2950 - Invalid RefComponent list
2026-07-31 10:18:41,123 [ERROR] Middleware:2950 - Invalid RefComponent list
2026-07-31 10:18:41,123 [ERROR] Middleware:2950 - Invalid RefComponent list
2026-07-31 10:18:41,123 [ERROR] Middleware:2950 - Invalid RefComponent list
2026-07-31 10:18:41,123 [ERROR] Middleware:2950 - Invalid RefComponent list
2026-07-31 10:18:41,123 [ERROR] Middleware:2950 - Invalid RefComponent list
2026-07-31 10:18:41,123 [ERROR] Middleware:2950 - Invalid RefComponent list
2026-07-31 10:18:41,123 [ERROR] Middleware:2950 - Invalid RefComponent list
2026-07-31 10:18:41,123 [ERROR] Middleware:2950 - Invalid RefComponent list
2026-07-31 10:18:41,123 [ERROR] Middleware:2950 - Invalid RefComponent list
2026-07-31 10:18:41,123 [ERROR] Middleware:2950 - Invalid RefComponent list
2026-07-31 10:18:41,123 [ERROR] Middleware:2950 - Invalid RefComponent list
2026-07-31 10:18:41,123 [ERROR] Middleware:2950 - Invalid RefComponent list
2026-07-31 10:18:41,123 [ERROR] Middleware:2950 - Invalid RefComponent list
2026-07-31 10:18:41,123 [ERROR] Middleware:2950 - Invalid RefComponent list
2026-07-31 10:18:41,123 [ERROR] Middleware:2950 - Invalid RefComponent list
2026-07-31 10:18:41,123 [ERROR] Middleware:2950 - Invalid RefComponent list
2026-07-31 10:18:41,123 [ERROR] Middleware:2950 - Invalid RefComponent list
2026-07-31 10:18:41,123 [ERROR] Middleware:2950 - Invalid RefComponent list
2026-07-31 10:18:41,123 [ERROR] Middleware:2950 - Invalid RefComponent list
2026-07-31 10:18:41,123 [ERROR] Middleware:2950 - Invalid RefComponent list
2026-07-31 10:18:41,123 [ERROR] Middleware:2950 - Invalid RefComponent list
2026-07-31 10:18:41,123 [ERROR] Middleware:2950 - Invalid RefComponent list
2026-07-31 10:18:41,123 [ERROR] Middleware:2950 - Invalid RefComponent list
2026-07-31 10:18:41,123 [ERROR] Middleware:2950 - Invalid RefComponent list
2026-07-31 10:18:41,123 [ERROR] Middleware:2950 - Invalid RefComponent list
2026-07-31 10:18:41,123 [ERROR] Middleware:2950 - Invalid RefComponent list
2026-07-31 10:18:41,123 [ERROR] Middleware:2950 - Invalid RefComponent list
2026-07-31 10:18:41,123 [ERROR] Middleware:2950 - Invalid RefComponent list
2026-07-31 10:18:41,124 [ERROR] Middleware:2950 - Invalid RefComponent list
2026-07-31 10:18:41,124 [ERROR] Middleware:2950 - Invalid RefComponent list
2026-07-31 10:18:41,124 [ERROR] Middleware:2950 - Invalid RefComponent list
2026-07-31 10:18:41,124 [ERROR] Middleware:2950 - Invalid RefComponent list
2026-07-31 10:18:41,124 [ERROR] Middleware:2950 - Invalid RefComponent list
2026-07-31 10:18:41,124 [ERROR] Middleware:2950 - Invalid RefComponent list
2026-07-31 10:18:41,124 [ERROR] Middleware:2950 - Invalid RefComponent list
2026-07-31 10:18:41,127 [INFO] ProjectBuilder:5216 - Project Generator version: 4.7.0-B52
2026-07-31 10:18:41,212 [INFO] ConfigFileManager:1595 - The Die is : DIE470
2026-07-31 10:18:42,053 [INFO] ProjectBuilder:5496 - Time for Generating toolchain IDE Files: 925mS.
2026-07-31 10:18:42,053 [INFO] ProjectBuilder:3463 - Time for Copy CMSIS : 0mS.
2026-07-31 10:18:42,055 [INFO] ProjectBuilder:3463 - Time for Copy CMSIS : 0mS.
2026-07-31 10:23:31,268 [INFO] UtilMem:75 - End SaveConfig() Used Memory: 960319480 Bytes (1073741824)
2026-07-31 10:23:33,231 [INFO] UtilMem:75 - End SaveConfig() Used Memory: 432724560 Bytes (1073741824)
2026-07-31 10:23:33,494 [INFO] UtilMem:75 - End SaveConfig() Used Memory: 473619024 Bytes (1073741824)
2026-07-31 10:23:33,756 [INFO] BlockDiagram:2775 - set Specific Code input for plugin: SYS
2026-07-31 10:23:33,757 [INFO] BlockDiagram:2775 - set Specific Code input for plugin: RCC
2026-07-31 10:23:33,757 [INFO] BlockDiagram:2775 - set Specific Code input for plugin: I2C
2026-07-31 10:23:33,757 [INFO] BlockDiagram:2775 - set Specific Code input for plugin: NVIC
2026-07-31 10:23:33,757 [INFO] BlockDiagram:2775 - set Specific Code input for plugin: USART
2026-07-31 10:23:33,757 [INFO] BlockDiagram:2775 - set Specific Code input for plugin: STMicroelectronics.X-CUBE-AI.10.2.1
2026-07-31 10:23:33,758 [INFO] BlockDiagram:2775 - set Specific Code input for plugin: GPIO
2026-07-31 10:23:33,760 [INFO] CodeGenerator:892 - code generatio: config db path: C:\ST\STM32CubeIDE_1.19.0\STM32CubeIDE\plugins\com.st.stm32cube.common.mx_6.15.0.202507011659\\db\
2026-07-31 10:23:33,918 [INFO] IP:3329 - RTE Config file name : RTE_Component
2026-07-31 10:23:33,918 [INFO] IP:3347 - RTE template : RTE_Components.ftl
2026-07-31 10:23:33,929 [INFO] CodeEngine:265 - oldGeneratedFile, D:\Anusha_TinyML_FDP\TinyML_Workshop_Nitte-\STM32\Deep_Learning_Inference\MXTmpFiles\license.tmp_save
2026-07-31 10:23:34,012 [INFO] CodeEngine:289 - Generated code: D:\Anusha_TinyML_FDP\TinyML_Workshop_Nitte-\STM32\Deep_Learning_Inference\MXTmpFiles\license.tmp
2026-07-31 10:23:34,032 [INFO] CodeEngine:265 - oldGeneratedFile, D:\Anusha_TinyML_FDP\TinyML_Workshop_Nitte-\STM32\Deep_Learning_Inference\MXTmpFiles\gpio.tmp_save
2026-07-31 10:23:34,109 [INFO] CodeEngine:289 - Generated code: D:\Anusha_TinyML_FDP\TinyML_Workshop_Nitte-\STM32\Deep_Learning_Inference\MXTmpFiles\gpio.tmp
2026-07-31 10:23:34,188 [INFO] Middleware:1452 - No code input for Bsp Dependency
2026-07-31 10:23:34,190 [INFO] Middleware:1452 - No code input for Bsp Dependency
2026-07-31 10:23:34,202 [INFO] CodeEngine:265 - oldGeneratedFile, D:\Anusha_TinyML_FDP\TinyML_Workshop_Nitte-\STM32\Deep_Learning_Inference\Core\Src\stm32l4xx_it.c_save
2026-07-31 10:23:34,289 [INFO] CodeEngine:289 - Generated code: D:\Anusha_TinyML_FDP\TinyML_Workshop_Nitte-\STM32\Deep_Learning_Inference\Core\Src\stm32l4xx_it.c
2026-07-31 10:23:34,294 [INFO] CodeEngine:265 - oldGeneratedFile, D:\Anusha_TinyML_FDP\TinyML_Workshop_Nitte-\STM32\Deep_Learning_Inference\Core\Inc\stm32l4xx_it.h_save
2026-07-31 10:23:34,374 [INFO] CodeEngine:289 - Generated code: D:\Anusha_TinyML_FDP\TinyML_Workshop_Nitte-\STM32\Deep_Learning_Inference\Core\Inc\stm32l4xx_it.h
2026-07-31 10:23:34,387 [INFO] CodeEngine:265 - oldGeneratedFile, D:\Anusha_TinyML_FDP\TinyML_Workshop_Nitte-\STM32\Deep_Learning_Inference\Core\Src\stm32l4xx_hal_msp.c_save
2026-07-31 10:23:34,509 [INFO] CodeEngine:289 - Generated code: D:\Anusha_TinyML_FDP\TinyML_Workshop_Nitte-\STM32\Deep_Learning_Inference\Core\Src\stm32l4xx_hal_msp.c
2026-07-31 10:23:34,513 [INFO] CodeEngine:265 - oldGeneratedFile, D:\Anusha_TinyML_FDP\TinyML_Workshop_Nitte-\STM32\Deep_Learning_Inference\MXTmpFiles\system.tmp_save
2026-07-31 10:23:34,586 [INFO] CodeEngine:289 - Generated code: D:\Anusha_TinyML_FDP\TinyML_Workshop_Nitte-\STM32\Deep_Learning_Inference\MXTmpFiles\system.tmp
2026-07-31 10:23:34,595 [INFO] CodeEngine:321 - oldGeneratedFile, D:\Anusha_TinyML_FDP\TinyML_Workshop_Nitte-\STM32\Deep_Learning_Inference\Core\Inc\stm32l4xx_hal_conf.h_save
2026-07-31 10:23:34,679 [INFO] CodeEngine:345 - Generated code: D:\Anusha_TinyML_FDP\TinyML_Workshop_Nitte-\STM32\Deep_Learning_Inference\Core\Inc\stm32l4xx_hal_conf.h
2026-07-31 10:23:34,699 [INFO] CodeEngine:265 - oldGeneratedFile, D:\Anusha_TinyML_FDP\TinyML_Workshop_Nitte-\STM32\Deep_Learning_Inference\Core\Inc\main.h_save
2026-07-31 10:23:34,783 [INFO] CodeEngine:289 - Generated code: D:\Anusha_TinyML_FDP\TinyML_Workshop_Nitte-\STM32\Deep_Learning_Inference\Core\Inc\main.h
2026-07-31 10:23:34,788 [INFO] CodeEngine:265 - oldGeneratedFile, D:\Anusha_TinyML_FDP\TinyML_Workshop_Nitte-\STM32\Deep_Learning_Inference\Core\Src\main.c_save
2026-07-31 10:23:34,918 [INFO] CodeEngine:289 - Generated code: D:\Anusha_TinyML_FDP\TinyML_Workshop_Nitte-\STM32\Deep_Learning_Inference\Core\Src\main.c
2026-07-31 10:23:35,292 [INFO] AInterface:322 - ModelName:network; files:[D:\Anusha_TinyML_FDP\TinyML_Workshop_Nitte-\ONNX\mlp_model.onnx]; type:ONNX; compression:None
2026-07-31 10:23:35,293 [INFO] AInterface:526 - workspaceTempDir: C:/Users/ADMIN/AppData/Local/Temp/mxAI_workspace90716923845496005041506953116061121
2026-07-31 10:23:35,293 [INFO] AInterface:1179 - Setting Env: C:/Users/ADMIN/STM32Cube/Repository//Packs/STMicroelectronics/X-CUBE-AI/10.2.1/Utilities/windows
2026-07-31 10:23:35,298 [INFO] STM32CubeIDEBuilder:265 - Looking for gnu-tools-for-stm32 tools/bin/arm-none-eabi-gcc.exe in C:\ST\STM32CubeIDE_1.19.0\STM32CubeIDE
2026-07-31 10:23:35,301 [INFO] STM32CubeIDEBuilder:294 - checking C:\ST\STM32CubeIDE_1.19.0\STM32CubeIDE\plugins\com.st.stm32cube.ide.mcu.externaltools.gnu-tools-for-stm32.13.3.rel1.win32_1.0.0.202411081344\tools\bin\arm-none-eabi-gcc.exe
2026-07-31 10:23:35,301 [INFO] STM32CubeIDEBuilder:297 - ret=C:\ST\STM32CubeIDE_1.19.0\STM32CubeIDE\plugins\com.st.stm32cube.ide.mcu.externaltools.gnu-tools-for-stm32.13.3.rel1.win32_1.0.0.202411081344\tools\bin\arm-none-eabi-gcc.exe
2026-07-31 10:23:35,301 [INFO] STM32CubeIDEBuilder:311 - returning C:\ST\STM32CubeIDE_1.19.0\STM32CubeIDE\plugins\com.st.stm32cube.ide.mcu.externaltools.gnu-tools-for-stm32.13.3.rel1.win32_1.0.0.202411081344\tools\bin\arm-none-eabi-gcc.exe
2026-07-31 10:23:35,301 [INFO] AInterface:1236 - Custom PATH variable: C:/Users/ADMIN/STM32Cube/Repository//Packs/STMicroelectronics/X-CUBE-AI/10.2.1/Utilities/windows;C:/Users/ADMIN/STM32Cube/Repository//Packs/STMicroelectronics/X-CUBE-AI/10.2.1/Utilities/windows/mingw64/bin;C:/Users/ADMIN/STM32Cube/Repository//Packs/STMicroelectronics/X-CUBE-AI/10.2.1/Utilities/windows/mingw64/libexec/gcc/x86_64-w64-mingw32/7.3.0;;C:\ST\STM32CubeIDE_1.19.0\STM32CubeIDE\plugins\com.st.stm32cube.ide.mcu.externaltools.gnu-tools-for-stm32.13.3.rel1.win32_1.0.0.202411081344\tools\bin
2026-07-31 10:23:35,303 [INFO] CmdLine:115 - Command: C:/Users/ADMIN/STM32Cube/Repository//Packs/STMicroelectronics/X-CUBE-AI/10.2.1/Utilities/windows/stedgeai.exe generate --target stm32l4 --name network -m D:/Anusha_TinyML_FDP/TinyML_Workshop_Nitte-/ONNX/mlp_model.onnx --compression none --verbosity 1 --workspace C:/Users/ADMIN/AppData/Local/Temp/mxAI_workspace90716923845496005041506953116061121 --output C:/Users/ADMIN/.stm32cubemx/network_output
2026-07-31 10:23:35,304 [INFO] AIModelDetailledView:2264 - Analysis status: pending
2026-07-31 10:23:36,231 [INFO] CmdLine:76 - ST Edge AI Core v2.2.0-20266 2adc00962
2026-07-31 10:23:46,004 [INFO] CmdLine:76 - Creating c (debug) info json file C:\Users\ADMIN\.stm32cubemx\network_output\network_c_info.json
2026-07-31 10:23:46,028 [INFO] CmdLine:76 -  
2026-07-31 10:23:46,029 [INFO] CmdLine:76 -  Exec/report summary (generate)
2026-07-31 10:23:46,029 [INFO] CmdLine:76 -  -------------------------------------------------------------------------------------------------------------
2026-07-31 10:23:46,029 [INFO] CmdLine:76 -  model file         :   D:\Anusha_TinyML_FDP\TinyML_Workshop_Nitte-\ONNX\mlp_model.onnx                       
2026-07-31 10:23:46,029 [INFO] CmdLine:76 -  type               :   onnx                                                                                  
2026-07-31 10:23:46,029 [INFO] CmdLine:76 -  c_name             :   network                                                                               
2026-07-31 10:23:46,029 [INFO] CmdLine:76 -  compression        :   none                                                                                  
2026-07-31 10:23:46,029 [INFO] CmdLine:76 -  options            :   allocate-inputs, allocate-outputs                                                     
2026-07-31 10:23:46,029 [INFO] CmdLine:76 -  optimization       :   balanced                                                                              
2026-07-31 10:23:46,030 [INFO] CmdLine:76 -  target/series      :   stm32l4                                                                               
2026-07-31 10:23:46,030 [INFO] CmdLine:76 -  workspace dir      :   C:\Users\ADMIN\AppData\Local\Temp\mxAI_workspace90716923845496005041506953116061121   
2026-07-31 10:23:46,030 [INFO] CmdLine:76 -  output dir         :   C:\Users\ADMIN\.stm32cubemx\network_output                                            
2026-07-31 10:23:46,030 [INFO] CmdLine:76 -  model_fmt          :   float                                                                                 
2026-07-31 10:23:46,030 [INFO] CmdLine:76 -  model_name         :   mlp_model                                                                             
2026-07-31 10:23:46,030 [INFO] CmdLine:76 -  model_hash         :   0xdeea65ffd24f71ddeacb634c57bdc030                                                    
2026-07-31 10:23:46,030 [INFO] CmdLine:76 -  params #           :   2,693 items (10.52 KiB)                                                               
2026-07-31 10:23:46,030 [INFO] CmdLine:76 -  -------------------------------------------------------------------------------------------------------------
2026-07-31 10:23:46,030 [INFO] CmdLine:76 -  input 1/1          :   'input', f32(1x6), 24 Bytes, activations                                              
2026-07-31 10:23:46,030 [INFO] CmdLine:76 -  output 1/1         :   'output', f32(1x5), 20 Bytes, activations                                             
2026-07-31 10:23:46,030 [INFO] CmdLine:76 -  macc               :   2,789                                                                                 
2026-07-31 10:23:46,030 [INFO] CmdLine:76 -  weights (ro)       :   10,772 B (10.52 KiB) (1 segment)                                                      
2026-07-31 10:23:46,030 [INFO] CmdLine:76 -  activations (rw)   :   384 B (384 B) (1 segment) *                                                           
2026-07-31 10:23:46,031 [INFO] CmdLine:76 -  ram (total)        :   384 B (384 B) = 384 + 0 + 0                                                           
2026-07-31 10:23:46,031 [INFO] CmdLine:76 -  -------------------------------------------------------------------------------------------------------------
2026-07-31 10:23:46,031 [INFO] CmdLine:76 -  (*) 'input'/'output' buffers are allocated in the activations buffer
2026-07-31 10:23:46,035 [INFO] CmdLine:76 - Computing AI RT data/code size (target=stm32l4)..
2026-07-31 10:23:47,516 [INFO] CmdLine:76 -  Requested memory size by section - "stm32l4" target
2026-07-31 10:23:47,517 [INFO] CmdLine:76 -  ------------------------------ ------- -------- ------- -----
2026-07-31 10:23:47,517 [INFO] CmdLine:76 -  module                            text   rodata    data   bss
2026-07-31 10:23:47,517 [INFO] CmdLine:76 -  ------------------------------ ------- -------- ------- -----
2026-07-31 10:23:47,517 [INFO] CmdLine:76 -  NetworkRuntime1020_CM4_GCC.a     6,452        0       0     0
2026-07-31 10:23:47,517 [INFO] CmdLine:76 -  network.o                          528       40   1,584   140
2026-07-31 10:23:47,517 [INFO] CmdLine:76 -  network_data.o                      48       16      88     0
2026-07-31 10:23:47,517 [INFO] CmdLine:76 -  lib (toolchain)*                     0        0       0     0
2026-07-31 10:23:47,518 [INFO] CmdLine:76 -  ------------------------------ ------- -------- ------- -----
2026-07-31 10:23:47,518 [INFO] CmdLine:76 -  RT total**                       7,028       56   1,672   140
2026-07-31 10:23:47,518 [INFO] CmdLine:76 -  ------------------------------ ------- -------- ------- -----
2026-07-31 10:23:47,518 [INFO] CmdLine:76 -  weights                              0   10,776       0     0
2026-07-31 10:23:47,518 [INFO] CmdLine:76 -  activations                          0        0       0   384
2026-07-31 10:23:47,519 [INFO] CmdLine:76 -  io                                   0        0       0     0
2026-07-31 10:23:47,519 [INFO] CmdLine:76 -  ------------------------------ ------- -------- ------- -----
2026-07-31 10:23:47,519 [INFO] CmdLine:76 -  TOTAL                            7,028   10,832   1,672   524
2026-07-31 10:23:47,519 [INFO] CmdLine:76 -  ------------------------------ ------- -------- ------- -----
2026-07-31 10:23:47,519 [INFO] CmdLine:76 -  *  toolchain objects (libm/libgcc*)
2026-07-31 10:23:47,519 [INFO] CmdLine:76 -  ** RT AI runtime objects (kernels+infrastructure)
2026-07-31 10:23:47,520 [INFO] CmdLine:76 -   Summary - "stm32l4" target
2026-07-31 10:23:47,520 [INFO] CmdLine:76 -   ---------------------------------------------------
2026-07-31 10:23:47,520 [INFO] CmdLine:76 -                FLASH (ro)      %*   RAM (rw)       %
2026-07-31 10:23:47,520 [INFO] CmdLine:76 -   ---------------------------------------------------
2026-07-31 10:23:47,520 [INFO] CmdLine:76 -   RT total          8,756   44.8%      1,812   82.5%
2026-07-31 10:23:47,521 [INFO] CmdLine:76 -   ---------------------------------------------------
2026-07-31 10:23:47,521 [INFO] CmdLine:76 -   TOTAL            19,532              2,196
2026-07-31 10:23:47,521 [INFO] CmdLine:76 -   ---------------------------------------------------
2026-07-31 10:23:47,521 [INFO] CmdLine:76 -   *  rt/total
2026-07-31 10:23:47,522 [INFO] CmdLine:76 -  Generated files (7)
2026-07-31 10:23:47,522 [INFO] CmdLine:76 -  ------------------------------------------------------------------
2026-07-31 10:23:47,523 [INFO] CmdLine:76 -  C:\Users\ADMIN\.stm32cubemx\network_output\network_data_params.h
2026-07-31 10:23:47,523 [INFO] CmdLine:76 -  C:\Users\ADMIN\.stm32cubemx\network_output\network_data_params.c
2026-07-31 10:23:47,524 [INFO] CmdLine:76 -  C:\Users\ADMIN\.stm32cubemx\network_output\network_data.h
2026-07-31 10:23:47,524 [INFO] CmdLine:76 -  C:\Users\ADMIN\.stm32cubemx\network_output\network_data.c
2026-07-31 10:23:47,524 [INFO] CmdLine:76 -  C:\Users\ADMIN\.stm32cubemx\network_output\network_config.h
2026-07-31 10:23:47,524 [INFO] CmdLine:76 -  C:\Users\ADMIN\.stm32cubemx\network_output\network.h
2026-07-31 10:23:47,524 [INFO] CmdLine:76 -  C:\Users\ADMIN\.stm32cubemx\network_output\network.c
2026-07-31 10:23:47,524 [INFO] CmdLine:76 - Creating txt report file C:\Users\ADMIN\.stm32cubemx\network_output\network_generate_report.txt
2026-07-31 10:23:58,911 [INFO] CmdLine:76 - elapsed time (generate): 22.680s
2026-07-31 10:23:59,551 [INFO] CmdLine:148 - stedgeai exit with status: 0
2026-07-31 10:23:59,560 [INFO] AIModelDetailledView:2264 - Analysis status: done
2026-07-31 10:24:00,006 [INFO] ProjectBuilder:3606 - Time for Copy HAL[1] : 173mS.
2026-07-31 10:24:00,007 [ERROR] Middleware:2950 - Invalid RefComponent list
2026-07-31 10:24:00,007 [ERROR] Middleware:2950 - Invalid RefComponent list
2026-07-31 10:24:00,007 [ERROR] Middleware:2950 - Invalid RefComponent list
2026-07-31 10:24:00,007 [ERROR] Middleware:2950 - Invalid RefComponent list
2026-07-31 10:24:00,007 [ERROR] Middleware:2950 - Invalid RefComponent list
2026-07-31 10:24:00,007 [ERROR] Middleware:2950 - Invalid RefComponent list
2026-07-31 10:24:00,007 [ERROR] Middleware:2950 - Invalid RefComponent list
2026-07-31 10:24:00,007 [ERROR] Middleware:2950 - Invalid RefComponent list
2026-07-31 10:24:00,007 [ERROR] Middleware:2950 - Invalid RefComponent list
2026-07-31 10:24:00,007 [ERROR] Middleware:2950 - Invalid RefComponent list
2026-07-31 10:24:00,007 [ERROR] Middleware:2950 - Invalid RefComponent list
2026-07-31 10:24:00,007 [ERROR] Middleware:2950 - Invalid RefComponent list
2026-07-31 10:24:00,007 [ERROR] Middleware:2950 - Invalid RefComponent list
2026-07-31 10:24:00,007 [ERROR] Middleware:2950 - Invalid RefComponent list
2026-07-31 10:24:00,007 [ERROR] Middleware:2950 - Invalid RefComponent list
2026-07-31 10:24:00,007 [ERROR] Middleware:2950 - Invalid RefComponent list
2026-07-31 10:24:00,007 [ERROR] Middleware:2950 - Invalid RefComponent list
2026-07-31 10:24:00,007 [ERROR] Middleware:2950 - Invalid RefComponent list
2026-07-31 10:24:00,007 [ERROR] Middleware:2950 - Invalid RefComponent list
2026-07-31 10:24:00,007 [ERROR] Middleware:2950 - Invalid RefComponent list
2026-07-31 10:24:00,007 [ERROR] Middleware:2950 - Invalid RefComponent list
2026-07-31 10:24:00,007 [ERROR] Middleware:2950 - Invalid RefComponent list
2026-07-31 10:24:00,007 [ERROR] Middleware:2950 - Invalid RefComponent list
2026-07-31 10:24:00,007 [ERROR] Middleware:2950 - Invalid RefComponent list
2026-07-31 10:24:00,008 [ERROR] Middleware:2950 - Invalid RefComponent list
2026-07-31 10:24:00,008 [ERROR] Middleware:2950 - Invalid RefComponent list
2026-07-31 10:24:00,008 [ERROR] Middleware:2950 - Invalid RefComponent list
2026-07-31 10:24:00,008 [ERROR] Middleware:2950 - Invalid RefComponent list
2026-07-31 10:24:00,008 [ERROR] Middleware:2950 - Invalid RefComponent list
2026-07-31 10:24:00,008 [ERROR] Middleware:2950 - Invalid RefComponent list
2026-07-31 10:24:00,008 [ERROR] Middleware:2950 - Invalid RefComponent list
2026-07-31 10:24:00,008 [ERROR] Middleware:2950 - Invalid RefComponent list
2026-07-31 10:24:00,008 [ERROR] Middleware:2950 - Invalid RefComponent list
2026-07-31 10:24:00,008 [ERROR] Middleware:2950 - Invalid RefComponent list
2026-07-31 10:24:00,008 [ERROR] Middleware:2950 - Invalid RefComponent list
2026-07-31 10:24:00,008 [ERROR] Middleware:2950 - Invalid RefComponent list
2026-07-31 10:24:00,008 [ERROR] Middleware:2950 - Invalid RefComponent list
2026-07-31 10:24:00,008 [ERROR] Middleware:2950 - Invalid RefComponent list
2026-07-31 10:24:00,008 [ERROR] Middleware:2950 - Invalid RefComponent list
2026-07-31 10:24:00,008 [ERROR] Middleware:2950 - Invalid RefComponent list
2026-07-31 10:24:00,008 [ERROR] Middleware:2950 - Invalid RefComponent list
2026-07-31 10:24:00,008 [ERROR] Middleware:2950 - Invalid RefComponent list
2026-07-31 10:24:00,008 [ERROR] Middleware:2950 - Invalid RefComponent list
2026-07-31 10:24:00,008 [ERROR] Middleware:2950 - Invalid RefComponent list
2026-07-31 10:24:00,008 [ERROR] Middleware:2950 - Invalid RefComponent list
2026-07-31 10:24:00,008 [ERROR] Middleware:2950 - Invalid RefComponent list
2026-07-31 10:24:00,008 [ERROR] Middleware:2950 - Invalid RefComponent list
2026-07-31 10:24:00,008 [ERROR] Middleware:2950 - Invalid RefComponent list
2026-07-31 10:24:00,008 [ERROR] Middleware:2950 - Invalid RefComponent list
2026-07-31 10:24:00,008 [ERROR] Middleware:2950 - Invalid RefComponent list
2026-07-31 10:24:00,012 [INFO] ProjectBuilder:5216 - Project Generator version: 4.7.0-B52
2026-07-31 10:24:00,107 [INFO] ConfigFileManager:1595 - The Die is : DIE470
2026-07-31 10:24:00,961 [INFO] ProjectBuilder:5496 - Time for Generating toolchain IDE Files: 949mS.
2026-07-31 10:24:00,962 [INFO] ProjectBuilder:3463 - Time for Copy CMSIS : 1mS.
2026-07-31 10:24:00,964 [INFO] ProjectBuilder:3463 - Time for Copy CMSIS : 0mS.
2026-07-31 10:27:31,925 [INFO] UtilMem:75 - End SaveConfig() Used Memory: 515470920 Bytes (1073741824)
2026-07-31 10:27:33,370 [INFO] UtilMem:75 - End SaveConfig() Used Memory: 556365384 Bytes (1073741824)
2026-07-31 10:27:33,635 [INFO] UtilMem:75 - End SaveConfig() Used Memory: 597782088 Bytes (1073741824)
2026-07-31 10:27:33,883 [INFO] BlockDiagram:2775 - set Specific Code input for plugin: SYS
2026-07-31 10:27:33,883 [INFO] BlockDiagram:2775 - set Specific Code input for plugin: RCC
2026-07-31 10:27:33,883 [INFO] BlockDiagram:2775 - set Specific Code input for plugin: I2C
2026-07-31 10:27:33,883 [INFO] BlockDiagram:2775 - set Specific Code input for plugin: NVIC
2026-07-31 10:27:33,883 [INFO] BlockDiagram:2775 - set Specific Code input for plugin: USART
2026-07-31 10:27:33,883 [INFO] BlockDiagram:2775 - set Specific Code input for plugin: STMicroelectronics.X-CUBE-AI.10.2.1
2026-07-31 10:27:33,883 [INFO] BlockDiagram:2775 - set Specific Code input for plugin: GPIO
2026-07-31 10:27:33,885 [INFO] CodeGenerator:892 - code generatio: config db path: C:\ST\STM32CubeIDE_1.19.0\STM32CubeIDE\plugins\com.st.stm32cube.common.mx_6.15.0.202507011659\\db\
2026-07-31 10:27:34,028 [INFO] IP:3329 - RTE Config file name : RTE_Component
2026-07-31 10:27:34,028 [INFO] IP:3347 - RTE template : RTE_Components.ftl
2026-07-31 10:27:34,036 [INFO] CodeEngine:265 - oldGeneratedFile, D:\Anusha_TinyML_FDP\TinyML_Workshop_Nitte-\STM32\Deep_Learning_Inference\MXTmpFiles\license.tmp_save
2026-07-31 10:27:34,104 [INFO] CodeEngine:289 - Generated code: D:\Anusha_TinyML_FDP\TinyML_Workshop_Nitte-\STM32\Deep_Learning_Inference\MXTmpFiles\license.tmp
2026-07-31 10:27:34,128 [INFO] CodeEngine:265 - oldGeneratedFile, D:\Anusha_TinyML_FDP\TinyML_Workshop_Nitte-\STM32\Deep_Learning_Inference\MXTmpFiles\gpio.tmp_save
2026-07-31 10:27:34,206 [INFO] CodeEngine:289 - Generated code: D:\Anusha_TinyML_FDP\TinyML_Workshop_Nitte-\STM32\Deep_Learning_Inference\MXTmpFiles\gpio.tmp
2026-07-31 10:27:34,284 [INFO] Middleware:1452 - No code input for Bsp Dependency
2026-07-31 10:27:34,285 [INFO] Middleware:1452 - No code input for Bsp Dependency
2026-07-31 10:27:34,296 [INFO] CodeEngine:265 - oldGeneratedFile, D:\Anusha_TinyML_FDP\TinyML_Workshop_Nitte-\STM32\Deep_Learning_Inference\Core\Src\stm32l4xx_it.c_save
2026-07-31 10:27:34,381 [INFO] CodeEngine:289 - Generated code: D:\Anusha_TinyML_FDP\TinyML_Workshop_Nitte-\STM32\Deep_Learning_Inference\Core\Src\stm32l4xx_it.c
2026-07-31 10:27:34,385 [INFO] CodeEngine:265 - oldGeneratedFile, D:\Anusha_TinyML_FDP\TinyML_Workshop_Nitte-\STM32\Deep_Learning_Inference\Core\Inc\stm32l4xx_it.h_save
2026-07-31 10:27:34,463 [INFO] CodeEngine:289 - Generated code: D:\Anusha_TinyML_FDP\TinyML_Workshop_Nitte-\STM32\Deep_Learning_Inference\Core\Inc\stm32l4xx_it.h
2026-07-31 10:27:34,476 [INFO] CodeEngine:265 - oldGeneratedFile, D:\Anusha_TinyML_FDP\TinyML_Workshop_Nitte-\STM32\Deep_Learning_Inference\Core\Src\stm32l4xx_hal_msp.c_save
2026-07-31 10:27:34,591 [INFO] CodeEngine:289 - Generated code: D:\Anusha_TinyML_FDP\TinyML_Workshop_Nitte-\STM32\Deep_Learning_Inference\Core\Src\stm32l4xx_hal_msp.c
2026-07-31 10:27:34,595 [INFO] CodeEngine:265 - oldGeneratedFile, D:\Anusha_TinyML_FDP\TinyML_Workshop_Nitte-\STM32\Deep_Learning_Inference\MXTmpFiles\system.tmp_save
2026-07-31 10:27:34,667 [INFO] CodeEngine:289 - Generated code: D:\Anusha_TinyML_FDP\TinyML_Workshop_Nitte-\STM32\Deep_Learning_Inference\MXTmpFiles\system.tmp
2026-07-31 10:27:34,677 [INFO] CodeEngine:321 - oldGeneratedFile, D:\Anusha_TinyML_FDP\TinyML_Workshop_Nitte-\STM32\Deep_Learning_Inference\Core\Inc\stm32l4xx_hal_conf.h_save
2026-07-31 10:27:34,758 [INFO] CodeEngine:345 - Generated code: D:\Anusha_TinyML_FDP\TinyML_Workshop_Nitte-\STM32\Deep_Learning_Inference\Core\Inc\stm32l4xx_hal_conf.h
2026-07-31 10:27:34,778 [INFO] CodeEngine:265 - oldGeneratedFile, D:\Anusha_TinyML_FDP\TinyML_Workshop_Nitte-\STM32\Deep_Learning_Inference\Core\Inc\main.h_save
2026-07-31 10:27:34,859 [INFO] CodeEngine:289 - Generated code: D:\Anusha_TinyML_FDP\TinyML_Workshop_Nitte-\STM32\Deep_Learning_Inference\Core\Inc\main.h
2026-07-31 10:27:34,864 [INFO] CodeEngine:265 - oldGeneratedFile, D:\Anusha_TinyML_FDP\TinyML_Workshop_Nitte-\STM32\Deep_Learning_Inference\Core\Src\main.c_save
2026-07-31 10:27:34,985 [INFO] CodeEngine:289 - Generated code: D:\Anusha_TinyML_FDP\TinyML_Workshop_Nitte-\STM32\Deep_Learning_Inference\Core\Src\main.c
2026-07-31 10:27:35,350 [INFO] AInterface:322 - ModelName:network; files:[D:\Anusha_TinyML_FDP\TinyML_Workshop_Nitte-\ONNX\mlp_model.onnx]; type:ONNX; compression:None
2026-07-31 10:27:35,351 [INFO] AInterface:526 - workspaceTempDir: C:/Users/ADMIN/AppData/Local/Temp/mxAI_workspace90719324427783002458805124046365780
2026-07-31 10:27:35,351 [INFO] AInterface:1179 - Setting Env: C:/Users/ADMIN/STM32Cube/Repository//Packs/STMicroelectronics/X-CUBE-AI/10.2.1/Utilities/windows
2026-07-31 10:27:35,360 [INFO] STM32CubeIDEBuilder:265 - Looking for gnu-tools-for-stm32 tools/bin/arm-none-eabi-gcc.exe in C:\ST\STM32CubeIDE_1.19.0\STM32CubeIDE
2026-07-31 10:27:35,363 [INFO] STM32CubeIDEBuilder:294 - checking C:\ST\STM32CubeIDE_1.19.0\STM32CubeIDE\plugins\com.st.stm32cube.ide.mcu.externaltools.gnu-tools-for-stm32.13.3.rel1.win32_1.0.0.202411081344\tools\bin\arm-none-eabi-gcc.exe
2026-07-31 10:27:35,363 [INFO] STM32CubeIDEBuilder:297 - ret=C:\ST\STM32CubeIDE_1.19.0\STM32CubeIDE\plugins\com.st.stm32cube.ide.mcu.externaltools.gnu-tools-for-stm32.13.3.rel1.win32_1.0.0.202411081344\tools\bin\arm-none-eabi-gcc.exe
2026-07-31 10:27:35,363 [INFO] STM32CubeIDEBuilder:311 - returning C:\ST\STM32CubeIDE_1.19.0\STM32CubeIDE\plugins\com.st.stm32cube.ide.mcu.externaltools.gnu-tools-for-stm32.13.3.rel1.win32_1.0.0.202411081344\tools\bin\arm-none-eabi-gcc.exe
2026-07-31 10:27:35,364 [INFO] AInterface:1236 - Custom PATH variable: C:/Users/ADMIN/STM32Cube/Repository//Packs/STMicroelectronics/X-CUBE-AI/10.2.1/Utilities/windows;C:/Users/ADMIN/STM32Cube/Repository//Packs/STMicroelectronics/X-CUBE-AI/10.2.1/Utilities/windows/mingw64/bin;C:/Users/ADMIN/STM32Cube/Repository//Packs/STMicroelectronics/X-CUBE-AI/10.2.1/Utilities/windows/mingw64/libexec/gcc/x86_64-w64-mingw32/7.3.0;;C:\ST\STM32CubeIDE_1.19.0\STM32CubeIDE\plugins\com.st.stm32cube.ide.mcu.externaltools.gnu-tools-for-stm32.13.3.rel1.win32_1.0.0.202411081344\tools\bin
2026-07-31 10:27:35,365 [INFO] CmdLine:115 - Command: C:/Users/ADMIN/STM32Cube/Repository//Packs/STMicroelectronics/X-CUBE-AI/10.2.1/Utilities/windows/stedgeai.exe generate --target stm32l4 --name network -m D:/Anusha_TinyML_FDP/TinyML_Workshop_Nitte-/ONNX/mlp_model.onnx --compression none --verbosity 1 --workspace C:/Users/ADMIN/AppData/Local/Temp/mxAI_workspace90719324427783002458805124046365780 --output C:/Users/ADMIN/.stm32cubemx/network_output
2026-07-31 10:27:35,367 [INFO] AIModelDetailledView:2264 - Analysis status: pending
2026-07-31 10:27:36,242 [INFO] CmdLine:76 - ST Edge AI Core v2.2.0-20266 2adc00962
2026-07-31 10:27:46,208 [INFO] CmdLine:76 - Creating c (debug) info json file C:\Users\ADMIN\.stm32cubemx\network_output\network_c_info.json
2026-07-31 10:27:46,231 [INFO] CmdLine:76 -  
2026-07-31 10:27:46,231 [INFO] CmdLine:76 -  Exec/report summary (generate)
2026-07-31 10:27:46,231 [INFO] CmdLine:76 -  -------------------------------------------------------------------------------------------------------------
2026-07-31 10:27:46,231 [INFO] CmdLine:76 -  model file         :   D:\Anusha_TinyML_FDP\TinyML_Workshop_Nitte-\ONNX\mlp_model.onnx                       
2026-07-31 10:27:46,231 [INFO] CmdLine:76 -  type               :   onnx                                                                                  
2026-07-31 10:27:46,231 [INFO] CmdLine:76 -  c_name             :   network                                                                               
2026-07-31 10:27:46,231 [INFO] CmdLine:76 -  compression        :   none                                                                                  
2026-07-31 10:27:46,232 [INFO] CmdLine:76 -  options            :   allocate-inputs, allocate-outputs                                                     
2026-07-31 10:27:46,232 [INFO] CmdLine:76 -  optimization       :   balanced                                                                              
2026-07-31 10:27:46,232 [INFO] CmdLine:76 -  target/series      :   stm32l4                                                                               
2026-07-31 10:27:46,232 [INFO] CmdLine:76 -  workspace dir      :   C:\Users\ADMIN\AppData\Local\Temp\mxAI_workspace90719324427783002458805124046365780   
2026-07-31 10:27:46,232 [INFO] CmdLine:76 -  output dir         :   C:\Users\ADMIN\.stm32cubemx\network_output                                            
2026-07-31 10:27:46,232 [INFO] CmdLine:76 -  model_fmt          :   float                                                                                 
2026-07-31 10:27:46,232 [INFO] CmdLine:76 -  model_name         :   mlp_model                                                                             
2026-07-31 10:27:46,232 [INFO] CmdLine:76 -  model_hash         :   0xdeea65ffd24f71ddeacb634c57bdc030                                                    
2026-07-31 10:27:46,232 [INFO] CmdLine:76 -  params #           :   2,693 items (10.52 KiB)                                                               
2026-07-31 10:27:46,232 [INFO] CmdLine:76 -  -------------------------------------------------------------------------------------------------------------
2026-07-31 10:27:46,232 [INFO] CmdLine:76 -  input 1/1          :   'input', f32(1x6), 24 Bytes, activations                                              
2026-07-31 10:27:46,232 [INFO] CmdLine:76 -  output 1/1         :   'output', f32(1x5), 20 Bytes, activations                                             
2026-07-31 10:27:46,232 [INFO] CmdLine:76 -  macc               :   2,789                                                                                 
2026-07-31 10:27:46,233 [INFO] CmdLine:76 -  weights (ro)       :   10,772 B (10.52 KiB) (1 segment)                                                      
2026-07-31 10:27:46,233 [INFO] CmdLine:76 -  activations (rw)   :   384 B (384 B) (1 segment) *                                                           
2026-07-31 10:27:46,233 [INFO] CmdLine:76 -  ram (total)        :   384 B (384 B) = 384 + 0 + 0                                                           
2026-07-31 10:27:46,233 [INFO] CmdLine:76 -  -------------------------------------------------------------------------------------------------------------
2026-07-31 10:27:46,233 [INFO] CmdLine:76 -  (*) 'input'/'output' buffers are allocated in the activations buffer
2026-07-31 10:27:46,237 [INFO] CmdLine:76 - Computing AI RT data/code size (target=stm32l4)..
2026-07-31 10:27:47,753 [INFO] CmdLine:76 -  Requested memory size by section - "stm32l4" target
2026-07-31 10:27:47,754 [INFO] CmdLine:76 -  ------------------------------ ------- -------- ------- -----
2026-07-31 10:27:47,754 [INFO] CmdLine:76 -  module                            text   rodata    data   bss
2026-07-31 10:27:47,754 [INFO] CmdLine:76 -  ------------------------------ ------- -------- ------- -----
2026-07-31 10:27:47,754 [INFO] CmdLine:76 -  NetworkRuntime1020_CM4_GCC.a     6,452        0       0     0
2026-07-31 10:27:47,754 [INFO] CmdLine:76 -  network.o                          528       40   1,584   140
2026-07-31 10:27:47,754 [INFO] CmdLine:76 -  network_data.o                      48       16      88     0
2026-07-31 10:27:47,754 [INFO] CmdLine:76 -  lib (toolchain)*                     0        0       0     0
2026-07-31 10:27:47,754 [INFO] CmdLine:76 -  ------------------------------ ------- -------- ------- -----
2026-07-31 10:27:47,755 [INFO] CmdLine:76 -  RT total**                       7,028       56   1,672   140
2026-07-31 10:27:47,755 [INFO] CmdLine:76 -  ------------------------------ ------- -------- ------- -----
2026-07-31 10:27:47,755 [INFO] CmdLine:76 -  weights                              0   10,776       0     0
2026-07-31 10:27:47,755 [INFO] CmdLine:76 -  activations                          0        0       0   384
2026-07-31 10:27:47,756 [INFO] CmdLine:76 -  io                                   0        0       0     0
2026-07-31 10:27:47,756 [INFO] CmdLine:76 -  ------------------------------ ------- -------- ------- -----
2026-07-31 10:27:47,757 [INFO] CmdLine:76 -  TOTAL                            7,028   10,832   1,672   524
2026-07-31 10:27:47,757 [INFO] CmdLine:76 -  ------------------------------ ------- -------- ------- -----
2026-07-31 10:27:47,757 [INFO] CmdLine:76 -  *  toolchain objects (libm/libgcc*)
2026-07-31 10:27:47,758 [INFO] CmdLine:76 -  ** RT AI runtime objects (kernels+infrastructure)
2026-07-31 10:27:47,758 [INFO] CmdLine:76 -   Summary - "stm32l4" target
2026-07-31 10:27:47,758 [INFO] CmdLine:76 -   ---------------------------------------------------
2026-07-31 10:27:47,758 [INFO] CmdLine:76 -                FLASH (ro)      %*   RAM (rw)       %
2026-07-31 10:27:47,758 [INFO] CmdLine:76 -   ---------------------------------------------------
2026-07-31 10:27:47,758 [INFO] CmdLine:76 -   RT total          8,756   44.8%      1,812   82.5%
2026-07-31 10:27:47,758 [INFO] CmdLine:76 -   ---------------------------------------------------
2026-07-31 10:27:47,759 [INFO] CmdLine:76 -   TOTAL            19,532              2,196
2026-07-31 10:27:47,759 [INFO] CmdLine:76 -   ---------------------------------------------------
2026-07-31 10:27:47,759 [INFO] CmdLine:76 -   *  rt/total
2026-07-31 10:27:47,759 [INFO] CmdLine:76 -  Generated files (7)
2026-07-31 10:27:47,759 [INFO] CmdLine:76 -  ------------------------------------------------------------------
2026-07-31 10:27:47,759 [INFO] CmdLine:76 -  C:\Users\ADMIN\.stm32cubemx\network_output\network_data_params.h
2026-07-31 10:27:47,759 [INFO] CmdLine:76 -  C:\Users\ADMIN\.stm32cubemx\network_output\network_data_params.c
2026-07-31 10:27:47,759 [INFO] CmdLine:76 -  C:\Users\ADMIN\.stm32cubemx\network_output\network_data.h
2026-07-31 10:27:47,759 [INFO] CmdLine:76 -  C:\Users\ADMIN\.stm32cubemx\network_output\network_data.c
2026-07-31 10:27:47,759 [INFO] CmdLine:76 -  C:\Users\ADMIN\.stm32cubemx\network_output\network_config.h
2026-07-31 10:27:47,760 [INFO] CmdLine:76 -  C:\Users\ADMIN\.stm32cubemx\network_output\network.h
2026-07-31 10:27:47,760 [INFO] CmdLine:76 -  C:\Users\ADMIN\.stm32cubemx\network_output\network.c
2026-07-31 10:27:47,760 [INFO] CmdLine:76 - Creating txt report file C:\Users\ADMIN\.stm32cubemx\network_output\network_generate_report.txt
2026-07-31 10:27:59,842 [INFO] CmdLine:76 - elapsed time (generate): 23.601s
2026-07-31 10:28:00,449 [INFO] CmdLine:148 - stedgeai exit with status: 0
2026-07-31 10:28:00,459 [INFO] AIModelDetailledView:2264 - Analysis status: done
2026-07-31 10:28:00,874 [INFO] ProjectBuilder:3606 - Time for Copy HAL[1] : 163mS.
2026-07-31 10:28:00,875 [ERROR] Middleware:2950 - Invalid RefComponent list
2026-07-31 10:28:00,875 [ERROR] Middleware:2950 - Invalid RefComponent list
2026-07-31 10:28:00,875 [ERROR] Middleware:2950 - Invalid RefComponent list
2026-07-31 10:28:00,875 [ERROR] Middleware:2950 - Invalid RefComponent list
2026-07-31 10:28:00,875 [ERROR] Middleware:2950 - Invalid RefComponent list
2026-07-31 10:28:00,875 [ERROR] Middleware:2950 - Invalid RefComponent list
2026-07-31 10:28:00,875 [ERROR] Middleware:2950 - Invalid RefComponent list
2026-07-31 10:28:00,875 [ERROR] Middleware:2950 - Invalid RefComponent list
2026-07-31 10:28:00,875 [ERROR] Middleware:2950 - Invalid RefComponent list
2026-07-31 10:28:00,875 [ERROR] Middleware:2950 - Invalid RefComponent list
2026-07-31 10:28:00,875 [ERROR] Middleware:2950 - Invalid RefComponent list
2026-07-31 10:28:00,875 [ERROR] Middleware:2950 - Invalid RefComponent list
2026-07-31 10:28:00,875 [ERROR] Middleware:2950 - Invalid RefComponent list
2026-07-31 10:28:00,875 [ERROR] Middleware:2950 - Invalid RefComponent list
2026-07-31 10:28:00,875 [ERROR] Middleware:2950 - Invalid RefComponent list
2026-07-31 10:28:00,875 [ERROR] Middleware:2950 - Invalid RefComponent list
2026-07-31 10:28:00,875 [ERROR] Middleware:2950 - Invalid RefComponent list
2026-07-31 10:28:00,875 [ERROR] Middleware:2950 - Invalid RefComponent list
2026-07-31 10:28:00,875 [ERROR] Middleware:2950 - Invalid RefComponent list
2026-07-31 10:28:00,875 [ERROR] Middleware:2950 - Invalid RefComponent list
2026-07-31 10:28:00,875 [ERROR] Middleware:2950 - Invalid RefComponent list
2026-07-31 10:28:00,875 [ERROR] Middleware:2950 - Invalid RefComponent list
2026-07-31 10:28:00,875 [ERROR] Middleware:2950 - Invalid RefComponent list
2026-07-31 10:28:00,876 [ERROR] Middleware:2950 - Invalid RefComponent list
2026-07-31 10:28:00,876 [ERROR] Middleware:2950 - Invalid RefComponent list
2026-07-31 10:28:00,876 [ERROR] Middleware:2950 - Invalid RefComponent list
2026-07-31 10:28:00,876 [ERROR] Middleware:2950 - Invalid RefComponent list
2026-07-31 10:28:00,876 [ERROR] Middleware:2950 - Invalid RefComponent list
2026-07-31 10:28:00,876 [ERROR] Middleware:2950 - Invalid RefComponent list
2026-07-31 10:28:00,876 [ERROR] Middleware:2950 - Invalid RefComponent list
2026-07-31 10:28:00,876 [ERROR] Middleware:2950 - Invalid RefComponent list
2026-07-31 10:28:00,876 [ERROR] Middleware:2950 - Invalid RefComponent list
2026-07-31 10:28:00,876 [ERROR] Middleware:2950 - Invalid RefComponent list
2026-07-31 10:28:00,876 [ERROR] Middleware:2950 - Invalid RefComponent list
2026-07-31 10:28:00,876 [ERROR] Middleware:2950 - Invalid RefComponent list
2026-07-31 10:28:00,876 [ERROR] Middleware:2950 - Invalid RefComponent list
2026-07-31 10:28:00,876 [ERROR] Middleware:2950 - Invalid RefComponent list
2026-07-31 10:28:00,876 [ERROR] Middleware:2950 - Invalid RefComponent list
2026-07-31 10:28:00,876 [ERROR] Middleware:2950 - Invalid RefComponent list
2026-07-31 10:28:00,876 [ERROR] Middleware:2950 - Invalid RefComponent list
2026-07-31 10:28:00,876 [ERROR] Middleware:2950 - Invalid RefComponent list
2026-07-31 10:28:00,876 [ERROR] Middleware:2950 - Invalid RefComponent list
2026-07-31 10:28:00,876 [ERROR] Middleware:2950 - Invalid RefComponent list
2026-07-31 10:28:00,876 [ERROR] Middleware:2950 - Invalid RefComponent list
2026-07-31 10:28:00,876 [ERROR] Middleware:2950 - Invalid RefComponent list
2026-07-31 10:28:00,876 [ERROR] Middleware:2950 - Invalid RefComponent list
2026-07-31 10:28:00,876 [ERROR] Middleware:2950 - Invalid RefComponent list
2026-07-31 10:28:00,876 [ERROR] Middleware:2950 - Invalid RefComponent list
2026-07-31 10:28:00,876 [ERROR] Middleware:2950 - Invalid RefComponent list
2026-07-31 10:28:00,876 [ERROR] Middleware:2950 - Invalid RefComponent list
2026-07-31 10:28:00,880 [INFO] ProjectBuilder:5216 - Project Generator version: 4.7.0-B52
2026-07-31 10:28:00,967 [INFO] ConfigFileManager:1595 - The Die is : DIE470
2026-07-31 10:28:01,713 [INFO] ProjectBuilder:5496 - Time for Generating toolchain IDE Files: 834mS.
2026-07-31 10:28:01,713 [INFO] ProjectBuilder:3463 - Time for Copy CMSIS : 0mS.
2026-07-31 10:28:01,715 [INFO] ProjectBuilder:3463 - Time for Copy CMSIS : 0mS.
2026-07-31 10:28:36,769 [INFO] UtilMem:75 - End SaveConfig() Used Memory: 938081096 Bytes (1073741824)
2026-07-31 10:28:38,304 [INFO] UtilMem:75 - End SaveConfig() Used Memory: 980024136 Bytes (1073741824)
2026-07-31 10:28:38,558 [INFO] UtilMem:75 - End SaveConfig() Used Memory: 460704328 Bytes (1073741824)
2026-07-31 10:28:38,778 [INFO] BlockDiagram:2775 - set Specific Code input for plugin: SYS
2026-07-31 10:28:38,779 [INFO] BlockDiagram:2775 - set Specific Code input for plugin: RCC
2026-07-31 10:28:38,779 [INFO] BlockDiagram:2775 - set Specific Code input for plugin: I2C
2026-07-31 10:28:38,779 [INFO] BlockDiagram:2775 - set Specific Code input for plugin: NVIC
2026-07-31 10:28:38,779 [INFO] BlockDiagram:2775 - set Specific Code input for plugin: USART
2026-07-31 10:28:38,779 [INFO] BlockDiagram:2775 - set Specific Code input for plugin: STMicroelectronics.X-CUBE-AI.10.2.1
2026-07-31 10:28:38,779 [INFO] BlockDiagram:2775 - set Specific Code input for plugin: GPIO
2026-07-31 10:28:38,781 [INFO] CodeGenerator:892 - code generatio: config db path: C:\ST\STM32CubeIDE_1.19.0\STM32CubeIDE\plugins\com.st.stm32cube.common.mx_6.15.0.202507011659\\db\
2026-07-31 10:28:38,937 [INFO] IP:3329 - RTE Config file name : RTE_Component
2026-07-31 10:28:38,938 [INFO] IP:3347 - RTE template : RTE_Components.ftl
2026-07-31 10:28:38,947 [INFO] CodeEngine:265 - oldGeneratedFile, D:\Anusha_TinyML_FDP\TinyML_Workshop_Nitte-\STM32\Deep_Learning_Inference\MXTmpFiles\license.tmp_save
2026-07-31 10:28:39,013 [INFO] CodeEngine:289 - Generated code: D:\Anusha_TinyML_FDP\TinyML_Workshop_Nitte-\STM32\Deep_Learning_Inference\MXTmpFiles\license.tmp
2026-07-31 10:28:39,033 [INFO] CodeEngine:265 - oldGeneratedFile, D:\Anusha_TinyML_FDP\TinyML_Workshop_Nitte-\STM32\Deep_Learning_Inference\MXTmpFiles\gpio.tmp_save
2026-07-31 10:28:39,111 [INFO] CodeEngine:289 - Generated code: D:\Anusha_TinyML_FDP\TinyML_Workshop_Nitte-\STM32\Deep_Learning_Inference\MXTmpFiles\gpio.tmp
2026-07-31 10:28:39,185 [INFO] Middleware:1452 - No code input for Bsp Dependency
2026-07-31 10:28:39,187 [INFO] Middleware:1452 - No code input for Bsp Dependency
2026-07-31 10:28:39,197 [INFO] CodeEngine:265 - oldGeneratedFile, D:\Anusha_TinyML_FDP\TinyML_Workshop_Nitte-\STM32\Deep_Learning_Inference\Core\Src\stm32l4xx_it.c_save
2026-07-31 10:28:39,282 [INFO] CodeEngine:289 - Generated code: D:\Anusha_TinyML_FDP\TinyML_Workshop_Nitte-\STM32\Deep_Learning_Inference\Core\Src\stm32l4xx_it.c
2026-07-31 10:28:39,287 [INFO] CodeEngine:265 - oldGeneratedFile, D:\Anusha_TinyML_FDP\TinyML_Workshop_Nitte-\STM32\Deep_Learning_Inference\Core\Inc\stm32l4xx_it.h_save
2026-07-31 10:28:39,365 [INFO] CodeEngine:289 - Generated code: D:\Anusha_TinyML_FDP\TinyML_Workshop_Nitte-\STM32\Deep_Learning_Inference\Core\Inc\stm32l4xx_it.h
2026-07-31 10:28:39,379 [INFO] CodeEngine:265 - oldGeneratedFile, D:\Anusha_TinyML_FDP\TinyML_Workshop_Nitte-\STM32\Deep_Learning_Inference\Core\Src\stm32l4xx_hal_msp.c_save
2026-07-31 10:28:39,481 [INFO] CodeEngine:289 - Generated code: D:\Anusha_TinyML_FDP\TinyML_Workshop_Nitte-\STM32\Deep_Learning_Inference\Core\Src\stm32l4xx_hal_msp.c
2026-07-31 10:28:39,485 [INFO] CodeEngine:265 - oldGeneratedFile, D:\Anusha_TinyML_FDP\TinyML_Workshop_Nitte-\STM32\Deep_Learning_Inference\MXTmpFiles\system.tmp_save
2026-07-31 10:28:39,560 [INFO] CodeEngine:289 - Generated code: D:\Anusha_TinyML_FDP\TinyML_Workshop_Nitte-\STM32\Deep_Learning_Inference\MXTmpFiles\system.tmp
2026-07-31 10:28:39,573 [INFO] CodeEngine:321 - oldGeneratedFile, D:\Anusha_TinyML_FDP\TinyML_Workshop_Nitte-\STM32\Deep_Learning_Inference\Core\Inc\stm32l4xx_hal_conf.h_save
2026-07-31 10:28:39,674 [INFO] CodeEngine:345 - Generated code: D:\Anusha_TinyML_FDP\TinyML_Workshop_Nitte-\STM32\Deep_Learning_Inference\Core\Inc\stm32l4xx_hal_conf.h
2026-07-31 10:28:39,698 [INFO] CodeEngine:265 - oldGeneratedFile, D:\Anusha_TinyML_FDP\TinyML_Workshop_Nitte-\STM32\Deep_Learning_Inference\Core\Inc\main.h_save
2026-07-31 10:28:39,786 [INFO] CodeEngine:289 - Generated code: D:\Anusha_TinyML_FDP\TinyML_Workshop_Nitte-\STM32\Deep_Learning_Inference\Core\Inc\main.h
2026-07-31 10:28:39,794 [INFO] CodeEngine:265 - oldGeneratedFile, D:\Anusha_TinyML_FDP\TinyML_Workshop_Nitte-\STM32\Deep_Learning_Inference\Core\Src\main.c_save
2026-07-31 10:28:39,948 [INFO] CodeEngine:289 - Generated code: D:\Anusha_TinyML_FDP\TinyML_Workshop_Nitte-\STM32\Deep_Learning_Inference\Core\Src\main.c
2026-07-31 10:28:40,326 [INFO] AInterface:322 - ModelName:network; files:[D:\Anusha_TinyML_FDP\TinyML_Workshop_Nitte-\ONNX\mlp_model.onnx]; type:ONNX; compression:None
2026-07-31 10:28:40,327 [INFO] AInterface:526 - workspaceTempDir: C:/Users/ADMIN/AppData/Local/Temp/mxAI_workspace907199741868900014532771477316814653
2026-07-31 10:28:40,327 [INFO] AInterface:1179 - Setting Env: C:/Users/ADMIN/STM32Cube/Repository//Packs/STMicroelectronics/X-CUBE-AI/10.2.1/Utilities/windows
2026-07-31 10:28:40,331 [INFO] STM32CubeIDEBuilder:265 - Looking for gnu-tools-for-stm32 tools/bin/arm-none-eabi-gcc.exe in C:\ST\STM32CubeIDE_1.19.0\STM32CubeIDE
2026-07-31 10:28:40,334 [INFO] STM32CubeIDEBuilder:294 - checking C:\ST\STM32CubeIDE_1.19.0\STM32CubeIDE\plugins\com.st.stm32cube.ide.mcu.externaltools.gnu-tools-for-stm32.13.3.rel1.win32_1.0.0.202411081344\tools\bin\arm-none-eabi-gcc.exe
2026-07-31 10:28:40,334 [INFO] STM32CubeIDEBuilder:297 - ret=C:\ST\STM32CubeIDE_1.19.0\STM32CubeIDE\plugins\com.st.stm32cube.ide.mcu.externaltools.gnu-tools-for-stm32.13.3.rel1.win32_1.0.0.202411081344\tools\bin\arm-none-eabi-gcc.exe
2026-07-31 10:28:40,334 [INFO] STM32CubeIDEBuilder:311 - returning C:\ST\STM32CubeIDE_1.19.0\STM32CubeIDE\plugins\com.st.stm32cube.ide.mcu.externaltools.gnu-tools-for-stm32.13.3.rel1.win32_1.0.0.202411081344\tools\bin\arm-none-eabi-gcc.exe
2026-07-31 10:28:40,334 [INFO] AInterface:1236 - Custom PATH variable: C:/Users/ADMIN/STM32Cube/Repository//Packs/STMicroelectronics/X-CUBE-AI/10.2.1/Utilities/windows;C:/Users/ADMIN/STM32Cube/Repository//Packs/STMicroelectronics/X-CUBE-AI/10.2.1/Utilities/windows/mingw64/bin;C:/Users/ADMIN/STM32Cube/Repository//Packs/STMicroelectronics/X-CUBE-AI/10.2.1/Utilities/windows/mingw64/libexec/gcc/x86_64-w64-mingw32/7.3.0;;C:\ST\STM32CubeIDE_1.19.0\STM32CubeIDE\plugins\com.st.stm32cube.ide.mcu.externaltools.gnu-tools-for-stm32.13.3.rel1.win32_1.0.0.202411081344\tools\bin
2026-07-31 10:28:40,336 [INFO] CmdLine:115 - Command: C:/Users/ADMIN/STM32Cube/Repository//Packs/STMicroelectronics/X-CUBE-AI/10.2.1/Utilities/windows/stedgeai.exe generate --target stm32l4 --name network -m D:/Anusha_TinyML_FDP/TinyML_Workshop_Nitte-/ONNX/mlp_model.onnx --compression none --verbosity 1 --workspace C:/Users/ADMIN/AppData/Local/Temp/mxAI_workspace907199741868900014532771477316814653 --output C:/Users/ADMIN/.stm32cubemx/network_output
2026-07-31 10:28:40,339 [INFO] AIModelDetailledView:2264 - Analysis status: pending
2026-07-31 10:28:41,215 [INFO] CmdLine:76 - ST Edge AI Core v2.2.0-20266 2adc00962
2026-07-31 10:28:51,124 [INFO] CmdLine:76 - Creating c (debug) info json file C:\Users\ADMIN\.stm32cubemx\network_output\network_c_info.json
2026-07-31 10:28:51,148 [INFO] CmdLine:76 -  
2026-07-31 10:28:51,148 [INFO] CmdLine:76 -  Exec/report summary (generate)
2026-07-31 10:28:51,148 [INFO] CmdLine:76 -  --------------------------------------------------------------------------------------------------------------
2026-07-31 10:28:51,148 [INFO] CmdLine:76 -  model file         :   D:\Anusha_TinyML_FDP\TinyML_Workshop_Nitte-\ONNX\mlp_model.onnx                        
2026-07-31 10:28:51,148 [INFO] CmdLine:76 -  type               :   onnx                                                                                   
2026-07-31 10:28:51,148 [INFO] CmdLine:76 -  c_name             :   network                                                                                
2026-07-31 10:28:51,148 [INFO] CmdLine:76 -  compression        :   none                                                                                   
2026-07-31 10:28:51,148 [INFO] CmdLine:76 -  options            :   allocate-inputs, allocate-outputs                                                      
2026-07-31 10:28:51,148 [INFO] CmdLine:76 -  optimization       :   balanced                                                                               
2026-07-31 10:28:51,148 [INFO] CmdLine:76 -  target/series      :   stm32l4                                                                                
2026-07-31 10:28:51,148 [INFO] CmdLine:76 -  workspace dir      :   C:\Users\ADMIN\AppData\Local\Temp\mxAI_workspace907199741868900014532771477316814653   
2026-07-31 10:28:51,149 [INFO] CmdLine:76 -  output dir         :   C:\Users\ADMIN\.stm32cubemx\network_output                                             
2026-07-31 10:28:51,149 [INFO] CmdLine:76 -  model_fmt          :   float                                                                                  
2026-07-31 10:28:51,149 [INFO] CmdLine:76 -  model_name         :   mlp_model                                                                              
2026-07-31 10:28:51,149 [INFO] CmdLine:76 -  model_hash         :   0xdeea65ffd24f71ddeacb634c57bdc030                                                     
2026-07-31 10:28:51,149 [INFO] CmdLine:76 -  params #           :   2,693 items (10.52 KiB)                                                                
2026-07-31 10:28:51,149 [INFO] CmdLine:76 -  --------------------------------------------------------------------------------------------------------------
2026-07-31 10:28:51,149 [INFO] CmdLine:76 -  input 1/1          :   'input', f32(1x6), 24 Bytes, activations                                               
2026-07-31 10:28:51,149 [INFO] CmdLine:76 -  output 1/1         :   'output', f32(1x5), 20 Bytes, activations                                              
2026-07-31 10:28:51,149 [INFO] CmdLine:76 -  macc               :   2,789                                                                                  
2026-07-31 10:28:51,149 [INFO] CmdLine:76 -  weights (ro)       :   10,772 B (10.52 KiB) (1 segment)                                                       
2026-07-31 10:28:51,149 [INFO] CmdLine:76 -  activations (rw)   :   384 B (384 B) (1 segment) *                                                            
2026-07-31 10:28:51,149 [INFO] CmdLine:76 -  ram (total)        :   384 B (384 B) = 384 + 0 + 0                                                            
2026-07-31 10:28:51,149 [INFO] CmdLine:76 -  --------------------------------------------------------------------------------------------------------------
2026-07-31 10:28:51,149 [INFO] CmdLine:76 -  (*) 'input'/'output' buffers are allocated in the activations buffer
2026-07-31 10:28:51,155 [INFO] CmdLine:76 - Computing AI RT data/code size (target=stm32l4)..
2026-07-31 10:28:52,616 [INFO] CmdLine:76 -  Requested memory size by section - "stm32l4" target
2026-07-31 10:28:52,617 [INFO] CmdLine:76 -  ------------------------------ ------- -------- ------- -----
2026-07-31 10:28:52,618 [INFO] CmdLine:76 -  module                            text   rodata    data   bss
2026-07-31 10:28:52,618 [INFO] CmdLine:76 -  ------------------------------ ------- -------- ------- -----
2026-07-31 10:28:52,618 [INFO] CmdLine:76 -  NetworkRuntime1020_CM4_GCC.a     6,452        0       0     0
2026-07-31 10:28:52,618 [INFO] CmdLine:76 -  network.o                          528       40   1,584   140
2026-07-31 10:28:52,618 [INFO] CmdLine:76 -  network_data.o                      48       16      88     0
2026-07-31 10:28:52,619 [INFO] CmdLine:76 -  lib (toolchain)*                     0        0       0     0
2026-07-31 10:28:52,619 [INFO] CmdLine:76 -  ------------------------------ ------- -------- ------- -----
2026-07-31 10:28:52,619 [INFO] CmdLine:76 -  RT total**                       7,028       56   1,672   140
2026-07-31 10:28:52,619 [INFO] CmdLine:76 -  ------------------------------ ------- -------- ------- -----
2026-07-31 10:28:52,619 [INFO] CmdLine:76 -  weights                              0   10,776       0     0
2026-07-31 10:28:52,620 [INFO] CmdLine:76 -  activations                          0        0       0   384
2026-07-31 10:28:52,620 [INFO] CmdLine:76 -  io                                   0        0       0     0
2026-07-31 10:28:52,620 [INFO] CmdLine:76 -  ------------------------------ ------- -------- ------- -----
2026-07-31 10:28:52,620 [INFO] CmdLine:76 -  TOTAL                            7,028   10,832   1,672   524
2026-07-31 10:28:52,621 [INFO] CmdLine:76 -  ------------------------------ ------- -------- ------- -----
2026-07-31 10:28:52,621 [INFO] CmdLine:76 -  *  toolchain objects (libm/libgcc*)
2026-07-31 10:28:52,621 [INFO] CmdLine:76 -  ** RT AI runtime objects (kernels+infrastructure)
2026-07-31 10:28:52,621 [INFO] CmdLine:76 -   Summary - "stm32l4" target
2026-07-31 10:28:52,621 [INFO] CmdLine:76 -   ---------------------------------------------------
2026-07-31 10:28:52,622 [INFO] CmdLine:76 -                FLASH (ro)      %*   RAM (rw)       %
2026-07-31 10:28:52,622 [INFO] CmdLine:76 -   ---------------------------------------------------
2026-07-31 10:28:52,622 [INFO] CmdLine:76 -   RT total          8,756   44.8%      1,812   82.5%
2026-07-31 10:28:52,623 [INFO] CmdLine:76 -   ---------------------------------------------------
2026-07-31 10:28:52,623 [INFO] CmdLine:76 -   TOTAL            19,532              2,196
2026-07-31 10:28:52,624 [INFO] CmdLine:76 -   ---------------------------------------------------
2026-07-31 10:28:52,624 [INFO] CmdLine:76 -   *  rt/total
2026-07-31 10:28:52,624 [INFO] CmdLine:76 -  Generated files (7)
2026-07-31 10:28:52,624 [INFO] CmdLine:76 -  ------------------------------------------------------------------
2026-07-31 10:28:52,624 [INFO] CmdLine:76 -  C:\Users\ADMIN\.stm32cubemx\network_output\network_data_params.h
2026-07-31 10:28:52,625 [INFO] CmdLine:76 -  C:\Users\ADMIN\.stm32cubemx\network_output\network_data_params.c
2026-07-31 10:28:52,625 [INFO] CmdLine:76 -  C:\Users\ADMIN\.stm32cubemx\network_output\network_data.h
2026-07-31 10:28:52,625 [INFO] CmdLine:76 -  C:\Users\ADMIN\.stm32cubemx\network_output\network_data.c
2026-07-31 10:28:52,625 [INFO] CmdLine:76 -  C:\Users\ADMIN\.stm32cubemx\network_output\network_config.h
2026-07-31 10:28:52,626 [INFO] CmdLine:76 -  C:\Users\ADMIN\.stm32cubemx\network_output\network.h
2026-07-31 10:28:52,626 [INFO] CmdLine:76 -  C:\Users\ADMIN\.stm32cubemx\network_output\network.c
2026-07-31 10:28:52,627 [INFO] CmdLine:76 - Creating txt report file C:\Users\ADMIN\.stm32cubemx\network_output\network_generate_report.txt
2026-07-31 10:29:03,548 [INFO] CmdLine:76 - elapsed time (generate): 22.332s
2026-07-31 10:29:04,151 [INFO] CmdLine:148 - stedgeai exit with status: 0
2026-07-31 10:29:04,160 [INFO] AIModelDetailledView:2264 - Analysis status: done
2026-07-31 10:29:04,591 [INFO] ProjectBuilder:3606 - Time for Copy HAL[1] : 179mS.
2026-07-31 10:29:04,592 [ERROR] Middleware:2950 - Invalid RefComponent list
2026-07-31 10:29:04,592 [ERROR] Middleware:2950 - Invalid RefComponent list
2026-07-31 10:29:04,592 [ERROR] Middleware:2950 - Invalid RefComponent list
2026-07-31 10:29:04,592 [ERROR] Middleware:2950 - Invalid RefComponent list
2026-07-31 10:29:04,592 [ERROR] Middleware:2950 - Invalid RefComponent list
2026-07-31 10:29:04,592 [ERROR] Middleware:2950 - Invalid RefComponent list
2026-07-31 10:29:04,592 [ERROR] Middleware:2950 - Invalid RefComponent list
2026-07-31 10:29:04,592 [ERROR] Middleware:2950 - Invalid RefComponent list
2026-07-31 10:29:04,592 [ERROR] Middleware:2950 - Invalid RefComponent list
2026-07-31 10:29:04,592 [ERROR] Middleware:2950 - Invalid RefComponent list
2026-07-31 10:29:04,592 [ERROR] Middleware:2950 - Invalid RefComponent list
2026-07-31 10:29:04,592 [ERROR] Middleware:2950 - Invalid RefComponent list
2026-07-31 10:29:04,592 [ERROR] Middleware:2950 - Invalid RefComponent list
2026-07-31 10:29:04,592 [ERROR] Middleware:2950 - Invalid RefComponent list
2026-07-31 10:29:04,592 [ERROR] Middleware:2950 - Invalid RefComponent list
2026-07-31 10:29:04,592 [ERROR] Middleware:2950 - Invalid RefComponent list
2026-07-31 10:29:04,592 [ERROR] Middleware:2950 - Invalid RefComponent list
2026-07-31 10:29:04,592 [ERROR] Middleware:2950 - Invalid RefComponent list
2026-07-31 10:29:04,592 [ERROR] Middleware:2950 - Invalid RefComponent list
2026-07-31 10:29:04,592 [ERROR] Middleware:2950 - Invalid RefComponent list
2026-07-31 10:29:04,592 [ERROR] Middleware:2950 - Invalid RefComponent list
2026-07-31 10:29:04,592 [ERROR] Middleware:2950 - Invalid RefComponent list
2026-07-31 10:29:04,592 [ERROR] Middleware:2950 - Invalid RefComponent list
2026-07-31 10:29:04,592 [ERROR] Middleware:2950 - Invalid RefComponent list
2026-07-31 10:29:04,592 [ERROR] Middleware:2950 - Invalid RefComponent list
2026-07-31 10:29:04,592 [ERROR] Middleware:2950 - Invalid RefComponent list
2026-07-31 10:29:04,592 [ERROR] Middleware:2950 - Invalid RefComponent list
2026-07-31 10:29:04,592 [ERROR] Middleware:2950 - Invalid RefComponent list
2026-07-31 10:29:04,592 [ERROR] Middleware:2950 - Invalid RefComponent list
2026-07-31 10:29:04,593 [ERROR] Middleware:2950 - Invalid RefComponent list
2026-07-31 10:29:04,593 [ERROR] Middleware:2950 - Invalid RefComponent list
2026-07-31 10:29:04,593 [ERROR] Middleware:2950 - Invalid RefComponent list
2026-07-31 10:29:04,593 [ERROR] Middleware:2950 - Invalid RefComponent list
2026-07-31 10:29:04,593 [ERROR] Middleware:2950 - Invalid RefComponent list
2026-07-31 10:29:04,593 [ERROR] Middleware:2950 - Invalid RefComponent list
2026-07-31 10:29:04,593 [ERROR] Middleware:2950 - Invalid RefComponent list
2026-07-31 10:29:04,593 [ERROR] Middleware:2950 - Invalid RefComponent list
2026-07-31 10:29:04,593 [ERROR] Middleware:2950 - Invalid RefComponent list
2026-07-31 10:29:04,593 [ERROR] Middleware:2950 - Invalid RefComponent list
2026-07-31 10:29:04,593 [ERROR] Middleware:2950 - Invalid RefComponent list
2026-07-31 10:29:04,593 [ERROR] Middleware:2950 - Invalid RefComponent list
2026-07-31 10:29:04,593 [ERROR] Middleware:2950 - Invalid RefComponent list
2026-07-31 10:29:04,593 [ERROR] Middleware:2950 - Invalid RefComponent list
2026-07-31 10:29:04,593 [ERROR] Middleware:2950 - Invalid RefComponent list
2026-07-31 10:29:04,593 [ERROR] Middleware:2950 - Invalid RefComponent list
2026-07-31 10:29:04,593 [ERROR] Middleware:2950 - Invalid RefComponent list
2026-07-31 10:29:04,593 [ERROR] Middleware:2950 - Invalid RefComponent list
2026-07-31 10:29:04,593 [ERROR] Middleware:2950 - Invalid RefComponent list
2026-07-31 10:29:04,593 [ERROR] Middleware:2950 - Invalid RefComponent list
2026-07-31 10:29:04,593 [ERROR] Middleware:2950 - Invalid RefComponent list
2026-07-31 10:29:04,596 [INFO] ProjectBuilder:5216 - Project Generator version: 4.7.0-B52
2026-07-31 10:29:04,681 [INFO] ConfigFileManager:1595 - The Die is : DIE470
2026-07-31 10:29:05,382 [INFO] ProjectBuilder:5496 - Time for Generating toolchain IDE Files: 785mS.
2026-07-31 10:29:05,382 [INFO] ProjectBuilder:3463 - Time for Copy CMSIS : 0mS.
2026-07-31 10:29:05,384 [INFO] ProjectBuilder:3463 - Time for Copy CMSIS : 0mS.
2026-07-31 11:02:53,448 [INFO] WebApp:194 - Connection lost
2026-07-31 11:03:04,017 [INFO] WebApp:191 - Connection restablished
2026-07-31 11:05:27,932 [INFO] WebApp:194 - Connection lost
2026-07-31 11:05:40,915 [INFO] WebApp:191 - Connection restablished
2026-07-31 11:17:58,956 [INFO] UtilMem:75 - End SaveConfig() Used Memory: 613694824 Bytes (1073741824)
2026-07-31 11:18:00,270 [INFO] UtilMem:75 - End SaveConfig() Used Memory: 657212776 Bytes (1073741824)
2026-07-31 11:18:00,520 [INFO] UtilMem:75 - End SaveConfig() Used Memory: 750009704 Bytes (1073741824)
2026-07-31 11:18:00,723 [INFO] BlockDiagram:2775 - set Specific Code input for plugin: SYS
2026-07-31 11:18:00,723 [INFO] BlockDiagram:2775 - set Specific Code input for plugin: RCC
2026-07-31 11:18:00,723 [INFO] BlockDiagram:2775 - set Specific Code input for plugin: I2C
2026-07-31 11:18:00,723 [INFO] BlockDiagram:2775 - set Specific Code input for plugin: NVIC
2026-07-31 11:18:00,723 [INFO] BlockDiagram:2775 - set Specific Code input for plugin: USART
2026-07-31 11:18:00,723 [INFO] BlockDiagram:2775 - set Specific Code input for plugin: STMicroelectronics.X-CUBE-AI.10.2.1
2026-07-31 11:18:00,723 [INFO] BlockDiagram:2775 - set Specific Code input for plugin: GPIO
2026-07-31 11:18:00,723 [INFO] CodeGenerator:892 - code generatio: config db path: C:\ST\STM32CubeIDE_1.19.0\STM32CubeIDE\plugins\com.st.stm32cube.common.mx_6.15.0.202507011659\\db\
2026-07-31 11:18:00,817 [INFO] IP:3329 - RTE Config file name : RTE_Component
2026-07-31 11:18:00,817 [INFO] IP:3347 - RTE template : RTE_Components.ftl
2026-07-31 11:18:00,817 [INFO] CodeEngine:265 - oldGeneratedFile, D:\Anusha_TinyML_FDP\TinyML_Workshop_Nitte-\STM32\Deep_Learning_Inference\MXTmpFiles\license.tmp_save
2026-07-31 11:18:00,926 [INFO] CodeEngine:289 - Generated code: D:\Anusha_TinyML_FDP\TinyML_Workshop_Nitte-\STM32\Deep_Learning_Inference\MXTmpFiles\license.tmp
2026-07-31 11:18:00,942 [INFO] CodeEngine:265 - oldGeneratedFile, D:\Anusha_TinyML_FDP\TinyML_Workshop_Nitte-\STM32\Deep_Learning_Inference\MXTmpFiles\gpio.tmp_save
2026-07-31 11:18:01,020 [INFO] CodeEngine:289 - Generated code: D:\Anusha_TinyML_FDP\TinyML_Workshop_Nitte-\STM32\Deep_Learning_Inference\MXTmpFiles\gpio.tmp
2026-07-31 11:18:01,098 [INFO] Middleware:1452 - No code input for Bsp Dependency
2026-07-31 11:18:01,098 [INFO] Middleware:1452 - No code input for Bsp Dependency
2026-07-31 11:18:01,129 [INFO] CodeEngine:265 - oldGeneratedFile, D:\Anusha_TinyML_FDP\TinyML_Workshop_Nitte-\STM32\Deep_Learning_Inference\Core\Src\stm32l4xx_it.c_save
2026-07-31 11:18:01,302 [INFO] CodeEngine:289 - Generated code: D:\Anusha_TinyML_FDP\TinyML_Workshop_Nitte-\STM32\Deep_Learning_Inference\Core\Src\stm32l4xx_it.c
2026-07-31 11:18:01,302 [INFO] CodeEngine:265 - oldGeneratedFile, D:\Anusha_TinyML_FDP\TinyML_Workshop_Nitte-\STM32\Deep_Learning_Inference\Core\Inc\stm32l4xx_it.h_save
2026-07-31 11:18:01,380 [INFO] CodeEngine:289 - Generated code: D:\Anusha_TinyML_FDP\TinyML_Workshop_Nitte-\STM32\Deep_Learning_Inference\Core\Inc\stm32l4xx_it.h
2026-07-31 11:18:01,396 [INFO] CodeEngine:265 - oldGeneratedFile, D:\Anusha_TinyML_FDP\TinyML_Workshop_Nitte-\STM32\Deep_Learning_Inference\Core\Src\stm32l4xx_hal_msp.c_save
2026-07-31 11:18:01,521 [INFO] CodeEngine:289 - Generated code: D:\Anusha_TinyML_FDP\TinyML_Workshop_Nitte-\STM32\Deep_Learning_Inference\Core\Src\stm32l4xx_hal_msp.c
2026-07-31 11:18:01,521 [INFO] CodeEngine:265 - oldGeneratedFile, D:\Anusha_TinyML_FDP\TinyML_Workshop_Nitte-\STM32\Deep_Learning_Inference\MXTmpFiles\system.tmp_save
2026-07-31 11:18:01,583 [INFO] CodeEngine:289 - Generated code: D:\Anusha_TinyML_FDP\TinyML_Workshop_Nitte-\STM32\Deep_Learning_Inference\MXTmpFiles\system.tmp
2026-07-31 11:18:01,583 [INFO] CodeEngine:321 - oldGeneratedFile, D:\Anusha_TinyML_FDP\TinyML_Workshop_Nitte-\STM32\Deep_Learning_Inference\Core\Inc\stm32l4xx_hal_conf.h_save
2026-07-31 11:18:01,661 [INFO] CodeEngine:345 - Generated code: D:\Anusha_TinyML_FDP\TinyML_Workshop_Nitte-\STM32\Deep_Learning_Inference\Core\Inc\stm32l4xx_hal_conf.h
2026-07-31 11:18:01,677 [INFO] CodeEngine:265 - oldGeneratedFile, D:\Anusha_TinyML_FDP\TinyML_Workshop_Nitte-\STM32\Deep_Learning_Inference\Core\Inc\main.h_save
2026-07-31 11:18:01,771 [INFO] CodeEngine:289 - Generated code: D:\Anusha_TinyML_FDP\TinyML_Workshop_Nitte-\STM32\Deep_Learning_Inference\Core\Inc\main.h
2026-07-31 11:18:01,786 [INFO] CodeEngine:265 - oldGeneratedFile, D:\Anusha_TinyML_FDP\TinyML_Workshop_Nitte-\STM32\Deep_Learning_Inference\Core\Src\main.c_save
2026-07-31 11:18:01,912 [INFO] CodeEngine:289 - Generated code: D:\Anusha_TinyML_FDP\TinyML_Workshop_Nitte-\STM32\Deep_Learning_Inference\Core\Src\main.c
2026-07-31 11:18:02,260 [INFO] AInterface:322 - ModelName:network; files:[D:\Anusha_TinyML_FDP\TinyML_Workshop_Nitte-\ONNX\mlp_model.onnx]; type:ONNX; compression:None
2026-07-31 11:18:02,261 [INFO] AInterface:526 - workspaceTempDir: C:/Users/ADMIN/AppData/Local/Temp/mxAI_workspace907495938904940012814907817013325681
2026-07-31 11:18:02,261 [INFO] AInterface:1179 - Setting Env: C:/Users/ADMIN/STM32Cube/Repository//Packs/STMicroelectronics/X-CUBE-AI/10.2.1/Utilities/windows
2026-07-31 11:18:02,266 [INFO] STM32CubeIDEBuilder:265 - Looking for gnu-tools-for-stm32 tools/bin/arm-none-eabi-gcc.exe in C:\ST\STM32CubeIDE_1.19.0\STM32CubeIDE
2026-07-31 11:18:02,268 [INFO] STM32CubeIDEBuilder:294 - checking C:\ST\STM32CubeIDE_1.19.0\STM32CubeIDE\plugins\com.st.stm32cube.ide.mcu.externaltools.gnu-tools-for-stm32.13.3.rel1.win32_1.0.0.202411081344\tools\bin\arm-none-eabi-gcc.exe
2026-07-31 11:18:02,269 [INFO] STM32CubeIDEBuilder:297 - ret=C:\ST\STM32CubeIDE_1.19.0\STM32CubeIDE\plugins\com.st.stm32cube.ide.mcu.externaltools.gnu-tools-for-stm32.13.3.rel1.win32_1.0.0.202411081344\tools\bin\arm-none-eabi-gcc.exe
2026-07-31 11:18:02,269 [INFO] STM32CubeIDEBuilder:311 - returning C:\ST\STM32CubeIDE_1.19.0\STM32CubeIDE\plugins\com.st.stm32cube.ide.mcu.externaltools.gnu-tools-for-stm32.13.3.rel1.win32_1.0.0.202411081344\tools\bin\arm-none-eabi-gcc.exe
2026-07-31 11:18:02,269 [INFO] AInterface:1236 - Custom PATH variable: C:/Users/ADMIN/STM32Cube/Repository//Packs/STMicroelectronics/X-CUBE-AI/10.2.1/Utilities/windows;C:/Users/ADMIN/STM32Cube/Repository//Packs/STMicroelectronics/X-CUBE-AI/10.2.1/Utilities/windows/mingw64/bin;C:/Users/ADMIN/STM32Cube/Repository//Packs/STMicroelectronics/X-CUBE-AI/10.2.1/Utilities/windows/mingw64/libexec/gcc/x86_64-w64-mingw32/7.3.0;;C:\ST\STM32CubeIDE_1.19.0\STM32CubeIDE\plugins\com.st.stm32cube.ide.mcu.externaltools.gnu-tools-for-stm32.13.3.rel1.win32_1.0.0.202411081344\tools\bin
2026-07-31 11:18:02,270 [INFO] CmdLine:115 - Command: C:/Users/ADMIN/STM32Cube/Repository//Packs/STMicroelectronics/X-CUBE-AI/10.2.1/Utilities/windows/stedgeai.exe generate --target stm32l4 --name network -m D:/Anusha_TinyML_FDP/TinyML_Workshop_Nitte-/ONNX/mlp_model.onnx --compression none --verbosity 1 --workspace C:/Users/ADMIN/AppData/Local/Temp/mxAI_workspace907495938904940012814907817013325681 --output C:/Users/ADMIN/.stm32cubemx/network_output
2026-07-31 11:18:02,272 [INFO] AIModelDetailledView:2264 - Analysis status: pending
2026-07-31 11:18:03,097 [INFO] CmdLine:76 - ST Edge AI Core v2.2.0-20266 2adc00962
2026-07-31 11:18:12,928 [INFO] CmdLine:76 - Creating c (debug) info json file C:\Users\ADMIN\.stm32cubemx\network_output\network_c_info.json
2026-07-31 11:18:12,951 [INFO] CmdLine:76 -  
2026-07-31 11:18:12,952 [INFO] CmdLine:76 -  Exec/report summary (generate)
2026-07-31 11:18:12,952 [INFO] CmdLine:76 -  --------------------------------------------------------------------------------------------------------------
2026-07-31 11:18:12,952 [INFO] CmdLine:76 -  model file         :   D:\Anusha_TinyML_FDP\TinyML_Workshop_Nitte-\ONNX\mlp_model.onnx                        
2026-07-31 11:18:12,952 [INFO] CmdLine:76 -  type               :   onnx                                                                                   
2026-07-31 11:18:12,952 [INFO] CmdLine:76 -  c_name             :   network                                                                                
2026-07-31 11:18:12,952 [INFO] CmdLine:76 -  compression        :   none                                                                                   
2026-07-31 11:18:12,952 [INFO] CmdLine:76 -  options            :   allocate-inputs, allocate-outputs                                                      
2026-07-31 11:18:12,952 [INFO] CmdLine:76 -  optimization       :   balanced                                                                               
2026-07-31 11:18:12,952 [INFO] CmdLine:76 -  target/series      :   stm32l4                                                                                
2026-07-31 11:18:12,952 [INFO] CmdLine:76 -  workspace dir      :   C:\Users\ADMIN\AppData\Local\Temp\mxAI_workspace907495938904940012814907817013325681   
2026-07-31 11:18:12,952 [INFO] CmdLine:76 -  output dir         :   C:\Users\ADMIN\.stm32cubemx\network_output                                             
2026-07-31 11:18:12,952 [INFO] CmdLine:76 -  model_fmt          :   float                                                                                  
2026-07-31 11:18:12,953 [INFO] CmdLine:76 -  model_name         :   mlp_model                                                                              
2026-07-31 11:18:12,953 [INFO] CmdLine:76 -  model_hash         :   0xdeea65ffd24f71ddeacb634c57bdc030                                                     
2026-07-31 11:18:12,953 [INFO] CmdLine:76 -  params #           :   2,693 items (10.52 KiB)                                                                
2026-07-31 11:18:12,953 [INFO] CmdLine:76 -  --------------------------------------------------------------------------------------------------------------
2026-07-31 11:18:12,953 [INFO] CmdLine:76 -  input 1/1          :   'input', f32(1x6), 24 Bytes, activations                                               
2026-07-31 11:18:12,953 [INFO] CmdLine:76 -  output 1/1         :   'output', f32(1x5), 20 Bytes, activations                                              
2026-07-31 11:18:12,953 [INFO] CmdLine:76 -  macc               :   2,789                                                                                  
2026-07-31 11:18:12,953 [INFO] CmdLine:76 -  weights (ro)       :   10,772 B (10.52 KiB) (1 segment)                                                       
2026-07-31 11:18:12,953 [INFO] CmdLine:76 -  activations (rw)   :   384 B (384 B) (1 segment) *                                                            
2026-07-31 11:18:12,953 [INFO] CmdLine:76 -  ram (total)        :   384 B (384 B) = 384 + 0 + 0                                                            
2026-07-31 11:18:12,953 [INFO] CmdLine:76 -  --------------------------------------------------------------------------------------------------------------
2026-07-31 11:18:12,953 [INFO] CmdLine:76 -  (*) 'input'/'output' buffers are allocated in the activations buffer
2026-07-31 11:18:12,958 [INFO] CmdLine:76 - Computing AI RT data/code size (target=stm32l4)..
2026-07-31 11:18:14,395 [INFO] CmdLine:76 -  Requested memory size by section - "stm32l4" target
2026-07-31 11:18:14,395 [INFO] CmdLine:76 -  ------------------------------ ------- -------- ------- -----
2026-07-31 11:18:14,395 [INFO] CmdLine:76 -  module                            text   rodata    data   bss
2026-07-31 11:18:14,395 [INFO] CmdLine:76 -  ------------------------------ ------- -------- ------- -----
2026-07-31 11:18:14,396 [INFO] CmdLine:76 -  NetworkRuntime1020_CM4_GCC.a     6,452        0       0     0
2026-07-31 11:18:14,396 [INFO] CmdLine:76 -  network.o                          528       40   1,584   140
2026-07-31 11:18:14,396 [INFO] CmdLine:76 -  network_data.o                      48       16      88     0
2026-07-31 11:18:14,396 [INFO] CmdLine:76 -  lib (toolchain)*                     0        0       0     0
2026-07-31 11:18:14,396 [INFO] CmdLine:76 -  ------------------------------ ------- -------- ------- -----
2026-07-31 11:18:14,396 [INFO] CmdLine:76 -  RT total**                       7,028       56   1,672   140
2026-07-31 11:18:14,396 [INFO] CmdLine:76 -  ------------------------------ ------- -------- ------- -----
2026-07-31 11:18:14,396 [INFO] CmdLine:76 -  weights                              0   10,776       0     0
2026-07-31 11:18:14,396 [INFO] CmdLine:76 -  activations                          0        0       0   384
2026-07-31 11:18:14,396 [INFO] CmdLine:76 -  io                                   0        0       0     0
2026-07-31 11:18:14,397 [INFO] CmdLine:76 -  ------------------------------ ------- -------- ------- -----
2026-07-31 11:18:14,397 [INFO] CmdLine:76 -  TOTAL                            7,028   10,832   1,672   524
2026-07-31 11:18:14,397 [INFO] CmdLine:76 -  ------------------------------ ------- -------- ------- -----
2026-07-31 11:18:14,397 [INFO] CmdLine:76 -  *  toolchain objects (libm/libgcc*)
2026-07-31 11:18:14,397 [INFO] CmdLine:76 -  ** RT AI runtime objects (kernels+infrastructure)
2026-07-31 11:18:14,397 [INFO] CmdLine:76 -   Summary - "stm32l4" target
2026-07-31 11:18:14,397 [INFO] CmdLine:76 -   ---------------------------------------------------
2026-07-31 11:18:14,397 [INFO] CmdLine:76 -                FLASH (ro)      %*   RAM (rw)       %
2026-07-31 11:18:14,397 [INFO] CmdLine:76 -   ---------------------------------------------------
2026-07-31 11:18:14,397 [INFO] CmdLine:76 -   RT total          8,756   44.8%      1,812   82.5%
2026-07-31 11:18:14,398 [INFO] CmdLine:76 -   ---------------------------------------------------
2026-07-31 11:18:14,398 [INFO] CmdLine:76 -   TOTAL            19,532              2,196
2026-07-31 11:18:14,398 [INFO] CmdLine:76 -   ---------------------------------------------------
2026-07-31 11:18:14,398 [INFO] CmdLine:76 -   *  rt/total
2026-07-31 11:18:14,398 [INFO] CmdLine:76 -  Generated files (7)
2026-07-31 11:18:14,398 [INFO] CmdLine:76 -  ------------------------------------------------------------------
2026-07-31 11:18:14,398 [INFO] CmdLine:76 -  C:\Users\ADMIN\.stm32cubemx\network_output\network_data_params.h
2026-07-31 11:18:14,399 [INFO] CmdLine:76 -  C:\Users\ADMIN\.stm32cubemx\network_output\network_data_params.c
2026-07-31 11:18:14,399 [INFO] CmdLine:76 -  C:\Users\ADMIN\.stm32cubemx\network_output\network_data.h
2026-07-31 11:18:14,399 [INFO] CmdLine:76 -  C:\Users\ADMIN\.stm32cubemx\network_output\network_data.c
2026-07-31 11:18:14,399 [INFO] CmdLine:76 -  C:\Users\ADMIN\.stm32cubemx\network_output\network_config.h
2026-07-31 11:18:14,399 [INFO] CmdLine:76 -  C:\Users\ADMIN\.stm32cubemx\network_output\network.h
2026-07-31 11:18:14,399 [INFO] CmdLine:76 -  C:\Users\ADMIN\.stm32cubemx\network_output\network.c
2026-07-31 11:18:14,400 [INFO] CmdLine:76 - Creating txt report file C:\Users\ADMIN\.stm32cubemx\network_output\network_generate_report.txt
2026-07-31 11:18:25,029 [INFO] CmdLine:76 - elapsed time (generate): 21.931s
2026-07-31 11:18:25,633 [INFO] CmdLine:148 - stedgeai exit with status: 0
2026-07-31 11:18:25,643 [INFO] AIModelDetailledView:2264 - Analysis status: done
2026-07-31 11:18:26,054 [INFO] ProjectBuilder:3606 - Time for Copy HAL[1] : 161mS.
2026-07-31 11:18:26,054 [ERROR] Middleware:2950 - Invalid RefComponent list
2026-07-31 11:18:26,054 [ERROR] Middleware:2950 - Invalid RefComponent list
2026-07-31 11:18:26,054 [ERROR] Middleware:2950 - Invalid RefComponent list
2026-07-31 11:18:26,054 [ERROR] Middleware:2950 - Invalid RefComponent list
2026-07-31 11:18:26,055 [ERROR] Middleware:2950 - Invalid RefComponent list
2026-07-31 11:18:26,055 [ERROR] Middleware:2950 - Invalid RefComponent list
2026-07-31 11:18:26,055 [ERROR] Middleware:2950 - Invalid RefComponent list
2026-07-31 11:18:26,055 [ERROR] Middleware:2950 - Invalid RefComponent list
2026-07-31 11:18:26,055 [ERROR] Middleware:2950 - Invalid RefComponent list
2026-07-31 11:18:26,055 [ERROR] Middleware:2950 - Invalid RefComponent list
2026-07-31 11:18:26,055 [ERROR] Middleware:2950 - Invalid RefComponent list
2026-07-31 11:18:26,055 [ERROR] Middleware:2950 - Invalid RefComponent list
2026-07-31 11:18:26,055 [ERROR] Middleware:2950 - Invalid RefComponent list
2026-07-31 11:18:26,055 [ERROR] Middleware:2950 - Invalid RefComponent list
2026-07-31 11:18:26,055 [ERROR] Middleware:2950 - Invalid RefComponent list
2026-07-31 11:18:26,055 [ERROR] Middleware:2950 - Invalid RefComponent list
2026-07-31 11:18:26,055 [ERROR] Middleware:2950 - Invalid RefComponent list
2026-07-31 11:18:26,055 [ERROR] Middleware:2950 - Invalid RefComponent list
2026-07-31 11:18:26,055 [ERROR] Middleware:2950 - Invalid RefComponent list
2026-07-31 11:18:26,055 [ERROR] Middleware:2950 - Invalid RefComponent list
2026-07-31 11:18:26,055 [ERROR] Middleware:2950 - Invalid RefComponent list
2026-07-31 11:18:26,055 [ERROR] Middleware:2950 - Invalid RefComponent list
2026-07-31 11:18:26,055 [ERROR] Middleware:2950 - Invalid RefComponent list
2026-07-31 11:18:26,055 [ERROR] Middleware:2950 - Invalid RefComponent list
2026-07-31 11:18:26,055 [ERROR] Middleware:2950 - Invalid RefComponent list
2026-07-31 11:18:26,055 [ERROR] Middleware:2950 - Invalid RefComponent list
2026-07-31 11:18:26,055 [ERROR] Middleware:2950 - Invalid RefComponent list
2026-07-31 11:18:26,055 [ERROR] Middleware:2950 - Invalid RefComponent list
2026-07-31 11:18:26,055 [ERROR] Middleware:2950 - Invalid RefComponent list
2026-07-31 11:18:26,055 [ERROR] Middleware:2950 - Invalid RefComponent list
2026-07-31 11:18:26,055 [ERROR] Middleware:2950 - Invalid RefComponent list
2026-07-31 11:18:26,055 [ERROR] Middleware:2950 - Invalid RefComponent list
2026-07-31 11:18:26,055 [ERROR] Middleware:2950 - Invalid RefComponent list
2026-07-31 11:18:26,055 [ERROR] Middleware:2950 - Invalid RefComponent list
2026-07-31 11:18:26,055 [ERROR] Middleware:2950 - Invalid RefComponent list
2026-07-31 11:18:26,055 [ERROR] Middleware:2950 - Invalid RefComponent list
2026-07-31 11:18:26,055 [ERROR] Middleware:2950 - Invalid RefComponent list
2026-07-31 11:18:26,055 [ERROR] Middleware:2950 - Invalid RefComponent list
2026-07-31 11:18:26,056 [ERROR] Middleware:2950 - Invalid RefComponent list
2026-07-31 11:18:26,056 [ERROR] Middleware:2950 - Invalid RefComponent list
2026-07-31 11:18:26,056 [ERROR] Middleware:2950 - Invalid RefComponent list
2026-07-31 11:18:26,056 [ERROR] Middleware:2950 - Invalid RefComponent list
2026-07-31 11:18:26,056 [ERROR] Middleware:2950 - Invalid RefComponent list
2026-07-31 11:18:26,056 [ERROR] Middleware:2950 - Invalid RefComponent list
2026-07-31 11:18:26,056 [ERROR] Middleware:2950 - Invalid RefComponent list
2026-07-31 11:18:26,056 [ERROR] Middleware:2950 - Invalid RefComponent list
2026-07-31 11:18:26,056 [ERROR] Middleware:2950 - Invalid RefComponent list
2026-07-31 11:18:26,056 [ERROR] Middleware:2950 - Invalid RefComponent list
2026-07-31 11:18:26,056 [ERROR] Middleware:2950 - Invalid RefComponent list
2026-07-31 11:18:26,056 [ERROR] Middleware:2950 - Invalid RefComponent list
2026-07-31 11:18:26,059 [INFO] ProjectBuilder:5216 - Project Generator version: 4.7.0-B52
2026-07-31 11:18:26,145 [INFO] ConfigFileManager:1595 - The Die is : DIE470
2026-07-31 11:18:26,941 [INFO] ProjectBuilder:5496 - Time for Generating toolchain IDE Files: 882mS.
2026-07-31 11:18:26,942 [INFO] ProjectBuilder:3463 - Time for Copy CMSIS : 1mS.
2026-07-31 11:18:26,944 [INFO] ProjectBuilder:3463 - Time for Copy CMSIS : 0mS.
2026-07-31 11:18:27,219 [INFO] UtilMem:75 - End SaveConfig() Used Memory: 954988120 Bytes (1073741824)
2026-07-31 11:18:30,002 [INFO] UtilMem:75 - End SaveConfig() Used Memory: 576592392 Bytes (1073741824)
2026-07-31 11:18:30,250 [INFO] UtilMem:75 - End SaveConfig() Used Memory: 620632584 Bytes (1073741824)
2026-07-31 11:18:30,452 [INFO] BlockDiagram:2775 - set Specific Code input for plugin: SYS
2026-07-31 11:18:30,452 [INFO] BlockDiagram:2775 - set Specific Code input for plugin: RCC
2026-07-31 11:18:30,452 [INFO] BlockDiagram:2775 - set Specific Code input for plugin: I2C
2026-07-31 11:18:30,452 [INFO] BlockDiagram:2775 - set Specific Code input for plugin: NVIC
2026-07-31 11:18:30,452 [INFO] BlockDiagram:2775 - set Specific Code input for plugin: USART
2026-07-31 11:18:30,452 [INFO] BlockDiagram:2775 - set Specific Code input for plugin: STMicroelectronics.X-CUBE-AI.10.2.1
2026-07-31 11:18:30,453 [INFO] BlockDiagram:2775 - set Specific Code input for plugin: GPIO
2026-07-31 11:18:30,455 [INFO] CodeGenerator:892 - code generatio: config db path: C:\ST\STM32CubeIDE_1.19.0\STM32CubeIDE\plugins\com.st.stm32cube.common.mx_6.15.0.202507011659\\db\
2026-07-31 11:18:30,537 [INFO] IP:3329 - RTE Config file name : RTE_Component
2026-07-31 11:18:30,537 [INFO] IP:3347 - RTE template : RTE_Components.ftl
2026-07-31 11:18:30,544 [INFO] CodeEngine:265 - oldGeneratedFile, D:\Anusha_TinyML_FDP\TinyML_Workshop_Nitte-\STM32\Deep_Learning_Inference\MXTmpFiles\license.tmp_save
2026-07-31 11:18:30,610 [INFO] CodeEngine:289 - Generated code: D:\Anusha_TinyML_FDP\TinyML_Workshop_Nitte-\STM32\Deep_Learning_Inference\MXTmpFiles\license.tmp
2026-07-31 11:18:30,631 [INFO] CodeEngine:265 - oldGeneratedFile, D:\Anusha_TinyML_FDP\TinyML_Workshop_Nitte-\STM32\Deep_Learning_Inference\MXTmpFiles\gpio.tmp_save
2026-07-31 11:18:30,697 [INFO] CodeEngine:289 - Generated code: D:\Anusha_TinyML_FDP\TinyML_Workshop_Nitte-\STM32\Deep_Learning_Inference\MXTmpFiles\gpio.tmp
2026-07-31 11:18:30,767 [INFO] Middleware:1452 - No code input for Bsp Dependency
2026-07-31 11:18:30,769 [INFO] Middleware:1452 - No code input for Bsp Dependency
2026-07-31 11:18:30,780 [INFO] CodeEngine:265 - oldGeneratedFile, D:\Anusha_TinyML_FDP\TinyML_Workshop_Nitte-\STM32\Deep_Learning_Inference\Core\Src\stm32l4xx_it.c_save
2026-07-31 11:18:30,851 [INFO] CodeEngine:289 - Generated code: D:\Anusha_TinyML_FDP\TinyML_Workshop_Nitte-\STM32\Deep_Learning_Inference\Core\Src\stm32l4xx_it.c
2026-07-31 11:18:30,856 [INFO] CodeEngine:265 - oldGeneratedFile, D:\Anusha_TinyML_FDP\TinyML_Workshop_Nitte-\STM32\Deep_Learning_Inference\Core\Inc\stm32l4xx_it.h_save
2026-07-31 11:18:30,921 [INFO] CodeEngine:289 - Generated code: D:\Anusha_TinyML_FDP\TinyML_Workshop_Nitte-\STM32\Deep_Learning_Inference\Core\Inc\stm32l4xx_it.h
2026-07-31 11:18:30,933 [INFO] CodeEngine:265 - oldGeneratedFile, D:\Anusha_TinyML_FDP\TinyML_Workshop_Nitte-\STM32\Deep_Learning_Inference\Core\Src\stm32l4xx_hal_msp.c_save
2026-07-31 11:18:31,032 [INFO] CodeEngine:289 - Generated code: D:\Anusha_TinyML_FDP\TinyML_Workshop_Nitte-\STM32\Deep_Learning_Inference\Core\Src\stm32l4xx_hal_msp.c
2026-07-31 11:18:31,036 [INFO] CodeEngine:265 - oldGeneratedFile, D:\Anusha_TinyML_FDP\TinyML_Workshop_Nitte-\STM32\Deep_Learning_Inference\MXTmpFiles\system.tmp_save
2026-07-31 11:18:31,098 [INFO] CodeEngine:289 - Generated code: D:\Anusha_TinyML_FDP\TinyML_Workshop_Nitte-\STM32\Deep_Learning_Inference\MXTmpFiles\system.tmp
2026-07-31 11:18:31,107 [INFO] CodeEngine:321 - oldGeneratedFile, D:\Anusha_TinyML_FDP\TinyML_Workshop_Nitte-\STM32\Deep_Learning_Inference\Core\Inc\stm32l4xx_hal_conf.h_save
2026-07-31 11:18:31,178 [INFO] CodeEngine:345 - Generated code: D:\Anusha_TinyML_FDP\TinyML_Workshop_Nitte-\STM32\Deep_Learning_Inference\Core\Inc\stm32l4xx_hal_conf.h
2026-07-31 11:18:31,197 [INFO] CodeEngine:265 - oldGeneratedFile, D:\Anusha_TinyML_FDP\TinyML_Workshop_Nitte-\STM32\Deep_Learning_Inference\Core\Inc\main.h_save
2026-07-31 11:18:31,267 [INFO] CodeEngine:289 - Generated code: D:\Anusha_TinyML_FDP\TinyML_Workshop_Nitte-\STM32\Deep_Learning_Inference\Core\Inc\main.h
2026-07-31 11:18:31,272 [INFO] CodeEngine:265 - oldGeneratedFile, D:\Anusha_TinyML_FDP\TinyML_Workshop_Nitte-\STM32\Deep_Learning_Inference\Core\Src\main.c_save
2026-07-31 11:18:31,379 [INFO] CodeEngine:289 - Generated code: D:\Anusha_TinyML_FDP\TinyML_Workshop_Nitte-\STM32\Deep_Learning_Inference\Core\Src\main.c
2026-07-31 11:18:31,743 [INFO] AInterface:322 - ModelName:network; files:[D:\Anusha_TinyML_FDP\TinyML_Workshop_Nitte-\ONNX\mlp_model.onnx]; type:ONNX; compression:None
2026-07-31 11:18:31,744 [INFO] AInterface:526 - workspaceTempDir: C:/Users/ADMIN/AppData/Local/Temp/mxAI_workspace9074988870691700385470536133100880
2026-07-31 11:18:31,744 [INFO] AInterface:1179 - Setting Env: C:/Users/ADMIN/STM32Cube/Repository//Packs/STMicroelectronics/X-CUBE-AI/10.2.1/Utilities/windows
2026-07-31 11:18:31,751 [INFO] STM32CubeIDEBuilder:265 - Looking for gnu-tools-for-stm32 tools/bin/arm-none-eabi-gcc.exe in C:\ST\STM32CubeIDE_1.19.0\STM32CubeIDE
2026-07-31 11:18:31,754 [INFO] STM32CubeIDEBuilder:294 - checking C:\ST\STM32CubeIDE_1.19.0\STM32CubeIDE\plugins\com.st.stm32cube.ide.mcu.externaltools.gnu-tools-for-stm32.13.3.rel1.win32_1.0.0.202411081344\tools\bin\arm-none-eabi-gcc.exe
2026-07-31 11:18:31,755 [INFO] STM32CubeIDEBuilder:297 - ret=C:\ST\STM32CubeIDE_1.19.0\STM32CubeIDE\plugins\com.st.stm32cube.ide.mcu.externaltools.gnu-tools-for-stm32.13.3.rel1.win32_1.0.0.202411081344\tools\bin\arm-none-eabi-gcc.exe
2026-07-31 11:18:31,755 [INFO] STM32CubeIDEBuilder:311 - returning C:\ST\STM32CubeIDE_1.19.0\STM32CubeIDE\plugins\com.st.stm32cube.ide.mcu.externaltools.gnu-tools-for-stm32.13.3.rel1.win32_1.0.0.202411081344\tools\bin\arm-none-eabi-gcc.exe
2026-07-31 11:18:31,755 [INFO] AInterface:1236 - Custom PATH variable: C:/Users/ADMIN/STM32Cube/Repository//Packs/STMicroelectronics/X-CUBE-AI/10.2.1/Utilities/windows;C:/Users/ADMIN/STM32Cube/Repository//Packs/STMicroelectronics/X-CUBE-AI/10.2.1/Utilities/windows/mingw64/bin;C:/Users/ADMIN/STM32Cube/Repository//Packs/STMicroelectronics/X-CUBE-AI/10.2.1/Utilities/windows/mingw64/libexec/gcc/x86_64-w64-mingw32/7.3.0;;C:\ST\STM32CubeIDE_1.19.0\STM32CubeIDE\plugins\com.st.stm32cube.ide.mcu.externaltools.gnu-tools-for-stm32.13.3.rel1.win32_1.0.0.202411081344\tools\bin
2026-07-31 11:18:31,756 [INFO] CmdLine:115 - Command: C:/Users/ADMIN/STM32Cube/Repository//Packs/STMicroelectronics/X-CUBE-AI/10.2.1/Utilities/windows/stedgeai.exe generate --target stm32l4 --name network -m D:/Anusha_TinyML_FDP/TinyML_Workshop_Nitte-/ONNX/mlp_model.onnx --compression none --verbosity 1 --workspace C:/Users/ADMIN/AppData/Local/Temp/mxAI_workspace9074988870691700385470536133100880 --output C:/Users/ADMIN/.stm32cubemx/network_output
2026-07-31 11:18:31,758 [INFO] AIModelDetailledView:2264 - Analysis status: pending
2026-07-31 11:18:32,547 [INFO] CmdLine:76 - ST Edge AI Core v2.2.0-20266 2adc00962
2026-07-31 11:18:42,248 [INFO] CmdLine:76 - Creating c (debug) info json file C:\Users\ADMIN\.stm32cubemx\network_output\network_c_info.json
2026-07-31 11:18:42,272 [INFO] CmdLine:76 -  
2026-07-31 11:18:42,272 [INFO] CmdLine:76 -  Exec/report summary (generate)
2026-07-31 11:18:42,272 [INFO] CmdLine:76 -  ------------------------------------------------------------------------------------------------------------
2026-07-31 11:18:42,272 [INFO] CmdLine:76 -  model file         :   D:\Anusha_TinyML_FDP\TinyML_Workshop_Nitte-\ONNX\mlp_model.onnx                      
2026-07-31 11:18:42,272 [INFO] CmdLine:76 -  type               :   onnx                                                                                 
2026-07-31 11:18:42,272 [INFO] CmdLine:76 -  c_name             :   network                                                                              
2026-07-31 11:18:42,272 [INFO] CmdLine:76 -  compression        :   none                                                                                 
2026-07-31 11:18:42,272 [INFO] CmdLine:76 -  options            :   allocate-inputs, allocate-outputs                                                    
2026-07-31 11:18:42,272 [INFO] CmdLine:76 -  optimization       :   balanced                                                                             
2026-07-31 11:18:42,272 [INFO] CmdLine:76 -  target/series      :   stm32l4                                                                              
2026-07-31 11:18:42,272 [INFO] CmdLine:76 -  workspace dir      :   C:\Users\ADMIN\AppData\Local\Temp\mxAI_workspace9074988870691700385470536133100880   
2026-07-31 11:18:42,272 [INFO] CmdLine:76 -  output dir         :   C:\Users\ADMIN\.stm32cubemx\network_output                                           
2026-07-31 11:18:42,272 [INFO] CmdLine:76 -  model_fmt          :   float                                                                                
2026-07-31 11:18:42,273 [INFO] CmdLine:76 -  model_name         :   mlp_model                                                                            
2026-07-31 11:18:42,273 [INFO] CmdLine:76 -  model_hash         :   0xdeea65ffd24f71ddeacb634c57bdc030                                                   
2026-07-31 11:18:42,273 [INFO] CmdLine:76 -  params #           :   2,693 items (10.52 KiB)                                                              
2026-07-31 11:18:42,273 [INFO] CmdLine:76 -  ------------------------------------------------------------------------------------------------------------
2026-07-31 11:18:42,273 [INFO] CmdLine:76 -  input 1/1          :   'input', f32(1x6), 24 Bytes, activations                                             
2026-07-31 11:18:42,273 [INFO] CmdLine:76 -  output 1/1         :   'output', f32(1x5), 20 Bytes, activations                                            
2026-07-31 11:18:42,273 [INFO] CmdLine:76 -  macc               :   2,789                                                                                
2026-07-31 11:18:42,273 [INFO] CmdLine:76 -  weights (ro)       :   10,772 B (10.52 KiB) (1 segment)                                                     
2026-07-31 11:18:42,273 [INFO] CmdLine:76 -  activations (rw)   :   384 B (384 B) (1 segment) *                                                          
2026-07-31 11:18:42,273 [INFO] CmdLine:76 -  ram (total)        :   384 B (384 B) = 384 + 0 + 0                                                          
2026-07-31 11:18:42,273 [INFO] CmdLine:76 -  ------------------------------------------------------------------------------------------------------------
2026-07-31 11:18:42,273 [INFO] CmdLine:76 -  (*) 'input'/'output' buffers are allocated in the activations buffer
2026-07-31 11:18:42,278 [INFO] CmdLine:76 - Computing AI RT data/code size (target=stm32l4)..
2026-07-31 11:18:43,824 [INFO] CmdLine:76 -  Requested memory size by section - "stm32l4" target
2026-07-31 11:18:43,825 [INFO] CmdLine:76 -  ------------------------------ ------- -------- ------- -----
2026-07-31 11:18:43,825 [INFO] CmdLine:76 -  module                            text   rodata    data   bss
2026-07-31 11:18:43,825 [INFO] CmdLine:76 -  ------------------------------ ------- -------- ------- -----
2026-07-31 11:18:43,825 [INFO] CmdLine:76 -  NetworkRuntime1020_CM4_GCC.a     6,452        0       0     0
2026-07-31 11:18:43,825 [INFO] CmdLine:76 -  network.o                          528       40   1,584   140
2026-07-31 11:18:43,825 [INFO] CmdLine:76 -  network_data.o                      48       16      88     0
2026-07-31 11:18:43,826 [INFO] CmdLine:76 -  lib (toolchain)*                     0        0       0     0
2026-07-31 11:18:43,826 [INFO] CmdLine:76 -  ------------------------------ ------- -------- ------- -----
2026-07-31 11:18:43,826 [INFO] CmdLine:76 -  RT total**                       7,028       56   1,672   140
2026-07-31 11:18:43,826 [INFO] CmdLine:76 -  ------------------------------ ------- -------- ------- -----
2026-07-31 11:18:43,826 [INFO] CmdLine:76 -  weights                              0   10,776       0     0
2026-07-31 11:18:43,826 [INFO] CmdLine:76 -  activations                          0        0       0   384
2026-07-31 11:18:43,826 [INFO] CmdLine:76 -  io                                   0        0       0     0
2026-07-31 11:18:43,826 [INFO] CmdLine:76 -  ------------------------------ ------- -------- ------- -----
2026-07-31 11:18:43,826 [INFO] CmdLine:76 -  TOTAL                            7,028   10,832   1,672   524
2026-07-31 11:18:43,827 [INFO] CmdLine:76 -  ------------------------------ ------- -------- ------- -----
2026-07-31 11:18:43,827 [INFO] CmdLine:76 -  *  toolchain objects (libm/libgcc*)
2026-07-31 11:18:43,827 [INFO] CmdLine:76 -  ** RT AI runtime objects (kernels+infrastructure)
2026-07-31 11:18:43,827 [INFO] CmdLine:76 -   Summary - "stm32l4" target
2026-07-31 11:18:43,827 [INFO] CmdLine:76 -   ---------------------------------------------------
2026-07-31 11:18:43,827 [INFO] CmdLine:76 -                FLASH (ro)      %*   RAM (rw)       %
2026-07-31 11:18:43,828 [INFO] CmdLine:76 -   ---------------------------------------------------
2026-07-31 11:18:43,828 [INFO] CmdLine:76 -   RT total          8,756   44.8%      1,812   82.5%
2026-07-31 11:18:43,828 [INFO] CmdLine:76 -   ---------------------------------------------------
2026-07-31 11:18:43,828 [INFO] CmdLine:76 -   TOTAL            19,532              2,196
2026-07-31 11:18:43,829 [INFO] CmdLine:76 -   ---------------------------------------------------
2026-07-31 11:18:43,829 [INFO] CmdLine:76 -   *  rt/total
2026-07-31 11:18:43,829 [INFO] CmdLine:76 -  Generated files (7)
2026-07-31 11:18:43,830 [INFO] CmdLine:76 -  ------------------------------------------------------------------
2026-07-31 11:18:43,830 [INFO] CmdLine:76 -  C:\Users\ADMIN\.stm32cubemx\network_output\network_data_params.h
2026-07-31 11:18:43,830 [INFO] CmdLine:76 -  C:\Users\ADMIN\.stm32cubemx\network_output\network_data_params.c
2026-07-31 11:18:43,830 [INFO] CmdLine:76 -  C:\Users\ADMIN\.stm32cubemx\network_output\network_data.h
2026-07-31 11:18:43,830 [INFO] CmdLine:76 -  C:\Users\ADMIN\.stm32cubemx\network_output\network_data.c
2026-07-31 11:18:43,830 [INFO] CmdLine:76 -  C:\Users\ADMIN\.stm32cubemx\network_output\network_config.h
2026-07-31 11:18:43,830 [INFO] CmdLine:76 -  C:\Users\ADMIN\.stm32cubemx\network_output\network.h
2026-07-31 11:18:43,830 [INFO] CmdLine:76 -  C:\Users\ADMIN\.stm32cubemx\network_output\network.c
2026-07-31 11:18:43,831 [INFO] CmdLine:76 - Creating txt report file C:\Users\ADMIN\.stm32cubemx\network_output\network_generate_report.txt
2026-07-31 11:18:55,104 [INFO] CmdLine:76 - elapsed time (generate): 22.557s
2026-07-31 11:18:55,704 [INFO] CmdLine:148 - stedgeai exit with status: 0
2026-07-31 11:18:55,712 [INFO] AIModelDetailledView:2264 - Analysis status: done
2026-07-31 11:18:56,118 [INFO] ProjectBuilder:3606 - Time for Copy HAL[1] : 160mS.
2026-07-31 11:18:56,119 [ERROR] Middleware:2950 - Invalid RefComponent list
2026-07-31 11:18:56,119 [ERROR] Middleware:2950 - Invalid RefComponent list
2026-07-31 11:18:56,119 [ERROR] Middleware:2950 - Invalid RefComponent list
2026-07-31 11:18:56,119 [ERROR] Middleware:2950 - Invalid RefComponent list
2026-07-31 11:18:56,119 [ERROR] Middleware:2950 - Invalid RefComponent list
2026-07-31 11:18:56,119 [ERROR] Middleware:2950 - Invalid RefComponent list
2026-07-31 11:18:56,119 [ERROR] Middleware:2950 - Invalid RefComponent list
2026-07-31 11:18:56,119 [ERROR] Middleware:2950 - Invalid RefComponent list
2026-07-31 11:18:56,119 [ERROR] Middleware:2950 - Invalid RefComponent list
2026-07-31 11:18:56,119 [ERROR] Middleware:2950 - Invalid RefComponent list
2026-07-31 11:18:56,119 [ERROR] Middleware:2950 - Invalid RefComponent list
2026-07-31 11:18:56,119 [ERROR] Middleware:2950 - Invalid RefComponent list
2026-07-31 11:18:56,119 [ERROR] Middleware:2950 - Invalid RefComponent list
2026-07-31 11:18:56,119 [ERROR] Middleware:2950 - Invalid RefComponent list
2026-07-31 11:18:56,119 [ERROR] Middleware:2950 - Invalid RefComponent list
2026-07-31 11:18:56,119 [ERROR] Middleware:2950 - Invalid RefComponent list
2026-07-31 11:18:56,119 [ERROR] Middleware:2950 - Invalid RefComponent list
2026-07-31 11:18:56,119 [ERROR] Middleware:2950 - Invalid RefComponent list
2026-07-31 11:18:56,119 [ERROR] Middleware:2950 - Invalid RefComponent list
2026-07-31 11:18:56,119 [ERROR] Middleware:2950 - Invalid RefComponent list
2026-07-31 11:18:56,119 [ERROR] Middleware:2950 - Invalid RefComponent list
2026-07-31 11:18:56,119 [ERROR] Middleware:2950 - Invalid RefComponent list
2026-07-31 11:18:56,119 [ERROR] Middleware:2950 - Invalid RefComponent list
2026-07-31 11:18:56,119 [ERROR] Middleware:2950 - Invalid RefComponent list
2026-07-31 11:18:56,119 [ERROR] Middleware:2950 - Invalid RefComponent list
2026-07-31 11:18:56,119 [ERROR] Middleware:2950 - Invalid RefComponent list
2026-07-31 11:18:56,119 [ERROR] Middleware:2950 - Invalid RefComponent list
2026-07-31 11:18:56,120 [ERROR] Middleware:2950 - Invalid RefComponent list
2026-07-31 11:18:56,120 [ERROR] Middleware:2950 - Invalid RefComponent list
2026-07-31 11:18:56,120 [ERROR] Middleware:2950 - Invalid RefComponent list
2026-07-31 11:18:56,120 [ERROR] Middleware:2950 - Invalid RefComponent list
2026-07-31 11:18:56,120 [ERROR] Middleware:2950 - Invalid RefComponent list
2026-07-31 11:18:56,120 [ERROR] Middleware:2950 - Invalid RefComponent list
2026-07-31 11:18:56,120 [ERROR] Middleware:2950 - Invalid RefComponent list
2026-07-31 11:18:56,120 [ERROR] Middleware:2950 - Invalid RefComponent list
2026-07-31 11:18:56,120 [ERROR] Middleware:2950 - Invalid RefComponent list
2026-07-31 11:18:56,120 [ERROR] Middleware:2950 - Invalid RefComponent list
2026-07-31 11:18:56,120 [ERROR] Middleware:2950 - Invalid RefComponent list
2026-07-31 11:18:56,120 [ERROR] Middleware:2950 - Invalid RefComponent list
2026-07-31 11:18:56,120 [ERROR] Middleware:2950 - Invalid RefComponent list
2026-07-31 11:18:56,120 [ERROR] Middleware:2950 - Invalid RefComponent list
2026-07-31 11:18:56,120 [ERROR] Middleware:2950 - Invalid RefComponent list
2026-07-31 11:18:56,120 [ERROR] Middleware:2950 - Invalid RefComponent list
2026-07-31 11:18:56,120 [ERROR] Middleware:2950 - Invalid RefComponent list
2026-07-31 11:18:56,120 [ERROR] Middleware:2950 - Invalid RefComponent list
2026-07-31 11:18:56,120 [ERROR] Middleware:2950 - Invalid RefComponent list
2026-07-31 11:18:56,120 [ERROR] Middleware:2950 - Invalid RefComponent list
2026-07-31 11:18:56,120 [ERROR] Middleware:2950 - Invalid RefComponent list
2026-07-31 11:18:56,120 [ERROR] Middleware:2950 - Invalid RefComponent list
2026-07-31 11:18:56,120 [ERROR] Middleware:2950 - Invalid RefComponent list
2026-07-31 11:18:56,123 [INFO] ProjectBuilder:5216 - Project Generator version: 4.7.0-B52
2026-07-31 11:18:56,206 [INFO] ConfigFileManager:1595 - The Die is : DIE470
2026-07-31 11:18:56,915 [INFO] ProjectBuilder:5496 - Time for Generating toolchain IDE Files: 792mS.
2026-07-31 11:18:56,916 [INFO] ProjectBuilder:3463 - Time for Copy CMSIS : 0mS.
2026-07-31 11:18:56,918 [INFO] ProjectBuilder:3463 - Time for Copy CMSIS : 0mS.
2026-07-31 11:19:07,698 [INFO] UtilMem:75 - End SaveConfig() Used Memory: 463487840 Bytes (1073741824)
2026-07-31 11:19:11,060 [INFO] UtilMem:75 - End SaveConfig() Used Memory: 507001696 Bytes (1073741824)
2026-07-31 11:19:11,311 [INFO] UtilMem:75 - End SaveConfig() Used Memory: 550519648 Bytes (1073741824)
2026-07-31 11:19:11,500 [INFO] BlockDiagram:2775 - set Specific Code input for plugin: SYS
2026-07-31 11:19:11,500 [INFO] BlockDiagram:2775 - set Specific Code input for plugin: RCC
2026-07-31 11:19:11,500 [INFO] BlockDiagram:2775 - set Specific Code input for plugin: I2C
2026-07-31 11:19:11,500 [INFO] BlockDiagram:2775 - set Specific Code input for plugin: NVIC
2026-07-31 11:19:11,500 [INFO] BlockDiagram:2775 - set Specific Code input for plugin: USART
2026-07-31 11:19:11,500 [INFO] BlockDiagram:2775 - set Specific Code input for plugin: STMicroelectronics.X-CUBE-AI.10.2.1
2026-07-31 11:19:11,501 [INFO] BlockDiagram:2775 - set Specific Code input for plugin: GPIO
2026-07-31 11:19:11,502 [INFO] CodeGenerator:892 - code generatio: config db path: C:\ST\STM32CubeIDE_1.19.0\STM32CubeIDE\plugins\com.st.stm32cube.common.mx_6.15.0.202507011659\\db\
2026-07-31 11:19:11,583 [INFO] IP:3329 - RTE Config file name : RTE_Component
2026-07-31 11:19:11,583 [INFO] IP:3347 - RTE template : RTE_Components.ftl
2026-07-31 11:19:11,591 [INFO] CodeEngine:265 - oldGeneratedFile, D:\Anusha_TinyML_FDP\TinyML_Workshop_Nitte-\STM32\Deep_Learning_Inference\MXTmpFiles\license.tmp_save
2026-07-31 11:19:11,657 [INFO] CodeEngine:289 - Generated code: D:\Anusha_TinyML_FDP\TinyML_Workshop_Nitte-\STM32\Deep_Learning_Inference\MXTmpFiles\license.tmp
2026-07-31 11:19:11,676 [INFO] CodeEngine:265 - oldGeneratedFile, D:\Anusha_TinyML_FDP\TinyML_Workshop_Nitte-\STM32\Deep_Learning_Inference\MXTmpFiles\gpio.tmp_save
2026-07-31 11:19:11,743 [INFO] CodeEngine:289 - Generated code: D:\Anusha_TinyML_FDP\TinyML_Workshop_Nitte-\STM32\Deep_Learning_Inference\MXTmpFiles\gpio.tmp
2026-07-31 11:19:11,815 [INFO] Middleware:1452 - No code input for Bsp Dependency
2026-07-31 11:19:11,817 [INFO] Middleware:1452 - No code input for Bsp Dependency
2026-07-31 11:19:11,828 [INFO] CodeEngine:265 - oldGeneratedFile, D:\Anusha_TinyML_FDP\TinyML_Workshop_Nitte-\STM32\Deep_Learning_Inference\Core\Src\stm32l4xx_it.c_save
2026-07-31 11:19:11,900 [INFO] CodeEngine:289 - Generated code: D:\Anusha_TinyML_FDP\TinyML_Workshop_Nitte-\STM32\Deep_Learning_Inference\Core\Src\stm32l4xx_it.c
2026-07-31 11:19:11,905 [INFO] CodeEngine:265 - oldGeneratedFile, D:\Anusha_TinyML_FDP\TinyML_Workshop_Nitte-\STM32\Deep_Learning_Inference\Core\Inc\stm32l4xx_it.h_save
2026-07-31 11:19:11,981 [INFO] CodeEngine:289 - Generated code: D:\Anusha_TinyML_FDP\TinyML_Workshop_Nitte-\STM32\Deep_Learning_Inference\Core\Inc\stm32l4xx_it.h
2026-07-31 11:19:11,995 [INFO] CodeEngine:265 - oldGeneratedFile, D:\Anusha_TinyML_FDP\TinyML_Workshop_Nitte-\STM32\Deep_Learning_Inference\Core\Src\stm32l4xx_hal_msp.c_save
2026-07-31 11:19:12,099 [INFO] CodeEngine:289 - Generated code: D:\Anusha_TinyML_FDP\TinyML_Workshop_Nitte-\STM32\Deep_Learning_Inference\Core\Src\stm32l4xx_hal_msp.c
2026-07-31 11:19:12,102 [INFO] CodeEngine:265 - oldGeneratedFile, D:\Anusha_TinyML_FDP\TinyML_Workshop_Nitte-\STM32\Deep_Learning_Inference\MXTmpFiles\system.tmp_save
2026-07-31 11:19:12,165 [INFO] CodeEngine:289 - Generated code: D:\Anusha_TinyML_FDP\TinyML_Workshop_Nitte-\STM32\Deep_Learning_Inference\MXTmpFiles\system.tmp
2026-07-31 11:19:12,174 [INFO] CodeEngine:321 - oldGeneratedFile, D:\Anusha_TinyML_FDP\TinyML_Workshop_Nitte-\STM32\Deep_Learning_Inference\Core\Inc\stm32l4xx_hal_conf.h_save
2026-07-31 11:19:12,244 [INFO] CodeEngine:345 - Generated code: D:\Anusha_TinyML_FDP\TinyML_Workshop_Nitte-\STM32\Deep_Learning_Inference\Core\Inc\stm32l4xx_hal_conf.h
2026-07-31 11:19:12,263 [INFO] CodeEngine:265 - oldGeneratedFile, D:\Anusha_TinyML_FDP\TinyML_Workshop_Nitte-\STM32\Deep_Learning_Inference\Core\Inc\main.h_save
2026-07-31 11:19:12,343 [INFO] CodeEngine:289 - Generated code: D:\Anusha_TinyML_FDP\TinyML_Workshop_Nitte-\STM32\Deep_Learning_Inference\Core\Inc\main.h
2026-07-31 11:19:12,348 [INFO] CodeEngine:265 - oldGeneratedFile, D:\Anusha_TinyML_FDP\TinyML_Workshop_Nitte-\STM32\Deep_Learning_Inference\Core\Src\main.c_save
2026-07-31 11:19:12,468 [INFO] CodeEngine:289 - Generated code: D:\Anusha_TinyML_FDP\TinyML_Workshop_Nitte-\STM32\Deep_Learning_Inference\Core\Src\main.c
2026-07-31 11:19:12,815 [INFO] AInterface:322 - ModelName:network; files:[D:\Anusha_TinyML_FDP\TinyML_Workshop_Nitte-\ONNX\mlp_model.onnx]; type:ONNX; compression:None
2026-07-31 11:19:12,816 [INFO] AInterface:526 - workspaceTempDir: C:/Users/ADMIN/AppData/Local/Temp/mxAI_workspace90750299433266007912283164843701238
2026-07-31 11:19:12,816 [INFO] AInterface:1179 - Setting Env: C:/Users/ADMIN/STM32Cube/Repository//Packs/STMicroelectronics/X-CUBE-AI/10.2.1/Utilities/windows
2026-07-31 11:19:12,820 [INFO] STM32CubeIDEBuilder:265 - Looking for gnu-tools-for-stm32 tools/bin/arm-none-eabi-gcc.exe in C:\ST\STM32CubeIDE_1.19.0\STM32CubeIDE
2026-07-31 11:19:12,822 [INFO] STM32CubeIDEBuilder:294 - checking C:\ST\STM32CubeIDE_1.19.0\STM32CubeIDE\plugins\com.st.stm32cube.ide.mcu.externaltools.gnu-tools-for-stm32.13.3.rel1.win32_1.0.0.202411081344\tools\bin\arm-none-eabi-gcc.exe
2026-07-31 11:19:12,823 [INFO] STM32CubeIDEBuilder:297 - ret=C:\ST\STM32CubeIDE_1.19.0\STM32CubeIDE\plugins\com.st.stm32cube.ide.mcu.externaltools.gnu-tools-for-stm32.13.3.rel1.win32_1.0.0.202411081344\tools\bin\arm-none-eabi-gcc.exe
2026-07-31 11:19:12,823 [INFO] STM32CubeIDEBuilder:311 - returning C:\ST\STM32CubeIDE_1.19.0\STM32CubeIDE\plugins\com.st.stm32cube.ide.mcu.externaltools.gnu-tools-for-stm32.13.3.rel1.win32_1.0.0.202411081344\tools\bin\arm-none-eabi-gcc.exe
2026-07-31 11:19:12,823 [INFO] AInterface:1236 - Custom PATH variable: C:/Users/ADMIN/STM32Cube/Repository//Packs/STMicroelectronics/X-CUBE-AI/10.2.1/Utilities/windows;C:/Users/ADMIN/STM32Cube/Repository//Packs/STMicroelectronics/X-CUBE-AI/10.2.1/Utilities/windows/mingw64/bin;C:/Users/ADMIN/STM32Cube/Repository//Packs/STMicroelectronics/X-CUBE-AI/10.2.1/Utilities/windows/mingw64/libexec/gcc/x86_64-w64-mingw32/7.3.0;;C:\ST\STM32CubeIDE_1.19.0\STM32CubeIDE\plugins\com.st.stm32cube.ide.mcu.externaltools.gnu-tools-for-stm32.13.3.rel1.win32_1.0.0.202411081344\tools\bin
2026-07-31 11:19:12,824 [INFO] CmdLine:115 - Command: C:/Users/ADMIN/STM32Cube/Repository//Packs/STMicroelectronics/X-CUBE-AI/10.2.1/Utilities/windows/stedgeai.exe generate --target stm32l4 --name network -m D:/Anusha_TinyML_FDP/TinyML_Workshop_Nitte-/ONNX/mlp_model.onnx --compression none --verbosity 1 --workspace C:/Users/ADMIN/AppData/Local/Temp/mxAI_workspace90750299433266007912283164843701238 --output C:/Users/ADMIN/.stm32cubemx/network_output
2026-07-31 11:19:12,826 [INFO] AIModelDetailledView:2264 - Analysis status: pending
2026-07-31 11:19:13,632 [INFO] CmdLine:76 - ST Edge AI Core v2.2.0-20266 2adc00962
2026-07-31 11:19:24,704 [INFO] CmdLine:76 - Creating c (debug) info json file C:\Users\ADMIN\.stm32cubemx\network_output\network_c_info.json
2026-07-31 11:19:24,736 [INFO] CmdLine:76 -  
2026-07-31 11:19:24,736 [INFO] CmdLine:76 -  Exec/report summary (generate)
2026-07-31 11:19:24,736 [INFO] CmdLine:76 -  -------------------------------------------------------------------------------------------------------------
2026-07-31 11:19:24,736 [INFO] CmdLine:76 -  model file         :   D:\Anusha_TinyML_FDP\TinyML_Workshop_Nitte-\ONNX\mlp_model.onnx                       
2026-07-31 11:19:24,736 [INFO] CmdLine:76 -  type               :   onnx                                                                                  
2026-07-31 11:19:24,736 [INFO] CmdLine:76 -  c_name             :   network                                                                               
2026-07-31 11:19:24,736 [INFO] CmdLine:76 -  compression        :   none                                                                                  
2026-07-31 11:19:24,736 [INFO] CmdLine:76 -  options            :   allocate-inputs, allocate-outputs                                                     
2026-07-31 11:19:24,736 [INFO] CmdLine:76 -  optimization       :   balanced                                                                              
2026-07-31 11:19:24,736 [INFO] CmdLine:76 -  target/series      :   stm32l4                                                                               
2026-07-31 11:19:24,736 [INFO] CmdLine:76 -  workspace dir      :   C:\Users\ADMIN\AppData\Local\Temp\mxAI_workspace90750299433266007912283164843701238   
2026-07-31 11:19:24,736 [INFO] CmdLine:76 -  output dir         :   C:\Users\ADMIN\.stm32cubemx\network_output                                            
2026-07-31 11:19:24,736 [INFO] CmdLine:76 -  model_fmt          :   float                                                                                 
2026-07-31 11:19:24,736 [INFO] CmdLine:76 -  model_name         :   mlp_model                                                                             
2026-07-31 11:19:24,736 [INFO] CmdLine:76 -  model_hash         :   0xdeea65ffd24f71ddeacb634c57bdc030                                                    
2026-07-31 11:19:24,736 [INFO] CmdLine:76 -  params #           :   2,693 items (10.52 KiB)                                                               
2026-07-31 11:19:24,736 [INFO] CmdLine:76 -  -------------------------------------------------------------------------------------------------------------
2026-07-31 11:19:24,736 [INFO] CmdLine:76 -  input 1/1          :   'input', f32(1x6), 24 Bytes, activations                                              
2026-07-31 11:19:24,736 [INFO] CmdLine:76 -  output 1/1         :   'output', f32(1x5), 20 Bytes, activations                                             
2026-07-31 11:19:24,736 [INFO] CmdLine:76 -  macc               :   2,789                                                                                 
2026-07-31 11:19:24,736 [INFO] CmdLine:76 -  weights (ro)       :   10,772 B (10.52 KiB) (1 segment)                                                      
2026-07-31 11:19:24,736 [INFO] CmdLine:76 -  activations (rw)   :   384 B (384 B) (1 segment) *                                                           
2026-07-31 11:19:24,736 [INFO] CmdLine:76 -  ram (total)        :   384 B (384 B) = 384 + 0 + 0                                                           
2026-07-31 11:19:24,736 [INFO] CmdLine:76 -  -------------------------------------------------------------------------------------------------------------
2026-07-31 11:19:24,736 [INFO] CmdLine:76 -  (*) 'input'/'output' buffers are allocated in the activations buffer
2026-07-31 11:19:24,751 [INFO] CmdLine:76 - Computing AI RT data/code size (target=stm32l4)..
2026-07-31 11:19:26,344 [INFO] CmdLine:76 -  Requested memory size by section - "stm32l4" target
2026-07-31 11:19:26,344 [INFO] CmdLine:76 -  ------------------------------ ------- -------- ------- -----
2026-07-31 11:19:26,344 [INFO] CmdLine:76 -  module                            text   rodata    data   bss
2026-07-31 11:19:26,344 [INFO] CmdLine:76 -  ------------------------------ ------- -------- ------- -----
2026-07-31 11:19:26,344 [INFO] CmdLine:76 -  NetworkRuntime1020_CM4_GCC.a     6,452        0       0     0
2026-07-31 11:19:26,344 [INFO] CmdLine:76 -  network.o                          528       40   1,584   140
2026-07-31 11:19:26,344 [INFO] CmdLine:76 -  network_data.o                      48       16      88     0
2026-07-31 11:19:26,344 [INFO] CmdLine:76 -  lib (toolchain)*                     0        0       0     0
2026-07-31 11:19:26,344 [INFO] CmdLine:76 -  ------------------------------ ------- -------- ------- -----
2026-07-31 11:19:26,344 [INFO] CmdLine:76 -  RT total**                       7,028       56   1,672   140
2026-07-31 11:19:26,344 [INFO] CmdLine:76 -  ------------------------------ ------- -------- ------- -----
2026-07-31 11:19:26,344 [INFO] CmdLine:76 -  weights                              0   10,776       0     0
2026-07-31 11:19:26,344 [INFO] CmdLine:76 -  activations                          0        0       0   384
2026-07-31 11:19:26,344 [INFO] CmdLine:76 -  io                                   0        0       0     0
2026-07-31 11:19:26,344 [INFO] CmdLine:76 -  ------------------------------ ------- -------- ------- -----
2026-07-31 11:19:26,344 [INFO] CmdLine:76 -  TOTAL                            7,028   10,832   1,672   524
2026-07-31 11:19:26,344 [INFO] CmdLine:76 -  ------------------------------ ------- -------- ------- -----
2026-07-31 11:19:26,344 [INFO] CmdLine:76 -  *  toolchain objects (libm/libgcc*)
2026-07-31 11:19:26,344 [INFO] CmdLine:76 -  ** RT AI runtime objects (kernels+infrastructure)
2026-07-31 11:19:26,344 [INFO] CmdLine:76 -   Summary - "stm32l4" target
2026-07-31 11:19:26,344 [INFO] CmdLine:76 -   ---------------------------------------------------
2026-07-31 11:19:26,344 [INFO] CmdLine:76 -                FLASH (ro)      %*   RAM (rw)       %
2026-07-31 11:19:26,344 [INFO] CmdLine:76 -   ---------------------------------------------------
2026-07-31 11:19:26,344 [INFO] CmdLine:76 -   RT total          8,756   44.8%      1,812   82.5%
2026-07-31 11:19:26,344 [INFO] CmdLine:76 -   ---------------------------------------------------
2026-07-31 11:19:26,344 [INFO] CmdLine:76 -   TOTAL            19,532              2,196
2026-07-31 11:19:26,344 [INFO] CmdLine:76 -   ---------------------------------------------------
2026-07-31 11:19:26,344 [INFO] CmdLine:76 -   *  rt/total
2026-07-31 11:19:26,344 [INFO] CmdLine:76 -  Generated files (7)
2026-07-31 11:19:26,344 [INFO] CmdLine:76 -  ------------------------------------------------------------------
2026-07-31 11:19:26,344 [INFO] CmdLine:76 -  C:\Users\ADMIN\.stm32cubemx\network_output\network_data_params.h
2026-07-31 11:19:26,344 [INFO] CmdLine:76 -  C:\Users\ADMIN\.stm32cubemx\network_output\network_data_params.c
2026-07-31 11:19:26,344 [INFO] CmdLine:76 -  C:\Users\ADMIN\.stm32cubemx\network_output\network_data.h
2026-07-31 11:19:26,344 [INFO] CmdLine:76 -  C:\Users\ADMIN\.stm32cubemx\network_output\network_data.c
2026-07-31 11:19:26,344 [INFO] CmdLine:76 -  C:\Users\ADMIN\.stm32cubemx\network_output\network_config.h
2026-07-31 11:19:26,344 [INFO] CmdLine:76 -  C:\Users\ADMIN\.stm32cubemx\network_output\network.h
2026-07-31 11:19:26,344 [INFO] CmdLine:76 -  C:\Users\ADMIN\.stm32cubemx\network_output\network.c
2026-07-31 11:19:26,344 [INFO] CmdLine:76 - Creating txt report file C:\Users\ADMIN\.stm32cubemx\network_output\network_generate_report.txt
2026-07-31 11:19:38,324 [INFO] CmdLine:76 - elapsed time (generate): 24.691s
2026-07-31 11:19:38,923 [INFO] CmdLine:148 - stedgeai exit with status: 0
2026-07-31 11:19:38,932 [INFO] AIModelDetailledView:2264 - Analysis status: done
2026-07-31 11:19:39,329 [INFO] ProjectBuilder:3606 - Time for Copy HAL[1] : 162mS.
2026-07-31 11:19:39,330 [ERROR] Middleware:2950 - Invalid RefComponent list
2026-07-31 11:19:39,330 [ERROR] Middleware:2950 - Invalid RefComponent list
2026-07-31 11:19:39,330 [ERROR] Middleware:2950 - Invalid RefComponent list
2026-07-31 11:19:39,330 [ERROR] Middleware:2950 - Invalid RefComponent list
2026-07-31 11:19:39,330 [ERROR] Middleware:2950 - Invalid RefComponent list
2026-07-31 11:19:39,330 [ERROR] Middleware:2950 - Invalid RefComponent list
2026-07-31 11:19:39,330 [ERROR] Middleware:2950 - Invalid RefComponent list
2026-07-31 11:19:39,330 [ERROR] Middleware:2950 - Invalid RefComponent list
2026-07-31 11:19:39,330 [ERROR] Middleware:2950 - Invalid RefComponent list
2026-07-31 11:19:39,330 [ERROR] Middleware:2950 - Invalid RefComponent list
2026-07-31 11:19:39,330 [ERROR] Middleware:2950 - Invalid RefComponent list
2026-07-31 11:19:39,330 [ERROR] Middleware:2950 - Invalid RefComponent list
2026-07-31 11:19:39,330 [ERROR] Middleware:2950 - Invalid RefComponent list
2026-07-31 11:19:39,330 [ERROR] Middleware:2950 - Invalid RefComponent list
2026-07-31 11:19:39,330 [ERROR] Middleware:2950 - Invalid RefComponent list
2026-07-31 11:19:39,330 [ERROR] Middleware:2950 - Invalid RefComponent list
2026-07-31 11:19:39,330 [ERROR] Middleware:2950 - Invalid RefComponent list
2026-07-31 11:19:39,330 [ERROR] Middleware:2950 - Invalid RefComponent list
2026-07-31 11:19:39,330 [ERROR] Middleware:2950 - Invalid RefComponent list
2026-07-31 11:19:39,330 [ERROR] Middleware:2950 - Invalid RefComponent list
2026-07-31 11:19:39,330 [ERROR] Middleware:2950 - Invalid RefComponent list
2026-07-31 11:19:39,330 [ERROR] Middleware:2950 - Invalid RefComponent list
2026-07-31 11:19:39,330 [ERROR] Middleware:2950 - Invalid RefComponent list
2026-07-31 11:19:39,330 [ERROR] Middleware:2950 - Invalid RefComponent list
2026-07-31 11:19:39,330 [ERROR] Middleware:2950 - Invalid RefComponent list
2026-07-31 11:19:39,330 [ERROR] Middleware:2950 - Invalid RefComponent list
2026-07-31 11:19:39,330 [ERROR] Middleware:2950 - Invalid RefComponent list
2026-07-31 11:19:39,330 [ERROR] Middleware:2950 - Invalid RefComponent list
2026-07-31 11:19:39,330 [ERROR] Middleware:2950 - Invalid RefComponent list
2026-07-31 11:19:39,330 [ERROR] Middleware:2950 - Invalid RefComponent list
2026-07-31 11:19:39,331 [ERROR] Middleware:2950 - Invalid RefComponent list
2026-07-31 11:19:39,331 [ERROR] Middleware:2950 - Invalid RefComponent list
2026-07-31 11:19:39,331 [ERROR] Middleware:2950 - Invalid RefComponent list
2026-07-31 11:19:39,331 [ERROR] Middleware:2950 - Invalid RefComponent list
2026-07-31 11:19:39,331 [ERROR] Middleware:2950 - Invalid RefComponent list
2026-07-31 11:19:39,331 [ERROR] Middleware:2950 - Invalid RefComponent list
2026-07-31 11:19:39,331 [ERROR] Middleware:2950 - Invalid RefComponent list
2026-07-31 11:19:39,331 [ERROR] Middleware:2950 - Invalid RefComponent list
2026-07-31 11:19:39,331 [ERROR] Middleware:2950 - Invalid RefComponent list
2026-07-31 11:19:39,331 [ERROR] Middleware:2950 - Invalid RefComponent list
2026-07-31 11:19:39,331 [ERROR] Middleware:2950 - Invalid RefComponent list
2026-07-31 11:19:39,331 [ERROR] Middleware:2950 - Invalid RefComponent list
2026-07-31 11:19:39,331 [ERROR] Middleware:2950 - Invalid RefComponent list
2026-07-31 11:19:39,331 [ERROR] Middleware:2950 - Invalid RefComponent list
2026-07-31 11:19:39,331 [ERROR] Middleware:2950 - Invalid RefComponent list
2026-07-31 11:19:39,331 [ERROR] Middleware:2950 - Invalid RefComponent list
2026-07-31 11:19:39,331 [ERROR] Middleware:2950 - Invalid RefComponent list
2026-07-31 11:19:39,331 [ERROR] Middleware:2950 - Invalid RefComponent list
2026-07-31 11:19:39,331 [ERROR] Middleware:2950 - Invalid RefComponent list
2026-07-31 11:19:39,331 [ERROR] Middleware:2950 - Invalid RefComponent list
2026-07-31 11:19:39,334 [INFO] ProjectBuilder:5216 - Project Generator version: 4.7.0-B52
2026-07-31 11:19:39,418 [INFO] ConfigFileManager:1595 - The Die is : DIE470
2026-07-31 11:19:40,085 [INFO] ProjectBuilder:5496 - Time for Generating toolchain IDE Files: 750mS.
2026-07-31 11:19:40,085 [INFO] ProjectBuilder:3463 - Time for Copy CMSIS : 0mS.
2026-07-31 11:19:40,088 [INFO] ProjectBuilder:3463 - Time for Copy CMSIS : 0mS.
2026-07-31 11:22:34,240 [INFO] UtilMem:75 - End SaveConfig() Used Memory: 754223512 Bytes (1073741824)
2026-07-31 11:22:38,842 [INFO] UtilMem:75 - End SaveConfig() Used Memory: 798785944 Bytes (1073741824)
2026-07-31 11:22:39,082 [INFO] UtilMem:75 - End SaveConfig() Used Memory: 890538392 Bytes (1073741824)
2026-07-31 11:22:39,274 [INFO] BlockDiagram:2775 - set Specific Code input for plugin: SYS
2026-07-31 11:22:39,274 [INFO] BlockDiagram:2775 - set Specific Code input for plugin: RCC
2026-07-31 11:22:39,274 [INFO] BlockDiagram:2775 - set Specific Code input for plugin: I2C
2026-07-31 11:22:39,274 [INFO] BlockDiagram:2775 - set Specific Code input for plugin: NVIC
2026-07-31 11:22:39,274 [INFO] BlockDiagram:2775 - set Specific Code input for plugin: USART
2026-07-31 11:22:39,274 [INFO] BlockDiagram:2775 - set Specific Code input for plugin: STMicroelectronics.X-CUBE-AI.10.2.1
2026-07-31 11:22:39,274 [INFO] BlockDiagram:2775 - set Specific Code input for plugin: GPIO
2026-07-31 11:22:39,276 [INFO] CodeGenerator:892 - code generatio: config db path: C:\ST\STM32CubeIDE_1.19.0\STM32CubeIDE\plugins\com.st.stm32cube.common.mx_6.15.0.202507011659\\db\
2026-07-31 11:22:39,384 [INFO] IP:3329 - RTE Config file name : RTE_Component
2026-07-31 11:22:39,384 [INFO] IP:3347 - RTE template : RTE_Components.ftl
2026-07-31 11:22:39,392 [INFO] CodeEngine:265 - oldGeneratedFile, D:\Anusha_TinyML_FDP\TinyML_Workshop_Nitte-\STM32\Deep_Learning_Inference\MXTmpFiles\license.tmp_save
2026-07-31 11:22:39,458 [INFO] CodeEngine:289 - Generated code: D:\Anusha_TinyML_FDP\TinyML_Workshop_Nitte-\STM32\Deep_Learning_Inference\MXTmpFiles\license.tmp
2026-07-31 11:22:39,480 [INFO] CodeEngine:265 - oldGeneratedFile, D:\Anusha_TinyML_FDP\TinyML_Workshop_Nitte-\STM32\Deep_Learning_Inference\MXTmpFiles\gpio.tmp_save
2026-07-31 11:22:39,558 [INFO] CodeEngine:289 - Generated code: D:\Anusha_TinyML_FDP\TinyML_Workshop_Nitte-\STM32\Deep_Learning_Inference\MXTmpFiles\gpio.tmp
2026-07-31 11:22:39,628 [INFO] Middleware:1452 - No code input for Bsp Dependency
2026-07-31 11:22:39,630 [INFO] Middleware:1452 - No code input for Bsp Dependency
2026-07-31 11:22:39,640 [INFO] CodeEngine:265 - oldGeneratedFile, D:\Anusha_TinyML_FDP\TinyML_Workshop_Nitte-\STM32\Deep_Learning_Inference\Core\Src\stm32l4xx_it.c_save
2026-07-31 11:22:39,716 [INFO] CodeEngine:289 - Generated code: D:\Anusha_TinyML_FDP\TinyML_Workshop_Nitte-\STM32\Deep_Learning_Inference\Core\Src\stm32l4xx_it.c
2026-07-31 11:22:39,721 [INFO] CodeEngine:265 - oldGeneratedFile, D:\Anusha_TinyML_FDP\TinyML_Workshop_Nitte-\STM32\Deep_Learning_Inference\Core\Inc\stm32l4xx_it.h_save
2026-07-31 11:22:39,787 [INFO] CodeEngine:289 - Generated code: D:\Anusha_TinyML_FDP\TinyML_Workshop_Nitte-\STM32\Deep_Learning_Inference\Core\Inc\stm32l4xx_it.h
2026-07-31 11:22:39,800 [INFO] CodeEngine:265 - oldGeneratedFile, D:\Anusha_TinyML_FDP\TinyML_Workshop_Nitte-\STM32\Deep_Learning_Inference\Core\Src\stm32l4xx_hal_msp.c_save
2026-07-31 11:22:39,899 [INFO] CodeEngine:289 - Generated code: D:\Anusha_TinyML_FDP\TinyML_Workshop_Nitte-\STM32\Deep_Learning_Inference\Core\Src\stm32l4xx_hal_msp.c
2026-07-31 11:22:39,903 [INFO] CodeEngine:265 - oldGeneratedFile, D:\Anusha_TinyML_FDP\TinyML_Workshop_Nitte-\STM32\Deep_Learning_Inference\MXTmpFiles\system.tmp_save
2026-07-31 11:22:39,967 [INFO] CodeEngine:289 - Generated code: D:\Anusha_TinyML_FDP\TinyML_Workshop_Nitte-\STM32\Deep_Learning_Inference\MXTmpFiles\system.tmp
2026-07-31 11:22:39,976 [INFO] CodeEngine:321 - oldGeneratedFile, D:\Anusha_TinyML_FDP\TinyML_Workshop_Nitte-\STM32\Deep_Learning_Inference\Core\Inc\stm32l4xx_hal_conf.h_save
2026-07-31 11:22:40,047 [INFO] CodeEngine:345 - Generated code: D:\Anusha_TinyML_FDP\TinyML_Workshop_Nitte-\STM32\Deep_Learning_Inference\Core\Inc\stm32l4xx_hal_conf.h
2026-07-31 11:22:40,066 [INFO] CodeEngine:265 - oldGeneratedFile, D:\Anusha_TinyML_FDP\TinyML_Workshop_Nitte-\STM32\Deep_Learning_Inference\Core\Inc\main.h_save
2026-07-31 11:22:40,136 [INFO] CodeEngine:289 - Generated code: D:\Anusha_TinyML_FDP\TinyML_Workshop_Nitte-\STM32\Deep_Learning_Inference\Core\Inc\main.h
2026-07-31 11:22:40,141 [INFO] CodeEngine:265 - oldGeneratedFile, D:\Anusha_TinyML_FDP\TinyML_Workshop_Nitte-\STM32\Deep_Learning_Inference\Core\Src\main.c_save
2026-07-31 11:22:40,248 [INFO] CodeEngine:289 - Generated code: D:\Anusha_TinyML_FDP\TinyML_Workshop_Nitte-\STM32\Deep_Learning_Inference\Core\Src\main.c
2026-07-31 11:22:40,587 [INFO] AInterface:322 - ModelName:network; files:[D:\Anusha_TinyML_FDP\TinyML_Workshop_Nitte-\ONNX\mlp_model.onnx]; type:ONNX; compression:None
2026-07-31 11:22:40,588 [INFO] AInterface:526 - workspaceTempDir: C:/Users/ADMIN/AppData/Local/Temp/mxAI_workspace907523771482660012287448615460067732
2026-07-31 11:22:40,588 [INFO] AInterface:1179 - Setting Env: C:/Users/ADMIN/STM32Cube/Repository//Packs/STMicroelectronics/X-CUBE-AI/10.2.1/Utilities/windows
2026-07-31 11:22:40,592 [INFO] STM32CubeIDEBuilder:265 - Looking for gnu-tools-for-stm32 tools/bin/arm-none-eabi-gcc.exe in C:\ST\STM32CubeIDE_1.19.0\STM32CubeIDE
2026-07-31 11:22:40,595 [INFO] STM32CubeIDEBuilder:294 - checking C:\ST\STM32CubeIDE_1.19.0\STM32CubeIDE\plugins\com.st.stm32cube.ide.mcu.externaltools.gnu-tools-for-stm32.13.3.rel1.win32_1.0.0.202411081344\tools\bin\arm-none-eabi-gcc.exe
2026-07-31 11:22:40,595 [INFO] STM32CubeIDEBuilder:297 - ret=C:\ST\STM32CubeIDE_1.19.0\STM32CubeIDE\plugins\com.st.stm32cube.ide.mcu.externaltools.gnu-tools-for-stm32.13.3.rel1.win32_1.0.0.202411081344\tools\bin\arm-none-eabi-gcc.exe
2026-07-31 11:22:40,595 [INFO] STM32CubeIDEBuilder:311 - returning C:\ST\STM32CubeIDE_1.19.0\STM32CubeIDE\plugins\com.st.stm32cube.ide.mcu.externaltools.gnu-tools-for-stm32.13.3.rel1.win32_1.0.0.202411081344\tools\bin\arm-none-eabi-gcc.exe
2026-07-31 11:22:40,596 [INFO] AInterface:1236 - Custom PATH variable: C:/Users/ADMIN/STM32Cube/Repository//Packs/STMicroelectronics/X-CUBE-AI/10.2.1/Utilities/windows;C:/Users/ADMIN/STM32Cube/Repository//Packs/STMicroelectronics/X-CUBE-AI/10.2.1/Utilities/windows/mingw64/bin;C:/Users/ADMIN/STM32Cube/Repository//Packs/STMicroelectronics/X-CUBE-AI/10.2.1/Utilities/windows/mingw64/libexec/gcc/x86_64-w64-mingw32/7.3.0;;C:\ST\STM32CubeIDE_1.19.0\STM32CubeIDE\plugins\com.st.stm32cube.ide.mcu.externaltools.gnu-tools-for-stm32.13.3.rel1.win32_1.0.0.202411081344\tools\bin
2026-07-31 11:22:40,597 [INFO] CmdLine:115 - Command: C:/Users/ADMIN/STM32Cube/Repository//Packs/STMicroelectronics/X-CUBE-AI/10.2.1/Utilities/windows/stedgeai.exe generate --target stm32l4 --name network -m D:/Anusha_TinyML_FDP/TinyML_Workshop_Nitte-/ONNX/mlp_model.onnx --compression none --verbosity 1 --workspace C:/Users/ADMIN/AppData/Local/Temp/mxAI_workspace907523771482660012287448615460067732 --output C:/Users/ADMIN/.stm32cubemx/network_output
2026-07-31 11:22:40,598 [INFO] AIModelDetailledView:2264 - Analysis status: pending
2026-07-31 11:22:41,435 [INFO] CmdLine:76 - ST Edge AI Core v2.2.0-20266 2adc00962
2026-07-31 11:22:51,663 [INFO] CmdLine:76 - Creating c (debug) info json file C:\Users\ADMIN\.stm32cubemx\network_output\network_c_info.json
2026-07-31 11:22:51,686 [INFO] CmdLine:76 -  
2026-07-31 11:22:51,686 [INFO] CmdLine:76 -  Exec/report summary (generate)
2026-07-31 11:22:51,686 [INFO] CmdLine:76 -  --------------------------------------------------------------------------------------------------------------
2026-07-31 11:22:51,686 [INFO] CmdLine:76 -  model file         :   D:\Anusha_TinyML_FDP\TinyML_Workshop_Nitte-\ONNX\mlp_model.onnx                        
2026-07-31 11:22:51,686 [INFO] CmdLine:76 -  type               :   onnx                                                                                   
2026-07-31 11:22:51,686 [INFO] CmdLine:76 -  c_name             :   network                                                                                
2026-07-31 11:22:51,686 [INFO] CmdLine:76 -  compression        :   none                                                                                   
2026-07-31 11:22:51,686 [INFO] CmdLine:76 -  options            :   allocate-inputs, allocate-outputs                                                      
2026-07-31 11:22:51,687 [INFO] CmdLine:76 -  optimization       :   balanced                                                                               
2026-07-31 11:22:51,687 [INFO] CmdLine:76 -  target/series      :   stm32l4                                                                                
2026-07-31 11:22:51,687 [INFO] CmdLine:76 -  workspace dir      :   C:\Users\ADMIN\AppData\Local\Temp\mxAI_workspace907523771482660012287448615460067732   
2026-07-31 11:22:51,687 [INFO] CmdLine:76 -  output dir         :   C:\Users\ADMIN\.stm32cubemx\network_output                                             
2026-07-31 11:22:51,687 [INFO] CmdLine:76 -  model_fmt          :   float                                                                                  
2026-07-31 11:22:51,687 [INFO] CmdLine:76 -  model_name         :   mlp_model                                                                              
2026-07-31 11:22:51,687 [INFO] CmdLine:76 -  model_hash         :   0xdeea65ffd24f71ddeacb634c57bdc030                                                     
2026-07-31 11:22:51,687 [INFO] CmdLine:76 -  params #           :   2,693 items (10.52 KiB)                                                                
2026-07-31 11:22:51,687 [INFO] CmdLine:76 -  --------------------------------------------------------------------------------------------------------------
2026-07-31 11:22:51,687 [INFO] CmdLine:76 -  input 1/1          :   'input', f32(1x6), 24 Bytes, activations                                               
2026-07-31 11:22:51,687 [INFO] CmdLine:76 -  output 1/1         :   'output', f32(1x5), 20 Bytes, activations                                              
2026-07-31 11:22:51,687 [INFO] CmdLine:76 -  macc               :   2,789                                                                                  
2026-07-31 11:22:51,687 [INFO] CmdLine:76 -  weights (ro)       :   10,772 B (10.52 KiB) (1 segment)                                                       
2026-07-31 11:22:51,687 [INFO] CmdLine:76 -  activations (rw)   :   384 B (384 B) (1 segment) *                                                            
2026-07-31 11:22:51,687 [INFO] CmdLine:76 -  ram (total)        :   384 B (384 B) = 384 + 0 + 0                                                            
2026-07-31 11:22:51,688 [INFO] CmdLine:76 -  --------------------------------------------------------------------------------------------------------------
2026-07-31 11:22:51,688 [INFO] CmdLine:76 -  (*) 'input'/'output' buffers are allocated in the activations buffer
2026-07-31 11:22:51,692 [INFO] CmdLine:76 - Computing AI RT data/code size (target=stm32l4)..
2026-07-31 11:22:53,156 [INFO] CmdLine:76 -  Requested memory size by section - "stm32l4" target
2026-07-31 11:22:53,157 [INFO] CmdLine:76 -  ------------------------------ ------- -------- ------- -----
2026-07-31 11:22:53,157 [INFO] CmdLine:76 -  module                            text   rodata    data   bss
2026-07-31 11:22:53,157 [INFO] CmdLine:76 -  ------------------------------ ------- -------- ------- -----
2026-07-31 11:22:53,157 [INFO] CmdLine:76 -  NetworkRuntime1020_CM4_GCC.a     6,452        0       0     0
2026-07-31 11:22:53,157 [INFO] CmdLine:76 -  network.o                          528       40   1,584   140
2026-07-31 11:22:53,157 [INFO] CmdLine:76 -  network_data.o                      48       16      88     0
2026-07-31 11:22:53,158 [INFO] CmdLine:76 -  lib (toolchain)*                     0        0       0     0
2026-07-31 11:22:53,158 [INFO] CmdLine:76 -  ------------------------------ ------- -------- ------- -----
2026-07-31 11:22:53,158 [INFO] CmdLine:76 -  RT total**                       7,028       56   1,672   140
2026-07-31 11:22:53,158 [INFO] CmdLine:76 -  ------------------------------ ------- -------- ------- -----
2026-07-31 11:22:53,158 [INFO] CmdLine:76 -  weights                              0   10,776       0     0
2026-07-31 11:22:53,158 [INFO] CmdLine:76 -  activations                          0        0       0   384
2026-07-31 11:22:53,158 [INFO] CmdLine:76 -  io                                   0        0       0     0
2026-07-31 11:22:53,158 [INFO] CmdLine:76 -  ------------------------------ ------- -------- ------- -----
2026-07-31 11:22:53,158 [INFO] CmdLine:76 -  TOTAL                            7,028   10,832   1,672   524
2026-07-31 11:22:53,158 [INFO] CmdLine:76 -  ------------------------------ ------- -------- ------- -----
2026-07-31 11:22:53,159 [INFO] CmdLine:76 -  *  toolchain objects (libm/libgcc*)
2026-07-31 11:22:53,159 [INFO] CmdLine:76 -  ** RT AI runtime objects (kernels+infrastructure)
2026-07-31 11:22:53,159 [INFO] CmdLine:76 -   Summary - "stm32l4" target
2026-07-31 11:22:53,159 [INFO] CmdLine:76 -   ---------------------------------------------------
2026-07-31 11:22:53,159 [INFO] CmdLine:76 -                FLASH (ro)      %*   RAM (rw)       %
2026-07-31 11:22:53,159 [INFO] CmdLine:76 -   ---------------------------------------------------
2026-07-31 11:22:53,159 [INFO] CmdLine:76 -   RT total          8,756   44.8%      1,812   82.5%
2026-07-31 11:22:53,160 [INFO] CmdLine:76 -   ---------------------------------------------------
2026-07-31 11:22:53,160 [INFO] CmdLine:76 -   TOTAL            19,532              2,196
2026-07-31 11:22:53,160 [INFO] CmdLine:76 -   ---------------------------------------------------
2026-07-31 11:22:53,160 [INFO] CmdLine:76 -   *  rt/total
2026-07-31 11:22:53,160 [INFO] CmdLine:76 -  Generated files (7)
2026-07-31 11:22:53,161 [INFO] CmdLine:76 -  ------------------------------------------------------------------
2026-07-31 11:22:53,161 [INFO] CmdLine:76 -  C:\Users\ADMIN\.stm32cubemx\network_output\network_data_params.h
2026-07-31 11:22:53,161 [INFO] CmdLine:76 -  C:\Users\ADMIN\.stm32cubemx\network_output\network_data_params.c
2026-07-31 11:22:53,162 [INFO] CmdLine:76 -  C:\Users\ADMIN\.stm32cubemx\network_output\network_data.h
2026-07-31 11:22:53,162 [INFO] CmdLine:76 -  C:\Users\ADMIN\.stm32cubemx\network_output\network_data.c
2026-07-31 11:22:53,163 [INFO] CmdLine:76 -  C:\Users\ADMIN\.stm32cubemx\network_output\network_config.h
2026-07-31 11:22:53,163 [INFO] CmdLine:76 -  C:\Users\ADMIN\.stm32cubemx\network_output\network.h
2026-07-31 11:22:53,163 [INFO] CmdLine:76 -  C:\Users\ADMIN\.stm32cubemx\network_output\network.c
2026-07-31 11:22:53,164 [INFO] CmdLine:76 - Creating txt report file C:\Users\ADMIN\.stm32cubemx\network_output\network_generate_report.txt
2026-07-31 11:23:04,969 [INFO] CmdLine:76 - elapsed time (generate): 23.534s
2026-07-31 11:23:05,580 [INFO] CmdLine:148 - stedgeai exit with status: 0
2026-07-31 11:23:05,589 [INFO] AIModelDetailledView:2264 - Analysis status: done
2026-07-31 11:23:06,000 [INFO] ProjectBuilder:3606 - Time for Copy HAL[1] : 164mS.
2026-07-31 11:23:06,001 [ERROR] Middleware:2950 - Invalid RefComponent list
2026-07-31 11:23:06,001 [ERROR] Middleware:2950 - Invalid RefComponent list
2026-07-31 11:23:06,001 [ERROR] Middleware:2950 - Invalid RefComponent list
2026-07-31 11:23:06,001 [ERROR] Middleware:2950 - Invalid RefComponent list
2026-07-31 11:23:06,001 [ERROR] Middleware:2950 - Invalid RefComponent list
2026-07-31 11:23:06,001 [ERROR] Middleware:2950 - Invalid RefComponent list
2026-07-31 11:23:06,001 [ERROR] Middleware:2950 - Invalid RefComponent list
2026-07-31 11:23:06,001 [ERROR] Middleware:2950 - Invalid RefComponent list
2026-07-31 11:23:06,001 [ERROR] Middleware:2950 - Invalid RefComponent list
2026-07-31 11:23:06,001 [ERROR] Middleware:2950 - Invalid RefComponent list
2026-07-31 11:23:06,001 [ERROR] Middleware:2950 - Invalid RefComponent list
2026-07-31 11:23:06,001 [ERROR] Middleware:2950 - Invalid RefComponent list
2026-07-31 11:23:06,001 [ERROR] Middleware:2950 - Invalid RefComponent list
2026-07-31 11:23:06,001 [ERROR] Middleware:2950 - Invalid RefComponent list
2026-07-31 11:23:06,001 [ERROR] Middleware:2950 - Invalid RefComponent list
2026-07-31 11:23:06,001 [ERROR] Middleware:2950 - Invalid RefComponent list
2026-07-31 11:23:06,001 [ERROR] Middleware:2950 - Invalid RefComponent list
2026-07-31 11:23:06,001 [ERROR] Middleware:2950 - Invalid RefComponent list
2026-07-31 11:23:06,001 [ERROR] Middleware:2950 - Invalid RefComponent list
2026-07-31 11:23:06,001 [ERROR] Middleware:2950 - Invalid RefComponent list
2026-07-31 11:23:06,001 [ERROR] Middleware:2950 - Invalid RefComponent list
2026-07-31 11:23:06,001 [ERROR] Middleware:2950 - Invalid RefComponent list
2026-07-31 11:23:06,001 [ERROR] Middleware:2950 - Invalid RefComponent list
2026-07-31 11:23:06,001 [ERROR] Middleware:2950 - Invalid RefComponent list
2026-07-31 11:23:06,001 [ERROR] Middleware:2950 - Invalid RefComponent list
2026-07-31 11:23:06,002 [ERROR] Middleware:2950 - Invalid RefComponent list
2026-07-31 11:23:06,002 [ERROR] Middleware:2950 - Invalid RefComponent list
2026-07-31 11:23:06,002 [ERROR] Middleware:2950 - Invalid RefComponent list
2026-07-31 11:23:06,002 [ERROR] Middleware:2950 - Invalid RefComponent list
2026-07-31 11:23:06,002 [ERROR] Middleware:2950 - Invalid RefComponent list
2026-07-31 11:23:06,002 [ERROR] Middleware:2950 - Invalid RefComponent list
2026-07-31 11:23:06,002 [ERROR] Middleware:2950 - Invalid RefComponent list
2026-07-31 11:23:06,002 [ERROR] Middleware:2950 - Invalid RefComponent list
2026-07-31 11:23:06,002 [ERROR] Middleware:2950 - Invalid RefComponent list
2026-07-31 11:23:06,002 [ERROR] Middleware:2950 - Invalid RefComponent list
2026-07-31 11:23:06,002 [ERROR] Middleware:2950 - Invalid RefComponent list
2026-07-31 11:23:06,002 [ERROR] Middleware:2950 - Invalid RefComponent list
2026-07-31 11:23:06,002 [ERROR] Middleware:2950 - Invalid RefComponent list
2026-07-31 11:23:06,002 [ERROR] Middleware:2950 - Invalid RefComponent list
2026-07-31 11:23:06,002 [ERROR] Middleware:2950 - Invalid RefComponent list
2026-07-31 11:23:06,002 [ERROR] Middleware:2950 - Invalid RefComponent list
2026-07-31 11:23:06,002 [ERROR] Middleware:2950 - Invalid RefComponent list
2026-07-31 11:23:06,002 [ERROR] Middleware:2950 - Invalid RefComponent list
2026-07-31 11:23:06,002 [ERROR] Middleware:2950 - Invalid RefComponent list
2026-07-31 11:23:06,002 [ERROR] Middleware:2950 - Invalid RefComponent list
2026-07-31 11:23:06,002 [ERROR] Middleware:2950 - Invalid RefComponent list
2026-07-31 11:23:06,002 [ERROR] Middleware:2950 - Invalid RefComponent list
2026-07-31 11:23:06,002 [ERROR] Middleware:2950 - Invalid RefComponent list
2026-07-31 11:23:06,002 [ERROR] Middleware:2950 - Invalid RefComponent list
2026-07-31 11:23:06,002 [ERROR] Middleware:2950 - Invalid RefComponent list
2026-07-31 11:23:06,005 [INFO] ProjectBuilder:5216 - Project Generator version: 4.7.0-B52
2026-07-31 11:23:06,090 [INFO] ConfigFileManager:1595 - The Die is : DIE470
2026-07-31 11:23:06,737 [INFO] ProjectBuilder:5496 - Time for Generating toolchain IDE Files: 732mS.
2026-07-31 11:23:06,738 [INFO] ProjectBuilder:3463 - Time for Copy CMSIS : 1mS.
2026-07-31 11:23:06,739 [INFO] ProjectBuilder:3463 - Time for Copy CMSIS : 0mS.
2026-07-31 11:24:21,455 [INFO] UtilMem:75 - End SaveConfig() Used Memory: 737524072 Bytes (1073741824)
2026-07-31 11:24:22,573 [INFO] UtilMem:75 - End SaveConfig() Used Memory: 779989352 Bytes (1073741824)
2026-07-31 11:24:22,812 [INFO] UtilMem:75 - End SaveConfig() Used Memory: 871741800 Bytes (1073741824)
2026-07-31 11:24:23,015 [INFO] BlockDiagram:2775 - set Specific Code input for plugin: SYS
2026-07-31 11:24:23,016 [INFO] BlockDiagram:2775 - set Specific Code input for plugin: RCC
2026-07-31 11:24:23,016 [INFO] BlockDiagram:2775 - set Specific Code input for plugin: I2C
2026-07-31 11:24:23,016 [INFO] BlockDiagram:2775 - set Specific Code input for plugin: NVIC
2026-07-31 11:24:23,016 [INFO] BlockDiagram:2775 - set Specific Code input for plugin: USART
2026-07-31 11:24:23,016 [INFO] BlockDiagram:2775 - set Specific Code input for plugin: STMicroelectronics.X-CUBE-AI.10.2.1
2026-07-31 11:24:23,016 [INFO] BlockDiagram:2775 - set Specific Code input for plugin: GPIO
2026-07-31 11:24:23,018 [INFO] CodeGenerator:892 - code generatio: config db path: C:\ST\STM32CubeIDE_1.19.0\STM32CubeIDE\plugins\com.st.stm32cube.common.mx_6.15.0.202507011659\\db\
2026-07-31 11:24:23,125 [INFO] IP:3329 - RTE Config file name : RTE_Component
2026-07-31 11:24:23,125 [INFO] IP:3347 - RTE template : RTE_Components.ftl
2026-07-31 11:24:23,133 [INFO] CodeEngine:265 - oldGeneratedFile, D:\Anusha_TinyML_FDP\TinyML_Workshop_Nitte-\STM32\Deep_Learning_Inference\MXTmpFiles\license.tmp_save
2026-07-31 11:24:23,210 [INFO] CodeEngine:289 - Generated code: D:\Anusha_TinyML_FDP\TinyML_Workshop_Nitte-\STM32\Deep_Learning_Inference\MXTmpFiles\license.tmp
2026-07-31 11:24:23,230 [INFO] CodeEngine:265 - oldGeneratedFile, D:\Anusha_TinyML_FDP\TinyML_Workshop_Nitte-\STM32\Deep_Learning_Inference\MXTmpFiles\gpio.tmp_save
2026-07-31 11:24:23,310 [INFO] CodeEngine:289 - Generated code: D:\Anusha_TinyML_FDP\TinyML_Workshop_Nitte-\STM32\Deep_Learning_Inference\MXTmpFiles\gpio.tmp
2026-07-31 11:24:23,395 [INFO] Middleware:1452 - No code input for Bsp Dependency
2026-07-31 11:24:23,397 [INFO] Middleware:1452 - No code input for Bsp Dependency
2026-07-31 11:24:23,408 [INFO] CodeEngine:265 - oldGeneratedFile, D:\Anusha_TinyML_FDP\TinyML_Workshop_Nitte-\STM32\Deep_Learning_Inference\Core\Src\stm32l4xx_it.c_save
2026-07-31 11:24:23,481 [INFO] CodeEngine:289 - Generated code: D:\Anusha_TinyML_FDP\TinyML_Workshop_Nitte-\STM32\Deep_Learning_Inference\Core\Src\stm32l4xx_it.c
2026-07-31 11:24:23,485 [INFO] CodeEngine:265 - oldGeneratedFile, D:\Anusha_TinyML_FDP\TinyML_Workshop_Nitte-\STM32\Deep_Learning_Inference\Core\Inc\stm32l4xx_it.h_save
2026-07-31 11:24:23,551 [INFO] CodeEngine:289 - Generated code: D:\Anusha_TinyML_FDP\TinyML_Workshop_Nitte-\STM32\Deep_Learning_Inference\Core\Inc\stm32l4xx_it.h
2026-07-31 11:24:23,565 [INFO] CodeEngine:265 - oldGeneratedFile, D:\Anusha_TinyML_FDP\TinyML_Workshop_Nitte-\STM32\Deep_Learning_Inference\Core\Src\stm32l4xx_hal_msp.c_save
2026-07-31 11:24:23,679 [INFO] CodeEngine:289 - Generated code: D:\Anusha_TinyML_FDP\TinyML_Workshop_Nitte-\STM32\Deep_Learning_Inference\Core\Src\stm32l4xx_hal_msp.c
2026-07-31 11:24:23,683 [INFO] CodeEngine:265 - oldGeneratedFile, D:\Anusha_TinyML_FDP\TinyML_Workshop_Nitte-\STM32\Deep_Learning_Inference\MXTmpFiles\system.tmp_save
2026-07-31 11:24:23,750 [INFO] CodeEngine:289 - Generated code: D:\Anusha_TinyML_FDP\TinyML_Workshop_Nitte-\STM32\Deep_Learning_Inference\MXTmpFiles\system.tmp
2026-07-31 11:24:23,760 [INFO] CodeEngine:321 - oldGeneratedFile, D:\Anusha_TinyML_FDP\TinyML_Workshop_Nitte-\STM32\Deep_Learning_Inference\Core\Inc\stm32l4xx_hal_conf.h_save
2026-07-31 11:24:23,831 [INFO] CodeEngine:345 - Generated code: D:\Anusha_TinyML_FDP\TinyML_Workshop_Nitte-\STM32\Deep_Learning_Inference\Core\Inc\stm32l4xx_hal_conf.h
2026-07-31 11:24:23,852 [INFO] CodeEngine:265 - oldGeneratedFile, D:\Anusha_TinyML_FDP\TinyML_Workshop_Nitte-\STM32\Deep_Learning_Inference\Core\Inc\main.h_save
2026-07-31 11:24:23,926 [INFO] CodeEngine:289 - Generated code: D:\Anusha_TinyML_FDP\TinyML_Workshop_Nitte-\STM32\Deep_Learning_Inference\Core\Inc\main.h
2026-07-31 11:24:23,931 [INFO] CodeEngine:265 - oldGeneratedFile, D:\Anusha_TinyML_FDP\TinyML_Workshop_Nitte-\STM32\Deep_Learning_Inference\Core\Src\main.c_save
2026-07-31 11:24:24,039 [INFO] CodeEngine:289 - Generated code: D:\Anusha_TinyML_FDP\TinyML_Workshop_Nitte-\STM32\Deep_Learning_Inference\Core\Src\main.c
2026-07-31 11:24:24,381 [INFO] AInterface:322 - ModelName:network; files:[D:\Anusha_TinyML_FDP\TinyML_Workshop_Nitte-\ONNX\mlp_model.onnx]; type:ONNX; compression:None
2026-07-31 11:24:24,381 [INFO] AInterface:526 - workspaceTempDir: C:/Users/ADMIN/AppData/Local/Temp/mxAI_workspace907534150894320012519273448492225147
2026-07-31 11:24:24,381 [INFO] AInterface:1179 - Setting Env: C:/Users/ADMIN/STM32Cube/Repository//Packs/STMicroelectronics/X-CUBE-AI/10.2.1/Utilities/windows
2026-07-31 11:24:24,385 [INFO] STM32CubeIDEBuilder:265 - Looking for gnu-tools-for-stm32 tools/bin/arm-none-eabi-gcc.exe in C:\ST\STM32CubeIDE_1.19.0\STM32CubeIDE
2026-07-31 11:24:24,388 [INFO] STM32CubeIDEBuilder:294 - checking C:\ST\STM32CubeIDE_1.19.0\STM32CubeIDE\plugins\com.st.stm32cube.ide.mcu.externaltools.gnu-tools-for-stm32.13.3.rel1.win32_1.0.0.202411081344\tools\bin\arm-none-eabi-gcc.exe
2026-07-31 11:24:24,388 [INFO] STM32CubeIDEBuilder:297 - ret=C:\ST\STM32CubeIDE_1.19.0\STM32CubeIDE\plugins\com.st.stm32cube.ide.mcu.externaltools.gnu-tools-for-stm32.13.3.rel1.win32_1.0.0.202411081344\tools\bin\arm-none-eabi-gcc.exe
2026-07-31 11:24:24,388 [INFO] STM32CubeIDEBuilder:311 - returning C:\ST\STM32CubeIDE_1.19.0\STM32CubeIDE\plugins\com.st.stm32cube.ide.mcu.externaltools.gnu-tools-for-stm32.13.3.rel1.win32_1.0.0.202411081344\tools\bin\arm-none-eabi-gcc.exe
2026-07-31 11:24:24,389 [INFO] AInterface:1236 - Custom PATH variable: C:/Users/ADMIN/STM32Cube/Repository//Packs/STMicroelectronics/X-CUBE-AI/10.2.1/Utilities/windows;C:/Users/ADMIN/STM32Cube/Repository//Packs/STMicroelectronics/X-CUBE-AI/10.2.1/Utilities/windows/mingw64/bin;C:/Users/ADMIN/STM32Cube/Repository//Packs/STMicroelectronics/X-CUBE-AI/10.2.1/Utilities/windows/mingw64/libexec/gcc/x86_64-w64-mingw32/7.3.0;;C:\ST\STM32CubeIDE_1.19.0\STM32CubeIDE\plugins\com.st.stm32cube.ide.mcu.externaltools.gnu-tools-for-stm32.13.3.rel1.win32_1.0.0.202411081344\tools\bin
2026-07-31 11:24:24,390 [INFO] CmdLine:115 - Command: C:/Users/ADMIN/STM32Cube/Repository//Packs/STMicroelectronics/X-CUBE-AI/10.2.1/Utilities/windows/stedgeai.exe generate --target stm32l4 --name network -m D:/Anusha_TinyML_FDP/TinyML_Workshop_Nitte-/ONNX/mlp_model.onnx --compression none --verbosity 1 --workspace C:/Users/ADMIN/AppData/Local/Temp/mxAI_workspace907534150894320012519273448492225147 --output C:/Users/ADMIN/.stm32cubemx/network_output
2026-07-31 11:24:24,390 [INFO] AIModelDetailledView:2264 - Analysis status: pending
2026-07-31 11:24:25,176 [INFO] CmdLine:76 - ST Edge AI Core v2.2.0-20266 2adc00962
2026-07-31 11:24:34,947 [INFO] CmdLine:76 - Creating c (debug) info json file C:\Users\ADMIN\.stm32cubemx\network_output\network_c_info.json
2026-07-31 11:24:34,971 [INFO] CmdLine:76 -  
2026-07-31 11:24:34,971 [INFO] CmdLine:76 -  Exec/report summary (generate)
2026-07-31 11:24:34,971 [INFO] CmdLine:76 -  --------------------------------------------------------------------------------------------------------------
2026-07-31 11:24:34,971 [INFO] CmdLine:76 -  model file         :   D:\Anusha_TinyML_FDP\TinyML_Workshop_Nitte-\ONNX\mlp_model.onnx                        
2026-07-31 11:24:34,972 [INFO] CmdLine:76 -  type               :   onnx                                                                                   
2026-07-31 11:24:34,972 [INFO] CmdLine:76 -  c_name             :   network                                                                                
2026-07-31 11:24:34,972 [INFO] CmdLine:76 -  compression        :   none                                                                                   
2026-07-31 11:24:34,972 [INFO] CmdLine:76 -  options            :   allocate-inputs, allocate-outputs                                                      
2026-07-31 11:24:34,972 [INFO] CmdLine:76 -  optimization       :   balanced                                                                               
2026-07-31 11:24:34,972 [INFO] CmdLine:76 -  target/series      :   stm32l4                                                                                
2026-07-31 11:24:34,972 [INFO] CmdLine:76 -  workspace dir      :   C:\Users\ADMIN\AppData\Local\Temp\mxAI_workspace907534150894320012519273448492225147   
2026-07-31 11:24:34,972 [INFO] CmdLine:76 -  output dir         :   C:\Users\ADMIN\.stm32cubemx\network_output                                             
2026-07-31 11:24:34,972 [INFO] CmdLine:76 -  model_fmt          :   float                                                                                  
2026-07-31 11:24:34,972 [INFO] CmdLine:76 -  model_name         :   mlp_model                                                                              
2026-07-31 11:24:34,972 [INFO] CmdLine:76 -  model_hash         :   0xdeea65ffd24f71ddeacb634c57bdc030                                                     
2026-07-31 11:24:34,972 [INFO] CmdLine:76 -  params #           :   2,693 items (10.52 KiB)                                                                
2026-07-31 11:24:34,972 [INFO] CmdLine:76 -  --------------------------------------------------------------------------------------------------------------
2026-07-31 11:24:34,972 [INFO] CmdLine:76 -  input 1/1          :   'input', f32(1x6), 24 Bytes, activations                                               
2026-07-31 11:24:34,972 [INFO] CmdLine:76 -  output 1/1         :   'output', f32(1x5), 20 Bytes, activations                                              
2026-07-31 11:24:34,972 [INFO] CmdLine:76 -  macc               :   2,789                                                                                  
2026-07-31 11:24:34,972 [INFO] CmdLine:76 -  weights (ro)       :   10,772 B (10.52 KiB) (1 segment)                                                       
2026-07-31 11:24:34,972 [INFO] CmdLine:76 -  activations (rw)   :   384 B (384 B) (1 segment) *                                                            
2026-07-31 11:24:34,972 [INFO] CmdLine:76 -  ram (total)        :   384 B (384 B) = 384 + 0 + 0                                                            
2026-07-31 11:24:34,973 [INFO] CmdLine:76 -  --------------------------------------------------------------------------------------------------------------
2026-07-31 11:24:34,973 [INFO] CmdLine:76 -  (*) 'input'/'output' buffers are allocated in the activations buffer
2026-07-31 11:24:34,977 [INFO] CmdLine:76 - Computing AI RT data/code size (target=stm32l4)..
2026-07-31 11:24:36,419 [INFO] CmdLine:76 -  Requested memory size by section - "stm32l4" target
2026-07-31 11:24:36,419 [INFO] CmdLine:76 -  ------------------------------ ------- -------- ------- -----
2026-07-31 11:24:36,420 [INFO] CmdLine:76 -  module                            text   rodata    data   bss
2026-07-31 11:24:36,420 [INFO] CmdLine:76 -  ------------------------------ ------- -------- ------- -----
2026-07-31 11:24:36,420 [INFO] CmdLine:76 -  NetworkRuntime1020_CM4_GCC.a     6,452        0       0     0
2026-07-31 11:24:36,420 [INFO] CmdLine:76 -  network.o                          528       40   1,584   140
2026-07-31 11:24:36,420 [INFO] CmdLine:76 -  network_data.o                      48       16      88     0
2026-07-31 11:24:36,421 [INFO] CmdLine:76 -  lib (toolchain)*                     0        0       0     0
2026-07-31 11:24:36,421 [INFO] CmdLine:76 -  ------------------------------ ------- -------- ------- -----
2026-07-31 11:24:36,421 [INFO] CmdLine:76 -  RT total**                       7,028       56   1,672   140
2026-07-31 11:24:36,421 [INFO] CmdLine:76 -  ------------------------------ ------- -------- ------- -----
2026-07-31 11:24:36,421 [INFO] CmdLine:76 -  weights                              0   10,776       0     0
2026-07-31 11:24:36,421 [INFO] CmdLine:76 -  activations                          0        0       0   384
2026-07-31 11:24:36,421 [INFO] CmdLine:76 -  io                                   0        0       0     0
2026-07-31 11:24:36,422 [INFO] CmdLine:76 -  ------------------------------ ------- -------- ------- -----
2026-07-31 11:24:36,422 [INFO] CmdLine:76 -  TOTAL                            7,028   10,832   1,672   524
2026-07-31 11:24:36,422 [INFO] CmdLine:76 -  ------------------------------ ------- -------- ------- -----
2026-07-31 11:24:36,422 [INFO] CmdLine:76 -  *  toolchain objects (libm/libgcc*)
2026-07-31 11:24:36,422 [INFO] CmdLine:76 -  ** RT AI runtime objects (kernels+infrastructure)
2026-07-31 11:24:36,422 [INFO] CmdLine:76 -   Summary - "stm32l4" target
2026-07-31 11:24:36,423 [INFO] CmdLine:76 -   ---------------------------------------------------
2026-07-31 11:24:36,423 [INFO] CmdLine:76 -                FLASH (ro)      %*   RAM (rw)       %
2026-07-31 11:24:36,423 [INFO] CmdLine:76 -   ---------------------------------------------------
2026-07-31 11:24:36,423 [INFO] CmdLine:76 -   RT total          8,756   44.8%      1,812   82.5%
2026-07-31 11:24:36,423 [INFO] CmdLine:76 -   ---------------------------------------------------
2026-07-31 11:24:36,423 [INFO] CmdLine:76 -   TOTAL            19,532              2,196
2026-07-31 11:24:36,423 [INFO] CmdLine:76 -   ---------------------------------------------------
2026-07-31 11:24:36,423 [INFO] CmdLine:76 -   *  rt/total
2026-07-31 11:24:36,423 [INFO] CmdLine:76 -  Generated files (7)
2026-07-31 11:24:36,423 [INFO] CmdLine:76 -  ------------------------------------------------------------------
2026-07-31 11:24:36,423 [INFO] CmdLine:76 -  C:\Users\ADMIN\.stm32cubemx\network_output\network_data_params.h
2026-07-31 11:24:36,424 [INFO] CmdLine:76 -  C:\Users\ADMIN\.stm32cubemx\network_output\network_data_params.c
2026-07-31 11:24:36,424 [INFO] CmdLine:76 -  C:\Users\ADMIN\.stm32cubemx\network_output\network_data.h
2026-07-31 11:24:36,424 [INFO] CmdLine:76 -  C:\Users\ADMIN\.stm32cubemx\network_output\network_data.c
2026-07-31 11:24:36,424 [INFO] CmdLine:76 -  C:\Users\ADMIN\.stm32cubemx\network_output\network_config.h
2026-07-31 11:24:36,424 [INFO] CmdLine:76 -  C:\Users\ADMIN\.stm32cubemx\network_output\network.h
2026-07-31 11:24:36,424 [INFO] CmdLine:76 -  C:\Users\ADMIN\.stm32cubemx\network_output\network.c
2026-07-31 11:24:36,425 [INFO] CmdLine:76 - Creating txt report file C:\Users\ADMIN\.stm32cubemx\network_output\network_generate_report.txt
2026-07-31 11:24:47,999 [INFO] CmdLine:76 - elapsed time (generate): 22.823s
2026-07-31 11:24:48,606 [INFO] CmdLine:148 - stedgeai exit with status: 0
2026-07-31 11:24:48,615 [INFO] AIModelDetailledView:2264 - Analysis status: done
2026-07-31 11:24:49,024 [INFO] ProjectBuilder:3606 - Time for Copy HAL[1] : 166mS.
2026-07-31 11:24:49,025 [ERROR] Middleware:2950 - Invalid RefComponent list
2026-07-31 11:24:49,025 [ERROR] Middleware:2950 - Invalid RefComponent list
2026-07-31 11:24:49,025 [ERROR] Middleware:2950 - Invalid RefComponent list
2026-07-31 11:24:49,025 [ERROR] Middleware:2950 - Invalid RefComponent list
2026-07-31 11:24:49,025 [ERROR] Middleware:2950 - Invalid RefComponent list
2026-07-31 11:24:49,025 [ERROR] Middleware:2950 - Invalid RefComponent list
2026-07-31 11:24:49,025 [ERROR] Middleware:2950 - Invalid RefComponent list
2026-07-31 11:24:49,025 [ERROR] Middleware:2950 - Invalid RefComponent list
2026-07-31 11:24:49,025 [ERROR] Middleware:2950 - Invalid RefComponent list
2026-07-31 11:24:49,025 [ERROR] Middleware:2950 - Invalid RefComponent list
2026-07-31 11:24:49,025 [ERROR] Middleware:2950 - Invalid RefComponent list
2026-07-31 11:24:49,025 [ERROR] Middleware:2950 - Invalid RefComponent list
2026-07-31 11:24:49,025 [ERROR] Middleware:2950 - Invalid RefComponent list
2026-07-31 11:24:49,025 [ERROR] Middleware:2950 - Invalid RefComponent list
2026-07-31 11:24:49,025 [ERROR] Middleware:2950 - Invalid RefComponent list
2026-07-31 11:24:49,025 [ERROR] Middleware:2950 - Invalid RefComponent list
2026-07-31 11:24:49,025 [ERROR] Middleware:2950 - Invalid RefComponent list
2026-07-31 11:24:49,025 [ERROR] Middleware:2950 - Invalid RefComponent list
2026-07-31 11:24:49,025 [ERROR] Middleware:2950 - Invalid RefComponent list
2026-07-31 11:24:49,025 [ERROR] Middleware:2950 - Invalid RefComponent list
2026-07-31 11:24:49,025 [ERROR] Middleware:2950 - Invalid RefComponent list
2026-07-31 11:24:49,025 [ERROR] Middleware:2950 - Invalid RefComponent list
2026-07-31 11:24:49,025 [ERROR] Middleware:2950 - Invalid RefComponent list
2026-07-31 11:24:49,025 [ERROR] Middleware:2950 - Invalid RefComponent list
2026-07-31 11:24:49,025 [ERROR] Middleware:2950 - Invalid RefComponent list
2026-07-31 11:24:49,025 [ERROR] Middleware:2950 - Invalid RefComponent list
2026-07-31 11:24:49,025 [ERROR] Middleware:2950 - Invalid RefComponent list
2026-07-31 11:24:49,026 [ERROR] Middleware:2950 - Invalid RefComponent list
2026-07-31 11:24:49,026 [ERROR] Middleware:2950 - Invalid RefComponent list
2026-07-31 11:24:49,026 [ERROR] Middleware:2950 - Invalid RefComponent list
2026-07-31 11:24:49,026 [ERROR] Middleware:2950 - Invalid RefComponent list
2026-07-31 11:24:49,026 [ERROR] Middleware:2950 - Invalid RefComponent list
2026-07-31 11:24:49,026 [ERROR] Middleware:2950 - Invalid RefComponent list
2026-07-31 11:24:49,026 [ERROR] Middleware:2950 - Invalid RefComponent list
2026-07-31 11:24:49,026 [ERROR] Middleware:2950 - Invalid RefComponent list
2026-07-31 11:24:49,026 [ERROR] Middleware:2950 - Invalid RefComponent list
2026-07-31 11:24:49,026 [ERROR] Middleware:2950 - Invalid RefComponent list
2026-07-31 11:24:49,026 [ERROR] Middleware:2950 - Invalid RefComponent list
2026-07-31 11:24:49,026 [ERROR] Middleware:2950 - Invalid RefComponent list
2026-07-31 11:24:49,026 [ERROR] Middleware:2950 - Invalid RefComponent list
2026-07-31 11:24:49,026 [ERROR] Middleware:2950 - Invalid RefComponent list
2026-07-31 11:24:49,026 [ERROR] Middleware:2950 - Invalid RefComponent list
2026-07-31 11:24:49,026 [ERROR] Middleware:2950 - Invalid RefComponent list
2026-07-31 11:24:49,026 [ERROR] Middleware:2950 - Invalid RefComponent list
2026-07-31 11:24:49,026 [ERROR] Middleware:2950 - Invalid RefComponent list
2026-07-31 11:24:49,026 [ERROR] Middleware:2950 - Invalid RefComponent list
2026-07-31 11:24:49,026 [ERROR] Middleware:2950 - Invalid RefComponent list
2026-07-31 11:24:49,026 [ERROR] Middleware:2950 - Invalid RefComponent list
2026-07-31 11:24:49,026 [ERROR] Middleware:2950 - Invalid RefComponent list
2026-07-31 11:24:49,026 [ERROR] Middleware:2950 - Invalid RefComponent list
2026-07-31 11:24:49,030 [INFO] ProjectBuilder:5216 - Project Generator version: 4.7.0-B52
2026-07-31 11:24:49,113 [INFO] ConfigFileManager:1595 - The Die is : DIE470
2026-07-31 11:24:49,788 [INFO] ProjectBuilder:5496 - Time for Generating toolchain IDE Files: 757mS.
2026-07-31 11:24:49,788 [INFO] ProjectBuilder:3463 - Time for Copy CMSIS : 0mS.
2026-07-31 11:24:49,790 [INFO] ProjectBuilder:3463 - Time for Copy CMSIS : 0mS.
2026-07-31 11:25:57,032 [INFO] UtilMem:75 - End SaveConfig() Used Memory: 689487064 Bytes (1073741824)
2026-07-31 11:25:59,115 [INFO] UtilMem:75 - End SaveConfig() Used Memory: 734049496 Bytes (1073741824)
2026-07-31 11:25:59,350 [INFO] UtilMem:75 - End SaveConfig() Used Memory: 777041112 Bytes (1073741824)
2026-07-31 11:25:59,545 [INFO] BlockDiagram:2775 - set Specific Code input for plugin: SYS
2026-07-31 11:25:59,545 [INFO] BlockDiagram:2775 - set Specific Code input for plugin: RCC
2026-07-31 11:25:59,545 [INFO] BlockDiagram:2775 - set Specific Code input for plugin: I2C
2026-07-31 11:25:59,545 [INFO] BlockDiagram:2775 - set Specific Code input for plugin: NVIC
2026-07-31 11:25:59,545 [INFO] BlockDiagram:2775 - set Specific Code input for plugin: USART
2026-07-31 11:25:59,545 [INFO] BlockDiagram:2775 - set Specific Code input for plugin: STMicroelectronics.X-CUBE-AI.10.2.1
2026-07-31 11:25:59,546 [INFO] BlockDiagram:2775 - set Specific Code input for plugin: GPIO
2026-07-31 11:25:59,548 [INFO] CodeGenerator:892 - code generatio: config db path: C:\ST\STM32CubeIDE_1.19.0\STM32CubeIDE\plugins\com.st.stm32cube.common.mx_6.15.0.202507011659\\db\
2026-07-31 11:25:59,626 [INFO] IP:3329 - RTE Config file name : RTE_Component
2026-07-31 11:25:59,627 [INFO] IP:3347 - RTE template : RTE_Components.ftl
2026-07-31 11:25:59,635 [INFO] CodeEngine:265 - oldGeneratedFile, D:\Anusha_TinyML_FDP\TinyML_Workshop_Nitte-\STM32\Deep_Learning_Inference\MXTmpFiles\license.tmp_save
2026-07-31 11:25:59,711 [INFO] CodeEngine:289 - Generated code: D:\Anusha_TinyML_FDP\TinyML_Workshop_Nitte-\STM32\Deep_Learning_Inference\MXTmpFiles\license.tmp
2026-07-31 11:25:59,731 [INFO] CodeEngine:265 - oldGeneratedFile, D:\Anusha_TinyML_FDP\TinyML_Workshop_Nitte-\STM32\Deep_Learning_Inference\MXTmpFiles\gpio.tmp_save
2026-07-31 11:25:59,799 [INFO] CodeEngine:289 - Generated code: D:\Anusha_TinyML_FDP\TinyML_Workshop_Nitte-\STM32\Deep_Learning_Inference\MXTmpFiles\gpio.tmp
2026-07-31 11:25:59,869 [INFO] Middleware:1452 - No code input for Bsp Dependency
2026-07-31 11:25:59,870 [INFO] Middleware:1452 - No code input for Bsp Dependency
2026-07-31 11:25:59,880 [INFO] CodeEngine:265 - oldGeneratedFile, D:\Anusha_TinyML_FDP\TinyML_Workshop_Nitte-\STM32\Deep_Learning_Inference\Core\Src\stm32l4xx_it.c_save
2026-07-31 11:25:59,950 [INFO] CodeEngine:289 - Generated code: D:\Anusha_TinyML_FDP\TinyML_Workshop_Nitte-\STM32\Deep_Learning_Inference\Core\Src\stm32l4xx_it.c
2026-07-31 11:25:59,955 [INFO] CodeEngine:265 - oldGeneratedFile, D:\Anusha_TinyML_FDP\TinyML_Workshop_Nitte-\STM32\Deep_Learning_Inference\Core\Inc\stm32l4xx_it.h_save
2026-07-31 11:26:00,021 [INFO] CodeEngine:289 - Generated code: D:\Anusha_TinyML_FDP\TinyML_Workshop_Nitte-\STM32\Deep_Learning_Inference\Core\Inc\stm32l4xx_it.h
2026-07-31 11:26:00,033 [INFO] CodeEngine:265 - oldGeneratedFile, D:\Anusha_TinyML_FDP\TinyML_Workshop_Nitte-\STM32\Deep_Learning_Inference\Core\Src\stm32l4xx_hal_msp.c_save
2026-07-31 11:26:00,148 [INFO] CodeEngine:289 - Generated code: D:\Anusha_TinyML_FDP\TinyML_Workshop_Nitte-\STM32\Deep_Learning_Inference\Core\Src\stm32l4xx_hal_msp.c
2026-07-31 11:26:00,152 [INFO] CodeEngine:265 - oldGeneratedFile, D:\Anusha_TinyML_FDP\TinyML_Workshop_Nitte-\STM32\Deep_Learning_Inference\MXTmpFiles\system.tmp_save
2026-07-31 11:26:00,226 [INFO] CodeEngine:289 - Generated code: D:\Anusha_TinyML_FDP\TinyML_Workshop_Nitte-\STM32\Deep_Learning_Inference\MXTmpFiles\system.tmp
2026-07-31 11:26:00,235 [INFO] CodeEngine:321 - oldGeneratedFile, D:\Anusha_TinyML_FDP\TinyML_Workshop_Nitte-\STM32\Deep_Learning_Inference\Core\Inc\stm32l4xx_hal_conf.h_save
2026-07-31 11:26:00,314 [INFO] CodeEngine:345 - Generated code: D:\Anusha_TinyML_FDP\TinyML_Workshop_Nitte-\STM32\Deep_Learning_Inference\Core\Inc\stm32l4xx_hal_conf.h
2026-07-31 11:26:00,333 [INFO] CodeEngine:265 - oldGeneratedFile, D:\Anusha_TinyML_FDP\TinyML_Workshop_Nitte-\STM32\Deep_Learning_Inference\Core\Inc\main.h_save
2026-07-31 11:26:00,412 [INFO] CodeEngine:289 - Generated code: D:\Anusha_TinyML_FDP\TinyML_Workshop_Nitte-\STM32\Deep_Learning_Inference\Core\Inc\main.h
2026-07-31 11:26:00,416 [INFO] CodeEngine:265 - oldGeneratedFile, D:\Anusha_TinyML_FDP\TinyML_Workshop_Nitte-\STM32\Deep_Learning_Inference\Core\Src\main.c_save
2026-07-31 11:26:00,533 [INFO] CodeEngine:289 - Generated code: D:\Anusha_TinyML_FDP\TinyML_Workshop_Nitte-\STM32\Deep_Learning_Inference\Core\Src\main.c
2026-07-31 11:26:00,884 [INFO] AInterface:322 - ModelName:network; files:[D:\Anusha_TinyML_FDP\TinyML_Workshop_Nitte-\ONNX\mlp_model.onnx]; type:ONNX; compression:None
2026-07-31 11:26:00,884 [INFO] AInterface:526 - workspaceTempDir: C:/Users/ADMIN/AppData/Local/Temp/mxAI_workspace90754380118356008289183688174840354
2026-07-31 11:26:00,885 [INFO] AInterface:1179 - Setting Env: C:/Users/ADMIN/STM32Cube/Repository//Packs/STMicroelectronics/X-CUBE-AI/10.2.1/Utilities/windows
2026-07-31 11:26:00,888 [INFO] STM32CubeIDEBuilder:265 - Looking for gnu-tools-for-stm32 tools/bin/arm-none-eabi-gcc.exe in C:\ST\STM32CubeIDE_1.19.0\STM32CubeIDE
2026-07-31 11:26:00,891 [INFO] STM32CubeIDEBuilder:294 - checking C:\ST\STM32CubeIDE_1.19.0\STM32CubeIDE\plugins\com.st.stm32cube.ide.mcu.externaltools.gnu-tools-for-stm32.13.3.rel1.win32_1.0.0.202411081344\tools\bin\arm-none-eabi-gcc.exe
2026-07-31 11:26:00,891 [INFO] STM32CubeIDEBuilder:297 - ret=C:\ST\STM32CubeIDE_1.19.0\STM32CubeIDE\plugins\com.st.stm32cube.ide.mcu.externaltools.gnu-tools-for-stm32.13.3.rel1.win32_1.0.0.202411081344\tools\bin\arm-none-eabi-gcc.exe
2026-07-31 11:26:00,891 [INFO] STM32CubeIDEBuilder:311 - returning C:\ST\STM32CubeIDE_1.19.0\STM32CubeIDE\plugins\com.st.stm32cube.ide.mcu.externaltools.gnu-tools-for-stm32.13.3.rel1.win32_1.0.0.202411081344\tools\bin\arm-none-eabi-gcc.exe
2026-07-31 11:26:00,892 [INFO] AInterface:1236 - Custom PATH variable: C:/Users/ADMIN/STM32Cube/Repository//Packs/STMicroelectronics/X-CUBE-AI/10.2.1/Utilities/windows;C:/Users/ADMIN/STM32Cube/Repository//Packs/STMicroelectronics/X-CUBE-AI/10.2.1/Utilities/windows/mingw64/bin;C:/Users/ADMIN/STM32Cube/Repository//Packs/STMicroelectronics/X-CUBE-AI/10.2.1/Utilities/windows/mingw64/libexec/gcc/x86_64-w64-mingw32/7.3.0;;C:\ST\STM32CubeIDE_1.19.0\STM32CubeIDE\plugins\com.st.stm32cube.ide.mcu.externaltools.gnu-tools-for-stm32.13.3.rel1.win32_1.0.0.202411081344\tools\bin
2026-07-31 11:26:00,893 [INFO] CmdLine:115 - Command: C:/Users/ADMIN/STM32Cube/Repository//Packs/STMicroelectronics/X-CUBE-AI/10.2.1/Utilities/windows/stedgeai.exe generate --target stm32l4 --name network -m D:/Anusha_TinyML_FDP/TinyML_Workshop_Nitte-/ONNX/mlp_model.onnx --compression none --verbosity 1 --workspace C:/Users/ADMIN/AppData/Local/Temp/mxAI_workspace90754380118356008289183688174840354 --output C:/Users/ADMIN/.stm32cubemx/network_output
2026-07-31 11:26:00,894 [INFO] AIModelDetailledView:2264 - Analysis status: pending
2026-07-31 11:26:01,759 [INFO] CmdLine:76 - ST Edge AI Core v2.2.0-20266 2adc00962
2026-07-31 11:26:11,592 [INFO] CmdLine:76 - Creating c (debug) info json file C:\Users\ADMIN\.stm32cubemx\network_output\network_c_info.json
2026-07-31 11:26:11,624 [INFO] CmdLine:76 -  
2026-07-31 11:26:11,625 [INFO] CmdLine:76 -  Exec/report summary (generate)
2026-07-31 11:26:11,625 [INFO] CmdLine:76 -  -------------------------------------------------------------------------------------------------------------
2026-07-31 11:26:11,625 [INFO] CmdLine:76 -  model file         :   D:\Anusha_TinyML_FDP\TinyML_Workshop_Nitte-\ONNX\mlp_model.onnx                       
2026-07-31 11:26:11,625 [INFO] CmdLine:76 -  type               :   onnx                                                                                  
2026-07-31 11:26:11,625 [INFO] CmdLine:76 -  c_name             :   network                                                                               
2026-07-31 11:26:11,625 [INFO] CmdLine:76 -  compression        :   none                                                                                  
2026-07-31 11:26:11,625 [INFO] CmdLine:76 -  options            :   allocate-inputs, allocate-outputs                                                     
2026-07-31 11:26:11,625 [INFO] CmdLine:76 -  optimization       :   balanced                                                                              
2026-07-31 11:26:11,625 [INFO] CmdLine:76 -  target/series      :   stm32l4                                                                               
2026-07-31 11:26:11,626 [INFO] CmdLine:76 -  workspace dir      :   C:\Users\ADMIN\AppData\Local\Temp\mxAI_workspace90754380118356008289183688174840354   
2026-07-31 11:26:11,626 [INFO] CmdLine:76 -  output dir         :   C:\Users\ADMIN\.stm32cubemx\network_output                                            
2026-07-31 11:26:11,626 [INFO] CmdLine:76 -  model_fmt          :   float                                                                                 
2026-07-31 11:26:11,626 [INFO] CmdLine:76 -  model_name         :   mlp_model                                                                             
2026-07-31 11:26:11,626 [INFO] CmdLine:76 -  model_hash         :   0xdeea65ffd24f71ddeacb634c57bdc030                                                    
2026-07-31 11:26:11,626 [INFO] CmdLine:76 -  params #           :   2,693 items (10.52 KiB)                                                               
2026-07-31 11:26:11,626 [INFO] CmdLine:76 -  -------------------------------------------------------------------------------------------------------------
2026-07-31 11:26:11,626 [INFO] CmdLine:76 -  input 1/1          :   'input', f32(1x6), 24 Bytes, activations                                              
2026-07-31 11:26:11,626 [INFO] CmdLine:76 -  output 1/1         :   'output', f32(1x5), 20 Bytes, activations                                             
2026-07-31 11:26:11,626 [INFO] CmdLine:76 -  macc               :   2,789                                                                                 
2026-07-31 11:26:11,627 [INFO] CmdLine:76 -  weights (ro)       :   10,772 B (10.52 KiB) (1 segment)                                                      
2026-07-31 11:26:11,627 [INFO] CmdLine:76 -  activations (rw)   :   384 B (384 B) (1 segment) *                                                           
2026-07-31 11:26:11,627 [INFO] CmdLine:76 -  ram (total)        :   384 B (384 B) = 384 + 0 + 0                                                           
2026-07-31 11:26:11,627 [INFO] CmdLine:76 -  -------------------------------------------------------------------------------------------------------------
2026-07-31 11:26:11,627 [INFO] CmdLine:76 -  (*) 'input'/'output' buffers are allocated in the activations buffer
2026-07-31 11:26:11,637 [INFO] CmdLine:76 - Computing AI RT data/code size (target=stm32l4)..
2026-07-31 11:26:13,070 [INFO] CmdLine:76 -  Requested memory size by section - "stm32l4" target
2026-07-31 11:26:13,071 [INFO] CmdLine:76 -  ------------------------------ ------- -------- ------- -----
2026-07-31 11:26:13,071 [INFO] CmdLine:76 -  module                            text   rodata    data   bss
2026-07-31 11:26:13,071 [INFO] CmdLine:76 -  ------------------------------ ------- -------- ------- -----
2026-07-31 11:26:13,071 [INFO] CmdLine:76 -  NetworkRuntime1020_CM4_GCC.a     6,452        0       0     0
2026-07-31 11:26:13,071 [INFO] CmdLine:76 -  network.o                          528       40   1,584   140
2026-07-31 11:26:13,071 [INFO] CmdLine:76 -  network_data.o                      48       16      88     0
2026-07-31 11:26:13,071 [INFO] CmdLine:76 -  lib (toolchain)*                     0        0       0     0
2026-07-31 11:26:13,071 [INFO] CmdLine:76 -  ------------------------------ ------- -------- ------- -----
2026-07-31 11:26:13,071 [INFO] CmdLine:76 -  RT total**                       7,028       56   1,672   140
2026-07-31 11:26:13,072 [INFO] CmdLine:76 -  ------------------------------ ------- -------- ------- -----
2026-07-31 11:26:13,072 [INFO] CmdLine:76 -  weights                              0   10,776       0     0
2026-07-31 11:26:13,072 [INFO] CmdLine:76 -  activations                          0        0       0   384
2026-07-31 11:26:13,072 [INFO] CmdLine:76 -  io                                   0        0       0     0
2026-07-31 11:26:13,072 [INFO] CmdLine:76 -  ------------------------------ ------- -------- ------- -----
2026-07-31 11:26:13,072 [INFO] CmdLine:76 -  TOTAL                            7,028   10,832   1,672   524
2026-07-31 11:26:13,072 [INFO] CmdLine:76 -  ------------------------------ ------- -------- ------- -----
2026-07-31 11:26:13,072 [INFO] CmdLine:76 -  *  toolchain objects (libm/libgcc*)
2026-07-31 11:26:13,072 [INFO] CmdLine:76 -  ** RT AI runtime objects (kernels+infrastructure)
2026-07-31 11:26:13,073 [INFO] CmdLine:76 -   Summary - "stm32l4" target
2026-07-31 11:26:13,073 [INFO] CmdLine:76 -   ---------------------------------------------------
2026-07-31 11:26:13,073 [INFO] CmdLine:76 -                FLASH (ro)      %*   RAM (rw)       %
2026-07-31 11:26:13,073 [INFO] CmdLine:76 -   ---------------------------------------------------
2026-07-31 11:26:13,073 [INFO] CmdLine:76 -   RT total          8,756   44.8%      1,812   82.5%
2026-07-31 11:26:13,073 [INFO] CmdLine:76 -   ---------------------------------------------------
2026-07-31 11:26:13,073 [INFO] CmdLine:76 -   TOTAL            19,532              2,196
2026-07-31 11:26:13,073 [INFO] CmdLine:76 -   ---------------------------------------------------
2026-07-31 11:26:13,073 [INFO] CmdLine:76 -   *  rt/total
2026-07-31 11:26:13,074 [INFO] CmdLine:76 -  Generated files (7)
2026-07-31 11:26:13,074 [INFO] CmdLine:76 -  ------------------------------------------------------------------
2026-07-31 11:26:13,074 [INFO] CmdLine:76 -  C:\Users\ADMIN\.stm32cubemx\network_output\network_data_params.h
2026-07-31 11:26:13,074 [INFO] CmdLine:76 -  C:\Users\ADMIN\.stm32cubemx\network_output\network_data_params.c
2026-07-31 11:26:13,074 [INFO] CmdLine:76 -  C:\Users\ADMIN\.stm32cubemx\network_output\network_data.h
2026-07-31 11:26:13,074 [INFO] CmdLine:76 -  C:\Users\ADMIN\.stm32cubemx\network_output\network_data.c
2026-07-31 11:26:13,074 [INFO] CmdLine:76 -  C:\Users\ADMIN\.stm32cubemx\network_output\network_config.h
2026-07-31 11:26:13,074 [INFO] CmdLine:76 -  C:\Users\ADMIN\.stm32cubemx\network_output\network.h
2026-07-31 11:26:13,074 [INFO] CmdLine:76 -  C:\Users\ADMIN\.stm32cubemx\network_output\network.c
2026-07-31 11:26:13,075 [INFO] CmdLine:76 - Creating txt report file C:\Users\ADMIN\.stm32cubemx\network_output\network_generate_report.txt
2026-07-31 11:26:17,972 [INFO] CmdLine:76 - elapsed time (generate): 16.214s
2026-07-31 11:26:18,567 [INFO] CmdLine:148 - stedgeai exit with status: 0
2026-07-31 11:26:18,577 [INFO] AIModelDetailledView:2264 - Analysis status: done
2026-07-31 11:26:19,021 [INFO] ProjectBuilder:3606 - Time for Copy HAL[1] : 155mS.
2026-07-31 11:26:19,021 [ERROR] Middleware:2950 - Invalid RefComponent list
2026-07-31 11:26:19,022 [ERROR] Middleware:2950 - Invalid RefComponent list
2026-07-31 11:26:19,022 [ERROR] Middleware:2950 - Invalid RefComponent list
2026-07-31 11:26:19,022 [ERROR] Middleware:2950 - Invalid RefComponent list
2026-07-31 11:26:19,022 [ERROR] Middleware:2950 - Invalid RefComponent list
2026-07-31 11:26:19,022 [ERROR] Middleware:2950 - Invalid RefComponent list
2026-07-31 11:26:19,022 [ERROR] Middleware:2950 - Invalid RefComponent list
2026-07-31 11:26:19,022 [ERROR] Middleware:2950 - Invalid RefComponent list
2026-07-31 11:26:19,022 [ERROR] Middleware:2950 - Invalid RefComponent list
2026-07-31 11:26:19,022 [ERROR] Middleware:2950 - Invalid RefComponent list
2026-07-31 11:26:19,022 [ERROR] Middleware:2950 - Invalid RefComponent list
2026-07-31 11:26:19,022 [ERROR] Middleware:2950 - Invalid RefComponent list
2026-07-31 11:26:19,022 [ERROR] Middleware:2950 - Invalid RefComponent list
2026-07-31 11:26:19,022 [ERROR] Middleware:2950 - Invalid RefComponent list
2026-07-31 11:26:19,022 [ERROR] Middleware:2950 - Invalid RefComponent list
2026-07-31 11:26:19,022 [ERROR] Middleware:2950 - Invalid RefComponent list
2026-07-31 11:26:19,022 [ERROR] Middleware:2950 - Invalid RefComponent list
2026-07-31 11:26:19,022 [ERROR] Middleware:2950 - Invalid RefComponent list
2026-07-31 11:26:19,022 [ERROR] Middleware:2950 - Invalid RefComponent list
2026-07-31 11:26:19,022 [ERROR] Middleware:2950 - Invalid RefComponent list
2026-07-31 11:26:19,022 [ERROR] Middleware:2950 - Invalid RefComponent list
2026-07-31 11:26:19,022 [ERROR] Middleware:2950 - Invalid RefComponent list
2026-07-31 11:26:19,022 [ERROR] Middleware:2950 - Invalid RefComponent list
2026-07-31 11:26:19,022 [ERROR] Middleware:2950 - Invalid RefComponent list
2026-07-31 11:26:19,022 [ERROR] Middleware:2950 - Invalid RefComponent list
2026-07-31 11:26:19,022 [ERROR] Middleware:2950 - Invalid RefComponent list
2026-07-31 11:26:19,022 [ERROR] Middleware:2950 - Invalid RefComponent list
2026-07-31 11:26:19,022 [ERROR] Middleware:2950 - Invalid RefComponent list
2026-07-31 11:26:19,022 [ERROR] Middleware:2950 - Invalid RefComponent list
2026-07-31 11:26:19,022 [ERROR] Middleware:2950 - Invalid RefComponent list
2026-07-31 11:26:19,022 [ERROR] Middleware:2950 - Invalid RefComponent list
2026-07-31 11:26:19,022 [ERROR] Middleware:2950 - Invalid RefComponent list
2026-07-31 11:26:19,022 [ERROR] Middleware:2950 - Invalid RefComponent list
2026-07-31 11:26:19,022 [ERROR] Middleware:2950 - Invalid RefComponent list
2026-07-31 11:26:19,022 [ERROR] Middleware:2950 - Invalid RefComponent list
2026-07-31 11:26:19,022 [ERROR] Middleware:2950 - Invalid RefComponent list
2026-07-31 11:26:19,023 [ERROR] Middleware:2950 - Invalid RefComponent list
2026-07-31 11:26:19,023 [ERROR] Middleware:2950 - Invalid RefComponent list
2026-07-31 11:26:19,023 [ERROR] Middleware:2950 - Invalid RefComponent list
2026-07-31 11:26:19,023 [ERROR] Middleware:2950 - Invalid RefComponent list
2026-07-31 11:26:19,023 [ERROR] Middleware:2950 - Invalid RefComponent list
2026-07-31 11:26:19,023 [ERROR] Middleware:2950 - Invalid RefComponent list
2026-07-31 11:26:19,023 [ERROR] Middleware:2950 - Invalid RefComponent list
2026-07-31 11:26:19,023 [ERROR] Middleware:2950 - Invalid RefComponent list
2026-07-31 11:26:19,023 [ERROR] Middleware:2950 - Invalid RefComponent list
2026-07-31 11:26:19,023 [ERROR] Middleware:2950 - Invalid RefComponent list
2026-07-31 11:26:19,023 [ERROR] Middleware:2950 - Invalid RefComponent list
2026-07-31 11:26:19,023 [ERROR] Middleware:2950 - Invalid RefComponent list
2026-07-31 11:26:19,023 [ERROR] Middleware:2950 - Invalid RefComponent list
2026-07-31 11:26:19,023 [ERROR] Middleware:2950 - Invalid RefComponent list
2026-07-31 11:26:19,026 [INFO] ProjectBuilder:5216 - Project Generator version: 4.7.0-B52
2026-07-31 11:26:19,109 [INFO] ConfigFileManager:1595 - The Die is : DIE470
2026-07-31 11:26:19,729 [INFO] ProjectBuilder:5496 - Time for Generating toolchain IDE Files: 703mS.
2026-07-31 11:26:19,730 [INFO] ProjectBuilder:3463 - Time for Copy CMSIS : 1mS.
2026-07-31 11:26:19,731 [INFO] ProjectBuilder:3463 - Time for Copy CMSIS : 0mS.
2026-07-31 11:28:19,722 [INFO] UtilMem:75 - End SaveConfig() Used Memory: 759796648 Bytes (1073741824)
2026-07-31 11:28:21,375 [INFO] UtilMem:75 - End SaveConfig() Used Memory: 802788264 Bytes (1073741824)
2026-07-31 11:28:21,627 [INFO] UtilMem:75 - End SaveConfig() Used Memory: 893492136 Bytes (1073741824)
2026-07-31 11:28:21,844 [INFO] BlockDiagram:2775 - set Specific Code input for plugin: SYS
2026-07-31 11:28:21,845 [INFO] BlockDiagram:2775 - set Specific Code input for plugin: RCC
2026-07-31 11:28:21,845 [INFO] BlockDiagram:2775 - set Specific Code input for plugin: I2C
2026-07-31 11:28:21,845 [INFO] BlockDiagram:2775 - set Specific Code input for plugin: NVIC
2026-07-31 11:28:21,845 [INFO] BlockDiagram:2775 - set Specific Code input for plugin: USART
2026-07-31 11:28:21,845 [INFO] BlockDiagram:2775 - set Specific Code input for plugin: STMicroelectronics.X-CUBE-AI.10.2.1
2026-07-31 11:28:21,845 [INFO] BlockDiagram:2775 - set Specific Code input for plugin: GPIO
2026-07-31 11:28:21,848 [INFO] CodeGenerator:892 - code generatio: config db path: C:\ST\STM32CubeIDE_1.19.0\STM32CubeIDE\plugins\com.st.stm32cube.common.mx_6.15.0.202507011659\\db\
2026-07-31 11:28:21,932 [INFO] IP:3329 - RTE Config file name : RTE_Component
2026-07-31 11:28:21,932 [INFO] IP:3347 - RTE template : RTE_Components.ftl
2026-07-31 11:28:21,939 [INFO] CodeEngine:265 - oldGeneratedFile, D:\Anusha_TinyML_FDP\TinyML_Workshop_Nitte-\STM32\Deep_Learning_Inference\MXTmpFiles\license.tmp_save
2026-07-31 11:28:22,005 [INFO] CodeEngine:289 - Generated code: D:\Anusha_TinyML_FDP\TinyML_Workshop_Nitte-\STM32\Deep_Learning_Inference\MXTmpFiles\license.tmp
2026-07-31 11:28:22,024 [INFO] CodeEngine:265 - oldGeneratedFile, D:\Anusha_TinyML_FDP\TinyML_Workshop_Nitte-\STM32\Deep_Learning_Inference\MXTmpFiles\gpio.tmp_save
2026-07-31 11:28:22,090 [INFO] CodeEngine:289 - Generated code: D:\Anusha_TinyML_FDP\TinyML_Workshop_Nitte-\STM32\Deep_Learning_Inference\MXTmpFiles\gpio.tmp
2026-07-31 11:28:22,158 [INFO] Middleware:1452 - No code input for Bsp Dependency
2026-07-31 11:28:22,159 [INFO] Middleware:1452 - No code input for Bsp Dependency
2026-07-31 11:28:22,169 [INFO] CodeEngine:265 - oldGeneratedFile, D:\Anusha_TinyML_FDP\TinyML_Workshop_Nitte-\STM32\Deep_Learning_Inference\Core\Src\stm32l4xx_it.c_save
2026-07-31 11:28:22,240 [INFO] CodeEngine:289 - Generated code: D:\Anusha_TinyML_FDP\TinyML_Workshop_Nitte-\STM32\Deep_Learning_Inference\Core\Src\stm32l4xx_it.c
2026-07-31 11:28:22,245 [INFO] CodeEngine:265 - oldGeneratedFile, D:\Anusha_TinyML_FDP\TinyML_Workshop_Nitte-\STM32\Deep_Learning_Inference\Core\Inc\stm32l4xx_it.h_save
2026-07-31 11:28:22,319 [INFO] CodeEngine:289 - Generated code: D:\Anusha_TinyML_FDP\TinyML_Workshop_Nitte-\STM32\Deep_Learning_Inference\Core\Inc\stm32l4xx_it.h
2026-07-31 11:28:22,331 [INFO] CodeEngine:265 - oldGeneratedFile, D:\Anusha_TinyML_FDP\TinyML_Workshop_Nitte-\STM32\Deep_Learning_Inference\Core\Src\stm32l4xx_hal_msp.c_save
2026-07-31 11:28:22,446 [INFO] CodeEngine:289 - Generated code: D:\Anusha_TinyML_FDP\TinyML_Workshop_Nitte-\STM32\Deep_Learning_Inference\Core\Src\stm32l4xx_hal_msp.c
2026-07-31 11:28:22,449 [INFO] CodeEngine:265 - oldGeneratedFile, D:\Anusha_TinyML_FDP\TinyML_Workshop_Nitte-\STM32\Deep_Learning_Inference\MXTmpFiles\system.tmp_save
2026-07-31 11:28:22,525 [INFO] CodeEngine:289 - Generated code: D:\Anusha_TinyML_FDP\TinyML_Workshop_Nitte-\STM32\Deep_Learning_Inference\MXTmpFiles\system.tmp
2026-07-31 11:28:22,535 [INFO] CodeEngine:321 - oldGeneratedFile, D:\Anusha_TinyML_FDP\TinyML_Workshop_Nitte-\STM32\Deep_Learning_Inference\Core\Inc\stm32l4xx_hal_conf.h_save
2026-07-31 11:28:22,607 [INFO] CodeEngine:345 - Generated code: D:\Anusha_TinyML_FDP\TinyML_Workshop_Nitte-\STM32\Deep_Learning_Inference\Core\Inc\stm32l4xx_hal_conf.h
2026-07-31 11:28:22,627 [INFO] CodeEngine:265 - oldGeneratedFile, D:\Anusha_TinyML_FDP\TinyML_Workshop_Nitte-\STM32\Deep_Learning_Inference\Core\Inc\main.h_save
2026-07-31 11:28:22,696 [INFO] CodeEngine:289 - Generated code: D:\Anusha_TinyML_FDP\TinyML_Workshop_Nitte-\STM32\Deep_Learning_Inference\Core\Inc\main.h
2026-07-31 11:28:22,700 [INFO] CodeEngine:265 - oldGeneratedFile, D:\Anusha_TinyML_FDP\TinyML_Workshop_Nitte-\STM32\Deep_Learning_Inference\Core\Src\main.c_save
2026-07-31 11:28:22,804 [INFO] CodeEngine:289 - Generated code: D:\Anusha_TinyML_FDP\TinyML_Workshop_Nitte-\STM32\Deep_Learning_Inference\Core\Src\main.c
2026-07-31 11:28:23,145 [INFO] AInterface:322 - ModelName:network; files:[D:\Anusha_TinyML_FDP\TinyML_Workshop_Nitte-\ONNX\mlp_model.onnx]; type:ONNX; compression:None
2026-07-31 11:28:23,146 [INFO] AInterface:526 - workspaceTempDir: C:/Users/ADMIN/AppData/Local/Temp/mxAI_workspace907558027327820011663275762709770833
2026-07-31 11:28:23,146 [INFO] AInterface:1179 - Setting Env: C:/Users/ADMIN/STM32Cube/Repository//Packs/STMicroelectronics/X-CUBE-AI/10.2.1/Utilities/windows
2026-07-31 11:28:23,150 [INFO] STM32CubeIDEBuilder:265 - Looking for gnu-tools-for-stm32 tools/bin/arm-none-eabi-gcc.exe in C:\ST\STM32CubeIDE_1.19.0\STM32CubeIDE
2026-07-31 11:28:23,153 [INFO] STM32CubeIDEBuilder:294 - checking C:\ST\STM32CubeIDE_1.19.0\STM32CubeIDE\plugins\com.st.stm32cube.ide.mcu.externaltools.gnu-tools-for-stm32.13.3.rel1.win32_1.0.0.202411081344\tools\bin\arm-none-eabi-gcc.exe
2026-07-31 11:28:23,153 [INFO] STM32CubeIDEBuilder:297 - ret=C:\ST\STM32CubeIDE_1.19.0\STM32CubeIDE\plugins\com.st.stm32cube.ide.mcu.externaltools.gnu-tools-for-stm32.13.3.rel1.win32_1.0.0.202411081344\tools\bin\arm-none-eabi-gcc.exe
2026-07-31 11:28:23,154 [INFO] STM32CubeIDEBuilder:311 - returning C:\ST\STM32CubeIDE_1.19.0\STM32CubeIDE\plugins\com.st.stm32cube.ide.mcu.externaltools.gnu-tools-for-stm32.13.3.rel1.win32_1.0.0.202411081344\tools\bin\arm-none-eabi-gcc.exe
2026-07-31 11:28:23,154 [INFO] AInterface:1236 - Custom PATH variable: C:/Users/ADMIN/STM32Cube/Repository//Packs/STMicroelectronics/X-CUBE-AI/10.2.1/Utilities/windows;C:/Users/ADMIN/STM32Cube/Repository//Packs/STMicroelectronics/X-CUBE-AI/10.2.1/Utilities/windows/mingw64/bin;C:/Users/ADMIN/STM32Cube/Repository//Packs/STMicroelectronics/X-CUBE-AI/10.2.1/Utilities/windows/mingw64/libexec/gcc/x86_64-w64-mingw32/7.3.0;;C:\ST\STM32CubeIDE_1.19.0\STM32CubeIDE\plugins\com.st.stm32cube.ide.mcu.externaltools.gnu-tools-for-stm32.13.3.rel1.win32_1.0.0.202411081344\tools\bin
2026-07-31 11:28:23,155 [INFO] CmdLine:115 - Command: C:/Users/ADMIN/STM32Cube/Repository//Packs/STMicroelectronics/X-CUBE-AI/10.2.1/Utilities/windows/stedgeai.exe generate --target stm32l4 --name network -m D:/Anusha_TinyML_FDP/TinyML_Workshop_Nitte-/ONNX/mlp_model.onnx --compression none --verbosity 1 --workspace C:/Users/ADMIN/AppData/Local/Temp/mxAI_workspace907558027327820011663275762709770833 --output C:/Users/ADMIN/.stm32cubemx/network_output
2026-07-31 11:28:23,156 [INFO] AIModelDetailledView:2264 - Analysis status: pending
2026-07-31 11:28:23,949 [INFO] CmdLine:76 - ST Edge AI Core v2.2.0-20266 2adc00962
2026-07-31 11:28:33,742 [INFO] CmdLine:76 - Creating c (debug) info json file C:\Users\ADMIN\.stm32cubemx\network_output\network_c_info.json
2026-07-31 11:28:33,766 [INFO] CmdLine:76 -  
2026-07-31 11:28:33,766 [INFO] CmdLine:76 -  Exec/report summary (generate)
2026-07-31 11:28:33,766 [INFO] CmdLine:76 -  --------------------------------------------------------------------------------------------------------------
2026-07-31 11:28:33,766 [INFO] CmdLine:76 -  model file         :   D:\Anusha_TinyML_FDP\TinyML_Workshop_Nitte-\ONNX\mlp_model.onnx                        
2026-07-31 11:28:33,766 [INFO] CmdLine:76 -  type               :   onnx                                                                                   
2026-07-31 11:28:33,767 [INFO] CmdLine:76 -  c_name             :   network                                                                                
2026-07-31 11:28:33,767 [INFO] CmdLine:76 -  compression        :   none                                                                                   
2026-07-31 11:28:33,767 [INFO] CmdLine:76 -  options            :   allocate-inputs, allocate-outputs                                                      
2026-07-31 11:28:33,767 [INFO] CmdLine:76 -  optimization       :   balanced                                                                               
2026-07-31 11:28:33,767 [INFO] CmdLine:76 -  target/series      :   stm32l4                                                                                
2026-07-31 11:28:33,767 [INFO] CmdLine:76 -  workspace dir      :   C:\Users\ADMIN\AppData\Local\Temp\mxAI_workspace907558027327820011663275762709770833   
2026-07-31 11:28:33,767 [INFO] CmdLine:76 -  output dir         :   C:\Users\ADMIN\.stm32cubemx\network_output                                             
2026-07-31 11:28:33,767 [INFO] CmdLine:76 -  model_fmt          :   float                                                                                  
2026-07-31 11:28:33,767 [INFO] CmdLine:76 -  model_name         :   mlp_model                                                                              
2026-07-31 11:28:33,767 [INFO] CmdLine:76 -  model_hash         :   0xdeea65ffd24f71ddeacb634c57bdc030                                                     
2026-07-31 11:28:33,767 [INFO] CmdLine:76 -  params #           :   2,693 items (10.52 KiB)                                                                
2026-07-31 11:28:33,767 [INFO] CmdLine:76 -  --------------------------------------------------------------------------------------------------------------
2026-07-31 11:28:33,767 [INFO] CmdLine:76 -  input 1/1          :   'input', f32(1x6), 24 Bytes, activations                                               
2026-07-31 11:28:33,767 [INFO] CmdLine:76 -  output 1/1         :   'output', f32(1x5), 20 Bytes, activations                                              
2026-07-31 11:28:33,767 [INFO] CmdLine:76 -  macc               :   2,789                                                                                  
2026-07-31 11:28:33,767 [INFO] CmdLine:76 -  weights (ro)       :   10,772 B (10.52 KiB) (1 segment)                                                       
2026-07-31 11:28:33,767 [INFO] CmdLine:76 -  activations (rw)   :   384 B (384 B) (1 segment) *                                                            
2026-07-31 11:28:33,768 [INFO] CmdLine:76 -  ram (total)        :   384 B (384 B) = 384 + 0 + 0                                                            
2026-07-31 11:28:33,768 [INFO] CmdLine:76 -  --------------------------------------------------------------------------------------------------------------
2026-07-31 11:28:33,768 [INFO] CmdLine:76 -  (*) 'input'/'output' buffers are allocated in the activations buffer
2026-07-31 11:28:33,773 [INFO] CmdLine:76 - Computing AI RT data/code size (target=stm32l4)..
2026-07-31 11:28:35,309 [INFO] CmdLine:76 -  Requested memory size by section - "stm32l4" target
2026-07-31 11:28:35,310 [INFO] CmdLine:76 -  ------------------------------ ------- -------- ------- -----
2026-07-31 11:28:35,310 [INFO] CmdLine:76 -  module                            text   rodata    data   bss
2026-07-31 11:28:35,311 [INFO] CmdLine:76 -  ------------------------------ ------- -------- ------- -----
2026-07-31 11:28:35,311 [INFO] CmdLine:76 -  NetworkRuntime1020_CM4_GCC.a     6,452        0       0     0
2026-07-31 11:28:35,312 [INFO] CmdLine:76 -  network.o                          528       40   1,584   140
2026-07-31 11:28:35,312 [INFO] CmdLine:76 -  network_data.o                      48       16      88     0
2026-07-31 11:28:35,312 [INFO] CmdLine:76 -  lib (toolchain)*                     0        0       0     0
2026-07-31 11:28:35,312 [INFO] CmdLine:76 -  ------------------------------ ------- -------- ------- -----
2026-07-31 11:28:35,312 [INFO] CmdLine:76 -  RT total**                       7,028       56   1,672   140
2026-07-31 11:28:35,313 [INFO] CmdLine:76 -  ------------------------------ ------- -------- ------- -----
2026-07-31 11:28:35,313 [INFO] CmdLine:76 -  weights                              0   10,776       0     0
2026-07-31 11:28:35,313 [INFO] CmdLine:76 -  activations                          0        0       0   384
2026-07-31 11:28:35,313 [INFO] CmdLine:76 -  io                                   0        0       0     0
2026-07-31 11:28:35,313 [INFO] CmdLine:76 -  ------------------------------ ------- -------- ------- -----
2026-07-31 11:28:35,314 [INFO] CmdLine:76 -  TOTAL                            7,028   10,832   1,672   524
2026-07-31 11:28:35,314 [INFO] CmdLine:76 -  ------------------------------ ------- -------- ------- -----
2026-07-31 11:28:35,314 [INFO] CmdLine:76 -  *  toolchain objects (libm/libgcc*)
2026-07-31 11:28:35,314 [INFO] CmdLine:76 -  ** RT AI runtime objects (kernels+infrastructure)
2026-07-31 11:28:35,315 [INFO] CmdLine:76 -   Summary - "stm32l4" target
2026-07-31 11:28:35,315 [INFO] CmdLine:76 -   ---------------------------------------------------
2026-07-31 11:28:35,315 [INFO] CmdLine:76 -                FLASH (ro)      %*   RAM (rw)       %
2026-07-31 11:28:35,315 [INFO] CmdLine:76 -   ---------------------------------------------------
2026-07-31 11:28:35,315 [INFO] CmdLine:76 -   RT total          8,756   44.8%      1,812   82.5%
2026-07-31 11:28:35,316 [INFO] CmdLine:76 -   ---------------------------------------------------
2026-07-31 11:28:35,316 [INFO] CmdLine:76 -   TOTAL            19,532              2,196
2026-07-31 11:28:35,316 [INFO] CmdLine:76 -   ---------------------------------------------------
2026-07-31 11:28:35,316 [INFO] CmdLine:76 -   *  rt/total
2026-07-31 11:28:35,316 [INFO] CmdLine:76 -  Generated files (7)
2026-07-31 11:28:35,317 [INFO] CmdLine:76 -  ------------------------------------------------------------------
2026-07-31 11:28:35,317 [INFO] CmdLine:76 -  C:\Users\ADMIN\.stm32cubemx\network_output\network_data_params.h
2026-07-31 11:28:35,317 [INFO] CmdLine:76 -  C:\Users\ADMIN\.stm32cubemx\network_output\network_data_params.c
2026-07-31 11:28:35,318 [INFO] CmdLine:76 -  C:\Users\ADMIN\.stm32cubemx\network_output\network_data.h
2026-07-31 11:28:35,318 [INFO] CmdLine:76 -  C:\Users\ADMIN\.stm32cubemx\network_output\network_data.c
2026-07-31 11:28:35,318 [INFO] CmdLine:76 -  C:\Users\ADMIN\.stm32cubemx\network_output\network_config.h
2026-07-31 11:28:35,318 [INFO] CmdLine:76 -  C:\Users\ADMIN\.stm32cubemx\network_output\network.h
2026-07-31 11:28:35,318 [INFO] CmdLine:76 -  C:\Users\ADMIN\.stm32cubemx\network_output\network.c
2026-07-31 11:28:35,318 [INFO] CmdLine:76 - Creating txt report file C:\Users\ADMIN\.stm32cubemx\network_output\network_generate_report.txt
2026-07-31 11:28:46,854 [INFO] CmdLine:76 - elapsed time (generate): 22.904s
2026-07-31 11:28:47,465 [INFO] CmdLine:148 - stedgeai exit with status: 0
2026-07-31 11:28:47,474 [INFO] AIModelDetailledView:2264 - Analysis status: done
2026-07-31 11:28:47,903 [INFO] ProjectBuilder:3606 - Time for Copy HAL[1] : 183mS.
2026-07-31 11:28:47,904 [ERROR] Middleware:2950 - Invalid RefComponent list
2026-07-31 11:28:47,904 [ERROR] Middleware:2950 - Invalid RefComponent list
2026-07-31 11:28:47,904 [ERROR] Middleware:2950 - Invalid RefComponent list
2026-07-31 11:28:47,904 [ERROR] Middleware:2950 - Invalid RefComponent list
2026-07-31 11:28:47,904 [ERROR] Middleware:2950 - Invalid RefComponent list
2026-07-31 11:28:47,904 [ERROR] Middleware:2950 - Invalid RefComponent list
2026-07-31 11:28:47,904 [ERROR] Middleware:2950 - Invalid RefComponent list
2026-07-31 11:28:47,904 [ERROR] Middleware:2950 - Invalid RefComponent list
2026-07-31 11:28:47,904 [ERROR] Middleware:2950 - Invalid RefComponent list
2026-07-31 11:28:47,904 [ERROR] Middleware:2950 - Invalid RefComponent list
2026-07-31 11:28:47,904 [ERROR] Middleware:2950 - Invalid RefComponent list
2026-07-31 11:28:47,904 [ERROR] Middleware:2950 - Invalid RefComponent list
2026-07-31 11:28:47,904 [ERROR] Middleware:2950 - Invalid RefComponent list
2026-07-31 11:28:47,904 [ERROR] Middleware:2950 - Invalid RefComponent list
2026-07-31 11:28:47,904 [ERROR] Middleware:2950 - Invalid RefComponent list
2026-07-31 11:28:47,904 [ERROR] Middleware:2950 - Invalid RefComponent list
2026-07-31 11:28:47,904 [ERROR] Middleware:2950 - Invalid RefComponent list
2026-07-31 11:28:47,904 [ERROR] Middleware:2950 - Invalid RefComponent list
2026-07-31 11:28:47,904 [ERROR] Middleware:2950 - Invalid RefComponent list
2026-07-31 11:28:47,904 [ERROR] Middleware:2950 - Invalid RefComponent list
2026-07-31 11:28:47,904 [ERROR] Middleware:2950 - Invalid RefComponent list
2026-07-31 11:28:47,904 [ERROR] Middleware:2950 - Invalid RefComponent list
2026-07-31 11:28:47,904 [ERROR] Middleware:2950 - Invalid RefComponent list
2026-07-31 11:28:47,904 [ERROR] Middleware:2950 - Invalid RefComponent list
2026-07-31 11:28:47,904 [ERROR] Middleware:2950 - Invalid RefComponent list
2026-07-31 11:28:47,904 [ERROR] Middleware:2950 - Invalid RefComponent list
2026-07-31 11:28:47,904 [ERROR] Middleware:2950 - Invalid RefComponent list
2026-07-31 11:28:47,904 [ERROR] Middleware:2950 - Invalid RefComponent list
2026-07-31 11:28:47,904 [ERROR] Middleware:2950 - Invalid RefComponent list
2026-07-31 11:28:47,904 [ERROR] Middleware:2950 - Invalid RefComponent list
2026-07-31 11:28:47,904 [ERROR] Middleware:2950 - Invalid RefComponent list
2026-07-31 11:28:47,904 [ERROR] Middleware:2950 - Invalid RefComponent list
2026-07-31 11:28:47,904 [ERROR] Middleware:2950 - Invalid RefComponent list
2026-07-31 11:28:47,905 [ERROR] Middleware:2950 - Invalid RefComponent list
2026-07-31 11:28:47,905 [ERROR] Middleware:2950 - Invalid RefComponent list
2026-07-31 11:28:47,905 [ERROR] Middleware:2950 - Invalid RefComponent list
2026-07-31 11:28:47,905 [ERROR] Middleware:2950 - Invalid RefComponent list
2026-07-31 11:28:47,905 [ERROR] Middleware:2950 - Invalid RefComponent list
2026-07-31 11:28:47,905 [ERROR] Middleware:2950 - Invalid RefComponent list
2026-07-31 11:28:47,905 [ERROR] Middleware:2950 - Invalid RefComponent list
2026-07-31 11:28:47,905 [ERROR] Middleware:2950 - Invalid RefComponent list
2026-07-31 11:28:47,905 [ERROR] Middleware:2950 - Invalid RefComponent list
2026-07-31 11:28:47,905 [ERROR] Middleware:2950 - Invalid RefComponent list
2026-07-31 11:28:47,905 [ERROR] Middleware:2950 - Invalid RefComponent list
2026-07-31 11:28:47,905 [ERROR] Middleware:2950 - Invalid RefComponent list
2026-07-31 11:28:47,905 [ERROR] Middleware:2950 - Invalid RefComponent list
2026-07-31 11:28:47,905 [ERROR] Middleware:2950 - Invalid RefComponent list
2026-07-31 11:28:47,905 [ERROR] Middleware:2950 - Invalid RefComponent list
2026-07-31 11:28:47,905 [ERROR] Middleware:2950 - Invalid RefComponent list
2026-07-31 11:28:47,905 [ERROR] Middleware:2950 - Invalid RefComponent list
2026-07-31 11:28:47,908 [INFO] ProjectBuilder:5216 - Project Generator version: 4.7.0-B52
2026-07-31 11:28:47,993 [INFO] ConfigFileManager:1595 - The Die is : DIE470
2026-07-31 11:28:48,636 [INFO] ProjectBuilder:5496 - Time for Generating toolchain IDE Files: 728mS.
2026-07-31 11:28:48,637 [INFO] ProjectBuilder:3463 - Time for Copy CMSIS : 0mS.
2026-07-31 11:28:48,638 [INFO] ProjectBuilder:3463 - Time for Copy CMSIS : 0mS.
2026-07-31 11:29:49,517 [INFO] UtilMem:75 - End SaveConfig() Used Memory: 745643880 Bytes (1073741824)
2026-07-31 11:29:50,496 [INFO] UtilMem:75 - End SaveConfig() Used Memory: 787064680 Bytes (1073741824)
2026-07-31 11:29:50,750 [INFO] UtilMem:75 - End SaveConfig() Used Memory: 829529960 Bytes (1073741824)
2026-07-31 11:29:50,955 [INFO] BlockDiagram:2775 - set Specific Code input for plugin: SYS
2026-07-31 11:29:50,955 [INFO] BlockDiagram:2775 - set Specific Code input for plugin: RCC
2026-07-31 11:29:50,955 [INFO] BlockDiagram:2775 - set Specific Code input for plugin: I2C
2026-07-31 11:29:50,955 [INFO] BlockDiagram:2775 - set Specific Code input for plugin: NVIC
2026-07-31 11:29:50,955 [INFO] BlockDiagram:2775 - set Specific Code input for plugin: USART
2026-07-31 11:29:50,955 [INFO] BlockDiagram:2775 - set Specific Code input for plugin: STMicroelectronics.X-CUBE-AI.10.2.1
2026-07-31 11:29:50,955 [INFO] BlockDiagram:2775 - set Specific Code input for plugin: GPIO
2026-07-31 11:29:50,957 [INFO] CodeGenerator:892 - code generatio: config db path: C:\ST\STM32CubeIDE_1.19.0\STM32CubeIDE\plugins\com.st.stm32cube.common.mx_6.15.0.202507011659\\db\
2026-07-31 11:29:51,046 [INFO] IP:3329 - RTE Config file name : RTE_Component
2026-07-31 11:29:51,046 [INFO] IP:3347 - RTE template : RTE_Components.ftl
2026-07-31 11:29:51,054 [INFO] CodeEngine:265 - oldGeneratedFile, D:\Anusha_TinyML_FDP\TinyML_Workshop_Nitte-\STM32\Deep_Learning_Inference\MXTmpFiles\license.tmp_save
2026-07-31 11:29:51,118 [INFO] CodeEngine:289 - Generated code: D:\Anusha_TinyML_FDP\TinyML_Workshop_Nitte-\STM32\Deep_Learning_Inference\MXTmpFiles\license.tmp
2026-07-31 11:29:51,137 [INFO] CodeEngine:265 - oldGeneratedFile, D:\Anusha_TinyML_FDP\TinyML_Workshop_Nitte-\STM32\Deep_Learning_Inference\MXTmpFiles\gpio.tmp_save
2026-07-31 11:29:51,215 [INFO] CodeEngine:289 - Generated code: D:\Anusha_TinyML_FDP\TinyML_Workshop_Nitte-\STM32\Deep_Learning_Inference\MXTmpFiles\gpio.tmp
2026-07-31 11:29:51,301 [INFO] Middleware:1452 - No code input for Bsp Dependency
2026-07-31 11:29:51,303 [INFO] Middleware:1452 - No code input for Bsp Dependency
2026-07-31 11:29:51,313 [INFO] CodeEngine:265 - oldGeneratedFile, D:\Anusha_TinyML_FDP\TinyML_Workshop_Nitte-\STM32\Deep_Learning_Inference\Core\Src\stm32l4xx_it.c_save
2026-07-31 11:29:51,400 [INFO] CodeEngine:289 - Generated code: D:\Anusha_TinyML_FDP\TinyML_Workshop_Nitte-\STM32\Deep_Learning_Inference\Core\Src\stm32l4xx_it.c
2026-07-31 11:29:51,404 [INFO] CodeEngine:265 - oldGeneratedFile, D:\Anusha_TinyML_FDP\TinyML_Workshop_Nitte-\STM32\Deep_Learning_Inference\Core\Inc\stm32l4xx_it.h_save
2026-07-31 11:29:51,480 [INFO] CodeEngine:289 - Generated code: D:\Anusha_TinyML_FDP\TinyML_Workshop_Nitte-\STM32\Deep_Learning_Inference\Core\Inc\stm32l4xx_it.h
2026-07-31 11:29:51,493 [INFO] CodeEngine:265 - oldGeneratedFile, D:\Anusha_TinyML_FDP\TinyML_Workshop_Nitte-\STM32\Deep_Learning_Inference\Core\Src\stm32l4xx_hal_msp.c_save
2026-07-31 11:29:51,607 [INFO] CodeEngine:289 - Generated code: D:\Anusha_TinyML_FDP\TinyML_Workshop_Nitte-\STM32\Deep_Learning_Inference\Core\Src\stm32l4xx_hal_msp.c
2026-07-31 11:29:51,610 [INFO] CodeEngine:265 - oldGeneratedFile, D:\Anusha_TinyML_FDP\TinyML_Workshop_Nitte-\STM32\Deep_Learning_Inference\MXTmpFiles\system.tmp_save
2026-07-31 11:29:51,683 [INFO] CodeEngine:289 - Generated code: D:\Anusha_TinyML_FDP\TinyML_Workshop_Nitte-\STM32\Deep_Learning_Inference\MXTmpFiles\system.tmp
2026-07-31 11:29:51,692 [INFO] CodeEngine:321 - oldGeneratedFile, D:\Anusha_TinyML_FDP\TinyML_Workshop_Nitte-\STM32\Deep_Learning_Inference\Core\Inc\stm32l4xx_hal_conf.h_save
2026-07-31 11:29:51,773 [INFO] CodeEngine:345 - Generated code: D:\Anusha_TinyML_FDP\TinyML_Workshop_Nitte-\STM32\Deep_Learning_Inference\Core\Inc\stm32l4xx_hal_conf.h
2026-07-31 11:29:51,794 [INFO] CodeEngine:265 - oldGeneratedFile, D:\Anusha_TinyML_FDP\TinyML_Workshop_Nitte-\STM32\Deep_Learning_Inference\Core\Inc\main.h_save
2026-07-31 11:29:51,865 [INFO] CodeEngine:289 - Generated code: D:\Anusha_TinyML_FDP\TinyML_Workshop_Nitte-\STM32\Deep_Learning_Inference\Core\Inc\main.h
2026-07-31 11:29:51,870 [INFO] CodeEngine:265 - oldGeneratedFile, D:\Anusha_TinyML_FDP\TinyML_Workshop_Nitte-\STM32\Deep_Learning_Inference\Core\Src\main.c_save
2026-07-31 11:29:51,979 [INFO] CodeEngine:289 - Generated code: D:\Anusha_TinyML_FDP\TinyML_Workshop_Nitte-\STM32\Deep_Learning_Inference\Core\Src\main.c
2026-07-31 11:29:52,318 [INFO] AInterface:322 - ModelName:network; files:[D:\Anusha_TinyML_FDP\TinyML_Workshop_Nitte-\ONNX\mlp_model.onnx]; type:ONNX; compression:None
2026-07-31 11:29:52,319 [INFO] AInterface:526 - workspaceTempDir: C:/Users/ADMIN/AppData/Local/Temp/mxAI_workspace907566944607960016869211392007100324
2026-07-31 11:29:52,319 [INFO] AInterface:1179 - Setting Env: C:/Users/ADMIN/STM32Cube/Repository//Packs/STMicroelectronics/X-CUBE-AI/10.2.1/Utilities/windows
2026-07-31 11:29:52,323 [INFO] STM32CubeIDEBuilder:265 - Looking for gnu-tools-for-stm32 tools/bin/arm-none-eabi-gcc.exe in C:\ST\STM32CubeIDE_1.19.0\STM32CubeIDE
2026-07-31 11:29:52,326 [INFO] STM32CubeIDEBuilder:294 - checking C:\ST\STM32CubeIDE_1.19.0\STM32CubeIDE\plugins\com.st.stm32cube.ide.mcu.externaltools.gnu-tools-for-stm32.13.3.rel1.win32_1.0.0.202411081344\tools\bin\arm-none-eabi-gcc.exe
2026-07-31 11:29:52,326 [INFO] STM32CubeIDEBuilder:297 - ret=C:\ST\STM32CubeIDE_1.19.0\STM32CubeIDE\plugins\com.st.stm32cube.ide.mcu.externaltools.gnu-tools-for-stm32.13.3.rel1.win32_1.0.0.202411081344\tools\bin\arm-none-eabi-gcc.exe
2026-07-31 11:29:52,326 [INFO] STM32CubeIDEBuilder:311 - returning C:\ST\STM32CubeIDE_1.19.0\STM32CubeIDE\plugins\com.st.stm32cube.ide.mcu.externaltools.gnu-tools-for-stm32.13.3.rel1.win32_1.0.0.202411081344\tools\bin\arm-none-eabi-gcc.exe
2026-07-31 11:29:52,326 [INFO] AInterface:1236 - Custom PATH variable: C:/Users/ADMIN/STM32Cube/Repository//Packs/STMicroelectronics/X-CUBE-AI/10.2.1/Utilities/windows;C:/Users/ADMIN/STM32Cube/Repository//Packs/STMicroelectronics/X-CUBE-AI/10.2.1/Utilities/windows/mingw64/bin;C:/Users/ADMIN/STM32Cube/Repository//Packs/STMicroelectronics/X-CUBE-AI/10.2.1/Utilities/windows/mingw64/libexec/gcc/x86_64-w64-mingw32/7.3.0;;C:\ST\STM32CubeIDE_1.19.0\STM32CubeIDE\plugins\com.st.stm32cube.ide.mcu.externaltools.gnu-tools-for-stm32.13.3.rel1.win32_1.0.0.202411081344\tools\bin
2026-07-31 11:29:52,328 [INFO] CmdLine:115 - Command: C:/Users/ADMIN/STM32Cube/Repository//Packs/STMicroelectronics/X-CUBE-AI/10.2.1/Utilities/windows/stedgeai.exe generate --target stm32l4 --name network -m D:/Anusha_TinyML_FDP/TinyML_Workshop_Nitte-/ONNX/mlp_model.onnx --compression none --verbosity 1 --workspace C:/Users/ADMIN/AppData/Local/Temp/mxAI_workspace907566944607960016869211392007100324 --output C:/Users/ADMIN/.stm32cubemx/network_output
2026-07-31 11:29:52,328 [INFO] AIModelDetailledView:2264 - Analysis status: pending
2026-07-31 11:29:53,124 [INFO] CmdLine:76 - ST Edge AI Core v2.2.0-20266 2adc00962
2026-07-31 11:30:03,033 [INFO] CmdLine:76 - Creating c (debug) info json file C:\Users\ADMIN\.stm32cubemx\network_output\network_c_info.json
2026-07-31 11:30:03,055 [INFO] CmdLine:76 -  
2026-07-31 11:30:03,056 [INFO] CmdLine:76 -  Exec/report summary (generate)
2026-07-31 11:30:03,056 [INFO] CmdLine:76 -  --------------------------------------------------------------------------------------------------------------
2026-07-31 11:30:03,056 [INFO] CmdLine:76 -  model file         :   D:\Anusha_TinyML_FDP\TinyML_Workshop_Nitte-\ONNX\mlp_model.onnx                        
2026-07-31 11:30:03,056 [INFO] CmdLine:76 -  type               :   onnx                                                                                   
2026-07-31 11:30:03,056 [INFO] CmdLine:76 -  c_name             :   network                                                                                
2026-07-31 11:30:03,056 [INFO] CmdLine:76 -  compression        :   none                                                                                   
2026-07-31 11:30:03,056 [INFO] CmdLine:76 -  options            :   allocate-inputs, allocate-outputs                                                      
2026-07-31 11:30:03,056 [INFO] CmdLine:76 -  optimization       :   balanced                                                                               
2026-07-31 11:30:03,056 [INFO] CmdLine:76 -  target/series      :   stm32l4                                                                                
2026-07-31 11:30:03,056 [INFO] CmdLine:76 -  workspace dir      :   C:\Users\ADMIN\AppData\Local\Temp\mxAI_workspace907566944607960016869211392007100324   
2026-07-31 11:30:03,056 [INFO] CmdLine:76 -  output dir         :   C:\Users\ADMIN\.stm32cubemx\network_output                                             
2026-07-31 11:30:03,056 [INFO] CmdLine:76 -  model_fmt          :   float                                                                                  
2026-07-31 11:30:03,056 [INFO] CmdLine:76 -  model_name         :   mlp_model                                                                              
2026-07-31 11:30:03,056 [INFO] CmdLine:76 -  model_hash         :   0xdeea65ffd24f71ddeacb634c57bdc030                                                     
2026-07-31 11:30:03,057 [INFO] CmdLine:76 -  params #           :   2,693 items (10.52 KiB)                                                                
2026-07-31 11:30:03,057 [INFO] CmdLine:76 -  --------------------------------------------------------------------------------------------------------------
2026-07-31 11:30:03,057 [INFO] CmdLine:76 -  input 1/1          :   'input', f32(1x6), 24 Bytes, activations                                               
2026-07-31 11:30:03,057 [INFO] CmdLine:76 -  output 1/1         :   'output', f32(1x5), 20 Bytes, activations                                              
2026-07-31 11:30:03,057 [INFO] CmdLine:76 -  macc               :   2,789                                                                                  
2026-07-31 11:30:03,057 [INFO] CmdLine:76 -  weights (ro)       :   10,772 B (10.52 KiB) (1 segment)                                                       
2026-07-31 11:30:03,057 [INFO] CmdLine:76 -  activations (rw)   :   384 B (384 B) (1 segment) *                                                            
2026-07-31 11:30:03,057 [INFO] CmdLine:76 -  ram (total)        :   384 B (384 B) = 384 + 0 + 0                                                            
2026-07-31 11:30:03,057 [INFO] CmdLine:76 -  --------------------------------------------------------------------------------------------------------------
2026-07-31 11:30:03,057 [INFO] CmdLine:76 -  (*) 'input'/'output' buffers are allocated in the activations buffer
2026-07-31 11:30:03,062 [INFO] CmdLine:76 - Computing AI RT data/code size (target=stm32l4)..
2026-07-31 11:30:04,541 [INFO] CmdLine:76 -  Requested memory size by section - "stm32l4" target
2026-07-31 11:30:04,542 [INFO] CmdLine:76 -  ------------------------------ ------- -------- ------- -----
2026-07-31 11:30:04,542 [INFO] CmdLine:76 -  module                            text   rodata    data   bss
2026-07-31 11:30:04,543 [INFO] CmdLine:76 -  ------------------------------ ------- -------- ------- -----
2026-07-31 11:30:04,543 [INFO] CmdLine:76 -  NetworkRuntime1020_CM4_GCC.a     6,452        0       0     0
2026-07-31 11:30:04,544 [INFO] CmdLine:76 -  network.o                          528       40   1,584   140
2026-07-31 11:30:04,544 [INFO] CmdLine:76 -  network_data.o                      48       16      88     0
2026-07-31 11:30:04,545 [INFO] CmdLine:76 -  lib (toolchain)*                     0        0       0     0
2026-07-31 11:30:04,545 [INFO] CmdLine:76 -  ------------------------------ ------- -------- ------- -----
2026-07-31 11:30:04,545 [INFO] CmdLine:76 -  RT total**                       7,028       56   1,672   140
2026-07-31 11:30:04,546 [INFO] CmdLine:76 -  ------------------------------ ------- -------- ------- -----
2026-07-31 11:30:04,546 [INFO] CmdLine:76 -  weights                              0   10,776       0     0
2026-07-31 11:30:04,546 [INFO] CmdLine:76 -  activations                          0        0       0   384
2026-07-31 11:30:04,546 [INFO] CmdLine:76 -  io                                   0        0       0     0
2026-07-31 11:30:04,546 [INFO] CmdLine:76 -  ------------------------------ ------- -------- ------- -----
2026-07-31 11:30:04,547 [INFO] CmdLine:76 -  TOTAL                            7,028   10,832   1,672   524
2026-07-31 11:30:04,547 [INFO] CmdLine:76 -  ------------------------------ ------- -------- ------- -----
2026-07-31 11:30:04,547 [INFO] CmdLine:76 -  *  toolchain objects (libm/libgcc*)
2026-07-31 11:30:04,547 [INFO] CmdLine:76 -  ** RT AI runtime objects (kernels+infrastructure)
2026-07-31 11:30:04,548 [INFO] CmdLine:76 -   Summary - "stm32l4" target
2026-07-31 11:30:04,548 [INFO] CmdLine:76 -   ---------------------------------------------------
2026-07-31 11:30:04,548 [INFO] CmdLine:76 -                FLASH (ro)      %*   RAM (rw)       %
2026-07-31 11:30:04,548 [INFO] CmdLine:76 -   ---------------------------------------------------
2026-07-31 11:30:04,549 [INFO] CmdLine:76 -   RT total          8,756   44.8%      1,812   82.5%
2026-07-31 11:30:04,550 [INFO] CmdLine:76 -   ---------------------------------------------------
2026-07-31 11:30:04,550 [INFO] CmdLine:76 -   TOTAL            19,532              2,196
2026-07-31 11:30:04,551 [INFO] CmdLine:76 -   ---------------------------------------------------
2026-07-31 11:30:04,551 [INFO] CmdLine:76 -   *  rt/total
2026-07-31 11:30:04,551 [INFO] CmdLine:76 -  Generated files (7)
2026-07-31 11:30:04,552 [INFO] CmdLine:76 -  ------------------------------------------------------------------
2026-07-31 11:30:04,552 [INFO] CmdLine:76 -  C:\Users\ADMIN\.stm32cubemx\network_output\network_data_params.h
2026-07-31 11:30:04,552 [INFO] CmdLine:76 -  C:\Users\ADMIN\.stm32cubemx\network_output\network_data_params.c
2026-07-31 11:30:04,552 [INFO] CmdLine:76 -  C:\Users\ADMIN\.stm32cubemx\network_output\network_data.h
2026-07-31 11:30:04,553 [INFO] CmdLine:76 -  C:\Users\ADMIN\.stm32cubemx\network_output\network_data.c
2026-07-31 11:30:04,553 [INFO] CmdLine:76 -  C:\Users\ADMIN\.stm32cubemx\network_output\network_config.h
2026-07-31 11:30:04,553 [INFO] CmdLine:76 -  C:\Users\ADMIN\.stm32cubemx\network_output\network.h
2026-07-31 11:30:04,554 [INFO] CmdLine:76 -  C:\Users\ADMIN\.stm32cubemx\network_output\network.c
2026-07-31 11:30:04,554 [INFO] CmdLine:76 - Creating txt report file C:\Users\ADMIN\.stm32cubemx\network_output\network_generate_report.txt
2026-07-31 11:30:15,788 [INFO] CmdLine:76 - elapsed time (generate): 22.665s
2026-07-31 11:30:16,395 [INFO] CmdLine:148 - stedgeai exit with status: 0
2026-07-31 11:30:16,403 [INFO] AIModelDetailledView:2264 - Analysis status: done
2026-07-31 11:30:16,811 [INFO] ProjectBuilder:3606 - Time for Copy HAL[1] : 166mS.
2026-07-31 11:30:16,812 [ERROR] Middleware:2950 - Invalid RefComponent list
2026-07-31 11:30:16,812 [ERROR] Middleware:2950 - Invalid RefComponent list
2026-07-31 11:30:16,812 [ERROR] Middleware:2950 - Invalid RefComponent list
2026-07-31 11:30:16,812 [ERROR] Middleware:2950 - Invalid RefComponent list
2026-07-31 11:30:16,812 [ERROR] Middleware:2950 - Invalid RefComponent list
2026-07-31 11:30:16,812 [ERROR] Middleware:2950 - Invalid RefComponent list
2026-07-31 11:30:16,812 [ERROR] Middleware:2950 - Invalid RefComponent list
2026-07-31 11:30:16,812 [ERROR] Middleware:2950 - Invalid RefComponent list
2026-07-31 11:30:16,812 [ERROR] Middleware:2950 - Invalid RefComponent list
2026-07-31 11:30:16,812 [ERROR] Middleware:2950 - Invalid RefComponent list
2026-07-31 11:30:16,812 [ERROR] Middleware:2950 - Invalid RefComponent list
2026-07-31 11:30:16,812 [ERROR] Middleware:2950 - Invalid RefComponent list
2026-07-31 11:30:16,812 [ERROR] Middleware:2950 - Invalid RefComponent list
2026-07-31 11:30:16,812 [ERROR] Middleware:2950 - Invalid RefComponent list
2026-07-31 11:30:16,812 [ERROR] Middleware:2950 - Invalid RefComponent list
2026-07-31 11:30:16,812 [ERROR] Middleware:2950 - Invalid RefComponent list
2026-07-31 11:30:16,812 [ERROR] Middleware:2950 - Invalid RefComponent list
2026-07-31 11:30:16,812 [ERROR] Middleware:2950 - Invalid RefComponent list
2026-07-31 11:30:16,812 [ERROR] Middleware:2950 - Invalid RefComponent list
2026-07-31 11:30:16,812 [ERROR] Middleware:2950 - Invalid RefComponent list
2026-07-31 11:30:16,812 [ERROR] Middleware:2950 - Invalid RefComponent list
2026-07-31 11:30:16,812 [ERROR] Middleware:2950 - Invalid RefComponent list
2026-07-31 11:30:16,812 [ERROR] Middleware:2950 - Invalid RefComponent list
2026-07-31 11:30:16,812 [ERROR] Middleware:2950 - Invalid RefComponent list
2026-07-31 11:30:16,812 [ERROR] Middleware:2950 - Invalid RefComponent list
2026-07-31 11:30:16,812 [ERROR] Middleware:2950 - Invalid RefComponent list
2026-07-31 11:30:16,812 [ERROR] Middleware:2950 - Invalid RefComponent list
2026-07-31 11:30:16,812 [ERROR] Middleware:2950 - Invalid RefComponent list
2026-07-31 11:30:16,812 [ERROR] Middleware:2950 - Invalid RefComponent list
2026-07-31 11:30:16,812 [ERROR] Middleware:2950 - Invalid RefComponent list
2026-07-31 11:30:16,812 [ERROR] Middleware:2950 - Invalid RefComponent list
2026-07-31 11:30:16,812 [ERROR] Middleware:2950 - Invalid RefComponent list
2026-07-31 11:30:16,812 [ERROR] Middleware:2950 - Invalid RefComponent list
2026-07-31 11:30:16,813 [ERROR] Middleware:2950 - Invalid RefComponent list
2026-07-31 11:30:16,813 [ERROR] Middleware:2950 - Invalid RefComponent list
2026-07-31 11:30:16,813 [ERROR] Middleware:2950 - Invalid RefComponent list
2026-07-31 11:30:16,813 [ERROR] Middleware:2950 - Invalid RefComponent list
2026-07-31 11:30:16,813 [ERROR] Middleware:2950 - Invalid RefComponent list
2026-07-31 11:30:16,813 [ERROR] Middleware:2950 - Invalid RefComponent list
2026-07-31 11:30:16,813 [ERROR] Middleware:2950 - Invalid RefComponent list
2026-07-31 11:30:16,813 [ERROR] Middleware:2950 - Invalid RefComponent list
2026-07-31 11:30:16,813 [ERROR] Middleware:2950 - Invalid RefComponent list
2026-07-31 11:30:16,813 [ERROR] Middleware:2950 - Invalid RefComponent list
2026-07-31 11:30:16,813 [ERROR] Middleware:2950 - Invalid RefComponent list
2026-07-31 11:30:16,813 [ERROR] Middleware:2950 - Invalid RefComponent list
2026-07-31 11:30:16,813 [ERROR] Middleware:2950 - Invalid RefComponent list
2026-07-31 11:30:16,813 [ERROR] Middleware:2950 - Invalid RefComponent list
2026-07-31 11:30:16,813 [ERROR] Middleware:2950 - Invalid RefComponent list
2026-07-31 11:30:16,813 [ERROR] Middleware:2950 - Invalid RefComponent list
2026-07-31 11:30:16,813 [ERROR] Middleware:2950 - Invalid RefComponent list
2026-07-31 11:30:16,816 [INFO] ProjectBuilder:5216 - Project Generator version: 4.7.0-B52
2026-07-31 11:30:16,899 [INFO] ConfigFileManager:1595 - The Die is : DIE470
2026-07-31 11:30:17,506 [INFO] ProjectBuilder:5496 - Time for Generating toolchain IDE Files: 690mS.
2026-07-31 11:30:17,507 [INFO] ProjectBuilder:3463 - Time for Copy CMSIS : 0mS.
2026-07-31 11:30:17,510 [INFO] ProjectBuilder:3463 - Time for Copy CMSIS : 1mS.
2026-07-31 11:42:05,223 [INFO] UtilMem:75 - End SaveConfig() Used Memory: 468856960 Bytes (1073741824)
2026-07-31 11:42:06,823 [INFO] UtilMem:75 - End SaveConfig() Used Memory: 511326336 Bytes (1073741824)
2026-07-31 11:42:07,048 [INFO] UtilMem:75 - End SaveConfig() Used Memory: 607985768 Bytes (1073741824)
2026-07-31 11:42:07,242 [INFO] BlockDiagram:2775 - set Specific Code input for plugin: SYS
2026-07-31 11:42:07,242 [INFO] BlockDiagram:2775 - set Specific Code input for plugin: RCC
2026-07-31 11:42:07,242 [INFO] BlockDiagram:2775 - set Specific Code input for plugin: I2C
2026-07-31 11:42:07,242 [INFO] BlockDiagram:2775 - set Specific Code input for plugin: NVIC
2026-07-31 11:42:07,242 [INFO] BlockDiagram:2775 - set Specific Code input for plugin: USART
2026-07-31 11:42:07,242 [INFO] BlockDiagram:2775 - set Specific Code input for plugin: STMicroelectronics.X-CUBE-AI.10.2.1
2026-07-31 11:42:07,242 [INFO] BlockDiagram:2775 - set Specific Code input for plugin: GPIO
2026-07-31 11:42:07,244 [INFO] CodeGenerator:892 - code generatio: config db path: C:\ST\STM32CubeIDE_1.19.0\STM32CubeIDE\plugins\com.st.stm32cube.common.mx_6.15.0.202507011659\\db\
2026-07-31 11:42:07,324 [INFO] IP:3329 - RTE Config file name : RTE_Component
2026-07-31 11:42:07,324 [INFO] IP:3347 - RTE template : RTE_Components.ftl
2026-07-31 11:42:07,332 [INFO] CodeEngine:265 - oldGeneratedFile, D:\Anusha_TinyML_FDP\TinyML_Workshop_Nitte-\STM32\Deep_Learning_Inference\MXTmpFiles\license.tmp_save
2026-07-31 11:42:07,398 [INFO] CodeEngine:289 - Generated code: D:\Anusha_TinyML_FDP\TinyML_Workshop_Nitte-\STM32\Deep_Learning_Inference\MXTmpFiles\license.tmp
2026-07-31 11:42:07,417 [INFO] CodeEngine:265 - oldGeneratedFile, D:\Anusha_TinyML_FDP\TinyML_Workshop_Nitte-\STM32\Deep_Learning_Inference\MXTmpFiles\gpio.tmp_save
2026-07-31 11:42:07,485 [INFO] CodeEngine:289 - Generated code: D:\Anusha_TinyML_FDP\TinyML_Workshop_Nitte-\STM32\Deep_Learning_Inference\MXTmpFiles\gpio.tmp
2026-07-31 11:42:07,555 [INFO] Middleware:1452 - No code input for Bsp Dependency
2026-07-31 11:42:07,556 [INFO] Middleware:1452 - No code input for Bsp Dependency
2026-07-31 11:42:07,566 [INFO] CodeEngine:265 - oldGeneratedFile, D:\Anusha_TinyML_FDP\TinyML_Workshop_Nitte-\STM32\Deep_Learning_Inference\Core\Src\stm32l4xx_it.c_save
2026-07-31 11:42:07,646 [INFO] CodeEngine:289 - Generated code: D:\Anusha_TinyML_FDP\TinyML_Workshop_Nitte-\STM32\Deep_Learning_Inference\Core\Src\stm32l4xx_it.c
2026-07-31 11:42:07,651 [INFO] CodeEngine:265 - oldGeneratedFile, D:\Anusha_TinyML_FDP\TinyML_Workshop_Nitte-\STM32\Deep_Learning_Inference\Core\Inc\stm32l4xx_it.h_save
2026-07-31 11:42:07,727 [INFO] CodeEngine:289 - Generated code: D:\Anusha_TinyML_FDP\TinyML_Workshop_Nitte-\STM32\Deep_Learning_Inference\Core\Inc\stm32l4xx_it.h
2026-07-31 11:42:07,739 [INFO] CodeEngine:265 - oldGeneratedFile, D:\Anusha_TinyML_FDP\TinyML_Workshop_Nitte-\STM32\Deep_Learning_Inference\Core\Src\stm32l4xx_hal_msp.c_save
2026-07-31 11:42:07,839 [INFO] CodeEngine:289 - Generated code: D:\Anusha_TinyML_FDP\TinyML_Workshop_Nitte-\STM32\Deep_Learning_Inference\Core\Src\stm32l4xx_hal_msp.c
2026-07-31 11:42:07,842 [INFO] CodeEngine:265 - oldGeneratedFile, D:\Anusha_TinyML_FDP\TinyML_Workshop_Nitte-\STM32\Deep_Learning_Inference\MXTmpFiles\system.tmp_save
2026-07-31 11:42:07,906 [INFO] CodeEngine:289 - Generated code: D:\Anusha_TinyML_FDP\TinyML_Workshop_Nitte-\STM32\Deep_Learning_Inference\MXTmpFiles\system.tmp
2026-07-31 11:42:07,915 [INFO] CodeEngine:321 - oldGeneratedFile, D:\Anusha_TinyML_FDP\TinyML_Workshop_Nitte-\STM32\Deep_Learning_Inference\Core\Inc\stm32l4xx_hal_conf.h_save
2026-07-31 11:42:07,996 [INFO] CodeEngine:345 - Generated code: D:\Anusha_TinyML_FDP\TinyML_Workshop_Nitte-\STM32\Deep_Learning_Inference\Core\Inc\stm32l4xx_hal_conf.h
2026-07-31 11:42:08,015 [INFO] CodeEngine:265 - oldGeneratedFile, D:\Anusha_TinyML_FDP\TinyML_Workshop_Nitte-\STM32\Deep_Learning_Inference\Core\Inc\main.h_save
2026-07-31 11:42:08,096 [INFO] CodeEngine:289 - Generated code: D:\Anusha_TinyML_FDP\TinyML_Workshop_Nitte-\STM32\Deep_Learning_Inference\Core\Inc\main.h
2026-07-31 11:42:08,101 [INFO] CodeEngine:265 - oldGeneratedFile, D:\Anusha_TinyML_FDP\TinyML_Workshop_Nitte-\STM32\Deep_Learning_Inference\Core\Src\main.c_save
2026-07-31 11:42:08,246 [INFO] CodeEngine:289 - Generated code: D:\Anusha_TinyML_FDP\TinyML_Workshop_Nitte-\STM32\Deep_Learning_Inference\Core\Src\main.c
2026-07-31 11:42:08,716 [INFO] AInterface:322 - ModelName:network; files:[D:\Anusha_TinyML_FDP\TinyML_Workshop_Nitte-\ONNX\mlp_model.onnx]; type:ONNX; compression:None
2026-07-31 11:42:08,717 [INFO] AInterface:526 - workspaceTempDir: C:/Users/ADMIN/AppData/Local/Temp/mxAI_workspace90764058440496008581429136848419420
2026-07-31 11:42:08,717 [INFO] AInterface:1179 - Setting Env: C:/Users/ADMIN/STM32Cube/Repository//Packs/STMicroelectronics/X-CUBE-AI/10.2.1/Utilities/windows
2026-07-31 11:42:08,722 [INFO] STM32CubeIDEBuilder:265 - Looking for gnu-tools-for-stm32 tools/bin/arm-none-eabi-gcc.exe in C:\ST\STM32CubeIDE_1.19.0\STM32CubeIDE
2026-07-31 11:42:08,725 [INFO] STM32CubeIDEBuilder:294 - checking C:\ST\STM32CubeIDE_1.19.0\STM32CubeIDE\plugins\com.st.stm32cube.ide.mcu.externaltools.gnu-tools-for-stm32.13.3.rel1.win32_1.0.0.202411081344\tools\bin\arm-none-eabi-gcc.exe
2026-07-31 11:42:08,725 [INFO] STM32CubeIDEBuilder:297 - ret=C:\ST\STM32CubeIDE_1.19.0\STM32CubeIDE\plugins\com.st.stm32cube.ide.mcu.externaltools.gnu-tools-for-stm32.13.3.rel1.win32_1.0.0.202411081344\tools\bin\arm-none-eabi-gcc.exe
2026-07-31 11:42:08,725 [INFO] STM32CubeIDEBuilder:311 - returning C:\ST\STM32CubeIDE_1.19.0\STM32CubeIDE\plugins\com.st.stm32cube.ide.mcu.externaltools.gnu-tools-for-stm32.13.3.rel1.win32_1.0.0.202411081344\tools\bin\arm-none-eabi-gcc.exe
2026-07-31 11:42:08,726 [INFO] AInterface:1236 - Custom PATH variable: C:/Users/ADMIN/STM32Cube/Repository//Packs/STMicroelectronics/X-CUBE-AI/10.2.1/Utilities/windows;C:/Users/ADMIN/STM32Cube/Repository//Packs/STMicroelectronics/X-CUBE-AI/10.2.1/Utilities/windows/mingw64/bin;C:/Users/ADMIN/STM32Cube/Repository//Packs/STMicroelectronics/X-CUBE-AI/10.2.1/Utilities/windows/mingw64/libexec/gcc/x86_64-w64-mingw32/7.3.0;;C:\ST\STM32CubeIDE_1.19.0\STM32CubeIDE\plugins\com.st.stm32cube.ide.mcu.externaltools.gnu-tools-for-stm32.13.3.rel1.win32_1.0.0.202411081344\tools\bin
2026-07-31 11:42:08,727 [INFO] CmdLine:115 - Command: C:/Users/ADMIN/STM32Cube/Repository//Packs/STMicroelectronics/X-CUBE-AI/10.2.1/Utilities/windows/stedgeai.exe generate --target stm32l4 --name network -m D:/Anusha_TinyML_FDP/TinyML_Workshop_Nitte-/ONNX/mlp_model.onnx --compression none --verbosity 1 --workspace C:/Users/ADMIN/AppData/Local/Temp/mxAI_workspace90764058440496008581429136848419420 --output C:/Users/ADMIN/.stm32cubemx/network_output
2026-07-31 11:42:08,728 [INFO] AIModelDetailledView:2264 - Analysis status: pending
2026-07-31 11:42:09,517 [INFO] CmdLine:76 - ST Edge AI Core v2.2.0-20266 2adc00962
2026-07-31 11:42:19,212 [INFO] CmdLine:76 - Creating c (debug) info json file C:\Users\ADMIN\.stm32cubemx\network_output\network_c_info.json
2026-07-31 11:42:19,235 [INFO] CmdLine:76 -  
2026-07-31 11:42:19,236 [INFO] CmdLine:76 -  Exec/report summary (generate)
2026-07-31 11:42:19,236 [INFO] CmdLine:76 -  -------------------------------------------------------------------------------------------------------------
2026-07-31 11:42:19,236 [INFO] CmdLine:76 -  model file         :   D:\Anusha_TinyML_FDP\TinyML_Workshop_Nitte-\ONNX\mlp_model.onnx                       
2026-07-31 11:42:19,236 [INFO] CmdLine:76 -  type               :   onnx                                                                                  
2026-07-31 11:42:19,236 [INFO] CmdLine:76 -  c_name             :   network                                                                               
2026-07-31 11:42:19,236 [INFO] CmdLine:76 -  compression        :   none                                                                                  
2026-07-31 11:42:19,236 [INFO] CmdLine:76 -  options            :   allocate-inputs, allocate-outputs                                                     
2026-07-31 11:42:19,236 [INFO] CmdLine:76 -  optimization       :   balanced                                                                              
2026-07-31 11:42:19,236 [INFO] CmdLine:76 -  target/series      :   stm32l4                                                                               
2026-07-31 11:42:19,236 [INFO] CmdLine:76 -  workspace dir      :   C:\Users\ADMIN\AppData\Local\Temp\mxAI_workspace90764058440496008581429136848419420   
2026-07-31 11:42:19,236 [INFO] CmdLine:76 -  output dir         :   C:\Users\ADMIN\.stm32cubemx\network_output                                            
2026-07-31 11:42:19,236 [INFO] CmdLine:76 -  model_fmt          :   float                                                                                 
2026-07-31 11:42:19,236 [INFO] CmdLine:76 -  model_name         :   mlp_model                                                                             
2026-07-31 11:42:19,237 [INFO] CmdLine:76 -  model_hash         :   0xdeea65ffd24f71ddeacb634c57bdc030                                                    
2026-07-31 11:42:19,237 [INFO] CmdLine:76 -  params #           :   2,693 items (10.52 KiB)                                                               
2026-07-31 11:42:19,237 [INFO] CmdLine:76 -  -------------------------------------------------------------------------------------------------------------
2026-07-31 11:42:19,237 [INFO] CmdLine:76 -  input 1/1          :   'input', f32(1x6), 24 Bytes, activations                                              
2026-07-31 11:42:19,237 [INFO] CmdLine:76 -  output 1/1         :   'output', f32(1x5), 20 Bytes, activations                                             
2026-07-31 11:42:19,237 [INFO] CmdLine:76 -  macc               :   2,789                                                                                 
2026-07-31 11:42:19,237 [INFO] CmdLine:76 -  weights (ro)       :   10,772 B (10.52 KiB) (1 segment)                                                      
2026-07-31 11:42:19,237 [INFO] CmdLine:76 -  activations (rw)   :   384 B (384 B) (1 segment) *                                                           
2026-07-31 11:42:19,237 [INFO] CmdLine:76 -  ram (total)        :   384 B (384 B) = 384 + 0 + 0                                                           
2026-07-31 11:42:19,237 [INFO] CmdLine:76 -  -------------------------------------------------------------------------------------------------------------
2026-07-31 11:42:19,237 [INFO] CmdLine:76 -  (*) 'input'/'output' buffers are allocated in the activations buffer
2026-07-31 11:42:19,242 [INFO] CmdLine:76 - Computing AI RT data/code size (target=stm32l4)..
2026-07-31 11:42:20,715 [INFO] CmdLine:76 -  Requested memory size by section - "stm32l4" target
2026-07-31 11:42:20,716 [INFO] CmdLine:76 -  ------------------------------ ------- -------- ------- -----
2026-07-31 11:42:20,716 [INFO] CmdLine:76 -  module                            text   rodata    data   bss
2026-07-31 11:42:20,716 [INFO] CmdLine:76 -  ------------------------------ ------- -------- ------- -----
2026-07-31 11:42:20,717 [INFO] CmdLine:76 -  NetworkRuntime1020_CM4_GCC.a     6,452        0       0     0
2026-07-31 11:42:20,717 [INFO] CmdLine:76 -  network.o                          528       40   1,584   140
2026-07-31 11:42:20,717 [INFO] CmdLine:76 -  network_data.o                      48       16      88     0
2026-07-31 11:42:20,717 [INFO] CmdLine:76 -  lib (toolchain)*                     0        0       0     0
2026-07-31 11:42:20,717 [INFO] CmdLine:76 -  ------------------------------ ------- -------- ------- -----
2026-07-31 11:42:20,717 [INFO] CmdLine:76 -  RT total**                       7,028       56   1,672   140
2026-07-31 11:42:20,717 [INFO] CmdLine:76 -  ------------------------------ ------- -------- ------- -----
2026-07-31 11:42:20,717 [INFO] CmdLine:76 -  weights                              0   10,776       0     0
2026-07-31 11:42:20,718 [INFO] CmdLine:76 -  activations                          0        0       0   384
2026-07-31 11:42:20,718 [INFO] CmdLine:76 -  io                                   0        0       0     0
2026-07-31 11:42:20,718 [INFO] CmdLine:76 -  ------------------------------ ------- -------- ------- -----
2026-07-31 11:42:20,718 [INFO] CmdLine:76 -  TOTAL                            7,028   10,832   1,672   524
2026-07-31 11:42:20,718 [INFO] CmdLine:76 -  ------------------------------ ------- -------- ------- -----
2026-07-31 11:42:20,718 [INFO] CmdLine:76 -  *  toolchain objects (libm/libgcc*)
2026-07-31 11:42:20,718 [INFO] CmdLine:76 -  ** RT AI runtime objects (kernels+infrastructure)
2026-07-31 11:42:20,718 [INFO] CmdLine:76 -   Summary - "stm32l4" target
2026-07-31 11:42:20,718 [INFO] CmdLine:76 -   ---------------------------------------------------
2026-07-31 11:42:20,719 [INFO] CmdLine:76 -                FLASH (ro)      %*   RAM (rw)       %
2026-07-31 11:42:20,719 [INFO] CmdLine:76 -   ---------------------------------------------------
2026-07-31 11:42:20,719 [INFO] CmdLine:76 -   RT total          8,756   44.8%      1,812   82.5%
2026-07-31 11:42:20,719 [INFO] CmdLine:76 -   ---------------------------------------------------
2026-07-31 11:42:20,719 [INFO] CmdLine:76 -   TOTAL            19,532              2,196
2026-07-31 11:42:20,719 [INFO] CmdLine:76 -   ---------------------------------------------------
2026-07-31 11:42:20,719 [INFO] CmdLine:76 -   *  rt/total
2026-07-31 11:42:20,719 [INFO] CmdLine:76 -  Generated files (7)
2026-07-31 11:42:20,720 [INFO] CmdLine:76 -  ------------------------------------------------------------------
2026-07-31 11:42:20,720 [INFO] CmdLine:76 -  C:\Users\ADMIN\.stm32cubemx\network_output\network_data_params.h
2026-07-31 11:42:20,720 [INFO] CmdLine:76 -  C:\Users\ADMIN\.stm32cubemx\network_output\network_data_params.c
2026-07-31 11:42:20,720 [INFO] CmdLine:76 -  C:\Users\ADMIN\.stm32cubemx\network_output\network_data.h
2026-07-31 11:42:20,720 [INFO] CmdLine:76 -  C:\Users\ADMIN\.stm32cubemx\network_output\network_data.c
2026-07-31 11:42:20,720 [INFO] CmdLine:76 -  C:\Users\ADMIN\.stm32cubemx\network_output\network_config.h
2026-07-31 11:42:20,720 [INFO] CmdLine:76 -  C:\Users\ADMIN\.stm32cubemx\network_output\network.h
2026-07-31 11:42:20,720 [INFO] CmdLine:76 -  C:\Users\ADMIN\.stm32cubemx\network_output\network.c
2026-07-31 11:42:20,721 [INFO] CmdLine:76 - Creating txt report file C:\Users\ADMIN\.stm32cubemx\network_output\network_generate_report.txt
2026-07-31 11:42:31,914 [INFO] CmdLine:76 - elapsed time (generate): 22.398s
2026-07-31 11:42:32,514 [INFO] CmdLine:148 - stedgeai exit with status: 0
2026-07-31 11:42:32,525 [INFO] AIModelDetailledView:2264 - Analysis status: done
2026-07-31 11:42:32,945 [INFO] ProjectBuilder:3606 - Time for Copy HAL[1] : 178mS.
2026-07-31 11:42:32,946 [ERROR] Middleware:2950 - Invalid RefComponent list
2026-07-31 11:42:32,946 [ERROR] Middleware:2950 - Invalid RefComponent list
2026-07-31 11:42:32,946 [ERROR] Middleware:2950 - Invalid RefComponent list
2026-07-31 11:42:32,946 [ERROR] Middleware:2950 - Invalid RefComponent list
2026-07-31 11:42:32,946 [ERROR] Middleware:2950 - Invalid RefComponent list
2026-07-31 11:42:32,946 [ERROR] Middleware:2950 - Invalid RefComponent list
2026-07-31 11:42:32,946 [ERROR] Middleware:2950 - Invalid RefComponent list
2026-07-31 11:42:32,946 [ERROR] Middleware:2950 - Invalid RefComponent list
2026-07-31 11:42:32,946 [ERROR] Middleware:2950 - Invalid RefComponent list
2026-07-31 11:42:32,946 [ERROR] Middleware:2950 - Invalid RefComponent list
2026-07-31 11:42:32,946 [ERROR] Middleware:2950 - Invalid RefComponent list
2026-07-31 11:42:32,946 [ERROR] Middleware:2950 - Invalid RefComponent list
2026-07-31 11:42:32,946 [ERROR] Middleware:2950 - Invalid RefComponent list
2026-07-31 11:42:32,946 [ERROR] Middleware:2950 - Invalid RefComponent list
2026-07-31 11:42:32,946 [ERROR] Middleware:2950 - Invalid RefComponent list
2026-07-31 11:42:32,946 [ERROR] Middleware:2950 - Invalid RefComponent list
2026-07-31 11:42:32,946 [ERROR] Middleware:2950 - Invalid RefComponent list
2026-07-31 11:42:32,946 [ERROR] Middleware:2950 - Invalid RefComponent list
2026-07-31 11:42:32,946 [ERROR] Middleware:2950 - Invalid RefComponent list
2026-07-31 11:42:32,946 [ERROR] Middleware:2950 - Invalid RefComponent list
2026-07-31 11:42:32,946 [ERROR] Middleware:2950 - Invalid RefComponent list
2026-07-31 11:42:32,946 [ERROR] Middleware:2950 - Invalid RefComponent list
2026-07-31 11:42:32,946 [ERROR] Middleware:2950 - Invalid RefComponent list
2026-07-31 11:42:32,946 [ERROR] Middleware:2950 - Invalid RefComponent list
2026-07-31 11:42:32,946 [ERROR] Middleware:2950 - Invalid RefComponent list
2026-07-31 11:42:32,946 [ERROR] Middleware:2950 - Invalid RefComponent list
2026-07-31 11:42:32,946 [ERROR] Middleware:2950 - Invalid RefComponent list
2026-07-31 11:42:32,946 [ERROR] Middleware:2950 - Invalid RefComponent list
2026-07-31 11:42:32,946 [ERROR] Middleware:2950 - Invalid RefComponent list
2026-07-31 11:42:32,947 [ERROR] Middleware:2950 - Invalid RefComponent list
2026-07-31 11:42:32,947 [ERROR] Middleware:2950 - Invalid RefComponent list
2026-07-31 11:42:32,947 [ERROR] Middleware:2950 - Invalid RefComponent list
2026-07-31 11:42:32,947 [ERROR] Middleware:2950 - Invalid RefComponent list
2026-07-31 11:42:32,947 [ERROR] Middleware:2950 - Invalid RefComponent list
2026-07-31 11:42:32,947 [ERROR] Middleware:2950 - Invalid RefComponent list
2026-07-31 11:42:32,947 [ERROR] Middleware:2950 - Invalid RefComponent list
2026-07-31 11:42:32,947 [ERROR] Middleware:2950 - Invalid RefComponent list
2026-07-31 11:42:32,947 [ERROR] Middleware:2950 - Invalid RefComponent list
2026-07-31 11:42:32,947 [ERROR] Middleware:2950 - Invalid RefComponent list
2026-07-31 11:42:32,947 [ERROR] Middleware:2950 - Invalid RefComponent list
2026-07-31 11:42:32,947 [ERROR] Middleware:2950 - Invalid RefComponent list
2026-07-31 11:42:32,947 [ERROR] Middleware:2950 - Invalid RefComponent list
2026-07-31 11:42:32,947 [ERROR] Middleware:2950 - Invalid RefComponent list
2026-07-31 11:42:32,947 [ERROR] Middleware:2950 - Invalid RefComponent list
2026-07-31 11:42:32,947 [ERROR] Middleware:2950 - Invalid RefComponent list
2026-07-31 11:42:32,947 [ERROR] Middleware:2950 - Invalid RefComponent list
2026-07-31 11:42:32,947 [ERROR] Middleware:2950 - Invalid RefComponent list
2026-07-31 11:42:32,947 [ERROR] Middleware:2950 - Invalid RefComponent list
2026-07-31 11:42:32,947 [ERROR] Middleware:2950 - Invalid RefComponent list
2026-07-31 11:42:32,947 [ERROR] Middleware:2950 - Invalid RefComponent list
2026-07-31 11:42:32,950 [INFO] ProjectBuilder:5216 - Project Generator version: 4.7.0-B52
2026-07-31 11:42:33,034 [INFO] ConfigFileManager:1595 - The Die is : DIE470
2026-07-31 11:42:33,708 [INFO] ProjectBuilder:5496 - Time for Generating toolchain IDE Files: 758mS.
2026-07-31 11:42:33,708 [INFO] ProjectBuilder:3463 - Time for Copy CMSIS : 0mS.
2026-07-31 11:42:33,710 [INFO] ProjectBuilder:3463 - Time for Copy CMSIS : 0mS.
2026-07-31 11:42:33,974 [INFO] UtilMem:75 - End SaveConfig() Used Memory: 772274504 Bytes (1073741824)
2026-07-31 11:42:37,915 [INFO] UtilMem:75 - End SaveConfig() Used Memory: 884472136 Bytes (1073741824)
2026-07-31 11:42:38,143 [INFO] UtilMem:75 - End SaveConfig() Used Memory: 927990088 Bytes (1073741824)
2026-07-31 11:42:38,370 [INFO] BlockDiagram:2775 - set Specific Code input for plugin: SYS
2026-07-31 11:42:38,370 [INFO] BlockDiagram:2775 - set Specific Code input for plugin: RCC
2026-07-31 11:42:38,370 [INFO] BlockDiagram:2775 - set Specific Code input for plugin: I2C
2026-07-31 11:42:38,370 [INFO] BlockDiagram:2775 - set Specific Code input for plugin: NVIC
2026-07-31 11:42:38,370 [INFO] BlockDiagram:2775 - set Specific Code input for plugin: USART
2026-07-31 11:42:38,371 [INFO] BlockDiagram:2775 - set Specific Code input for plugin: STMicroelectronics.X-CUBE-AI.10.2.1
2026-07-31 11:42:38,371 [INFO] BlockDiagram:2775 - set Specific Code input for plugin: GPIO
2026-07-31 11:42:38,372 [INFO] CodeGenerator:892 - code generatio: config db path: C:\ST\STM32CubeIDE_1.19.0\STM32CubeIDE\plugins\com.st.stm32cube.common.mx_6.15.0.202507011659\\db\
2026-07-31 11:42:38,457 [INFO] IP:3329 - RTE Config file name : RTE_Component
2026-07-31 11:42:38,457 [INFO] IP:3347 - RTE template : RTE_Components.ftl
2026-07-31 11:42:38,465 [INFO] CodeEngine:265 - oldGeneratedFile, D:\Anusha_TinyML_FDP\TinyML_Workshop_Nitte-\STM32\Deep_Learning_Inference\MXTmpFiles\license.tmp_save
2026-07-31 11:42:38,607 [INFO] CodeEngine:289 - Generated code: D:\Anusha_TinyML_FDP\TinyML_Workshop_Nitte-\STM32\Deep_Learning_Inference\MXTmpFiles\license.tmp
2026-07-31 11:42:38,628 [INFO] CodeEngine:265 - oldGeneratedFile, D:\Anusha_TinyML_FDP\TinyML_Workshop_Nitte-\STM32\Deep_Learning_Inference\MXTmpFiles\gpio.tmp_save
2026-07-31 11:42:38,701 [INFO] CodeEngine:289 - Generated code: D:\Anusha_TinyML_FDP\TinyML_Workshop_Nitte-\STM32\Deep_Learning_Inference\MXTmpFiles\gpio.tmp
2026-07-31 11:42:38,770 [INFO] Middleware:1452 - No code input for Bsp Dependency
2026-07-31 11:42:38,772 [INFO] Middleware:1452 - No code input for Bsp Dependency
2026-07-31 11:42:38,781 [INFO] CodeEngine:265 - oldGeneratedFile, D:\Anusha_TinyML_FDP\TinyML_Workshop_Nitte-\STM32\Deep_Learning_Inference\Core\Src\stm32l4xx_it.c_save
2026-07-31 11:42:38,862 [INFO] CodeEngine:289 - Generated code: D:\Anusha_TinyML_FDP\TinyML_Workshop_Nitte-\STM32\Deep_Learning_Inference\Core\Src\stm32l4xx_it.c
2026-07-31 11:42:38,866 [INFO] CodeEngine:265 - oldGeneratedFile, D:\Anusha_TinyML_FDP\TinyML_Workshop_Nitte-\STM32\Deep_Learning_Inference\Core\Inc\stm32l4xx_it.h_save
2026-07-31 11:42:38,940 [INFO] CodeEngine:289 - Generated code: D:\Anusha_TinyML_FDP\TinyML_Workshop_Nitte-\STM32\Deep_Learning_Inference\Core\Inc\stm32l4xx_it.h
2026-07-31 11:42:38,953 [INFO] CodeEngine:265 - oldGeneratedFile, D:\Anusha_TinyML_FDP\TinyML_Workshop_Nitte-\STM32\Deep_Learning_Inference\Core\Src\stm32l4xx_hal_msp.c_save
2026-07-31 11:42:39,050 [INFO] CodeEngine:289 - Generated code: D:\Anusha_TinyML_FDP\TinyML_Workshop_Nitte-\STM32\Deep_Learning_Inference\Core\Src\stm32l4xx_hal_msp.c
2026-07-31 11:42:39,054 [INFO] CodeEngine:265 - oldGeneratedFile, D:\Anusha_TinyML_FDP\TinyML_Workshop_Nitte-\STM32\Deep_Learning_Inference\MXTmpFiles\system.tmp_save
2026-07-31 11:42:39,126 [INFO] CodeEngine:289 - Generated code: D:\Anusha_TinyML_FDP\TinyML_Workshop_Nitte-\STM32\Deep_Learning_Inference\MXTmpFiles\system.tmp
2026-07-31 11:42:39,135 [INFO] CodeEngine:321 - oldGeneratedFile, D:\Anusha_TinyML_FDP\TinyML_Workshop_Nitte-\STM32\Deep_Learning_Inference\Core\Inc\stm32l4xx_hal_conf.h_save
2026-07-31 11:42:39,215 [INFO] CodeEngine:345 - Generated code: D:\Anusha_TinyML_FDP\TinyML_Workshop_Nitte-\STM32\Deep_Learning_Inference\Core\Inc\stm32l4xx_hal_conf.h
2026-07-31 11:42:39,234 [INFO] CodeEngine:265 - oldGeneratedFile, D:\Anusha_TinyML_FDP\TinyML_Workshop_Nitte-\STM32\Deep_Learning_Inference\Core\Inc\main.h_save
2026-07-31 11:42:39,314 [INFO] CodeEngine:289 - Generated code: D:\Anusha_TinyML_FDP\TinyML_Workshop_Nitte-\STM32\Deep_Learning_Inference\Core\Inc\main.h
2026-07-31 11:42:39,318 [INFO] CodeEngine:265 - oldGeneratedFile, D:\Anusha_TinyML_FDP\TinyML_Workshop_Nitte-\STM32\Deep_Learning_Inference\Core\Src\main.c_save
2026-07-31 11:42:39,436 [INFO] CodeEngine:289 - Generated code: D:\Anusha_TinyML_FDP\TinyML_Workshop_Nitte-\STM32\Deep_Learning_Inference\Core\Src\main.c
2026-07-31 11:42:39,788 [INFO] AInterface:322 - ModelName:network; files:[D:\Anusha_TinyML_FDP\TinyML_Workshop_Nitte-\ONNX\mlp_model.onnx]; type:ONNX; compression:None
2026-07-31 11:42:39,789 [INFO] AInterface:526 - workspaceTempDir: C:/Users/ADMIN/AppData/Local/Temp/mxAI_workspace90764369164572009214255902625557521
2026-07-31 11:42:39,789 [INFO] AInterface:1179 - Setting Env: C:/Users/ADMIN/STM32Cube/Repository//Packs/STMicroelectronics/X-CUBE-AI/10.2.1/Utilities/windows
2026-07-31 11:42:39,793 [INFO] STM32CubeIDEBuilder:265 - Looking for gnu-tools-for-stm32 tools/bin/arm-none-eabi-gcc.exe in C:\ST\STM32CubeIDE_1.19.0\STM32CubeIDE
2026-07-31 11:42:39,796 [INFO] STM32CubeIDEBuilder:294 - checking C:\ST\STM32CubeIDE_1.19.0\STM32CubeIDE\plugins\com.st.stm32cube.ide.mcu.externaltools.gnu-tools-for-stm32.13.3.rel1.win32_1.0.0.202411081344\tools\bin\arm-none-eabi-gcc.exe
2026-07-31 11:42:39,796 [INFO] STM32CubeIDEBuilder:297 - ret=C:\ST\STM32CubeIDE_1.19.0\STM32CubeIDE\plugins\com.st.stm32cube.ide.mcu.externaltools.gnu-tools-for-stm32.13.3.rel1.win32_1.0.0.202411081344\tools\bin\arm-none-eabi-gcc.exe
2026-07-31 11:42:39,796 [INFO] STM32CubeIDEBuilder:311 - returning C:\ST\STM32CubeIDE_1.19.0\STM32CubeIDE\plugins\com.st.stm32cube.ide.mcu.externaltools.gnu-tools-for-stm32.13.3.rel1.win32_1.0.0.202411081344\tools\bin\arm-none-eabi-gcc.exe
2026-07-31 11:42:39,797 [INFO] AInterface:1236 - Custom PATH variable: C:/Users/ADMIN/STM32Cube/Repository//Packs/STMicroelectronics/X-CUBE-AI/10.2.1/Utilities/windows;C:/Users/ADMIN/STM32Cube/Repository//Packs/STMicroelectronics/X-CUBE-AI/10.2.1/Utilities/windows/mingw64/bin;C:/Users/ADMIN/STM32Cube/Repository//Packs/STMicroelectronics/X-CUBE-AI/10.2.1/Utilities/windows/mingw64/libexec/gcc/x86_64-w64-mingw32/7.3.0;;C:\ST\STM32CubeIDE_1.19.0\STM32CubeIDE\plugins\com.st.stm32cube.ide.mcu.externaltools.gnu-tools-for-stm32.13.3.rel1.win32_1.0.0.202411081344\tools\bin
2026-07-31 11:42:39,798 [INFO] CmdLine:115 - Command: C:/Users/ADMIN/STM32Cube/Repository//Packs/STMicroelectronics/X-CUBE-AI/10.2.1/Utilities/windows/stedgeai.exe generate --target stm32l4 --name network -m D:/Anusha_TinyML_FDP/TinyML_Workshop_Nitte-/ONNX/mlp_model.onnx --compression none --verbosity 1 --workspace C:/Users/ADMIN/AppData/Local/Temp/mxAI_workspace90764369164572009214255902625557521 --output C:/Users/ADMIN/.stm32cubemx/network_output
2026-07-31 11:42:39,798 [INFO] AIModelDetailledView:2264 - Analysis status: pending
2026-07-31 11:42:40,554 [INFO] CmdLine:76 - ST Edge AI Core v2.2.0-20266 2adc00962
2026-07-31 11:42:50,188 [INFO] CmdLine:76 - Creating c (debug) info json file C:\Users\ADMIN\.stm32cubemx\network_output\network_c_info.json
2026-07-31 11:42:50,210 [INFO] CmdLine:76 -  
2026-07-31 11:42:50,210 [INFO] CmdLine:76 -  Exec/report summary (generate)
2026-07-31 11:42:50,210 [INFO] CmdLine:76 -  -------------------------------------------------------------------------------------------------------------
2026-07-31 11:42:50,210 [INFO] CmdLine:76 -  model file         :   D:\Anusha_TinyML_FDP\TinyML_Workshop_Nitte-\ONNX\mlp_model.onnx                       
2026-07-31 11:42:50,210 [INFO] CmdLine:76 -  type               :   onnx                                                                                  
2026-07-31 11:42:50,210 [INFO] CmdLine:76 -  c_name             :   network                                                                               
2026-07-31 11:42:50,211 [INFO] CmdLine:76 -  compression        :   none                                                                                  
2026-07-31 11:42:50,211 [INFO] CmdLine:76 -  options            :   allocate-inputs, allocate-outputs                                                     
2026-07-31 11:42:50,211 [INFO] CmdLine:76 -  optimization       :   balanced                                                                              
2026-07-31 11:42:50,211 [INFO] CmdLine:76 -  target/series      :   stm32l4                                                                               
2026-07-31 11:42:50,211 [INFO] CmdLine:76 -  workspace dir      :   C:\Users\ADMIN\AppData\Local\Temp\mxAI_workspace90764369164572009214255902625557521   
2026-07-31 11:42:50,211 [INFO] CmdLine:76 -  output dir         :   C:\Users\ADMIN\.stm32cubemx\network_output                                            
2026-07-31 11:42:50,211 [INFO] CmdLine:76 -  model_fmt          :   float                                                                                 
2026-07-31 11:42:50,211 [INFO] CmdLine:76 -  model_name         :   mlp_model                                                                             
2026-07-31 11:42:50,211 [INFO] CmdLine:76 -  model_hash         :   0xdeea65ffd24f71ddeacb634c57bdc030                                                    
2026-07-31 11:42:50,211 [INFO] CmdLine:76 -  params #           :   2,693 items (10.52 KiB)                                                               
2026-07-31 11:42:50,211 [INFO] CmdLine:76 -  -------------------------------------------------------------------------------------------------------------
2026-07-31 11:42:50,211 [INFO] CmdLine:76 -  input 1/1          :   'input', f32(1x6), 24 Bytes, activations                                              
2026-07-31 11:42:50,211 [INFO] CmdLine:76 -  output 1/1         :   'output', f32(1x5), 20 Bytes, activations                                             
2026-07-31 11:42:50,211 [INFO] CmdLine:76 -  macc               :   2,789                                                                                 
2026-07-31 11:42:50,211 [INFO] CmdLine:76 -  weights (ro)       :   10,772 B (10.52 KiB) (1 segment)                                                      
2026-07-31 11:42:50,211 [INFO] CmdLine:76 -  activations (rw)   :   384 B (384 B) (1 segment) *                                                           
2026-07-31 11:42:50,211 [INFO] CmdLine:76 -  ram (total)        :   384 B (384 B) = 384 + 0 + 0                                                           
2026-07-31 11:42:50,212 [INFO] CmdLine:76 -  -------------------------------------------------------------------------------------------------------------
2026-07-31 11:42:50,212 [INFO] CmdLine:76 -  (*) 'input'/'output' buffers are allocated in the activations buffer
2026-07-31 11:42:50,216 [INFO] CmdLine:76 - Computing AI RT data/code size (target=stm32l4)..
2026-07-31 11:42:51,675 [INFO] CmdLine:76 -  Requested memory size by section - "stm32l4" target
2026-07-31 11:42:51,675 [INFO] CmdLine:76 -  ------------------------------ ------- -------- ------- -----
2026-07-31 11:42:51,675 [INFO] CmdLine:76 -  module                            text   rodata    data   bss
2026-07-31 11:42:51,675 [INFO] CmdLine:76 -  ------------------------------ ------- -------- ------- -----
2026-07-31 11:42:51,676 [INFO] CmdLine:76 -  NetworkRuntime1020_CM4_GCC.a     6,452        0       0     0
2026-07-31 11:42:51,676 [INFO] CmdLine:76 -  network.o                          528       40   1,584   140
2026-07-31 11:42:51,676 [INFO] CmdLine:76 -  network_data.o                      48       16      88     0
2026-07-31 11:42:51,676 [INFO] CmdLine:76 -  lib (toolchain)*                     0        0       0     0
2026-07-31 11:42:51,676 [INFO] CmdLine:76 -  ------------------------------ ------- -------- ------- -----
2026-07-31 11:42:51,676 [INFO] CmdLine:76 -  RT total**                       7,028       56   1,672   140
2026-07-31 11:42:51,676 [INFO] CmdLine:76 -  ------------------------------ ------- -------- ------- -----
2026-07-31 11:42:51,677 [INFO] CmdLine:76 -  weights                              0   10,776       0     0
2026-07-31 11:42:51,677 [INFO] CmdLine:76 -  activations                          0        0       0   384
2026-07-31 11:42:51,677 [INFO] CmdLine:76 -  io                                   0        0       0     0
2026-07-31 11:42:51,677 [INFO] CmdLine:76 -  ------------------------------ ------- -------- ------- -----
2026-07-31 11:42:51,677 [INFO] CmdLine:76 -  TOTAL                            7,028   10,832   1,672   524
2026-07-31 11:42:51,677 [INFO] CmdLine:76 -  ------------------------------ ------- -------- ------- -----
2026-07-31 11:42:51,678 [INFO] CmdLine:76 -  *  toolchain objects (libm/libgcc*)
2026-07-31 11:42:51,678 [INFO] CmdLine:76 -  ** RT AI runtime objects (kernels+infrastructure)
2026-07-31 11:42:51,678 [INFO] CmdLine:76 -   Summary - "stm32l4" target
2026-07-31 11:42:51,678 [INFO] CmdLine:76 -   ---------------------------------------------------
2026-07-31 11:42:51,678 [INFO] CmdLine:76 -                FLASH (ro)      %*   RAM (rw)       %
2026-07-31 11:42:51,679 [INFO] CmdLine:76 -   ---------------------------------------------------
2026-07-31 11:42:51,679 [INFO] CmdLine:76 -   RT total          8,756   44.8%      1,812   82.5%
2026-07-31 11:42:51,679 [INFO] CmdLine:76 -   ---------------------------------------------------
2026-07-31 11:42:51,679 [INFO] CmdLine:76 -   TOTAL            19,532              2,196
2026-07-31 11:42:51,679 [INFO] CmdLine:76 -   ---------------------------------------------------
2026-07-31 11:42:51,679 [INFO] CmdLine:76 -   *  rt/total
2026-07-31 11:42:51,680 [INFO] CmdLine:76 -  Generated files (7)
2026-07-31 11:42:51,680 [INFO] CmdLine:76 -  ------------------------------------------------------------------
2026-07-31 11:42:51,680 [INFO] CmdLine:76 -  C:\Users\ADMIN\.stm32cubemx\network_output\network_data_params.h
2026-07-31 11:42:51,680 [INFO] CmdLine:76 -  C:\Users\ADMIN\.stm32cubemx\network_output\network_data_params.c
2026-07-31 11:42:51,680 [INFO] CmdLine:76 -  C:\Users\ADMIN\.stm32cubemx\network_output\network_data.h
2026-07-31 11:42:51,680 [INFO] CmdLine:76 -  C:\Users\ADMIN\.stm32cubemx\network_output\network_data.c
2026-07-31 11:42:51,680 [INFO] CmdLine:76 -  C:\Users\ADMIN\.stm32cubemx\network_output\network_config.h
2026-07-31 11:42:51,680 [INFO] CmdLine:76 -  C:\Users\ADMIN\.stm32cubemx\network_output\network.h
2026-07-31 11:42:51,681 [INFO] CmdLine:76 -  C:\Users\ADMIN\.stm32cubemx\network_output\network.c
2026-07-31 11:42:51,681 [INFO] CmdLine:76 - Creating txt report file C:\Users\ADMIN\.stm32cubemx\network_output\network_generate_report.txt
2026-07-31 11:43:02,277 [INFO] CmdLine:76 - elapsed time (generate): 21.722s
2026-07-31 11:43:02,886 [INFO] CmdLine:148 - stedgeai exit with status: 0
2026-07-31 11:43:02,896 [INFO] AIModelDetailledView:2264 - Analysis status: done
2026-07-31 11:43:03,303 [INFO] ProjectBuilder:3606 - Time for Copy HAL[1] : 165mS.
2026-07-31 11:43:03,304 [ERROR] Middleware:2950 - Invalid RefComponent list
2026-07-31 11:43:03,304 [ERROR] Middleware:2950 - Invalid RefComponent list
2026-07-31 11:43:03,304 [ERROR] Middleware:2950 - Invalid RefComponent list
2026-07-31 11:43:03,304 [ERROR] Middleware:2950 - Invalid RefComponent list
2026-07-31 11:43:03,304 [ERROR] Middleware:2950 - Invalid RefComponent list
2026-07-31 11:43:03,304 [ERROR] Middleware:2950 - Invalid RefComponent list
2026-07-31 11:43:03,304 [ERROR] Middleware:2950 - Invalid RefComponent list
2026-07-31 11:43:03,304 [ERROR] Middleware:2950 - Invalid RefComponent list
2026-07-31 11:43:03,304 [ERROR] Middleware:2950 - Invalid RefComponent list
2026-07-31 11:43:03,304 [ERROR] Middleware:2950 - Invalid RefComponent list
2026-07-31 11:43:03,304 [ERROR] Middleware:2950 - Invalid RefComponent list
2026-07-31 11:43:03,304 [ERROR] Middleware:2950 - Invalid RefComponent list
2026-07-31 11:43:03,304 [ERROR] Middleware:2950 - Invalid RefComponent list
2026-07-31 11:43:03,304 [ERROR] Middleware:2950 - Invalid RefComponent list
2026-07-31 11:43:03,304 [ERROR] Middleware:2950 - Invalid RefComponent list
2026-07-31 11:43:03,304 [ERROR] Middleware:2950 - Invalid RefComponent list
2026-07-31 11:43:03,304 [ERROR] Middleware:2950 - Invalid RefComponent list
2026-07-31 11:43:03,304 [ERROR] Middleware:2950 - Invalid RefComponent list
2026-07-31 11:43:03,304 [ERROR] Middleware:2950 - Invalid RefComponent list
2026-07-31 11:43:03,304 [ERROR] Middleware:2950 - Invalid RefComponent list
2026-07-31 11:43:03,304 [ERROR] Middleware:2950 - Invalid RefComponent list
2026-07-31 11:43:03,304 [ERROR] Middleware:2950 - Invalid RefComponent list
2026-07-31 11:43:03,304 [ERROR] Middleware:2950 - Invalid RefComponent list
2026-07-31 11:43:03,304 [ERROR] Middleware:2950 - Invalid RefComponent list
2026-07-31 11:43:03,304 [ERROR] Middleware:2950 - Invalid RefComponent list
2026-07-31 11:43:03,304 [ERROR] Middleware:2950 - Invalid RefComponent list
2026-07-31 11:43:03,304 [ERROR] Middleware:2950 - Invalid RefComponent list
2026-07-31 11:43:03,304 [ERROR] Middleware:2950 - Invalid RefComponent list
2026-07-31 11:43:03,304 [ERROR] Middleware:2950 - Invalid RefComponent list
2026-07-31 11:43:03,304 [ERROR] Middleware:2950 - Invalid RefComponent list
2026-07-31 11:43:03,304 [ERROR] Middleware:2950 - Invalid RefComponent list
2026-07-31 11:43:03,305 [ERROR] Middleware:2950 - Invalid RefComponent list
2026-07-31 11:43:03,305 [ERROR] Middleware:2950 - Invalid RefComponent list
2026-07-31 11:43:03,305 [ERROR] Middleware:2950 - Invalid RefComponent list
2026-07-31 11:43:03,305 [ERROR] Middleware:2950 - Invalid RefComponent list
2026-07-31 11:43:03,305 [ERROR] Middleware:2950 - Invalid RefComponent list
2026-07-31 11:43:03,305 [ERROR] Middleware:2950 - Invalid RefComponent list
2026-07-31 11:43:03,305 [ERROR] Middleware:2950 - Invalid RefComponent list
2026-07-31 11:43:03,305 [ERROR] Middleware:2950 - Invalid RefComponent list
2026-07-31 11:43:03,305 [ERROR] Middleware:2950 - Invalid RefComponent list
2026-07-31 11:43:03,305 [ERROR] Middleware:2950 - Invalid RefComponent list
2026-07-31 11:43:03,305 [ERROR] Middleware:2950 - Invalid RefComponent list
2026-07-31 11:43:03,305 [ERROR] Middleware:2950 - Invalid RefComponent list
2026-07-31 11:43:03,305 [ERROR] Middleware:2950 - Invalid RefComponent list
2026-07-31 11:43:03,305 [ERROR] Middleware:2950 - Invalid RefComponent list
2026-07-31 11:43:03,305 [ERROR] Middleware:2950 - Invalid RefComponent list
2026-07-31 11:43:03,305 [ERROR] Middleware:2950 - Invalid RefComponent list
2026-07-31 11:43:03,305 [ERROR] Middleware:2950 - Invalid RefComponent list
2026-07-31 11:43:03,305 [ERROR] Middleware:2950 - Invalid RefComponent list
2026-07-31 11:43:03,305 [ERROR] Middleware:2950 - Invalid RefComponent list
2026-07-31 11:43:03,308 [INFO] ProjectBuilder:5216 - Project Generator version: 4.7.0-B52
2026-07-31 11:43:03,392 [INFO] ConfigFileManager:1595 - The Die is : DIE470
2026-07-31 11:43:04,050 [INFO] ProjectBuilder:5496 - Time for Generating toolchain IDE Files: 742mS.
2026-07-31 11:43:04,051 [INFO] ProjectBuilder:3463 - Time for Copy CMSIS : 0mS.
2026-07-31 11:43:04,053 [INFO] ProjectBuilder:3463 - Time for Copy CMSIS : 0mS.
2026-07-31 11:44:23,444 [INFO] UtilMem:75 - End SaveConfig() Used Memory: 603803984 Bytes (1073741824)
2026-07-31 11:44:25,234 [INFO] UtilMem:75 - End SaveConfig() Used Memory: 645220688 Bytes (1073741824)
2026-07-31 11:44:25,466 [INFO] UtilMem:75 - End SaveConfig() Used Memory: 748153896 Bytes (1073741824)
2026-07-31 11:44:25,680 [INFO] BlockDiagram:2775 - set Specific Code input for plugin: SYS
2026-07-31 11:44:25,680 [INFO] BlockDiagram:2775 - set Specific Code input for plugin: RCC
2026-07-31 11:44:25,680 [INFO] BlockDiagram:2775 - set Specific Code input for plugin: I2C
2026-07-31 11:44:25,680 [INFO] BlockDiagram:2775 - set Specific Code input for plugin: NVIC
2026-07-31 11:44:25,680 [INFO] BlockDiagram:2775 - set Specific Code input for plugin: USART
2026-07-31 11:44:25,680 [INFO] BlockDiagram:2775 - set Specific Code input for plugin: STMicroelectronics.X-CUBE-AI.10.2.1
2026-07-31 11:44:25,681 [INFO] BlockDiagram:2775 - set Specific Code input for plugin: GPIO
2026-07-31 11:44:25,683 [INFO] CodeGenerator:892 - code generatio: config db path: C:\ST\STM32CubeIDE_1.19.0\STM32CubeIDE\plugins\com.st.stm32cube.common.mx_6.15.0.202507011659\\db\
2026-07-31 11:44:25,760 [INFO] IP:3329 - RTE Config file name : RTE_Component
2026-07-31 11:44:25,760 [INFO] IP:3347 - RTE template : RTE_Components.ftl
2026-07-31 11:44:25,768 [INFO] CodeEngine:265 - oldGeneratedFile, D:\Anusha_TinyML_FDP\TinyML_Workshop_Nitte-\STM32\Deep_Learning_Inference\MXTmpFiles\license.tmp_save
2026-07-31 11:44:25,843 [INFO] CodeEngine:289 - Generated code: D:\Anusha_TinyML_FDP\TinyML_Workshop_Nitte-\STM32\Deep_Learning_Inference\MXTmpFiles\license.tmp
2026-07-31 11:44:25,862 [INFO] CodeEngine:265 - oldGeneratedFile, D:\Anusha_TinyML_FDP\TinyML_Workshop_Nitte-\STM32\Deep_Learning_Inference\MXTmpFiles\gpio.tmp_save
2026-07-31 11:44:25,927 [INFO] CodeEngine:289 - Generated code: D:\Anusha_TinyML_FDP\TinyML_Workshop_Nitte-\STM32\Deep_Learning_Inference\MXTmpFiles\gpio.tmp
2026-07-31 11:44:25,998 [INFO] Middleware:1452 - No code input for Bsp Dependency
2026-07-31 11:44:25,999 [INFO] Middleware:1452 - No code input for Bsp Dependency
2026-07-31 11:44:26,009 [INFO] CodeEngine:265 - oldGeneratedFile, D:\Anusha_TinyML_FDP\TinyML_Workshop_Nitte-\STM32\Deep_Learning_Inference\Core\Src\stm32l4xx_it.c_save
2026-07-31 11:44:26,103 [INFO] CodeEngine:289 - Generated code: D:\Anusha_TinyML_FDP\TinyML_Workshop_Nitte-\STM32\Deep_Learning_Inference\Core\Src\stm32l4xx_it.c
2026-07-31 11:44:26,108 [INFO] CodeEngine:265 - oldGeneratedFile, D:\Anusha_TinyML_FDP\TinyML_Workshop_Nitte-\STM32\Deep_Learning_Inference\Core\Inc\stm32l4xx_it.h_save
2026-07-31 11:44:26,184 [INFO] CodeEngine:289 - Generated code: D:\Anusha_TinyML_FDP\TinyML_Workshop_Nitte-\STM32\Deep_Learning_Inference\Core\Inc\stm32l4xx_it.h
2026-07-31 11:44:26,197 [INFO] CodeEngine:265 - oldGeneratedFile, D:\Anusha_TinyML_FDP\TinyML_Workshop_Nitte-\STM32\Deep_Learning_Inference\Core\Src\stm32l4xx_hal_msp.c_save
2026-07-31 11:44:26,309 [INFO] CodeEngine:289 - Generated code: D:\Anusha_TinyML_FDP\TinyML_Workshop_Nitte-\STM32\Deep_Learning_Inference\Core\Src\stm32l4xx_hal_msp.c
2026-07-31 11:44:26,313 [INFO] CodeEngine:265 - oldGeneratedFile, D:\Anusha_TinyML_FDP\TinyML_Workshop_Nitte-\STM32\Deep_Learning_Inference\MXTmpFiles\system.tmp_save
2026-07-31 11:44:26,376 [INFO] CodeEngine:289 - Generated code: D:\Anusha_TinyML_FDP\TinyML_Workshop_Nitte-\STM32\Deep_Learning_Inference\MXTmpFiles\system.tmp
2026-07-31 11:44:26,385 [INFO] CodeEngine:321 - oldGeneratedFile, D:\Anusha_TinyML_FDP\TinyML_Workshop_Nitte-\STM32\Deep_Learning_Inference\Core\Inc\stm32l4xx_hal_conf.h_save
2026-07-31 11:44:26,466 [INFO] CodeEngine:345 - Generated code: D:\Anusha_TinyML_FDP\TinyML_Workshop_Nitte-\STM32\Deep_Learning_Inference\Core\Inc\stm32l4xx_hal_conf.h
2026-07-31 11:44:26,486 [INFO] CodeEngine:265 - oldGeneratedFile, D:\Anusha_TinyML_FDP\TinyML_Workshop_Nitte-\STM32\Deep_Learning_Inference\Core\Inc\main.h_save
2026-07-31 11:44:26,555 [INFO] CodeEngine:289 - Generated code: D:\Anusha_TinyML_FDP\TinyML_Workshop_Nitte-\STM32\Deep_Learning_Inference\Core\Inc\main.h
2026-07-31 11:44:26,560 [INFO] CodeEngine:265 - oldGeneratedFile, D:\Anusha_TinyML_FDP\TinyML_Workshop_Nitte-\STM32\Deep_Learning_Inference\Core\Src\main.c_save
2026-07-31 11:44:26,679 [INFO] CodeEngine:289 - Generated code: D:\Anusha_TinyML_FDP\TinyML_Workshop_Nitte-\STM32\Deep_Learning_Inference\Core\Src\main.c
2026-07-31 11:44:27,028 [INFO] AInterface:322 - ModelName:network; files:[D:\Anusha_TinyML_FDP\TinyML_Workshop_Nitte-\ONNX\mlp_model.onnx]; type:ONNX; compression:None
2026-07-31 11:44:27,028 [INFO] AInterface:526 - workspaceTempDir: C:/Users/ADMIN/AppData/Local/Temp/mxAI_workspace90765441556202004805731575714216133
2026-07-31 11:44:27,028 [INFO] AInterface:1179 - Setting Env: C:/Users/ADMIN/STM32Cube/Repository//Packs/STMicroelectronics/X-CUBE-AI/10.2.1/Utilities/windows
2026-07-31 11:44:27,032 [INFO] STM32CubeIDEBuilder:265 - Looking for gnu-tools-for-stm32 tools/bin/arm-none-eabi-gcc.exe in C:\ST\STM32CubeIDE_1.19.0\STM32CubeIDE
2026-07-31 11:44:27,035 [INFO] STM32CubeIDEBuilder:294 - checking C:\ST\STM32CubeIDE_1.19.0\STM32CubeIDE\plugins\com.st.stm32cube.ide.mcu.externaltools.gnu-tools-for-stm32.13.3.rel1.win32_1.0.0.202411081344\tools\bin\arm-none-eabi-gcc.exe
2026-07-31 11:44:27,035 [INFO] STM32CubeIDEBuilder:297 - ret=C:\ST\STM32CubeIDE_1.19.0\STM32CubeIDE\plugins\com.st.stm32cube.ide.mcu.externaltools.gnu-tools-for-stm32.13.3.rel1.win32_1.0.0.202411081344\tools\bin\arm-none-eabi-gcc.exe
2026-07-31 11:44:27,035 [INFO] STM32CubeIDEBuilder:311 - returning C:\ST\STM32CubeIDE_1.19.0\STM32CubeIDE\plugins\com.st.stm32cube.ide.mcu.externaltools.gnu-tools-for-stm32.13.3.rel1.win32_1.0.0.202411081344\tools\bin\arm-none-eabi-gcc.exe
2026-07-31 11:44:27,036 [INFO] AInterface:1236 - Custom PATH variable: C:/Users/ADMIN/STM32Cube/Repository//Packs/STMicroelectronics/X-CUBE-AI/10.2.1/Utilities/windows;C:/Users/ADMIN/STM32Cube/Repository//Packs/STMicroelectronics/X-CUBE-AI/10.2.1/Utilities/windows/mingw64/bin;C:/Users/ADMIN/STM32Cube/Repository//Packs/STMicroelectronics/X-CUBE-AI/10.2.1/Utilities/windows/mingw64/libexec/gcc/x86_64-w64-mingw32/7.3.0;;C:\ST\STM32CubeIDE_1.19.0\STM32CubeIDE\plugins\com.st.stm32cube.ide.mcu.externaltools.gnu-tools-for-stm32.13.3.rel1.win32_1.0.0.202411081344\tools\bin
2026-07-31 11:44:27,037 [INFO] CmdLine:115 - Command: C:/Users/ADMIN/STM32Cube/Repository//Packs/STMicroelectronics/X-CUBE-AI/10.2.1/Utilities/windows/stedgeai.exe generate --target stm32l4 --name network -m D:/Anusha_TinyML_FDP/TinyML_Workshop_Nitte-/ONNX/mlp_model.onnx --compression none --verbosity 1 --workspace C:/Users/ADMIN/AppData/Local/Temp/mxAI_workspace90765441556202004805731575714216133 --output C:/Users/ADMIN/.stm32cubemx/network_output
2026-07-31 11:44:27,038 [INFO] AIModelDetailledView:2264 - Analysis status: pending
2026-07-31 11:44:27,811 [INFO] CmdLine:76 - ST Edge AI Core v2.2.0-20266 2adc00962
2026-07-31 11:44:37,436 [INFO] CmdLine:76 - Creating c (debug) info json file C:\Users\ADMIN\.stm32cubemx\network_output\network_c_info.json
2026-07-31 11:44:37,461 [INFO] CmdLine:76 -  
2026-07-31 11:44:37,461 [INFO] CmdLine:76 -  Exec/report summary (generate)
2026-07-31 11:44:37,461 [INFO] CmdLine:76 -  -------------------------------------------------------------------------------------------------------------
2026-07-31 11:44:37,461 [INFO] CmdLine:76 -  model file         :   D:\Anusha_TinyML_FDP\TinyML_Workshop_Nitte-\ONNX\mlp_model.onnx                       
2026-07-31 11:44:37,461 [INFO] CmdLine:76 -  type               :   onnx                                                                                  
2026-07-31 11:44:37,461 [INFO] CmdLine:76 -  c_name             :   network                                                                               
2026-07-31 11:44:37,461 [INFO] CmdLine:76 -  compression        :   none                                                                                  
2026-07-31 11:44:37,461 [INFO] CmdLine:76 -  options            :   allocate-inputs, allocate-outputs                                                     
2026-07-31 11:44:37,462 [INFO] CmdLine:76 -  optimization       :   balanced                                                                              
2026-07-31 11:44:37,462 [INFO] CmdLine:76 -  target/series      :   stm32l4                                                                               
2026-07-31 11:44:37,462 [INFO] CmdLine:76 -  workspace dir      :   C:\Users\ADMIN\AppData\Local\Temp\mxAI_workspace90765441556202004805731575714216133   
2026-07-31 11:44:37,462 [INFO] CmdLine:76 -  output dir         :   C:\Users\ADMIN\.stm32cubemx\network_output                                            
2026-07-31 11:44:37,462 [INFO] CmdLine:76 -  model_fmt          :   float                                                                                 
2026-07-31 11:44:37,462 [INFO] CmdLine:76 -  model_name         :   mlp_model                                                                             
2026-07-31 11:44:37,462 [INFO] CmdLine:76 -  model_hash         :   0xdeea65ffd24f71ddeacb634c57bdc030                                                    
2026-07-31 11:44:37,462 [INFO] CmdLine:76 -  params #           :   2,693 items (10.52 KiB)                                                               
2026-07-31 11:44:37,462 [INFO] CmdLine:76 -  -------------------------------------------------------------------------------------------------------------
2026-07-31 11:44:37,462 [INFO] CmdLine:76 -  input 1/1          :   'input', f32(1x6), 24 Bytes, activations                                              
2026-07-31 11:44:37,462 [INFO] CmdLine:76 -  output 1/1         :   'output', f32(1x5), 20 Bytes, activations                                             
2026-07-31 11:44:37,462 [INFO] CmdLine:76 -  macc               :   2,789                                                                                 
2026-07-31 11:44:37,462 [INFO] CmdLine:76 -  weights (ro)       :   10,772 B (10.52 KiB) (1 segment)                                                      
2026-07-31 11:44:37,462 [INFO] CmdLine:76 -  activations (rw)   :   384 B (384 B) (1 segment) *                                                           
2026-07-31 11:44:37,462 [INFO] CmdLine:76 -  ram (total)        :   384 B (384 B) = 384 + 0 + 0                                                           
2026-07-31 11:44:37,462 [INFO] CmdLine:76 -  -------------------------------------------------------------------------------------------------------------
2026-07-31 11:44:37,463 [INFO] CmdLine:76 -  (*) 'input'/'output' buffers are allocated in the activations buffer
2026-07-31 11:44:37,468 [INFO] CmdLine:76 - Computing AI RT data/code size (target=stm32l4)..
2026-07-31 11:44:38,957 [INFO] CmdLine:76 -  Requested memory size by section - "stm32l4" target
2026-07-31 11:44:38,958 [INFO] CmdLine:76 -  ------------------------------ ------- -------- ------- -----
2026-07-31 11:44:38,958 [INFO] CmdLine:76 -  module                            text   rodata    data   bss
2026-07-31 11:44:38,958 [INFO] CmdLine:76 -  ------------------------------ ------- -------- ------- -----
2026-07-31 11:44:38,958 [INFO] CmdLine:76 -  NetworkRuntime1020_CM4_GCC.a     6,452        0       0     0
2026-07-31 11:44:38,958 [INFO] CmdLine:76 -  network.o                          528       40   1,584   140
2026-07-31 11:44:38,958 [INFO] CmdLine:76 -  network_data.o                      48       16      88     0
2026-07-31 11:44:38,958 [INFO] CmdLine:76 -  lib (toolchain)*                     0        0       0     0
2026-07-31 11:44:38,958 [INFO] CmdLine:76 -  ------------------------------ ------- -------- ------- -----
2026-07-31 11:44:38,959 [INFO] CmdLine:76 -  RT total**                       7,028       56   1,672   140
2026-07-31 11:44:38,959 [INFO] CmdLine:76 -  ------------------------------ ------- -------- ------- -----
2026-07-31 11:44:38,959 [INFO] CmdLine:76 -  weights                              0   10,776       0     0
2026-07-31 11:44:38,959 [INFO] CmdLine:76 -  activations                          0        0       0   384
2026-07-31 11:44:38,959 [INFO] CmdLine:76 -  io                                   0        0       0     0
2026-07-31 11:44:38,959 [INFO] CmdLine:76 -  ------------------------------ ------- -------- ------- -----
2026-07-31 11:44:38,959 [INFO] CmdLine:76 -  TOTAL                            7,028   10,832   1,672   524
2026-07-31 11:44:38,959 [INFO] CmdLine:76 -  ------------------------------ ------- -------- ------- -----
2026-07-31 11:44:38,959 [INFO] CmdLine:76 -  *  toolchain objects (libm/libgcc*)
2026-07-31 11:44:38,959 [INFO] CmdLine:76 -  ** RT AI runtime objects (kernels+infrastructure)
2026-07-31 11:44:38,960 [INFO] CmdLine:76 -   Summary - "stm32l4" target
2026-07-31 11:44:38,960 [INFO] CmdLine:76 -   ---------------------------------------------------
2026-07-31 11:44:38,960 [INFO] CmdLine:76 -                FLASH (ro)      %*   RAM (rw)       %
2026-07-31 11:44:38,961 [INFO] CmdLine:76 -   ---------------------------------------------------
2026-07-31 11:44:38,961 [INFO] CmdLine:76 -   RT total          8,756   44.8%      1,812   82.5%
2026-07-31 11:44:38,961 [INFO] CmdLine:76 -   ---------------------------------------------------
2026-07-31 11:44:38,961 [INFO] CmdLine:76 -   TOTAL            19,532              2,196
2026-07-31 11:44:38,961 [INFO] CmdLine:76 -   ---------------------------------------------------
2026-07-31 11:44:38,961 [INFO] CmdLine:76 -   *  rt/total
2026-07-31 11:44:38,962 [INFO] CmdLine:76 -  Generated files (7)
2026-07-31 11:44:38,962 [INFO] CmdLine:76 -  ------------------------------------------------------------------
2026-07-31 11:44:38,962 [INFO] CmdLine:76 -  C:\Users\ADMIN\.stm32cubemx\network_output\network_data_params.h
2026-07-31 11:44:38,962 [INFO] CmdLine:76 -  C:\Users\ADMIN\.stm32cubemx\network_output\network_data_params.c
2026-07-31 11:44:38,962 [INFO] CmdLine:76 -  C:\Users\ADMIN\.stm32cubemx\network_output\network_data.h
2026-07-31 11:44:38,962 [INFO] CmdLine:76 -  C:\Users\ADMIN\.stm32cubemx\network_output\network_data.c
2026-07-31 11:44:38,962 [INFO] CmdLine:76 -  C:\Users\ADMIN\.stm32cubemx\network_output\network_config.h
2026-07-31 11:44:38,963 [INFO] CmdLine:76 -  C:\Users\ADMIN\.stm32cubemx\network_output\network.h
2026-07-31 11:44:38,963 [INFO] CmdLine:76 -  C:\Users\ADMIN\.stm32cubemx\network_output\network.c
2026-07-31 11:44:38,963 [INFO] CmdLine:76 - Creating txt report file C:\Users\ADMIN\.stm32cubemx\network_output\network_generate_report.txt
2026-07-31 11:44:50,580 [INFO] CmdLine:76 - elapsed time (generate): 22.770s
2026-07-31 11:44:51,241 [INFO] CmdLine:148 - stedgeai exit with status: 0
2026-07-31 11:44:51,250 [INFO] AIModelDetailledView:2264 - Analysis status: done
2026-07-31 11:44:51,708 [INFO] ProjectBuilder:3606 - Time for Copy HAL[1] : 195mS.
2026-07-31 11:44:51,709 [ERROR] Middleware:2950 - Invalid RefComponent list
2026-07-31 11:44:51,709 [ERROR] Middleware:2950 - Invalid RefComponent list
2026-07-31 11:44:51,709 [ERROR] Middleware:2950 - Invalid RefComponent list
2026-07-31 11:44:51,709 [ERROR] Middleware:2950 - Invalid RefComponent list
2026-07-31 11:44:51,709 [ERROR] Middleware:2950 - Invalid RefComponent list
2026-07-31 11:44:51,709 [ERROR] Middleware:2950 - Invalid RefComponent list
2026-07-31 11:44:51,709 [ERROR] Middleware:2950 - Invalid RefComponent list
2026-07-31 11:44:51,709 [ERROR] Middleware:2950 - Invalid RefComponent list
2026-07-31 11:44:51,709 [ERROR] Middleware:2950 - Invalid RefComponent list
2026-07-31 11:44:51,709 [ERROR] Middleware:2950 - Invalid RefComponent list
2026-07-31 11:44:51,709 [ERROR] Middleware:2950 - Invalid RefComponent list
2026-07-31 11:44:51,709 [ERROR] Middleware:2950 - Invalid RefComponent list
2026-07-31 11:44:51,709 [ERROR] Middleware:2950 - Invalid RefComponent list
2026-07-31 11:44:51,709 [ERROR] Middleware:2950 - Invalid RefComponent list
2026-07-31 11:44:51,709 [ERROR] Middleware:2950 - Invalid RefComponent list
2026-07-31 11:44:51,709 [ERROR] Middleware:2950 - Invalid RefComponent list
2026-07-31 11:44:51,709 [ERROR] Middleware:2950 - Invalid RefComponent list
2026-07-31 11:44:51,709 [ERROR] Middleware:2950 - Invalid RefComponent list
2026-07-31 11:44:51,709 [ERROR] Middleware:2950 - Invalid RefComponent list
2026-07-31 11:44:51,709 [ERROR] Middleware:2950 - Invalid RefComponent list
2026-07-31 11:44:51,709 [ERROR] Middleware:2950 - Invalid RefComponent list
2026-07-31 11:44:51,709 [ERROR] Middleware:2950 - Invalid RefComponent list
2026-07-31 11:44:51,709 [ERROR] Middleware:2950 - Invalid RefComponent list
2026-07-31 11:44:51,709 [ERROR] Middleware:2950 - Invalid RefComponent list
2026-07-31 11:44:51,709 [ERROR] Middleware:2950 - Invalid RefComponent list
2026-07-31 11:44:51,709 [ERROR] Middleware:2950 - Invalid RefComponent list
2026-07-31 11:44:51,709 [ERROR] Middleware:2950 - Invalid RefComponent list
2026-07-31 11:44:51,710 [ERROR] Middleware:2950 - Invalid RefComponent list
2026-07-31 11:44:51,710 [ERROR] Middleware:2950 - Invalid RefComponent list
2026-07-31 11:44:51,710 [ERROR] Middleware:2950 - Invalid RefComponent list
2026-07-31 11:44:51,710 [ERROR] Middleware:2950 - Invalid RefComponent list
2026-07-31 11:44:51,710 [ERROR] Middleware:2950 - Invalid RefComponent list
2026-07-31 11:44:51,710 [ERROR] Middleware:2950 - Invalid RefComponent list
2026-07-31 11:44:51,710 [ERROR] Middleware:2950 - Invalid RefComponent list
2026-07-31 11:44:51,710 [ERROR] Middleware:2950 - Invalid RefComponent list
2026-07-31 11:44:51,710 [ERROR] Middleware:2950 - Invalid RefComponent list
2026-07-31 11:44:51,710 [ERROR] Middleware:2950 - Invalid RefComponent list
2026-07-31 11:44:51,710 [ERROR] Middleware:2950 - Invalid RefComponent list
2026-07-31 11:44:51,710 [ERROR] Middleware:2950 - Invalid RefComponent list
2026-07-31 11:44:51,710 [ERROR] Middleware:2950 - Invalid RefComponent list
2026-07-31 11:44:51,710 [ERROR] Middleware:2950 - Invalid RefComponent list
2026-07-31 11:44:51,710 [ERROR] Middleware:2950 - Invalid RefComponent list
2026-07-31 11:44:51,710 [ERROR] Middleware:2950 - Invalid RefComponent list
2026-07-31 11:44:51,710 [ERROR] Middleware:2950 - Invalid RefComponent list
2026-07-31 11:44:51,710 [ERROR] Middleware:2950 - Invalid RefComponent list
2026-07-31 11:44:51,710 [ERROR] Middleware:2950 - Invalid RefComponent list
2026-07-31 11:44:51,710 [ERROR] Middleware:2950 - Invalid RefComponent list
2026-07-31 11:44:51,710 [ERROR] Middleware:2950 - Invalid RefComponent list
2026-07-31 11:44:51,710 [ERROR] Middleware:2950 - Invalid RefComponent list
2026-07-31 11:44:51,710 [ERROR] Middleware:2950 - Invalid RefComponent list
2026-07-31 11:44:51,713 [INFO] ProjectBuilder:5216 - Project Generator version: 4.7.0-B52
2026-07-31 11:44:51,796 [INFO] ConfigFileManager:1595 - The Die is : DIE470
2026-07-31 11:44:52,406 [INFO] ProjectBuilder:5496 - Time for Generating toolchain IDE Files: 693mS.
2026-07-31 11:44:52,407 [INFO] ProjectBuilder:3463 - Time for Copy CMSIS : 1mS.
2026-07-31 11:44:52,408 [INFO] ProjectBuilder:3463 - Time for Copy CMSIS : 0mS.
2026-07-31 11:44:52,727 [INFO] UtilMem:75 - End SaveConfig() Used Memory: 946592616 Bytes (1073741824)
2026-07-31 11:45:11,778 [INFO] UtilMem:75 - End SaveConfig() Used Memory: 513222808 Bytes (1073741824)
2026-07-31 11:45:12,027 [INFO] UtilMem:75 - End SaveConfig() Used Memory: 556736664 Bytes (1073741824)
2026-07-31 11:45:12,210 [INFO] BlockDiagram:2775 - set Specific Code input for plugin: SYS
2026-07-31 11:45:12,210 [INFO] BlockDiagram:2775 - set Specific Code input for plugin: RCC
2026-07-31 11:45:12,210 [INFO] BlockDiagram:2775 - set Specific Code input for plugin: I2C
2026-07-31 11:45:12,210 [INFO] BlockDiagram:2775 - set Specific Code input for plugin: NVIC
2026-07-31 11:45:12,210 [INFO] BlockDiagram:2775 - set Specific Code input for plugin: USART
2026-07-31 11:45:12,210 [INFO] BlockDiagram:2775 - set Specific Code input for plugin: STMicroelectronics.X-CUBE-AI.10.2.1
2026-07-31 11:45:12,210 [INFO] BlockDiagram:2775 - set Specific Code input for plugin: GPIO
2026-07-31 11:45:12,210 [INFO] CodeGenerator:892 - code generatio: config db path: C:\ST\STM32CubeIDE_1.19.0\STM32CubeIDE\plugins\com.st.stm32cube.common.mx_6.15.0.202507011659\\db\
2026-07-31 11:45:12,294 [INFO] IP:3329 - RTE Config file name : RTE_Component
2026-07-31 11:45:12,294 [INFO] IP:3347 - RTE template : RTE_Components.ftl
2026-07-31 11:45:12,309 [INFO] CodeEngine:265 - oldGeneratedFile, D:\Anusha_TinyML_FDP\TinyML_Workshop_Nitte-\STM32\Deep_Learning_Inference\MXTmpFiles\license.tmp_save
2026-07-31 11:45:12,377 [INFO] CodeEngine:289 - Generated code: D:\Anusha_TinyML_FDP\TinyML_Workshop_Nitte-\STM32\Deep_Learning_Inference\MXTmpFiles\license.tmp
2026-07-31 11:45:12,394 [INFO] CodeEngine:265 - oldGeneratedFile, D:\Anusha_TinyML_FDP\TinyML_Workshop_Nitte-\STM32\Deep_Learning_Inference\MXTmpFiles\gpio.tmp_save
2026-07-31 11:45:12,477 [INFO] CodeEngine:289 - Generated code: D:\Anusha_TinyML_FDP\TinyML_Workshop_Nitte-\STM32\Deep_Learning_Inference\MXTmpFiles\gpio.tmp
2026-07-31 11:45:12,544 [INFO] Middleware:1452 - No code input for Bsp Dependency
2026-07-31 11:45:12,544 [INFO] Middleware:1452 - No code input for Bsp Dependency
2026-07-31 11:45:12,560 [INFO] CodeEngine:265 - oldGeneratedFile, D:\Anusha_TinyML_FDP\TinyML_Workshop_Nitte-\STM32\Deep_Learning_Inference\Core\Src\stm32l4xx_it.c_save
2026-07-31 11:45:12,627 [INFO] CodeEngine:289 - Generated code: D:\Anusha_TinyML_FDP\TinyML_Workshop_Nitte-\STM32\Deep_Learning_Inference\Core\Src\stm32l4xx_it.c
2026-07-31 11:45:12,643 [INFO] CodeEngine:265 - oldGeneratedFile, D:\Anusha_TinyML_FDP\TinyML_Workshop_Nitte-\STM32\Deep_Learning_Inference\Core\Inc\stm32l4xx_it.h_save
2026-07-31 11:45:12,709 [INFO] CodeEngine:289 - Generated code: D:\Anusha_TinyML_FDP\TinyML_Workshop_Nitte-\STM32\Deep_Learning_Inference\Core\Inc\stm32l4xx_it.h
2026-07-31 11:45:12,710 [INFO] CodeEngine:265 - oldGeneratedFile, D:\Anusha_TinyML_FDP\TinyML_Workshop_Nitte-\STM32\Deep_Learning_Inference\Core\Src\stm32l4xx_hal_msp.c_save
2026-07-31 11:45:12,810 [INFO] CodeEngine:289 - Generated code: D:\Anusha_TinyML_FDP\TinyML_Workshop_Nitte-\STM32\Deep_Learning_Inference\Core\Src\stm32l4xx_hal_msp.c
2026-07-31 11:45:12,810 [INFO] CodeEngine:265 - oldGeneratedFile, D:\Anusha_TinyML_FDP\TinyML_Workshop_Nitte-\STM32\Deep_Learning_Inference\MXTmpFiles\system.tmp_save
2026-07-31 11:45:12,877 [INFO] CodeEngine:289 - Generated code: D:\Anusha_TinyML_FDP\TinyML_Workshop_Nitte-\STM32\Deep_Learning_Inference\MXTmpFiles\system.tmp
2026-07-31 11:45:12,893 [INFO] CodeEngine:321 - oldGeneratedFile, D:\Anusha_TinyML_FDP\TinyML_Workshop_Nitte-\STM32\Deep_Learning_Inference\Core\Inc\stm32l4xx_hal_conf.h_save
2026-07-31 11:45:12,975 [INFO] CodeEngine:345 - Generated code: D:\Anusha_TinyML_FDP\TinyML_Workshop_Nitte-\STM32\Deep_Learning_Inference\Core\Inc\stm32l4xx_hal_conf.h
2026-07-31 11:45:12,994 [INFO] CodeEngine:265 - oldGeneratedFile, D:\Anusha_TinyML_FDP\TinyML_Workshop_Nitte-\STM32\Deep_Learning_Inference\Core\Inc\main.h_save
2026-07-31 11:45:13,060 [INFO] CodeEngine:289 - Generated code: D:\Anusha_TinyML_FDP\TinyML_Workshop_Nitte-\STM32\Deep_Learning_Inference\Core\Inc\main.h
2026-07-31 11:45:13,060 [INFO] CodeEngine:265 - oldGeneratedFile, D:\Anusha_TinyML_FDP\TinyML_Workshop_Nitte-\STM32\Deep_Learning_Inference\Core\Src\main.c_save
2026-07-31 11:45:13,160 [INFO] CodeEngine:289 - Generated code: D:\Anusha_TinyML_FDP\TinyML_Workshop_Nitte-\STM32\Deep_Learning_Inference\Core\Src\main.c
2026-07-31 11:45:13,510 [INFO] AInterface:322 - ModelName:network; files:[D:\Anusha_TinyML_FDP\TinyML_Workshop_Nitte-\ONNX\mlp_model.onnx]; type:ONNX; compression:None
2026-07-31 11:45:13,510 [INFO] AInterface:526 - workspaceTempDir: C:/Users/ADMIN/AppData/Local/Temp/mxAI_workspace90765906434761001691585760974189267
2026-07-31 11:45:13,510 [INFO] AInterface:1179 - Setting Env: C:/Users/ADMIN/STM32Cube/Repository//Packs/STMicroelectronics/X-CUBE-AI/10.2.1/Utilities/windows
2026-07-31 11:45:13,510 [INFO] STM32CubeIDEBuilder:265 - Looking for gnu-tools-for-stm32 tools/bin/arm-none-eabi-gcc.exe in C:\ST\STM32CubeIDE_1.19.0\STM32CubeIDE
2026-07-31 11:45:13,510 [INFO] STM32CubeIDEBuilder:294 - checking C:\ST\STM32CubeIDE_1.19.0\STM32CubeIDE\plugins\com.st.stm32cube.ide.mcu.externaltools.gnu-tools-for-stm32.13.3.rel1.win32_1.0.0.202411081344\tools\bin\arm-none-eabi-gcc.exe
2026-07-31 11:45:13,510 [INFO] STM32CubeIDEBuilder:297 - ret=C:\ST\STM32CubeIDE_1.19.0\STM32CubeIDE\plugins\com.st.stm32cube.ide.mcu.externaltools.gnu-tools-for-stm32.13.3.rel1.win32_1.0.0.202411081344\tools\bin\arm-none-eabi-gcc.exe
2026-07-31 11:45:13,510 [INFO] STM32CubeIDEBuilder:311 - returning C:\ST\STM32CubeIDE_1.19.0\STM32CubeIDE\plugins\com.st.stm32cube.ide.mcu.externaltools.gnu-tools-for-stm32.13.3.rel1.win32_1.0.0.202411081344\tools\bin\arm-none-eabi-gcc.exe
2026-07-31 11:45:13,510 [INFO] AInterface:1236 - Custom PATH variable: C:/Users/ADMIN/STM32Cube/Repository//Packs/STMicroelectronics/X-CUBE-AI/10.2.1/Utilities/windows;C:/Users/ADMIN/STM32Cube/Repository//Packs/STMicroelectronics/X-CUBE-AI/10.2.1/Utilities/windows/mingw64/bin;C:/Users/ADMIN/STM32Cube/Repository//Packs/STMicroelectronics/X-CUBE-AI/10.2.1/Utilities/windows/mingw64/libexec/gcc/x86_64-w64-mingw32/7.3.0;;C:\ST\STM32CubeIDE_1.19.0\STM32CubeIDE\plugins\com.st.stm32cube.ide.mcu.externaltools.gnu-tools-for-stm32.13.3.rel1.win32_1.0.0.202411081344\tools\bin
2026-07-31 11:45:13,510 [INFO] CmdLine:115 - Command: C:/Users/ADMIN/STM32Cube/Repository//Packs/STMicroelectronics/X-CUBE-AI/10.2.1/Utilities/windows/stedgeai.exe generate --target stm32l4 --name network -m D:/Anusha_TinyML_FDP/TinyML_Workshop_Nitte-/ONNX/mlp_model.onnx --compression none --verbosity 1 --workspace C:/Users/ADMIN/AppData/Local/Temp/mxAI_workspace90765906434761001691585760974189267 --output C:/Users/ADMIN/.stm32cubemx/network_output
2026-07-31 11:45:13,525 [INFO] AIModelDetailledView:2264 - Analysis status: pending
2026-07-31 11:45:14,326 [INFO] CmdLine:76 - ST Edge AI Core v2.2.0-20266 2adc00962
2026-07-31 11:45:24,043 [INFO] CmdLine:76 - Creating c (debug) info json file C:\Users\ADMIN\.stm32cubemx\network_output\network_c_info.json
2026-07-31 11:45:24,072 [INFO] CmdLine:76 -  
2026-07-31 11:45:24,072 [INFO] CmdLine:76 -  Exec/report summary (generate)
2026-07-31 11:45:24,072 [INFO] CmdLine:76 -  -------------------------------------------------------------------------------------------------------------
2026-07-31 11:45:24,073 [INFO] CmdLine:76 -  model file         :   D:\Anusha_TinyML_FDP\TinyML_Workshop_Nitte-\ONNX\mlp_model.onnx                       
2026-07-31 11:45:24,073 [INFO] CmdLine:76 -  type               :   onnx                                                                                  
2026-07-31 11:45:24,073 [INFO] CmdLine:76 -  c_name             :   network                                                                               
2026-07-31 11:45:24,073 [INFO] CmdLine:76 -  compression        :   none                                                                                  
2026-07-31 11:45:24,073 [INFO] CmdLine:76 -  options            :   allocate-inputs, allocate-outputs                                                     
2026-07-31 11:45:24,073 [INFO] CmdLine:76 -  optimization       :   balanced                                                                              
2026-07-31 11:45:24,073 [INFO] CmdLine:76 -  target/series      :   stm32l4                                                                               
2026-07-31 11:45:24,074 [INFO] CmdLine:76 -  workspace dir      :   C:\Users\ADMIN\AppData\Local\Temp\mxAI_workspace90765906434761001691585760974189267   
2026-07-31 11:45:24,074 [INFO] CmdLine:76 -  output dir         :   C:\Users\ADMIN\.stm32cubemx\network_output                                            
2026-07-31 11:45:24,074 [INFO] CmdLine:76 -  model_fmt          :   float                                                                                 
2026-07-31 11:45:24,074 [INFO] CmdLine:76 -  model_name         :   mlp_model                                                                             
2026-07-31 11:45:24,074 [INFO] CmdLine:76 -  model_hash         :   0xdeea65ffd24f71ddeacb634c57bdc030                                                    
2026-07-31 11:45:24,075 [INFO] CmdLine:76 -  params #           :   2,693 items (10.52 KiB)                                                               
2026-07-31 11:45:24,075 [INFO] CmdLine:76 -  -------------------------------------------------------------------------------------------------------------
2026-07-31 11:45:24,075 [INFO] CmdLine:76 -  input 1/1          :   'input', f32(1x6), 24 Bytes, activations                                              
2026-07-31 11:45:24,075 [INFO] CmdLine:76 -  output 1/1         :   'output', f32(1x5), 20 Bytes, activations                                             
2026-07-31 11:45:24,075 [INFO] CmdLine:76 -  macc               :   2,789                                                                                 
2026-07-31 11:45:24,076 [INFO] CmdLine:76 -  weights (ro)       :   10,772 B (10.52 KiB) (1 segment)                                                      
2026-07-31 11:45:24,077 [INFO] CmdLine:76 -  activations (rw)   :   384 B (384 B) (1 segment) *                                                           
2026-07-31 11:45:24,077 [INFO] CmdLine:76 -  ram (total)        :   384 B (384 B) = 384 + 0 + 0                                                           
2026-07-31 11:45:24,077 [INFO] CmdLine:76 -  -------------------------------------------------------------------------------------------------------------
2026-07-31 11:45:24,077 [INFO] CmdLine:76 -  (*) 'input'/'output' buffers are allocated in the activations buffer
2026-07-31 11:45:24,080 [INFO] CmdLine:76 - Computing AI RT data/code size (target=stm32l4)..
2026-07-31 11:45:25,593 [INFO] CmdLine:76 -  Requested memory size by section - "stm32l4" target
2026-07-31 11:45:25,594 [INFO] CmdLine:76 -  ------------------------------ ------- -------- ------- -----
2026-07-31 11:45:25,594 [INFO] CmdLine:76 -  module                            text   rodata    data   bss
2026-07-31 11:45:25,594 [INFO] CmdLine:76 -  ------------------------------ ------- -------- ------- -----
2026-07-31 11:45:25,595 [INFO] CmdLine:76 -  NetworkRuntime1020_CM4_GCC.a     6,452        0       0     0
2026-07-31 11:45:25,595 [INFO] CmdLine:76 -  network.o                          528       40   1,584   140
2026-07-31 11:45:25,595 [INFO] CmdLine:76 -  network_data.o                      48       16      88     0
2026-07-31 11:45:25,595 [INFO] CmdLine:76 -  lib (toolchain)*                     0        0       0     0
2026-07-31 11:45:25,595 [INFO] CmdLine:76 -  ------------------------------ ------- -------- ------- -----
2026-07-31 11:45:25,595 [INFO] CmdLine:76 -  RT total**                       7,028       56   1,672   140
2026-07-31 11:45:25,595 [INFO] CmdLine:76 -  ------------------------------ ------- -------- ------- -----
2026-07-31 11:45:25,595 [INFO] CmdLine:76 -  weights                              0   10,776       0     0
2026-07-31 11:45:25,595 [INFO] CmdLine:76 -  activations                          0        0       0   384
2026-07-31 11:45:25,595 [INFO] CmdLine:76 -  io                                   0        0       0     0
2026-07-31 11:45:25,595 [INFO] CmdLine:76 -  ------------------------------ ------- -------- ------- -----
2026-07-31 11:45:25,595 [INFO] CmdLine:76 -  TOTAL                            7,028   10,832   1,672   524
2026-07-31 11:45:25,595 [INFO] CmdLine:76 -  ------------------------------ ------- -------- ------- -----
2026-07-31 11:45:25,595 [INFO] CmdLine:76 -  *  toolchain objects (libm/libgcc*)
2026-07-31 11:45:25,595 [INFO] CmdLine:76 -  ** RT AI runtime objects (kernels+infrastructure)
2026-07-31 11:45:25,595 [INFO] CmdLine:76 -   Summary - "stm32l4" target
2026-07-31 11:45:25,595 [INFO] CmdLine:76 -   ---------------------------------------------------
2026-07-31 11:45:25,595 [INFO] CmdLine:76 -                FLASH (ro)      %*   RAM (rw)       %
2026-07-31 11:45:25,595 [INFO] CmdLine:76 -   ---------------------------------------------------
2026-07-31 11:45:25,595 [INFO] CmdLine:76 -   RT total          8,756   44.8%      1,812   82.5%
2026-07-31 11:45:25,595 [INFO] CmdLine:76 -   ---------------------------------------------------
2026-07-31 11:45:25,595 [INFO] CmdLine:76 -   TOTAL            19,532              2,196
2026-07-31 11:45:25,595 [INFO] CmdLine:76 -   ---------------------------------------------------
2026-07-31 11:45:25,595 [INFO] CmdLine:76 -   *  rt/total
2026-07-31 11:45:25,595 [INFO] CmdLine:76 -  Generated files (7)
2026-07-31 11:45:25,595 [INFO] CmdLine:76 -  ------------------------------------------------------------------
2026-07-31 11:45:25,595 [INFO] CmdLine:76 -  C:\Users\ADMIN\.stm32cubemx\network_output\network_data_params.h
2026-07-31 11:45:25,595 [INFO] CmdLine:76 -  C:\Users\ADMIN\.stm32cubemx\network_output\network_data_params.c
2026-07-31 11:45:25,595 [INFO] CmdLine:76 -  C:\Users\ADMIN\.stm32cubemx\network_output\network_data.h
2026-07-31 11:45:25,595 [INFO] CmdLine:76 -  C:\Users\ADMIN\.stm32cubemx\network_output\network_data.c
2026-07-31 11:45:25,595 [INFO] CmdLine:76 -  C:\Users\ADMIN\.stm32cubemx\network_output\network_config.h
2026-07-31 11:45:25,595 [INFO] CmdLine:76 -  C:\Users\ADMIN\.stm32cubemx\network_output\network.h
2026-07-31 11:45:25,595 [INFO] CmdLine:76 -  C:\Users\ADMIN\.stm32cubemx\network_output\network.c
2026-07-31 11:45:25,595 [INFO] CmdLine:76 - Creating txt report file C:\Users\ADMIN\.stm32cubemx\network_output\network_generate_report.txt
2026-07-31 11:45:36,760 [INFO] CmdLine:76 - elapsed time (generate): 22.434s
2026-07-31 11:45:37,360 [INFO] CmdLine:148 - stedgeai exit with status: 0
2026-07-31 11:45:37,360 [INFO] AIModelDetailledView:2264 - Analysis status: done
2026-07-31 11:45:38,001 [INFO] ProjectBuilder:3606 - Time for Copy HAL[1] : 257mS.
2026-07-31 11:45:38,001 [ERROR] Middleware:2950 - Invalid RefComponent list
2026-07-31 11:45:38,001 [ERROR] Middleware:2950 - Invalid RefComponent list
2026-07-31 11:45:38,001 [ERROR] Middleware:2950 - Invalid RefComponent list
2026-07-31 11:45:38,001 [ERROR] Middleware:2950 - Invalid RefComponent list
2026-07-31 11:45:38,001 [ERROR] Middleware:2950 - Invalid RefComponent list
2026-07-31 11:45:38,001 [ERROR] Middleware:2950 - Invalid RefComponent list
2026-07-31 11:45:38,001 [ERROR] Middleware:2950 - Invalid RefComponent list
2026-07-31 11:45:38,001 [ERROR] Middleware:2950 - Invalid RefComponent list
2026-07-31 11:45:38,001 [ERROR] Middleware:2950 - Invalid RefComponent list
2026-07-31 11:45:38,001 [ERROR] Middleware:2950 - Invalid RefComponent list
2026-07-31 11:45:38,001 [ERROR] Middleware:2950 - Invalid RefComponent list
2026-07-31 11:45:38,001 [ERROR] Middleware:2950 - Invalid RefComponent list
2026-07-31 11:45:38,001 [ERROR] Middleware:2950 - Invalid RefComponent list
2026-07-31 11:45:38,001 [ERROR] Middleware:2950 - Invalid RefComponent list
2026-07-31 11:45:38,001 [ERROR] Middleware:2950 - Invalid RefComponent list
2026-07-31 11:45:38,001 [ERROR] Middleware:2950 - Invalid RefComponent list
2026-07-31 11:45:38,001 [ERROR] Middleware:2950 - Invalid RefComponent list
2026-07-31 11:45:38,001 [ERROR] Middleware:2950 - Invalid RefComponent list
2026-07-31 11:45:38,001 [ERROR] Middleware:2950 - Invalid RefComponent list
2026-07-31 11:45:38,001 [ERROR] Middleware:2950 - Invalid RefComponent list
2026-07-31 11:45:38,001 [ERROR] Middleware:2950 - Invalid RefComponent list
2026-07-31 11:45:38,001 [ERROR] Middleware:2950 - Invalid RefComponent list
2026-07-31 11:45:38,001 [ERROR] Middleware:2950 - Invalid RefComponent list
2026-07-31 11:45:38,001 [ERROR] Middleware:2950 - Invalid RefComponent list
2026-07-31 11:45:38,001 [ERROR] Middleware:2950 - Invalid RefComponent list
2026-07-31 11:45:38,001 [ERROR] Middleware:2950 - Invalid RefComponent list
2026-07-31 11:45:38,001 [ERROR] Middleware:2950 - Invalid RefComponent list
2026-07-31 11:45:38,001 [ERROR] Middleware:2950 - Invalid RefComponent list
2026-07-31 11:45:38,001 [ERROR] Middleware:2950 - Invalid RefComponent list
2026-07-31 11:45:38,001 [ERROR] Middleware:2950 - Invalid RefComponent list
2026-07-31 11:45:38,001 [ERROR] Middleware:2950 - Invalid RefComponent list
2026-07-31 11:45:38,001 [ERROR] Middleware:2950 - Invalid RefComponent list
2026-07-31 11:45:38,001 [ERROR] Middleware:2950 - Invalid RefComponent list
2026-07-31 11:45:38,001 [ERROR] Middleware:2950 - Invalid RefComponent list
2026-07-31 11:45:38,001 [ERROR] Middleware:2950 - Invalid RefComponent list
2026-07-31 11:45:38,001 [ERROR] Middleware:2950 - Invalid RefComponent list
2026-07-31 11:45:38,001 [ERROR] Middleware:2950 - Invalid RefComponent list
2026-07-31 11:45:38,001 [ERROR] Middleware:2950 - Invalid RefComponent list
2026-07-31 11:45:38,008 [ERROR] Middleware:2950 - Invalid RefComponent list
2026-07-31 11:45:38,008 [ERROR] Middleware:2950 - Invalid RefComponent list
2026-07-31 11:45:38,008 [ERROR] Middleware:2950 - Invalid RefComponent list
2026-07-31 11:45:38,008 [ERROR] Middleware:2950 - Invalid RefComponent list
2026-07-31 11:45:38,008 [ERROR] Middleware:2950 - Invalid RefComponent list
2026-07-31 11:45:38,008 [ERROR] Middleware:2950 - Invalid RefComponent list
2026-07-31 11:45:38,008 [ERROR] Middleware:2950 - Invalid RefComponent list
2026-07-31 11:45:38,008 [ERROR] Middleware:2950 - Invalid RefComponent list
2026-07-31 11:45:38,008 [ERROR] Middleware:2950 - Invalid RefComponent list
2026-07-31 11:45:38,008 [ERROR] Middleware:2950 - Invalid RefComponent list
2026-07-31 11:45:38,008 [ERROR] Middleware:2950 - Invalid RefComponent list
2026-07-31 11:45:38,008 [ERROR] Middleware:2950 - Invalid RefComponent list
2026-07-31 11:45:38,010 [INFO] ProjectBuilder:5216 - Project Generator version: 4.7.0-B52
2026-07-31 11:45:38,127 [INFO] ConfigFileManager:1595 - The Die is : DIE470
2026-07-31 11:45:39,194 [INFO] ProjectBuilder:5496 - Time for Generating toolchain IDE Files: 1183mS.
2026-07-31 11:45:39,194 [INFO] ProjectBuilder:3463 - Time for Copy CMSIS : 0mS.
2026-07-31 11:45:39,194 [INFO] ProjectBuilder:3463 - Time for Copy CMSIS : 0mS.
2026-07-31 11:52:15,468 [INFO] UtilMem:75 - End SaveConfig() Used Memory: 500895576 Bytes (1073741824)
2026-07-31 11:52:16,930 [INFO] UtilMem:75 - End SaveConfig() Used Memory: 544935768 Bytes (1073741824)
2026-07-31 11:52:17,168 [INFO] UtilMem:75 - End SaveConfig() Used Memory: 587405144 Bytes (1073741824)
2026-07-31 11:52:17,365 [INFO] BlockDiagram:2775 - set Specific Code input for plugin: SYS
2026-07-31 11:52:17,366 [INFO] BlockDiagram:2775 - set Specific Code input for plugin: RCC
2026-07-31 11:52:17,366 [INFO] BlockDiagram:2775 - set Specific Code input for plugin: I2C
2026-07-31 11:52:17,366 [INFO] BlockDiagram:2775 - set Specific Code input for plugin: NVIC
2026-07-31 11:52:17,366 [INFO] BlockDiagram:2775 - set Specific Code input for plugin: USART
2026-07-31 11:52:17,366 [INFO] BlockDiagram:2775 - set Specific Code input for plugin: STMicroelectronics.X-CUBE-AI.10.2.1
2026-07-31 11:52:17,366 [INFO] BlockDiagram:2775 - set Specific Code input for plugin: GPIO
2026-07-31 11:52:17,367 [INFO] CodeGenerator:892 - code generatio: config db path: C:\ST\STM32CubeIDE_1.19.0\STM32CubeIDE\plugins\com.st.stm32cube.common.mx_6.15.0.202507011659\\db\
2026-07-31 11:52:17,449 [INFO] IP:3329 - RTE Config file name : RTE_Component
2026-07-31 11:52:17,449 [INFO] IP:3347 - RTE template : RTE_Components.ftl
2026-07-31 11:52:17,456 [INFO] CodeEngine:265 - oldGeneratedFile, D:\Anusha_TinyML_FDP\TinyML_Workshop_Nitte-\STM32\Deep_Learning_Inference\MXTmpFiles\license.tmp_save
2026-07-31 11:52:17,524 [INFO] CodeEngine:289 - Generated code: D:\Anusha_TinyML_FDP\TinyML_Workshop_Nitte-\STM32\Deep_Learning_Inference\MXTmpFiles\license.tmp
2026-07-31 11:52:17,544 [INFO] CodeEngine:265 - oldGeneratedFile, D:\Anusha_TinyML_FDP\TinyML_Workshop_Nitte-\STM32\Deep_Learning_Inference\MXTmpFiles\gpio.tmp_save
2026-07-31 11:52:17,610 [INFO] CodeEngine:289 - Generated code: D:\Anusha_TinyML_FDP\TinyML_Workshop_Nitte-\STM32\Deep_Learning_Inference\MXTmpFiles\gpio.tmp
2026-07-31 11:52:17,682 [INFO] Middleware:1452 - No code input for Bsp Dependency
2026-07-31 11:52:17,684 [INFO] Middleware:1452 - No code input for Bsp Dependency
2026-07-31 11:52:17,693 [INFO] CodeEngine:265 - oldGeneratedFile, D:\Anusha_TinyML_FDP\TinyML_Workshop_Nitte-\STM32\Deep_Learning_Inference\Core\Src\stm32l4xx_it.c_save
2026-07-31 11:52:17,775 [INFO] CodeEngine:289 - Generated code: D:\Anusha_TinyML_FDP\TinyML_Workshop_Nitte-\STM32\Deep_Learning_Inference\Core\Src\stm32l4xx_it.c
2026-07-31 11:52:17,780 [INFO] CodeEngine:265 - oldGeneratedFile, D:\Anusha_TinyML_FDP\TinyML_Workshop_Nitte-\STM32\Deep_Learning_Inference\Core\Inc\stm32l4xx_it.h_save
2026-07-31 11:52:17,855 [INFO] CodeEngine:289 - Generated code: D:\Anusha_TinyML_FDP\TinyML_Workshop_Nitte-\STM32\Deep_Learning_Inference\Core\Inc\stm32l4xx_it.h
2026-07-31 11:52:17,867 [INFO] CodeEngine:265 - oldGeneratedFile, D:\Anusha_TinyML_FDP\TinyML_Workshop_Nitte-\STM32\Deep_Learning_Inference\Core\Src\stm32l4xx_hal_msp.c_save
2026-07-31 11:52:17,981 [INFO] CodeEngine:289 - Generated code: D:\Anusha_TinyML_FDP\TinyML_Workshop_Nitte-\STM32\Deep_Learning_Inference\Core\Src\stm32l4xx_hal_msp.c
2026-07-31 11:52:17,985 [INFO] CodeEngine:265 - oldGeneratedFile, D:\Anusha_TinyML_FDP\TinyML_Workshop_Nitte-\STM32\Deep_Learning_Inference\MXTmpFiles\system.tmp_save
2026-07-31 11:52:18,062 [INFO] CodeEngine:289 - Generated code: D:\Anusha_TinyML_FDP\TinyML_Workshop_Nitte-\STM32\Deep_Learning_Inference\MXTmpFiles\system.tmp
2026-07-31 11:52:18,075 [INFO] CodeEngine:321 - oldGeneratedFile, D:\Anusha_TinyML_FDP\TinyML_Workshop_Nitte-\STM32\Deep_Learning_Inference\Core\Inc\stm32l4xx_hal_conf.h_save
2026-07-31 11:52:18,158 [INFO] CodeEngine:345 - Generated code: D:\Anusha_TinyML_FDP\TinyML_Workshop_Nitte-\STM32\Deep_Learning_Inference\Core\Inc\stm32l4xx_hal_conf.h
2026-07-31 11:52:18,177 [INFO] CodeEngine:265 - oldGeneratedFile, D:\Anusha_TinyML_FDP\TinyML_Workshop_Nitte-\STM32\Deep_Learning_Inference\Core\Inc\main.h_save
2026-07-31 11:52:18,259 [INFO] CodeEngine:289 - Generated code: D:\Anusha_TinyML_FDP\TinyML_Workshop_Nitte-\STM32\Deep_Learning_Inference\Core\Inc\main.h
2026-07-31 11:52:18,264 [INFO] CodeEngine:265 - oldGeneratedFile, D:\Anusha_TinyML_FDP\TinyML_Workshop_Nitte-\STM32\Deep_Learning_Inference\Core\Src\main.c_save
2026-07-31 11:52:18,384 [INFO] CodeEngine:289 - Generated code: D:\Anusha_TinyML_FDP\TinyML_Workshop_Nitte-\STM32\Deep_Learning_Inference\Core\Src\main.c
2026-07-31 11:52:18,738 [INFO] AInterface:322 - ModelName:network; files:[D:\Anusha_TinyML_FDP\TinyML_Workshop_Nitte-\ONNX\mlp_model.onnx]; type:ONNX; compression:None
2026-07-31 11:52:18,738 [INFO] AInterface:526 - workspaceTempDir: C:/Users/ADMIN/AppData/Local/Temp/mxAI_workspace90770158662643006701021961289900885
2026-07-31 11:52:18,739 [INFO] AInterface:1179 - Setting Env: C:/Users/ADMIN/STM32Cube/Repository//Packs/STMicroelectronics/X-CUBE-AI/10.2.1/Utilities/windows
2026-07-31 11:52:18,743 [INFO] STM32CubeIDEBuilder:265 - Looking for gnu-tools-for-stm32 tools/bin/arm-none-eabi-gcc.exe in C:\ST\STM32CubeIDE_1.19.0\STM32CubeIDE
2026-07-31 11:52:18,745 [INFO] STM32CubeIDEBuilder:294 - checking C:\ST\STM32CubeIDE_1.19.0\STM32CubeIDE\plugins\com.st.stm32cube.ide.mcu.externaltools.gnu-tools-for-stm32.13.3.rel1.win32_1.0.0.202411081344\tools\bin\arm-none-eabi-gcc.exe
2026-07-31 11:52:18,746 [INFO] STM32CubeIDEBuilder:297 - ret=C:\ST\STM32CubeIDE_1.19.0\STM32CubeIDE\plugins\com.st.stm32cube.ide.mcu.externaltools.gnu-tools-for-stm32.13.3.rel1.win32_1.0.0.202411081344\tools\bin\arm-none-eabi-gcc.exe
2026-07-31 11:52:18,746 [INFO] STM32CubeIDEBuilder:311 - returning C:\ST\STM32CubeIDE_1.19.0\STM32CubeIDE\plugins\com.st.stm32cube.ide.mcu.externaltools.gnu-tools-for-stm32.13.3.rel1.win32_1.0.0.202411081344\tools\bin\arm-none-eabi-gcc.exe
2026-07-31 11:52:18,746 [INFO] AInterface:1236 - Custom PATH variable: C:/Users/ADMIN/STM32Cube/Repository//Packs/STMicroelectronics/X-CUBE-AI/10.2.1/Utilities/windows;C:/Users/ADMIN/STM32Cube/Repository//Packs/STMicroelectronics/X-CUBE-AI/10.2.1/Utilities/windows/mingw64/bin;C:/Users/ADMIN/STM32Cube/Repository//Packs/STMicroelectronics/X-CUBE-AI/10.2.1/Utilities/windows/mingw64/libexec/gcc/x86_64-w64-mingw32/7.3.0;;C:\ST\STM32CubeIDE_1.19.0\STM32CubeIDE\plugins\com.st.stm32cube.ide.mcu.externaltools.gnu-tools-for-stm32.13.3.rel1.win32_1.0.0.202411081344\tools\bin
2026-07-31 11:52:18,748 [INFO] CmdLine:115 - Command: C:/Users/ADMIN/STM32Cube/Repository//Packs/STMicroelectronics/X-CUBE-AI/10.2.1/Utilities/windows/stedgeai.exe generate --target stm32l4 --name network -m D:/Anusha_TinyML_FDP/TinyML_Workshop_Nitte-/ONNX/mlp_model.onnx --compression none --verbosity 1 --workspace C:/Users/ADMIN/AppData/Local/Temp/mxAI_workspace90770158662643006701021961289900885 --output C:/Users/ADMIN/.stm32cubemx/network_output
2026-07-31 11:52:18,748 [INFO] AIModelDetailledView:2264 - Analysis status: pending
2026-07-31 11:52:19,538 [INFO] CmdLine:76 - ST Edge AI Core v2.2.0-20266 2adc00962
2026-07-31 11:52:29,264 [INFO] CmdLine:76 - Creating c (debug) info json file C:\Users\ADMIN\.stm32cubemx\network_output\network_c_info.json
2026-07-31 11:52:29,287 [INFO] CmdLine:76 -  
2026-07-31 11:52:29,288 [INFO] CmdLine:76 -  Exec/report summary (generate)
2026-07-31 11:52:29,288 [INFO] CmdLine:76 -  -------------------------------------------------------------------------------------------------------------
2026-07-31 11:52:29,288 [INFO] CmdLine:76 -  model file         :   D:\Anusha_TinyML_FDP\TinyML_Workshop_Nitte-\ONNX\mlp_model.onnx                       
2026-07-31 11:52:29,288 [INFO] CmdLine:76 -  type               :   onnx                                                                                  
2026-07-31 11:52:29,288 [INFO] CmdLine:76 -  c_name             :   network                                                                               
2026-07-31 11:52:29,288 [INFO] CmdLine:76 -  compression        :   none                                                                                  
2026-07-31 11:52:29,288 [INFO] CmdLine:76 -  options            :   allocate-inputs, allocate-outputs                                                     
2026-07-31 11:52:29,288 [INFO] CmdLine:76 -  optimization       :   balanced                                                                              
2026-07-31 11:52:29,288 [INFO] CmdLine:76 -  target/series      :   stm32l4                                                                               
2026-07-31 11:52:29,288 [INFO] CmdLine:76 -  workspace dir      :   C:\Users\ADMIN\AppData\Local\Temp\mxAI_workspace90770158662643006701021961289900885   
2026-07-31 11:52:29,288 [INFO] CmdLine:76 -  output dir         :   C:\Users\ADMIN\.stm32cubemx\network_output                                            
2026-07-31 11:52:29,288 [INFO] CmdLine:76 -  model_fmt          :   float                                                                                 
2026-07-31 11:52:29,289 [INFO] CmdLine:76 -  model_name         :   mlp_model                                                                             
2026-07-31 11:52:29,289 [INFO] CmdLine:76 -  model_hash         :   0xdeea65ffd24f71ddeacb634c57bdc030                                                    
2026-07-31 11:52:29,289 [INFO] CmdLine:76 -  params #           :   2,693 items (10.52 KiB)                                                               
2026-07-31 11:52:29,289 [INFO] CmdLine:76 -  -------------------------------------------------------------------------------------------------------------
2026-07-31 11:52:29,289 [INFO] CmdLine:76 -  input 1/1          :   'input', f32(1x6), 24 Bytes, activations                                              
2026-07-31 11:52:29,289 [INFO] CmdLine:76 -  output 1/1         :   'output', f32(1x5), 20 Bytes, activations                                             
2026-07-31 11:52:29,289 [INFO] CmdLine:76 -  macc               :   2,789                                                                                 
2026-07-31 11:52:29,289 [INFO] CmdLine:76 -  weights (ro)       :   10,772 B (10.52 KiB) (1 segment)                                                      
2026-07-31 11:52:29,289 [INFO] CmdLine:76 -  activations (rw)   :   384 B (384 B) (1 segment) *                                                           
2026-07-31 11:52:29,289 [INFO] CmdLine:76 -  ram (total)        :   384 B (384 B) = 384 + 0 + 0                                                           
2026-07-31 11:52:29,289 [INFO] CmdLine:76 -  -------------------------------------------------------------------------------------------------------------
2026-07-31 11:52:29,289 [INFO] CmdLine:76 -  (*) 'input'/'output' buffers are allocated in the activations buffer
2026-07-31 11:52:29,294 [INFO] CmdLine:76 - Computing AI RT data/code size (target=stm32l4)..
2026-07-31 11:52:30,718 [INFO] CmdLine:76 -  Requested memory size by section - "stm32l4" target
2026-07-31 11:52:30,719 [INFO] CmdLine:76 -  ------------------------------ ------- -------- ------- -----
2026-07-31 11:52:30,719 [INFO] CmdLine:76 -  module                            text   rodata    data   bss
2026-07-31 11:52:30,719 [INFO] CmdLine:76 -  ------------------------------ ------- -------- ------- -----
2026-07-31 11:52:30,719 [INFO] CmdLine:76 -  NetworkRuntime1020_CM4_GCC.a     6,452        0       0     0
2026-07-31 11:52:30,719 [INFO] CmdLine:76 -  network.o                          528       40   1,584   140
2026-07-31 11:52:30,719 [INFO] CmdLine:76 -  network_data.o                      48       16      88     0
2026-07-31 11:52:30,719 [INFO] CmdLine:76 -  lib (toolchain)*                     0        0       0     0
2026-07-31 11:52:30,720 [INFO] CmdLine:76 -  ------------------------------ ------- -------- ------- -----
2026-07-31 11:52:30,720 [INFO] CmdLine:76 -  RT total**                       7,028       56   1,672   140
2026-07-31 11:52:30,720 [INFO] CmdLine:76 -  ------------------------------ ------- -------- ------- -----
2026-07-31 11:52:30,720 [INFO] CmdLine:76 -  weights                              0   10,776       0     0
2026-07-31 11:52:30,720 [INFO] CmdLine:76 -  activations                          0        0       0   384
2026-07-31 11:52:30,720 [INFO] CmdLine:76 -  io                                   0        0       0     0
2026-07-31 11:52:30,720 [INFO] CmdLine:76 -  ------------------------------ ------- -------- ------- -----
2026-07-31 11:52:30,720 [INFO] CmdLine:76 -  TOTAL                            7,028   10,832   1,672   524
2026-07-31 11:52:30,720 [INFO] CmdLine:76 -  ------------------------------ ------- -------- ------- -----
2026-07-31 11:52:30,721 [INFO] CmdLine:76 -  *  toolchain objects (libm/libgcc*)
2026-07-31 11:52:30,721 [INFO] CmdLine:76 -  ** RT AI runtime objects (kernels+infrastructure)
2026-07-31 11:52:30,721 [INFO] CmdLine:76 -   Summary - "stm32l4" target
2026-07-31 11:52:30,721 [INFO] CmdLine:76 -   ---------------------------------------------------
2026-07-31 11:52:30,721 [INFO] CmdLine:76 -                FLASH (ro)      %*   RAM (rw)       %
2026-07-31 11:52:30,721 [INFO] CmdLine:76 -   ---------------------------------------------------
2026-07-31 11:52:30,721 [INFO] CmdLine:76 -   RT total          8,756   44.8%      1,812   82.5%
2026-07-31 11:52:30,721 [INFO] CmdLine:76 -   ---------------------------------------------------
2026-07-31 11:52:30,722 [INFO] CmdLine:76 -   TOTAL            19,532              2,196
2026-07-31 11:52:30,722 [INFO] CmdLine:76 -   ---------------------------------------------------
2026-07-31 11:52:30,722 [INFO] CmdLine:76 -   *  rt/total
2026-07-31 11:52:30,722 [INFO] CmdLine:76 -  Generated files (7)
2026-07-31 11:52:30,722 [INFO] CmdLine:76 -  ------------------------------------------------------------------
2026-07-31 11:52:30,723 [INFO] CmdLine:76 -  C:\Users\ADMIN\.stm32cubemx\network_output\network_data_params.h
2026-07-31 11:52:30,723 [INFO] CmdLine:76 -  C:\Users\ADMIN\.stm32cubemx\network_output\network_data_params.c
2026-07-31 11:52:30,723 [INFO] CmdLine:76 -  C:\Users\ADMIN\.stm32cubemx\network_output\network_data.h
2026-07-31 11:52:30,723 [INFO] CmdLine:76 -  C:\Users\ADMIN\.stm32cubemx\network_output\network_data.c
2026-07-31 11:52:30,723 [INFO] CmdLine:76 -  C:\Users\ADMIN\.stm32cubemx\network_output\network_config.h
2026-07-31 11:52:30,723 [INFO] CmdLine:76 -  C:\Users\ADMIN\.stm32cubemx\network_output\network.h
2026-07-31 11:52:30,723 [INFO] CmdLine:76 -  C:\Users\ADMIN\.stm32cubemx\network_output\network.c
2026-07-31 11:52:30,723 [INFO] CmdLine:76 - Creating txt report file C:\Users\ADMIN\.stm32cubemx\network_output\network_generate_report.txt
2026-07-31 11:52:43,591 [INFO] CmdLine:76 - elapsed time (generate): 24.052s
2026-07-31 11:52:44,199 [INFO] CmdLine:148 - stedgeai exit with status: 0
2026-07-31 11:52:44,209 [INFO] AIModelDetailledView:2264 - Analysis status: done
2026-07-31 11:52:44,621 [INFO] ProjectBuilder:3606 - Time for Copy HAL[1] : 168mS.
2026-07-31 11:52:44,621 [ERROR] Middleware:2950 - Invalid RefComponent list
2026-07-31 11:52:44,621 [ERROR] Middleware:2950 - Invalid RefComponent list
2026-07-31 11:52:44,621 [ERROR] Middleware:2950 - Invalid RefComponent list
2026-07-31 11:52:44,621 [ERROR] Middleware:2950 - Invalid RefComponent list
2026-07-31 11:52:44,621 [ERROR] Middleware:2950 - Invalid RefComponent list
2026-07-31 11:52:44,621 [ERROR] Middleware:2950 - Invalid RefComponent list
2026-07-31 11:52:44,621 [ERROR] Middleware:2950 - Invalid RefComponent list
2026-07-31 11:52:44,621 [ERROR] Middleware:2950 - Invalid RefComponent list
2026-07-31 11:52:44,621 [ERROR] Middleware:2950 - Invalid RefComponent list
2026-07-31 11:52:44,622 [ERROR] Middleware:2950 - Invalid RefComponent list
2026-07-31 11:52:44,622 [ERROR] Middleware:2950 - Invalid RefComponent list
2026-07-31 11:52:44,622 [ERROR] Middleware:2950 - Invalid RefComponent list
2026-07-31 11:52:44,622 [ERROR] Middleware:2950 - Invalid RefComponent list
2026-07-31 11:52:44,622 [ERROR] Middleware:2950 - Invalid RefComponent list
2026-07-31 11:52:44,622 [ERROR] Middleware:2950 - Invalid RefComponent list
2026-07-31 11:52:44,622 [ERROR] Middleware:2950 - Invalid RefComponent list
2026-07-31 11:52:44,622 [ERROR] Middleware:2950 - Invalid RefComponent list
2026-07-31 11:52:44,622 [ERROR] Middleware:2950 - Invalid RefComponent list
2026-07-31 11:52:44,622 [ERROR] Middleware:2950 - Invalid RefComponent list
2026-07-31 11:52:44,622 [ERROR] Middleware:2950 - Invalid RefComponent list
2026-07-31 11:52:44,622 [ERROR] Middleware:2950 - Invalid RefComponent list
2026-07-31 11:52:44,622 [ERROR] Middleware:2950 - Invalid RefComponent list
2026-07-31 11:52:44,622 [ERROR] Middleware:2950 - Invalid RefComponent list
2026-07-31 11:52:44,622 [ERROR] Middleware:2950 - Invalid RefComponent list
2026-07-31 11:52:44,622 [ERROR] Middleware:2950 - Invalid RefComponent list
2026-07-31 11:52:44,622 [ERROR] Middleware:2950 - Invalid RefComponent list
2026-07-31 11:52:44,622 [ERROR] Middleware:2950 - Invalid RefComponent list
2026-07-31 11:52:44,622 [ERROR] Middleware:2950 - Invalid RefComponent list
2026-07-31 11:52:44,622 [ERROR] Middleware:2950 - Invalid RefComponent list
2026-07-31 11:52:44,622 [ERROR] Middleware:2950 - Invalid RefComponent list
2026-07-31 11:52:44,622 [ERROR] Middleware:2950 - Invalid RefComponent list
2026-07-31 11:52:44,622 [ERROR] Middleware:2950 - Invalid RefComponent list
2026-07-31 11:52:44,622 [ERROR] Middleware:2950 - Invalid RefComponent list
2026-07-31 11:52:44,622 [ERROR] Middleware:2950 - Invalid RefComponent list
2026-07-31 11:52:44,622 [ERROR] Middleware:2950 - Invalid RefComponent list
2026-07-31 11:52:44,622 [ERROR] Middleware:2950 - Invalid RefComponent list
2026-07-31 11:52:44,622 [ERROR] Middleware:2950 - Invalid RefComponent list
2026-07-31 11:52:44,622 [ERROR] Middleware:2950 - Invalid RefComponent list
2026-07-31 11:52:44,622 [ERROR] Middleware:2950 - Invalid RefComponent list
2026-07-31 11:52:44,622 [ERROR] Middleware:2950 - Invalid RefComponent list
2026-07-31 11:52:44,622 [ERROR] Middleware:2950 - Invalid RefComponent list
2026-07-31 11:52:44,622 [ERROR] Middleware:2950 - Invalid RefComponent list
2026-07-31 11:52:44,622 [ERROR] Middleware:2950 - Invalid RefComponent list
2026-07-31 11:52:44,622 [ERROR] Middleware:2950 - Invalid RefComponent list
2026-07-31 11:52:44,623 [ERROR] Middleware:2950 - Invalid RefComponent list
2026-07-31 11:52:44,623 [ERROR] Middleware:2950 - Invalid RefComponent list
2026-07-31 11:52:44,623 [ERROR] Middleware:2950 - Invalid RefComponent list
2026-07-31 11:52:44,623 [ERROR] Middleware:2950 - Invalid RefComponent list
2026-07-31 11:52:44,623 [ERROR] Middleware:2950 - Invalid RefComponent list
2026-07-31 11:52:44,623 [ERROR] Middleware:2950 - Invalid RefComponent list
2026-07-31 11:52:44,626 [INFO] ProjectBuilder:5216 - Project Generator version: 4.7.0-B52
2026-07-31 11:52:44,710 [INFO] ConfigFileManager:1595 - The Die is : DIE470
2026-07-31 11:52:45,344 [INFO] ProjectBuilder:5496 - Time for Generating toolchain IDE Files: 718mS.
2026-07-31 11:52:45,345 [INFO] ProjectBuilder:3463 - Time for Copy CMSIS : 0mS.
2026-07-31 11:52:45,347 [INFO] ProjectBuilder:3463 - Time for Copy CMSIS : 0mS.
2026-07-31 11:58:07,051 [INFO] UtilMem:75 - End SaveConfig() Used Memory: 669832688 Bytes (1073741824)
2026-07-31 11:58:08,284 [INFO] UtilMem:75 - End SaveConfig() Used Memory: 712824304 Bytes (1073741824)
2026-07-31 11:58:09,491 [INFO] UtilMem:75 - End SaveConfig() Used Memory: 822402544 Bytes (1073741824)
2026-07-31 11:58:09,694 [INFO] BlockDiagram:2775 - set Specific Code input for plugin: SYS
2026-07-31 11:58:09,694 [INFO] BlockDiagram:2775 - set Specific Code input for plugin: RCC
2026-07-31 11:58:09,694 [INFO] BlockDiagram:2775 - set Specific Code input for plugin: I2C
2026-07-31 11:58:09,694 [INFO] BlockDiagram:2775 - set Specific Code input for plugin: NVIC
2026-07-31 11:58:09,694 [INFO] BlockDiagram:2775 - set Specific Code input for plugin: USART
2026-07-31 11:58:09,694 [INFO] BlockDiagram:2775 - set Specific Code input for plugin: STMicroelectronics.X-CUBE-AI.10.2.1
2026-07-31 11:58:09,695 [INFO] BlockDiagram:2775 - set Specific Code input for plugin: GPIO
2026-07-31 11:58:09,697 [INFO] CodeGenerator:892 - code generatio: config db path: C:\ST\STM32CubeIDE_1.19.0\STM32CubeIDE\plugins\com.st.stm32cube.common.mx_6.15.0.202507011659\\db\
2026-07-31 11:58:09,778 [INFO] IP:3329 - RTE Config file name : RTE_Component
2026-07-31 11:58:09,778 [INFO] IP:3347 - RTE template : RTE_Components.ftl
2026-07-31 11:58:09,786 [INFO] CodeEngine:265 - oldGeneratedFile, D:\Anusha_TinyML_FDP\TinyML_Workshop_Nitte-\STM32\Deep_Learning_Inference\MXTmpFiles\license.tmp_save
2026-07-31 11:58:09,851 [INFO] CodeEngine:289 - Generated code: D:\Anusha_TinyML_FDP\TinyML_Workshop_Nitte-\STM32\Deep_Learning_Inference\MXTmpFiles\license.tmp
2026-07-31 11:58:09,870 [INFO] CodeEngine:265 - oldGeneratedFile, D:\Anusha_TinyML_FDP\TinyML_Workshop_Nitte-\STM32\Deep_Learning_Inference\MXTmpFiles\gpio.tmp_save
2026-07-31 11:58:09,961 [INFO] CodeEngine:289 - Generated code: D:\Anusha_TinyML_FDP\TinyML_Workshop_Nitte-\STM32\Deep_Learning_Inference\MXTmpFiles\gpio.tmp
2026-07-31 11:58:10,035 [INFO] Middleware:1452 - No code input for Bsp Dependency
2026-07-31 11:58:10,036 [INFO] Middleware:1452 - No code input for Bsp Dependency
2026-07-31 11:58:10,047 [INFO] CodeEngine:265 - oldGeneratedFile, D:\Anusha_TinyML_FDP\TinyML_Workshop_Nitte-\STM32\Deep_Learning_Inference\Core\Src\stm32l4xx_it.c_save
2026-07-31 11:58:10,120 [INFO] CodeEngine:289 - Generated code: D:\Anusha_TinyML_FDP\TinyML_Workshop_Nitte-\STM32\Deep_Learning_Inference\Core\Src\stm32l4xx_it.c
2026-07-31 11:58:10,125 [INFO] CodeEngine:265 - oldGeneratedFile, D:\Anusha_TinyML_FDP\TinyML_Workshop_Nitte-\STM32\Deep_Learning_Inference\Core\Inc\stm32l4xx_it.h_save
2026-07-31 11:58:10,190 [INFO] CodeEngine:289 - Generated code: D:\Anusha_TinyML_FDP\TinyML_Workshop_Nitte-\STM32\Deep_Learning_Inference\Core\Inc\stm32l4xx_it.h
2026-07-31 11:58:10,202 [INFO] CodeEngine:265 - oldGeneratedFile, D:\Anusha_TinyML_FDP\TinyML_Workshop_Nitte-\STM32\Deep_Learning_Inference\Core\Src\stm32l4xx_hal_msp.c_save
2026-07-31 11:58:10,314 [INFO] CodeEngine:289 - Generated code: D:\Anusha_TinyML_FDP\TinyML_Workshop_Nitte-\STM32\Deep_Learning_Inference\Core\Src\stm32l4xx_hal_msp.c
2026-07-31 11:58:10,317 [INFO] CodeEngine:265 - oldGeneratedFile, D:\Anusha_TinyML_FDP\TinyML_Workshop_Nitte-\STM32\Deep_Learning_Inference\MXTmpFiles\system.tmp_save
2026-07-31 11:58:10,389 [INFO] CodeEngine:289 - Generated code: D:\Anusha_TinyML_FDP\TinyML_Workshop_Nitte-\STM32\Deep_Learning_Inference\MXTmpFiles\system.tmp
2026-07-31 11:58:10,399 [INFO] CodeEngine:321 - oldGeneratedFile, D:\Anusha_TinyML_FDP\TinyML_Workshop_Nitte-\STM32\Deep_Learning_Inference\Core\Inc\stm32l4xx_hal_conf.h_save
2026-07-31 11:58:10,478 [INFO] CodeEngine:345 - Generated code: D:\Anusha_TinyML_FDP\TinyML_Workshop_Nitte-\STM32\Deep_Learning_Inference\Core\Inc\stm32l4xx_hal_conf.h
2026-07-31 11:58:10,497 [INFO] CodeEngine:265 - oldGeneratedFile, D:\Anusha_TinyML_FDP\TinyML_Workshop_Nitte-\STM32\Deep_Learning_Inference\Core\Inc\main.h_save
2026-07-31 11:58:10,578 [INFO] CodeEngine:289 - Generated code: D:\Anusha_TinyML_FDP\TinyML_Workshop_Nitte-\STM32\Deep_Learning_Inference\Core\Inc\main.h
2026-07-31 11:58:10,583 [INFO] CodeEngine:265 - oldGeneratedFile, D:\Anusha_TinyML_FDP\TinyML_Workshop_Nitte-\STM32\Deep_Learning_Inference\Core\Src\main.c_save
2026-07-31 11:58:10,701 [INFO] CodeEngine:289 - Generated code: D:\Anusha_TinyML_FDP\TinyML_Workshop_Nitte-\STM32\Deep_Learning_Inference\Core\Src\main.c
2026-07-31 11:58:11,056 [INFO] AInterface:322 - ModelName:network; files:[D:\Anusha_TinyML_FDP\TinyML_Workshop_Nitte-\ONNX\mlp_model.onnx]; type:ONNX; compression:None
2026-07-31 11:58:11,056 [INFO] AInterface:526 - workspaceTempDir: C:/Users/ADMIN/AppData/Local/Temp/mxAI_workspace907736818347540014596303803274904068
2026-07-31 11:58:11,057 [INFO] AInterface:1179 - Setting Env: C:/Users/ADMIN/STM32Cube/Repository//Packs/STMicroelectronics/X-CUBE-AI/10.2.1/Utilities/windows
2026-07-31 11:58:11,060 [INFO] STM32CubeIDEBuilder:265 - Looking for gnu-tools-for-stm32 tools/bin/arm-none-eabi-gcc.exe in C:\ST\STM32CubeIDE_1.19.0\STM32CubeIDE
2026-07-31 11:58:11,063 [INFO] STM32CubeIDEBuilder:294 - checking C:\ST\STM32CubeIDE_1.19.0\STM32CubeIDE\plugins\com.st.stm32cube.ide.mcu.externaltools.gnu-tools-for-stm32.13.3.rel1.win32_1.0.0.202411081344\tools\bin\arm-none-eabi-gcc.exe
2026-07-31 11:58:11,064 [INFO] STM32CubeIDEBuilder:297 - ret=C:\ST\STM32CubeIDE_1.19.0\STM32CubeIDE\plugins\com.st.stm32cube.ide.mcu.externaltools.gnu-tools-for-stm32.13.3.rel1.win32_1.0.0.202411081344\tools\bin\arm-none-eabi-gcc.exe
2026-07-31 11:58:11,064 [INFO] STM32CubeIDEBuilder:311 - returning C:\ST\STM32CubeIDE_1.19.0\STM32CubeIDE\plugins\com.st.stm32cube.ide.mcu.externaltools.gnu-tools-for-stm32.13.3.rel1.win32_1.0.0.202411081344\tools\bin\arm-none-eabi-gcc.exe
2026-07-31 11:58:11,064 [INFO] AInterface:1236 - Custom PATH variable: C:/Users/ADMIN/STM32Cube/Repository//Packs/STMicroelectronics/X-CUBE-AI/10.2.1/Utilities/windows;C:/Users/ADMIN/STM32Cube/Repository//Packs/STMicroelectronics/X-CUBE-AI/10.2.1/Utilities/windows/mingw64/bin;C:/Users/ADMIN/STM32Cube/Repository//Packs/STMicroelectronics/X-CUBE-AI/10.2.1/Utilities/windows/mingw64/libexec/gcc/x86_64-w64-mingw32/7.3.0;;C:\ST\STM32CubeIDE_1.19.0\STM32CubeIDE\plugins\com.st.stm32cube.ide.mcu.externaltools.gnu-tools-for-stm32.13.3.rel1.win32_1.0.0.202411081344\tools\bin
2026-07-31 11:58:11,065 [INFO] CmdLine:115 - Command: C:/Users/ADMIN/STM32Cube/Repository//Packs/STMicroelectronics/X-CUBE-AI/10.2.1/Utilities/windows/stedgeai.exe generate --target stm32l4 --name network -m D:/Anusha_TinyML_FDP/TinyML_Workshop_Nitte-/ONNX/mlp_model.onnx --compression none --verbosity 1 --workspace C:/Users/ADMIN/AppData/Local/Temp/mxAI_workspace907736818347540014596303803274904068 --output C:/Users/ADMIN/.stm32cubemx/network_output
2026-07-31 11:58:11,066 [INFO] AIModelDetailledView:2264 - Analysis status: pending
2026-07-31 11:58:11,873 [INFO] CmdLine:76 - ST Edge AI Core v2.2.0-20266 2adc00962
2026-07-31 11:58:21,866 [INFO] CmdLine:76 - Creating c (debug) info json file C:\Users\ADMIN\.stm32cubemx\network_output\network_c_info.json
2026-07-31 11:58:21,897 [INFO] CmdLine:76 -  
2026-07-31 11:58:21,897 [INFO] CmdLine:76 -  Exec/report summary (generate)
2026-07-31 11:58:21,897 [INFO] CmdLine:76 -  --------------------------------------------------------------------------------------------------------------
2026-07-31 11:58:21,898 [INFO] CmdLine:76 -  model file         :   D:\Anusha_TinyML_FDP\TinyML_Workshop_Nitte-\ONNX\mlp_model.onnx                        
2026-07-31 11:58:21,898 [INFO] CmdLine:76 -  type               :   onnx                                                                                   
2026-07-31 11:58:21,898 [INFO] CmdLine:76 -  c_name             :   network                                                                                
2026-07-31 11:58:21,898 [INFO] CmdLine:76 -  compression        :   none                                                                                   
2026-07-31 11:58:21,898 [INFO] CmdLine:76 -  options            :   allocate-inputs, allocate-outputs                                                      
2026-07-31 11:58:21,898 [INFO] CmdLine:76 -  optimization       :   balanced                                                                               
2026-07-31 11:58:21,898 [INFO] CmdLine:76 -  target/series      :   stm32l4                                                                                
2026-07-31 11:58:21,898 [INFO] CmdLine:76 -  workspace dir      :   C:\Users\ADMIN\AppData\Local\Temp\mxAI_workspace907736818347540014596303803274904068   
2026-07-31 11:58:21,898 [INFO] CmdLine:76 -  output dir         :   C:\Users\ADMIN\.stm32cubemx\network_output                                             
2026-07-31 11:58:21,899 [INFO] CmdLine:76 -  model_fmt          :   float                                                                                  
2026-07-31 11:58:21,899 [INFO] CmdLine:76 -  model_name         :   mlp_model                                                                              
2026-07-31 11:58:21,899 [INFO] CmdLine:76 -  model_hash         :   0xdeea65ffd24f71ddeacb634c57bdc030                                                     
2026-07-31 11:58:21,899 [INFO] CmdLine:76 -  params #           :   2,693 items (10.52 KiB)                                                                
2026-07-31 11:58:21,899 [INFO] CmdLine:76 -  --------------------------------------------------------------------------------------------------------------
2026-07-31 11:58:21,899 [INFO] CmdLine:76 -  input 1/1          :   'input', f32(1x6), 24 Bytes, activations                                               
2026-07-31 11:58:21,899 [INFO] CmdLine:76 -  output 1/1         :   'output', f32(1x5), 20 Bytes, activations                                              
2026-07-31 11:58:21,899 [INFO] CmdLine:76 -  macc               :   2,789                                                                                  
2026-07-31 11:58:21,899 [INFO] CmdLine:76 -  weights (ro)       :   10,772 B (10.52 KiB) (1 segment)                                                       
2026-07-31 11:58:21,899 [INFO] CmdLine:76 -  activations (rw)   :   384 B (384 B) (1 segment) *                                                            
2026-07-31 11:58:21,899 [INFO] CmdLine:76 -  ram (total)        :   384 B (384 B) = 384 + 0 + 0                                                            
2026-07-31 11:58:21,900 [INFO] CmdLine:76 -  --------------------------------------------------------------------------------------------------------------
2026-07-31 11:58:21,900 [INFO] CmdLine:76 -  (*) 'input'/'output' buffers are allocated in the activations buffer
2026-07-31 11:58:21,909 [INFO] CmdLine:76 - Computing AI RT data/code size (target=stm32l4)..
2026-07-31 11:58:23,362 [INFO] CmdLine:76 -  Requested memory size by section - "stm32l4" target
2026-07-31 11:58:23,362 [INFO] CmdLine:76 -  ------------------------------ ------- -------- ------- -----
2026-07-31 11:58:23,362 [INFO] CmdLine:76 -  module                            text   rodata    data   bss
2026-07-31 11:58:23,363 [INFO] CmdLine:76 -  ------------------------------ ------- -------- ------- -----
2026-07-31 11:58:23,363 [INFO] CmdLine:76 -  NetworkRuntime1020_CM4_GCC.a     6,452        0       0     0
2026-07-31 11:58:23,363 [INFO] CmdLine:76 -  network.o                          528       40   1,584   140
2026-07-31 11:58:23,363 [INFO] CmdLine:76 -  network_data.o                      48       16      88     0
2026-07-31 11:58:23,363 [INFO] CmdLine:76 -  lib (toolchain)*                     0        0       0     0
2026-07-31 11:58:23,363 [INFO] CmdLine:76 -  ------------------------------ ------- -------- ------- -----
2026-07-31 11:58:23,363 [INFO] CmdLine:76 -  RT total**                       7,028       56   1,672   140
2026-07-31 11:58:23,364 [INFO] CmdLine:76 -  ------------------------------ ------- -------- ------- -----
2026-07-31 11:58:23,364 [INFO] CmdLine:76 -  weights                              0   10,776       0     0
2026-07-31 11:58:23,364 [INFO] CmdLine:76 -  activations                          0        0       0   384
2026-07-31 11:58:23,364 [INFO] CmdLine:76 -  io                                   0        0       0     0
2026-07-31 11:58:23,364 [INFO] CmdLine:76 -  ------------------------------ ------- -------- ------- -----
2026-07-31 11:58:23,364 [INFO] CmdLine:76 -  TOTAL                            7,028   10,832   1,672   524
2026-07-31 11:58:23,364 [INFO] CmdLine:76 -  ------------------------------ ------- -------- ------- -----
2026-07-31 11:58:23,364 [INFO] CmdLine:76 -  *  toolchain objects (libm/libgcc*)
2026-07-31 11:58:23,364 [INFO] CmdLine:76 -  ** RT AI runtime objects (kernels+infrastructure)
2026-07-31 11:58:23,365 [INFO] CmdLine:76 -   Summary - "stm32l4" target
2026-07-31 11:58:23,365 [INFO] CmdLine:76 -   ---------------------------------------------------
2026-07-31 11:58:23,365 [INFO] CmdLine:76 -                FLASH (ro)      %*   RAM (rw)       %
2026-07-31 11:58:23,365 [INFO] CmdLine:76 -   ---------------------------------------------------
2026-07-31 11:58:23,365 [INFO] CmdLine:76 -   RT total          8,756   44.8%      1,812   82.5%
2026-07-31 11:58:23,365 [INFO] CmdLine:76 -   ---------------------------------------------------
2026-07-31 11:58:23,365 [INFO] CmdLine:76 -   TOTAL            19,532              2,196
2026-07-31 11:58:23,365 [INFO] CmdLine:76 -   ---------------------------------------------------
2026-07-31 11:58:23,366 [INFO] CmdLine:76 -   *  rt/total
2026-07-31 11:58:23,366 [INFO] CmdLine:76 -  Generated files (7)
2026-07-31 11:58:23,366 [INFO] CmdLine:76 -  ------------------------------------------------------------------
2026-07-31 11:58:23,366 [INFO] CmdLine:76 -  C:\Users\ADMIN\.stm32cubemx\network_output\network_data_params.h
2026-07-31 11:58:23,366 [INFO] CmdLine:76 -  C:\Users\ADMIN\.stm32cubemx\network_output\network_data_params.c
2026-07-31 11:58:23,366 [INFO] CmdLine:76 -  C:\Users\ADMIN\.stm32cubemx\network_output\network_data.h
2026-07-31 11:58:23,366 [INFO] CmdLine:76 -  C:\Users\ADMIN\.stm32cubemx\network_output\network_data.c
2026-07-31 11:58:23,367 [INFO] CmdLine:76 -  C:\Users\ADMIN\.stm32cubemx\network_output\network_config.h
2026-07-31 11:58:23,367 [INFO] CmdLine:76 -  C:\Users\ADMIN\.stm32cubemx\network_output\network.h
2026-07-31 11:58:23,367 [INFO] CmdLine:76 -  C:\Users\ADMIN\.stm32cubemx\network_output\network.c
2026-07-31 11:58:23,367 [INFO] CmdLine:76 - Creating txt report file C:\Users\ADMIN\.stm32cubemx\network_output\network_generate_report.txt
2026-07-31 11:58:34,218 [INFO] CmdLine:76 - elapsed time (generate): 22.345s
2026-07-31 11:58:34,867 [INFO] CmdLine:148 - stedgeai exit with status: 0
2026-07-31 11:58:34,875 [INFO] AIModelDetailledView:2264 - Analysis status: done
2026-07-31 11:58:35,289 [INFO] ProjectBuilder:3606 - Time for Copy HAL[1] : 172mS.
2026-07-31 11:58:35,289 [ERROR] Middleware:2950 - Invalid RefComponent list
2026-07-31 11:58:35,289 [ERROR] Middleware:2950 - Invalid RefComponent list
2026-07-31 11:58:35,289 [ERROR] Middleware:2950 - Invalid RefComponent list
2026-07-31 11:58:35,289 [ERROR] Middleware:2950 - Invalid RefComponent list
2026-07-31 11:58:35,290 [ERROR] Middleware:2950 - Invalid RefComponent list
2026-07-31 11:58:35,290 [ERROR] Middleware:2950 - Invalid RefComponent list
2026-07-31 11:58:35,290 [ERROR] Middleware:2950 - Invalid RefComponent list
2026-07-31 11:58:35,290 [ERROR] Middleware:2950 - Invalid RefComponent list
2026-07-31 11:58:35,290 [ERROR] Middleware:2950 - Invalid RefComponent list
2026-07-31 11:58:35,290 [ERROR] Middleware:2950 - Invalid RefComponent list
2026-07-31 11:58:35,290 [ERROR] Middleware:2950 - Invalid RefComponent list
2026-07-31 11:58:35,290 [ERROR] Middleware:2950 - Invalid RefComponent list
2026-07-31 11:58:35,290 [ERROR] Middleware:2950 - Invalid RefComponent list
2026-07-31 11:58:35,290 [ERROR] Middleware:2950 - Invalid RefComponent list
2026-07-31 11:58:35,290 [ERROR] Middleware:2950 - Invalid RefComponent list
2026-07-31 11:58:35,290 [ERROR] Middleware:2950 - Invalid RefComponent list
2026-07-31 11:58:35,290 [ERROR] Middleware:2950 - Invalid RefComponent list
2026-07-31 11:58:35,290 [ERROR] Middleware:2950 - Invalid RefComponent list
2026-07-31 11:58:35,290 [ERROR] Middleware:2950 - Invalid RefComponent list
2026-07-31 11:58:35,290 [ERROR] Middleware:2950 - Invalid RefComponent list
2026-07-31 11:58:35,290 [ERROR] Middleware:2950 - Invalid RefComponent list
2026-07-31 11:58:35,290 [ERROR] Middleware:2950 - Invalid RefComponent list
2026-07-31 11:58:35,290 [ERROR] Middleware:2950 - Invalid RefComponent list
2026-07-31 11:58:35,290 [ERROR] Middleware:2950 - Invalid RefComponent list
2026-07-31 11:58:35,290 [ERROR] Middleware:2950 - Invalid RefComponent list
2026-07-31 11:58:35,290 [ERROR] Middleware:2950 - Invalid RefComponent list
2026-07-31 11:58:35,290 [ERROR] Middleware:2950 - Invalid RefComponent list
2026-07-31 11:58:35,290 [ERROR] Middleware:2950 - Invalid RefComponent list
2026-07-31 11:58:35,290 [ERROR] Middleware:2950 - Invalid RefComponent list
2026-07-31 11:58:35,290 [ERROR] Middleware:2950 - Invalid RefComponent list
2026-07-31 11:58:35,290 [ERROR] Middleware:2950 - Invalid RefComponent list
2026-07-31 11:58:35,290 [ERROR] Middleware:2950 - Invalid RefComponent list
2026-07-31 11:58:35,290 [ERROR] Middleware:2950 - Invalid RefComponent list
2026-07-31 11:58:35,290 [ERROR] Middleware:2950 - Invalid RefComponent list
2026-07-31 11:58:35,290 [ERROR] Middleware:2950 - Invalid RefComponent list
2026-07-31 11:58:35,290 [ERROR] Middleware:2950 - Invalid RefComponent list
2026-07-31 11:58:35,290 [ERROR] Middleware:2950 - Invalid RefComponent list
2026-07-31 11:58:35,290 [ERROR] Middleware:2950 - Invalid RefComponent list
2026-07-31 11:58:35,290 [ERROR] Middleware:2950 - Invalid RefComponent list
2026-07-31 11:58:35,291 [ERROR] Middleware:2950 - Invalid RefComponent list
2026-07-31 11:58:35,291 [ERROR] Middleware:2950 - Invalid RefComponent list
2026-07-31 11:58:35,291 [ERROR] Middleware:2950 - Invalid RefComponent list
2026-07-31 11:58:35,291 [ERROR] Middleware:2950 - Invalid RefComponent list
2026-07-31 11:58:35,291 [ERROR] Middleware:2950 - Invalid RefComponent list
2026-07-31 11:58:35,291 [ERROR] Middleware:2950 - Invalid RefComponent list
2026-07-31 11:58:35,291 [ERROR] Middleware:2950 - Invalid RefComponent list
2026-07-31 11:58:35,291 [ERROR] Middleware:2950 - Invalid RefComponent list
2026-07-31 11:58:35,291 [ERROR] Middleware:2950 - Invalid RefComponent list
2026-07-31 11:58:35,291 [ERROR] Middleware:2950 - Invalid RefComponent list
2026-07-31 11:58:35,291 [ERROR] Middleware:2950 - Invalid RefComponent list
2026-07-31 11:58:35,294 [INFO] ProjectBuilder:5216 - Project Generator version: 4.7.0-B52
2026-07-31 11:58:35,378 [INFO] ConfigFileManager:1595 - The Die is : DIE470
2026-07-31 11:58:36,079 [INFO] ProjectBuilder:5496 - Time for Generating toolchain IDE Files: 785mS.
2026-07-31 11:58:36,080 [INFO] ProjectBuilder:3463 - Time for Copy CMSIS : 0mS.
2026-07-31 11:58:36,081 [INFO] ProjectBuilder:3463 - Time for Copy CMSIS : 0mS.
2026-07-31 11:58:36,468 [INFO] UtilMem:75 - End SaveConfig() Used Memory: 783271376 Bytes (1073741824)
2026-07-31 12:21:27,536 [INFO] MainUpdater:2872 - connection check result : 10
2026-07-31 12:21:27,537 [INFO] McuFinderGlobals:76 - Set McuFinderConnectedMode to true
2026-07-31 12:21:28,108 [INFO] ServerAccessManage:452 - Complete download http(s) 200
2026-07-31 12:21:28,109 [INFO] ServerAccessManage:509 - Download File mcusAds.json._tmp_
2026-07-31 12:21:28,250 [INFO] LoadUrlFilesThread:156 - End of LoadUrlFiles Thread
2026-07-31 12:21:28,849 [INFO] ServerAccessManage:452 - Complete download http(s) 200
2026-07-31 12:21:28,850 [INFO] ServerAccessManage:509 - Download File cube-finder-db.zip
