Ax,Ay,Az,Gx,Gy,Gz,Label
0.063,-0.036,1.015,3.076,3.252,9.015,Pitch
0.061,-0.040,0.988,-1.130,1.015,3.710,Pitch
0.079,-0.040,0.996,-1.557,2.130,0.863,Pitch
0.093,-0.030,0.986,-1.565,6.099,1.260,Pitch
0.118,-0.027,0.951,0.160,10.748,10.466,Pitch
0.068,-0.046,0.994,1.840,12.511,12.649,Pitch
0.044,-0.046,1.016,0.840,11.260,7.908,Pitch
0.024,-0.043,1.033,1.099,20.191,6.771,Pitch
0.012,-0.046,1.046,-2.740,15.939,2.405,Pitch
0.004,-0.049,1.050,-7.313,10.107,-5.427,Pitch
0.012,-0.047,1.037,-10.855,15.481,-9.290,Pitch
-0.003,-0.059,1.031,-11.260,5.740,-13.321,Pitch
-0.030,-0.059,1.111,-3.313,-24.053,-15.198,Pitch
0.028,-0.036,1.087,-11.405,-42.481,-14.382,Pitch
0.046,-0.032,0.966,-11.359,-46.763,-15.901,Pitch
0.129,-0.061,0.974,2.198,-43.450,-12.420,Pitch
0.139,-0.126,0.937,17.069,-26.634,-14.015,Pitch
0.127,-0.080,0.792,29.206,36.107,-4.076,Pitch
0.199,-0.014,0.832,18.863,118.626,18.206,Pitch
0.095,-0.004,0.948,-9.420,179.229,26.992,Pitch
0.006,0.008,0.970,12.771,209.145,19.748,Pitch
-0.243,-0.018,0.958,-0.290,172.794,20.389,Pitch
-0.324,-0.074,1.041,5.634,117.145,8.206,Pitch
-0.385,-0.035,1.039,-4.313,86.954,4.130,Pitch
-0.385,-0.076,1.079,-1.679,10.611,-1.321,Pitch
-0.350,-0.075,1.099,9.137,-91.718,-6.855,Pitch
-0.367,-0.014,1.239,16.153,-212.382,-20.282,Pitch
-0.103,-0.015,0.994,-1.427,-250.137,-43.977,Pitch
0.064,-0.108,0.965,13.282,-250.137,-46.397,Pitch
0.154,-0.052,1.037,19.916,-250.137,-24.145,Pitch
0.127,-0.021,0.871,15.092,-250.137,2.183,Pitch
0.312,-0.012,0.774,26.206,-240.878,12.931,Pitch
0.492,0.021,0.822,17.985,-176.313,13.885,Pitch
0.500,0.012,0.813,4.595,-90.786,19.092,Pitch
0.586,0.070,0.764,-26.206,44.809,19.565,Pitch
0.500,0.075,0.705,-34.557,189.275,14.313,Pitch
0.476,0.025,0.731,-27.542,237.771,7.855,Pitch
0.343,-0.068,0.862,-29.947,250.130,3.489,Pitch
0.180,-0.056,0.879,-38.015,250.130,6.779,Pitch
-0.027,-0.110,0.958,-7.840,250.130,9.198,Pitch
-0.141,-0.059,1.009,4.336,247.794,24.725,Pitch
-0.231,-0.102,1.008,4.374,154.305,17.397,Pitch
-0.308,-0.108,1.021,8.519,75.580,13.870,Pitch
-0.314,-0.092,1.029,-6.084,40.702,10.115,Pitch
-0.247,-0.088,1.115,4.885,-10.924,3.084,Pitch
-0.375,-0.076,1.252,5.168,-81.649,-8.053,Pitch
-0.388,-0.064,1.219,-3.137,-205.359,-35.229,Pitch
-0.123,-0.058,0.971,-0.817,-250.137,-65.191,Pitch
0.107,-0.099,0.936,9.069,-250.137,-60.824,Pitch
0.267,-0.154,1.003,16.336,-250.137,-33.069,Pitch
0.298,-0.010,0.854,41.145,-250.137,-5.061,Pitch
0.444,-0.004,0.726,48.336,-228.626,1.527,Pitch
0.560,-0.014,0.754,34.344,-140.611,7.092,Pitch
0.629,0.011,0.775,20.695,-37.885,10.626,Pitch
0.583,0.034,0.728,3.000,157.336,22.954,Pitch
0.542,0.089,0.711,-4.298,244.824,23.954,Pitch
0.447,0.060,0.672,-32.634,250.130,28.779,Pitch
0.289,-0.094,0.856,-35.649,250.130,36.099,Pitch
-0.087,-0.065,1.009,-8.687,250.130,31.672,Pitch
-0.212,-0.045,1.010,-13.802,250.130,20.771,Pitch
-0.365,-0.109,1.079,-5.397,144.198,13.084,Pitch
-0.374,-0.097,1.050,-1.244,41.817,6.160,Pitch
-0.476,-0.140,1.091,12.809,-77.649,-8.748,Pitch
-0.295,-0.131,1.339,25.298,-235.687,-28.061,Pitch
-0.115,0.042,1.084,-8.473,-250.137,-55.969,Pitch
-0.009,-0.097,0.914,-5.206,-250.137,-63.122,Pitch
0.210,-0.152,1.021,26.008,-250.137,-54.496,Pitch
0.405,-0.029,0.860,42.160,-250.137,-30.847,Pitch
0.441,0.020,0.737,38.038,-223.504,-11.626,Pitch
0.583,-0.019,0.752,21.023,-151.588,6.939,Pitch
0.643,0.035,0.796,11.137,-76.344,20.786,Pitch
0.626,0.018,0.768,-13.458,75.130,42.336,Pitch
0.604,0.121,0.713,-23.908,182.733,46.359,Pitch
0.567,0.047,0.690,-22.183,250.130,42.305,Pitch
0.384,-0.026,0.629,-25.832,250.130,49.053,Pitch
0.102,-0.090,0.922,-21.595,250.130,52.008,Pitch
-0.199,-0.083,1.108,-0.863,250.130,38.252,Pitch
-0.280,-0.022,0.997,-4.168,247.618,7.679,Pitch
-0.322,-0.132,1.015,3.641,137.176,3.153,Pitch
-0.448,-0.136,1.047,5.992,42.382,7.153,Pitch
-0.516,-0.124,1.097,26.305,-67.031,1.191,Pitch
-0.493,-0.058,1.368,21.779,-233.084,-21.031,Pitch
-0.198,-0.029,1.008,3.382,-250.137,-52.557,Pitch
-0.066,-0.082,0.935,7.855,-250.137,-67.053,Pitch
0.203,-0.035,0.930,21.603,-250.137,-70.634,Pitch
0.436,-0.054,0.833,30.336,-250.137,-52.328,Pitch
0.478,-0.019,0.762,34.611,-244.275,-34.924,Pitch
0.568,0.020,0.728,36.397,-206.443,-18.847,Pitch
0.605,0.096,0.673,26.221,-147.244,-10.015,Pitch
0.742,0.036,0.712,1.496,16.313,18.626,Pitch
0.711,0.088,0.620,-6.458,165.420,46.939,Pitch
0.712,0.095,0.640,-6.802,250.130,72.672,Pitch
0.481,0.014,0.739,-26.626,250.130,62.282,Pitch
0.276,-0.055,0.717,-14.611,250.130,50.817,Pitch
0.074,-0.068,0.871,-3.008,250.130,48.924,Pitch
-0.190,-0.046,1.097,-7.282,250.130,33.053,Pitch
-0.359,0.007,1.173,-4.763,229.649,10.931,Pitch
-0.325,-0.105,1.025,-3.718,122.611,1.580,Pitch
-0.417,-0.096,1.068,0.420,24.351,6.939,Pitch
-0.469,-0.072,1.142,11.718,-75.885,-6.626,Pitch
-0.422,-0.009,1.302,4.748,-197.504,-27.458,Pitch
-0.224,-0.030,1.015,-8.863,-250.137,-49.137,Pitch
0.029,-0.056,0.853,-3.802,-250.137,-63.733,Pitch
0.174,-0.085,1.000,10.031,-250.137,-63.305,Pitch
0.402,-0.031,0.884,16.328,-250.137,-56.046,Pitch
0.511,0.040,0.724,14.847,-250.137,-36.397,Pitch
0.594,0.014,0.669,8.664,-188.924,-18.412,Pitch
0.636,0.021,0.642,12.626,-121.893,-11.092,Pitch
0.750,0.035,0.655,-1.847,-35.527,-5.275,Pitch
0.741,0.017,0.662,-27.908,69.748,3.580,Pitch
0.729,0.076,0.557,-27.229,189.534,23.840,Pitch
0.556,0.036,0.699,-33.176,250.130,52.145,Pitch
0.447,-0.033,0.743,-20.397,250.130,57.534,Pitch
0.243,-0.158,0.814,11.626,250.130,72.145,Pitch
0.001,-0.114,1.013,21.733,250.130,73.519,Pitch
-0.247,0.012,1.118,6.573,250.130,49.878,Pitch
-0.329,-0.099,1.045,8.824,177.885,27.008,Pitch
-0.336,-0.097,1.074,13.603,62.794,11.565,Pitch
-0.428,-0.094,1.165,14.130,-29.542,-3.458,Pitch
-0.456,-0.038,1.384,3.901,-148.145,-23.466,Pitch
-0.248,-0.017,1.128,-9.916,-250.137,-50.122,Pitch
-0.033,-0.068,0.904,2.649,-250.137,-55.153,Pitch
0.176,-0.061,0.924,16.618,-250.137,-50.221,Pitch
0.332,0.017,0.926,21.710,-250.137,-49.443,Pitch
0.485,0.053,0.812,11.763,-250.137,-45.107,Pitch
0.601,0.034,0.673,13.756,-204.481,-32.794,Pitch
0.751,0.030,0.677,19.046,-136.916,-20.527,Pitch
0.746,0.044,0.672,2.084,-57.725,-6.870,Pitch
0.707,0.040,0.679,-14.565,79.969,17.702,Pitch
0.685,0.075,0.613,-17.496,213.351,41.954,Pitch
0.597,0.009,0.724,-40.992,250.130,62.107,Pitch
0.450,-0.021,0.659,-34.870,250.130,74.908,Pitch
0.103,-0.104,0.936,-24.000,250.130,65.198,Pitch
-0.133,-0.050,1.040,0.832,250.130,57.519,Pitch
-0.242,-0.087,1.050,3.191,209.817,45.351,Pitch
-0.311,-0.120,1.041,-2.496,120.870,40.481,Pitch
-0.396,-0.058,1.090,-2.588,37.687,13.519,Pitch
-0.448,-0.104,1.144,12.847,-94.053,-19.496,Pitch
-0.478,-0.068,1.292,8.710,-250.137,-47.237,Pitch
-0.119,-0.032,0.973,-15.443,-250.137,-70.198,Pitch
0.083,-0.099,0.903,10.221,-250.137,-67.481,Pitch
0.325,-0.053,0.881,26.206,-250.137,-60.985,Pitch
0.460,-0.017,0.850,23.229,-250.137,-43.092,Pitch
0.578,0.082,0.737,19.618,-250.137,-38.496,Pitch
0.667,0.065,0.678,12.710,-191.740,-39.153,Pitch
0.761,0.027,0.656,3.214,-91.198,-27.260,Pitch
0.801,-0.046,0.672,-12.863,115.641,18.962,Pitch
0.696,0.012,0.588,-11.901,250.130,55.931,Pitch
0.563,0.022,0.798,-28.763,250.130,58.901,Pitch
0.415,-0.065,0.742,-17.779,250.130,57.824,Pitch
0.218,-0.049,0.791,0.588,250.130,62.931,Pitch
-0.052,-0.085,0.982,0.893,250.130,55.405,Pitch
-0.172,-0.069,1.132,6.496,243.573,28.580,Pitch
-0.294,-0.070,1.068,13.611,136.038,18.359,Pitch
-0.309,-0.090,1.066,8.427,18.084,5.305,Pitch
-0.407,-0.053,1.066,10.695,-71.412,-6.504,Pitch
-0.334,-0.013,1.338,-15.618,-170.366,-36.160,Pitch
-0.182,-0.065,1.137,-28.840,-250.137,-58.031,Pitch
0.127,-0.101,0.803,-8.649,-250.137,-72.466,Pitch
0.348,-0.076,0.795,28.038,-250.137,-53.954,Pitch
0.445,-0.006,0.833,31.771,-250.137,-35.336,Pitch
0.611,0.076,0.725,21.298,-250.137,-37.198,Pitch
0.719,0.047,0.651,11.817,-168.504,-36.420,Pitch
0.759,0.055,0.600,10.481,-90.634,-29.374,Pitch
0.815,-0.034,0.625,-7.954,54.092,0.817,Pitch
0.720,0.052,0.679,-9.427,152.565,16.748,Pitch
0.662,0.025,0.632,-20.916,230.832,35.115,Pitch
0.611,-0.021,0.746,-39.802,250.130,67.756,Pitch
0.415,-0.056,0.753,-27.580,250.130,80.725,Pitch
0.192,-0.073,0.814,8.977,250.130,85.527,Pitch
-0.067,-0.080,1.047,16.382,250.130,70.595,Pitch
-0.228,-0.033,1.082,2.206,242.878,42.672,Pitch
-0.317,-0.122,1.055,5.443,116.565,33.137,Pitch
-0.407,-0.067,1.087,-2.679,16.473,11.985,Pitch
-0.353,-0.089,1.124,11.321,-73.840,-5.489,Pitch
-0.316,-0.005,1.274,-5.084,-191.603,-33.985,Pitch
-0.150,-0.059,1.071,-24.473,-250.137,-56.160,Pitch
0.073,-0.118,0.841,-2.321,-250.137,-61.779,Pitch
0.253,-0.055,0.841,12.580,-250.137,-56.992,Pitch
0.399,-0.034,0.894,6.237,-250.137,-41.779,Pitch
0.497,0.023,0.842,3.450,-250.137,-37.824,Pitch
0.606,0.013,0.744,1.710,-190.313,-36.557,Pitch
0.661,-0.040,0.693,0.435,-119.420,-25.176,Pitch
0.730,-0.025,0.677,1.412,-66.496,-16.214,Pitch
0.732,0.026,0.690,0.214,-12.260,-8.496,Pitch
0.703,-0.009,0.629,6.756,75.053,7.779,Pitch
0.649,-0.009,0.499,10.939,186.198,44.824,Pitch
0.526,-0.046,0.767,-32.885,250.130,84.969,Pitch
0.512,-0.074,1.020,-35.565,250.130,76.863,Pitch
0.214,-0.045,0.754,1.641,250.130,71.237,Pitch
-0.089,-0.068,0.976,6.321,250.130,55.672,Pitch
-0.239,-0.045,1.141,14.473,231.527,31.794,Pitch
-0.321,-0.106,1.024,15.275,134.519,17.901,Pitch
-0.394,-0.105,1.068,4.664,56.420,9.084,Pitch
-0.435,-0.104,1.134,8.847,-39.992,3.443,Pitch
-0.398,-0.065,1.248,-3.374,-172.420,-22.237,Pitch
-0.238,-0.086,1.042,1.252,-250.137,-42.115,Pitch
-0.016,-0.064,0.878,11.733,-250.137,-45.725,Pitch
0.202,-0.044,0.881,-2.527,-250.137,-63.626,Pitch
0.334,-0.053,0.863,9.756,-250.137,-55.137,Pitch
0.557,0.012,0.802,15.664,-250.137,-42.191,Pitch
0.593,0.060,0.726,6.626,-250.137,-42.901,Pitch
0.844,0.017,0.764,-14.626,-181.611,-41.557,Pitch
0.830,0.006,0.674,-19.305,-69.824,-34.489,Pitch
0.806,-0.068,0.687,-15.374,112.336,0.626,Pitch
0.743,0.013,0.622,-11.687,224.534,18.366,Pitch
0.629,0.019,0.644,-26.901,250.130,38.130,Pitch
0.530,-0.050,0.726,-43.427,250.130,57.519,Pitch
0.396,-0.056,0.825,-36.412,250.130,61.962,Pitch
0.168,-0.114,0.894,-21.137,250.130,66.046,Pitch
-0.042,-0.129,0.972,-7.153,250.130,61.115,Pitch
-0.224,-0.098,1.066,-7.099,203.947,55.878,Pitch
-0.323,-0.124,1.060,-0.687,102.053,41.656,Pitch
-0.330,-0.135,1.022,7.397,30.183,19.206,Pitch
-0.333,-0.107,1.037,16.626,-27.130,4.168,Pitch
-0.246,-0.087,1.125,3.771,-62.252,-9.084,Pitch
-0.307,-0.142,1.159,7.916,-147.687,-28.313,Pitch
-0.164,-0.113,1.033,30.435,-250.137,-47.939,Pitch
0.081,-0.095,0.887,33.794,-250.137,-43.313,Pitch
0.283,-0.028,0.967,28.092,-250.137,-28.405,Pitch
0.401,-0.008,0.923,17.641,-220.359,-12.397,Pitch
0.440,-0.008,0.805,17.359,-163.840,-4.504,Pitch
0.494,-0.001,0.814,18.130,-130.496,-4.084,Pitch
0.569,0.025,0.836,16.023,-96.031,-5.969,Pitch
0.588,0.023,0.816,5.527,-29.740,-11.099,Pitch
0.531,-0.004,0.757,-2.924,78.702,2.519,Pitch
0.503,0.013,0.711,-27.954,210.802,19.786,Pitch
0.482,-0.093,0.893,-31.824,250.130,32.893,Pitch
0.298,-0.006,0.935,-30.481,250.130,35.969,Pitch
0.091,-0.094,0.819,-38.313,250.130,34.908,Pitch
-0.115,-0.088,1.004,-19.092,250.130,34.214,Pitch
-0.313,-0.107,1.063,-3.115,191.229,32.023,Pitch
-0.352,-0.116,1.000,9.420,92.115,24.908,Pitch
-0.398,-0.102,1.045,18.351,10.191,15.420,Pitch
-0.438,-0.116,1.073,36.672,-87.977,0.534,Pitch
-0.510,-0.052,1.207,31.435,-208.878,-23.939,Pitch
-0.283,0.007,1.037,7.695,-250.137,-52.191,Pitch
-0.004,-0.070,0.866,7.931,-250.137,-46.458,Pitch
0.226,-0.070,0.924,20.603,-250.137,-30.023,Pitch
0.381,-0.045,0.901,19.099,-250.137,-17.855,Pitch
0.471,-0.023,0.795,36.947,-249.405,-14.672,Pitch
0.570,0.009,0.783,31.466,-175.634,-4.733,Pitch
0.626,0.012,0.781,23.977,-98.206,10.153,Pitch
0.710,0.071,0.756,15.511,3.740,17.763,Pitch
0.582,0.043,0.774,1.198,136.847,26.359,Pitch
0.547,0.045,0.743,-21.550,221.870,27.626,Pitch
0.475,0.037,0.801,-38.450,250.130,25.725,Pitch
0.350,-0.007,0.920,-39.008,250.130,16.641,Pitch
0.104,-0.032,0.935,-34.374,250.130,-1.053,Pitch
-0.099,-0.062,0.957,-12.282,250.130,5.725,Pitch
-0.212,-0.089,1.096,-1.000,172.580,11.405,Pitch
-0.279,-0.110,1.012,4.756,95.779,10.977,Pitch
-0.338,-0.089,1.038,6.374,31.710,8.382,Pitch
-0.362,-0.070,1.074,11.679,-44.122,0.794,Pitch
-0.351,-0.080,1.123,2.275,-131.901,-12.130,Pitch
-0.245,-0.086,1.095,3.649,-189.313,-27.954,Pitch
-0.093,-0.046,0.925,20.863,-250.137,-39.969,Pitch
0.149,0.027,0.897,9.656,-250.137,-42.870,Pitch
0.285,-0.016,0.919,-0.695,-250.137,-34.557,Pitch
0.423,-0.051,0.942,11.542,-205.718,-16.985,Pitch
0.479,-0.025,0.872,18.405,-150.542,-7.687,Pitch
0.513,0.016,0.834,14.397,-90.153,-4.855,Pitch
0.549,-0.019,0.865,4.794,-33.038,-7.244,Pitch
0.542,-0.020,0.850,3.237,12.618,-6.015,Pitch
0.493,-0.002,0.839,-4.458,53.969,-1.626,Pitch
0.467,-0.025,0.808,-9.084,121.351,12.443,Pitch
0.434,-0.027,0.777,-22.458,232.481,32.527,Pitch
0.321,-0.023,0.910,-58.176,250.130,53.573,Pitch
0.184,-0.082,0.923,-49.626,250.130,43.267,Pitch
-0.070,-0.062,0.978,-6.786,250.130,38.053,Pitch
-0.217,-0.106,1.017,8.786,160.687,37.504,Pitch
-0.182,-0.067,0.967,23.450,97.137,32.183,Pitch
-0.271,-0.060,1.066,28.595,79.794,23.321,Pitch
-0.369,-0.081,1.078,29.527,12.672,16.710,Pitch
-0.444,-0.123,1.101,35.496,-94.504,10.282,Pitch
-0.345,-0.028,1.213,22.916,-167.794,-17.550,Pitch
-0.218,0.010,1.046,2.878,-250.137,-33.443,Pitch
0.056,0.008,0.910,-11.282,-250.137,-44.908,Pitch
0.254,-0.043,0.939,-4.557,-242.313,-40.130,Pitch
0.325,-0.024,0.891,11.344,-219.183,-28.305,Pitch
0.405,0.049,0.891,32.344,-215.290,-22.237,Pitch
0.470,0.050,0.840,29.092,-172.908,-20.008,Pitch
0.544,0.038,0.860,13.099,-106.908,-23.611,Pitch
0.542,0.056,0.806,2.817,-37.298,-17.305,Pitch
0.550,0.034,0.751,-24.107,77.901,-3.450,Pitch
0.489,0.029,0.782,-47.626,190.557,7.328,Pitch
0.411,0.011,0.849,-59.267,250.130,20.489,Pitch
0.271,-0.035,0.877,-73.069,250.130,31.672,Pitch
0.123,-0.093,1.093,-71.511,250.130,20.252,Pitch
-0.030,-0.094,0.998,-59.588,225.214,14.153,Pitch
-0.108,-0.140,0.973,-30.855,152.710,23.695,Pitch
-0.167,-0.147,0.993,-7.954,100.718,18.496,Pitch
-0.246,-0.170,1.056,12.588,32.107,7.473,Pitch
-0.251,-0.177,1.067,35.084,-59.496,2.450,Pitch
-0.179,-0.161,1.158,48.550,-136.168,0.275,Pitch
-0.087,-0.046,1.130,48.160,-203.603,-11.366,Pitch
-0.012,-0.006,1.006,30.901,-231.718,-19.420,Pitch
0.168,-0.063,0.978,30.366,-228.947,-24.679,Pitch
0.297,-0.014,0.971,34.443,-195.756,-20.634,Pitch
0.323,0.023,0.886,37.092,-176.412,-23.916,Pitch
0.404,0.037,0.825,21.321,-144.466,-28.565,Pitch
0.464,0.027,0.837,-0.336,-88.611,-27.015,Pitch
0.505,0.035,0.829,-11.832,-23.450,-24.092,Pitch
0.493,0.043,0.806,-18.252,21.405,-19.634,Pitch
0.469,-0.008,0.756,-34.504,88.000,3.710,Pitch
0.442,-0.054,0.812,-33.336,206.092,38.099,Pitch
0.375,-0.062,0.937,-21.885,250.130,55.748,Pitch
0.154,0.002,0.929,-18.679,250.130,52.557,Pitch
0.038,-0.038,0.927,-18.672,249.931,46.344,Pitch
-0.045,-0.058,1.101,0.908,201.870,34.214,Pitch
-0.185,-0.040,1.024,5.992,133.649,26.168,Pitch
-0.219,-0.080,1.077,1.168,77.786,19.817,Pitch
-0.293,-0.094,1.098,2.015,14.672,12.000,Pitch
-0.335,-0.075,1.138,0.328,-62.779,-1.084,Pitch
-0.253,-0.108,1.162,1.603,-125.565,-14.763,Pitch
-0.123,-0.052,0.982,16.130,-214.557,-12.229,Pitch
0.033,-0.004,0.916,8.809,-250.137,-22.084,Pitch
0.193,-0.030,0.960,16.351,-250.137,-22.947,Pitch
0.314,-0.021,0.881,44.160,-250.137,-18.588,Pitch
0.410,0.008,0.888,55.191,-217.878,-17.962,Pitch
0.477,0.093,0.900,32.534,-171.733,-15.664,Pitch
0.539,0.040,0.811,12.275,-102.473,-18.458,Pitch
0.560,0.048,0.757,10.282,-42.344,-18.168,Pitch
0.563,0.008,0.778,-19.160,100.405,3.847,Pitch
0.544,0.034,0.762,-24.595,199.351,22.763,Pitch
0.448,0.034,0.873,-43.183,250.130,30.328,Pitch
0.345,-0.001,0.910,-55.366,250.130,29.191,Pitch
0.176,-0.034,0.868,-50.969,250.130,35.359,Pitch
-0.016,-0.079,1.051,-33.634,250.130,39.382,Pitch
-0.183,-0.069,1.009,-18.954,172.534,34.046,Pitch
-0.268,-0.086,1.031,-11.275,92.901,22.496,Pitch
-0.262,-0.076,1.053,-12.229,33.618,8.267,Pitch
-0.285,-0.082,1.074,1.962,-32.847,1.656,Pitch
-0.355,-0.095,1.138,2.565,-117.427,-12.840,Pitch
-0.221,-0.081,1.120,9.336,-175.962,-29.656,Pitch
-0.064,-0.069,0.882,-9.412,-229.389,-36.244,Pitch
0.135,-0.128,0.973,3.824,-238.878,-33.206,Pitch
0.278,-0.048,0.953,31.962,-212.168,-30.282,Pitch
0.318,-0.050,0.933,51.885,-189.351,-28.275,Pitch
0.391,-0.014,0.858,55.832,-162.809,-20.328,Pitch
0.468,0.013,0.840,39.191,-123.282,-11.076,Pitch
0.506,0.011,0.848,23.038,-78.115,-2.916,Pitch
0.555,-0.007,0.885,19.031,-36.122,4.046,Pitch
0.523,0.023,0.772,3.656,25.359,17.962,Pitch
0.495,-0.021,0.770,-15.427,142.137,36.260,Pitch
0.478,-0.030,0.926,-35.115,250.130,54.542,Pitch
0.322,0.030,0.907,-52.420,250.130,41.168,Pitch
0.182,0.013,0.848,-38.725,250.130,22.634,Pitch
0.035,-0.094,0.968,-24.084,233.145,16.725,Pitch
-0.124,-0.108,1.067,-16.092,192.824,17.611,Pitch
-0.240,-0.139,1.047,-3.298,111.504,17.313,Pitch
-0.296,-0.104,1.112,16.557,1.954,10.626,Pitch
-0.285,-0.091,1.144,16.649,-93.947,0.756,Pitch
-0.185,-0.068,1.108,19.687,-198.450,-2.618,Pitch
-0.031,-0.056,1.082,28.542,-250.137,-5.008,Pitch
0.147,0.002,0.950,26.985,-250.137,-3.153,Pitch
0.283,-0.006,0.946,28.916,-250.137,3.191,Pitch
0.397,0.010,0.918,22.092,-227.947,0.099,Pitch
0.467,0.032,0.826,18.527,-161.718,-1.176,Pitch
0.532,0.043,0.782,-2.695,-72.435,-5.664,Pitch
0.601,0.009,0.826,-10.321,-9.557,-13.618,Pitch
0.561,-0.032,0.802,-11.840,57.847,-12.527,Pitch
0.531,-0.013,0.770,-14.908,136.947,-6.496,Pitch
0.461,-0.020,0.865,-12.817,213.634,-5.191,Pitch
0.366,0.026,0.856,-29.290,250.130,-6.244,Pitch
0.297,-0.029,0.863,-24.290,250.130,2.748,Pitch
0.087,-0.084,0.983,-17.053,250.130,11.649,Pitch
-0.089,-0.088,1.052,-9.496,176.137,20.916,Pitch
-0.178,-0.076,1.007,-7.962,91.099,21.427,Pitch
-0.174,-0.041,1.050,-4.183,41.954,12.427,Pitch
-0.154,-0.024,1.072,-5.840,12.939,2.466,Pitch
-0.019,-0.060,1.140,10.092,-19.260,-3.481,Pitch
-0.197,-0.139,1.092,28.931,-70.985,-5.832,Pitch
-0.128,-0.171,1.158,46.893,-168.290,17.282,Pitch
-0.047,-0.031,1.049,55.992,-250.137,11.191,Pitch
0.170,0.095,0.899,34.405,-250.137,-5.015,Pitch
0.300,0.028,0.834,24.305,-250.137,-2.443,Pitch
0.454,0.089,0.829,-1.053,-235.733,-0.237,Pitch
0.532,0.068,0.856,-19.290,-137.557,-4.313,Pitch
0.564,0.045,0.826,-23.771,-39.832,-11.336,Pitch
0.531,0.006,0.797,-17.901,13.870,-12.061,Pitch
0.502,-0.032,0.815,-16.290,154.176,0.313,Pitch
0.424,0.006,0.811,-27.710,250.130,10.084,Pitch
0.361,-0.037,0.954,-56.321,250.130,14.168,Pitch
0.189,0.000,0.980,-45.481,250.130,15.168,Pitch
0.109,-0.096,0.969,-28.229,250.130,11.756,Pitch
-0.109,-0.070,1.090,-7.321,202.412,5.176,Pitch
-0.261,-0.122,1.036,7.214,79.229,3.779,Pitch
-0.271,-0.078,1.065,12.527,10.977,-2.908,Pitch
-0.287,-0.093,1.107,13.969,-52.061,-15.481,Pitch
-0.249,-0.095,1.143,23.244,-137.656,-22.779,Pitch
-0.092,-0.075,1.121,31.542,-223.702,-21.908,Pitch
0.023,0.019,0.948,24.779,-250.137,-34.397,Pitch
0.198,-0.038,0.903,11.847,-250.137,-41.229,Pitch
0.358,-0.012,0.880,11.450,-249.817,-33.229,Pitch
0.486,0.021,0.830,14.031,-185.237,-19.443,Pitch
0.510,0.033,0.787,9.565,-109.053,-7.336,Pitch
0.551,0.018,0.753,5.870,-52.015,1.473,Pitch
0.559,0.021,0.793,-0.069,-4.412,0.985,Pitch
0.492,0.010,0.744,-18.702,61.847,8.756,Pitch
0.439,-0.023,0.753,-34.038,209.779,29.359,Pitch
0.454,-0.088,0.988,-43.878,250.130,48.076,Pitch
0.229,0.004,0.973,-40.412,250.130,38.969,Pitch
-0.018,-0.030,0.935,-23.328,250.130,30.634,Pitch
-0.163,-0.110,1.042,-0.015,183.802,41.641,Pitch
-0.212,-0.140,1.017,12.038,116.947,47.237,Pitch
-0.269,-0.069,1.063,21.756,37.046,27.115,Pitch
-0.297,-0.025,1.115,26.237,-54.595,2.374,Pitch
-0.188,-0.034,1.091,-0.282,-113.244,-9.198,Pitch
-0.144,-0.060,1.108,-7.069,-155.374,-11.565,Pitch
-0.034,-0.064,1.096,16.176,-184.519,-21.855,Pitch
0.057,-0.027,1.000,42.702,-212.695,-16.763,Pitch
0.207,0.013,0.940,46.046,-232.817,-19.649,Pitch
0.295,0.047,0.922,45.344,-204.267,-20.824,Pitch
0.371,0.030,0.910,33.496,-149.550,-17.183,Pitch
0.433,0.062,0.850,22.779,-93.863,-15.298,Pitch
0.475,0.061,0.858,10.420,-51.267,-17.893,Pitch
0.494,0.061,0.861,-4.771,-11.229,-11.336,Pitch
0.433,0.060,0.795,-26.595,66.618,-6.557,Pitch
0.433,0.022,0.755,-46.023,188.069,-4.221,Pitch
0.365,0.026,0.931,-69.130,250.130,3.740,Pitch
0.231,-0.028,0.954,-68.802,250.130,13.802,Pitch
0.141,-0.055,0.923,-45.588,250.130,12.641,Pitch
-0.014,-0.053,1.048,-19.313,196.855,15.344,Pitch
-0.163,-0.110,1.034,-9.962,130.450,19.947,Pitch
-0.251,-0.112,1.039,6.031,72.420,23.565,Pitch
-0.256,-0.084,1.093,4.939,7.076,13.687,Pitch
-0.241,-0.082,1.101,8.969,-63.718,2.412,Pitch
-0.179,-0.100,1.118,16.450,-150.122,-6.137,Pitch
-0.098,-0.069,1.090,21.901,-208.489,-11.206,Pitch
0.012,-0.033,0.906,21.718,-250.137,-9.847,Pitch
0.180,0.001,0.932,28.672,-250.137,-13.840,Pitch
0.298,0.011,0.923,33.511,-250.137,-11.137,Pitch
0.462,0.020,0.867,30.107,-216.588,-10.565,Pitch
0.516,0.031,0.826,16.176,-136.351,-11.397,Pitch
0.571,0.034,0.845,14.969,-80.656,-13.321,Pitch
0.575,0.052,0.793,19.595,-36.450,-14.420,Pitch
0.559,0.004,0.743,2.137,80.198,3.840,Pitch
0.533,0.049,0.799,-17.198,194.672,15.924,Pitch
0.462,0.028,0.892,-43.740,250.130,23.099,Pitch
0.301,0.035,0.875,-45.687,250.130,23.802,Pitch
0.165,-0.023,0.935,-33.779,250.130,21.687,Pitch
0.026,-0.031,1.083,-29.191,231.198,16.191,Pitch
-0.092,-0.076,1.015,-19.962,170.153,9.053,Pitch
-0.160,-0.067,0.993,-4.405,106.824,17.725,Pitch
-0.209,-0.089,1.050,0.405,57.763,20.534,Pitch
-0.258,-0.084,1.094,14.916,-4.473,14.756,Pitch
-0.209,-0.032,1.077,9.122,-63.214,-1.534,Pitch
-0.098,-0.024,1.075,-5.023,-96.595,-16.313,Pitch
-0.099,-0.080,1.078,-0.191,-146.450,-18.656,Pitch
0.013,-0.045,0.954,15.038,-220.183,-21.412,Pitch
0.141,-0.015,0.966,20.405,-249.824,-26.992,Pitch
0.248,0.002,0.958,23.191,-244.328,-23.061,Pitch
0.376,0.017,0.904,28.420,-207.855,-18.473,Pitch
0.450,0.021,0.865,34.015,-162.550,-19.924,Pitch
0.504,0.032,0.835,33.908,-125.153,-15.771,Pitch
0.542,0.027,0.797,31.534,-84.031,-9.611,Pitch
0.572,0.053,0.790,26.122,-24.046,-3.947,Pitch
0.556,0.069,0.750,2.321,56.229,0.962,Pitch
0.487,0.040,0.794,-29.328,171.870,15.985,Pitch
0.470,0.026,0.918,-49.435,250.130,29.641,Pitch
0.327,0.004,0.899,-48.916,250.130,28.107,Pitch
0.147,0.013,0.857,-52.557,250.130,22.626,Pitch
0.056,-0.104,1.041,-46.885,250.130,23.061,Pitch
-0.120,-0.113,1.061,-15.527,185.649,19.611,Pitch
-0.216,-0.079,1.040,-4.916,85.718,10.000,Pitch
-0.268,-0.104,1.102,13.046,7.595,5.374,Pitch
-0.269,-0.080,1.113,14.908,-55.328,3.802,Pitch
-0.182,-0.061,1.129,17.305,-135.183,1.435,Pitch
-0.040,0.009,1.075,10.084,-227.229,-14.542,Pitch
0.051,-0.015,0.953,-4.305,-250.137,-31.260,Pitch
0.255,-0.050,0.888,5.557,-250.137,-34.588,Pitch
0.389,0.032,0.850,32.191,-250.137,-32.427,Pitch
0.420,0.023,0.827,53.817,-240.153,-32.588,Pitch
0.536,0.028,0.803,28.725,-181.137,-20.450,Pitch
0.649,0.049,0.804,13.863,-98.389,-15.198,Pitch
0.660,0.081,0.716,3.489,-12.786,-17.160,Pitch
0.611,-0.030,0.746,-23.473,151.954,2.405,Pitch
0.565,0.005,0.833,-23.718,237.160,14.519,Pitch
0.404,0.017,0.850,-48.344,250.130,21.931,Pitch
0.327,-0.019,0.910,-60.901,250.130,24.305,Pitch
0.189,-0.054,0.956,-60.145,250.130,20.351,Pitch
0.008,-0.085,1.013,-36.046,244.305,20.313,Pitch
-0.139,-0.104,1.033,-21.221,179.908,15.740,Pitch
-0.205,-0.162,1.039,-8.084,116.939,14.450,Pitch
-0.279,-0.129,1.107,1.290,18.832,2.786,Pitch
-0.241,-0.105,1.117,17.443,-82.069,-7.237,Pitch
-0.162,-0.137,1.131,25.122,-182.916,-14.702,Pitch
-0.024,-0.043,0.979,30.763,-250.137,-29.023,Pitch
0.093,-0.019,0.915,29.618,-250.137,-37.725,Pitch
0.336,-0.056,0.845,57.832,-250.137,-27.542,Pitch
0.435,0.023,0.906,78.351,-246.000,-18.763,Pitch
0.500,0.069,0.822,54.298,-195.687,-18.740,Pitch
0.599,0.060,0.784,25.748,-121.794,-14.672,Pitch
0.566,0.070,0.773,10.672,-61.641,-9.962,Pitch
0.656,0.014,0.747,-15.183,54.176,-0.160,Pitch
0.575,0.047,0.767,-32.618,172.901,14.908,Pitch
0.488,0.041,0.856,-55.534,229.794,21.733,Pitch
0.375,-0.039,0.844,-68.542,250.130,34.412,Pitch
0.283,-0.065,0.971,-51.405,250.130,42.878,Pitch
0.098,-0.009,0.990,-38.023,243.603,30.916,Pitch
-0.041,-0.091,0.995,-24.214,188.076,23.015,Pitch
-0.094,-0.100,1.058,-16.267,140.244,17.427,Pitch
-0.135,-0.096,1.000,-5.206,85.985,13.260,Pitch
-0.195,-0.079,1.033,-0.496,33.061,6.145,Pitch
-0.199,-0.076,1.089,7.305,-10.145,2.382,Pitch
-0.171,-0.086,1.056,12.672,-53.359,-2.855,Pitch
-0.105,-0.075,1.112,16.763,-96.504,-8.061,Pitch
-0.094,-0.072,1.056,15.702,-162.901,-11.427,Pitch
0.019,-0.076,0.945,17.573,-250.137,-21.802,Pitch
0.201,-0.043,0.937,39.603,-250.137,-20.626,Pitch
0.341,0.014,0.850,52.740,-250.137,-15.244,Pitch
0.450,0.041,0.803,41.634,-250.137,-18.206,Pitch
0.513,0.007,0.850,44.198,-212.412,-12.695,Pitch
0.668,0.044,0.804,37.916,-135.878,-7.344,Pitch
0.669,0.085,0.743,20.542,-62.748,-11.328,Pitch
0.677,0.052,0.769,-18.626,76.618,-1.656,Pitch
0.625,0.009,0.770,-34.702,177.534,2.809,Pitch
0.499,0.005,0.802,-38.382,228.298,7.290,Pitch
0.416,-0.010,0.825,-40.603,250.130,16.145,Pitch
0.317,-0.014,0.942,-50.412,250.130,18.588,Pitch
0.152,-0.040,0.958,-57.374,250.130,13.282,Pitch
0.015,-0.087,0.963,-44.260,244.618,16.679,Pitch
-0.115,-0.128,1.064,-18.817,157.397,19.382,Pitch
-0.203,-0.113,1.055,-3.878,75.405,21.847,Pitch
-0.201,-0.083,1.087,5.099,24.840,13.641,Pitch
-0.187,-0.076,1.087,2.061,-20.824,-1.542,Pitch
-0.152,-0.094,1.095,11.802,-83.641,-9.847,Pitch
-0.084,-0.092,1.145,21.992,-166.290,-17.191,Pitch
0.001,-0.049,0.910,23.672,-244.733,-25.412,Pitch
0.140,-0.050,0.927,35.473,-250.137,-26.710,Pitch
0.303,0.034,0.923,54.527,-250.137,-24.244,Pitch
0.406,0.004,0.856,56.321,-233.924,-15.519,Pitch
0.507,0.016,0.831,50.435,-167.198,-6.389,Pitch
0.550,0.069,0.790,34.290,-103.519,-5.458,Pitch
0.519,0.060,0.811,17.298,-44.840,-8.573,Pitch
0.606,0.046,0.837,-4.107,70.412,1.710,Pitch
0.510,0.039,0.789,-22.466,161.786,10.183,Pitch
0.464,0.021,0.814,-42.450,229.947,15.947,Pitch
0.375,0.032,0.909,-50.725,250.130,19.916,Pitch
0.197,0.020,0.957,-61.664,250.130,13.359,Pitch
0.018,-0.029,0.955,-51.603,250.130,14.458,Pitch
-0.081,-0.088,1.073,-42.664,238.718,19.802,Pitch
-0.140,-0.118,1.048,-25.359,149.863,6.260,Pitch
-0.259,-0.120,1.052,-3.015,28.023,7.290,Pitch
-0.256,-0.112,1.079,12.015,-73.443,3.893,Pitch
-0.198,-0.085,1.040,17.053,-148.855,-0.702,Pitch
-0.127,-0.103,0.953,22.305,-234.389,1.557,Pitch
0.103,-0.053,1.028,37.634,-250.137,-0.412,Pitch
0.202,-0.042,1.075,51.382,-250.137,-3.573,Pitch
0.299,0.049,1.000,51.183,-250.137,-8.015,Pitch
0.444,0.040,0.795,40.473,-250.137,-8.748,Pitch
0.575,0.017,0.722,43.893,-174.542,-4.000,Pitch
0.606,0.078,0.796,22.908,-92.290,-0.168,Pitch
0.646,0.085,0.738,1.191,-15.840,-3.031,Pitch
0.599,0.017,0.767,-30.183,131.832,7.160,Pitch
0.525,0.017,0.739,-50.084,250.130,14.885,Pitch
0.438,0.016,0.833,-68.779,250.130,15.069,Pitch
0.285,-0.006,0.983,-59.870,250.130,0.893,Pitch
0.083,-0.074,0.908,-39.290,250.130,-2.267,Pitch
-0.033,-0.107,0.999,-25.405,198.519,11.603,Pitch
-0.143,-0.137,1.029,-11.092,125.840,21.160,Pitch
-0.192,-0.119,1.048,6.298,34.511,21.603,Pitch
-0.191,-0.091,1.088,7.252,-42.756,15.351,Pitch
-0.166,-0.101,1.142,5.427,-119.519,13.336,Pitch
-0.153,-0.057,1.123,5.214,-192.885,3.611,Pitch
0.046,-0.071,1.102,25.954,-250.137,-10.939,Pitch
0.144,-0.001,0.918,37.786,-250.137,-11.099,Pitch
0.313,0.016,0.826,23.458,-250.137,-10.473,Pitch
0.480,0.005,0.833,21.710,-222.412,-11.107,Pitch
0.540,0.018,0.815,23.893,-163.168,-11.382,Pitch
0.558,0.040,0.740,18.275,-115.992,-14.053,Pitch
0.601,0.051,0.741,3.282,-66.023,-15.634,Pitch
0.622,-0.004,0.753,-5.084,13.824,-11.015,Pitch
0.584,-0.001,0.774,-12.008,127.687,-0.931,Pitch
0.544,0.041,0.824,-28.328,214.489,6.779,Pitch
0.461,-0.028,0.834,-41.275,250.130,12.779,Pitch
0.327,-0.018,0.940,-48.656,250.130,17.649,Pitch
0.135,-0.078,1.050,-38.252,250.130,10.962,Pitch
-0.041,-0.109,0.969,-6.351,233.145,10.672,Pitch
-0.170,-0.085,1.073,0.145,130.183,7.939,Pitch
-0.228,-0.120,1.077,16.321,35.313,4.901,Pitch
-0.226,-0.108,1.094,17.160,-62.870,0.321,Pitch
-0.158,-0.114,1.117,29.557,-161.779,3.000,Pitch
0.075,-0.033,1.142,32.977,-241.740,5.992,Pitch
0.092,0.063,0.956,12.962,-250.137,-10.931,Pitch
0.218,-0.045,0.919,19.595,-250.137,-6.695,Pitch
0.375,-0.044,0.880,40.405,-250.137,12.374,Pitch
0.515,0.036,0.803,43.832,-169.328,20.916,Pitch
0.566,0.067,0.785,19.740,-78.557,20.130,Pitch
0.597,0.031,0.717,10.718,-16.443,11.031,Pitch
0.616,0.070,0.681,3.298,44.565,4.924,Pitch
0.428,0.122,0.704,-40.160,183.916,-1.733,Pitch
0.495,0.036,0.902,-79.000,250.130,-9.374,Pitch
0.337,-0.036,1.007,-63.817,250.130,-25.763,Pitch
0.154,-0.010,0.951,-54.244,250.130,-30.237,Pitch
-0.034,-0.135,1.019,-42.679,232.221,-15.168,Pitch
-0.132,-0.121,1.079,-8.489,140.450,-4.099,Pitch
-0.199,-0.129,1.069,5.305,42.855,-1.069,Pitch
-0.200,-0.120,1.146,4.466,-24.313,-4.198,Pitch
-0.205,-0.119,1.162,3.489,-98.580,-12.641,Pitch
-0.105,-0.166,1.088,31.008,-188.206,-17.977,Pitch
0.031,-0.121,0.933,80.473,-250.137,-11.802,Pitch
0.254,0.016,0.823,78.168,-245.305,-14.779,Pitch
0.339,0.005,0.934,43.107,-203.679,-8.916,Pitch
0.592,-0.028,0.892,15.962,-77.603,-20.473,Pitch
0.380,0.038,0.852,5.954,41.275,1.634,Pitch
0.217,0.085,0.873,-9.023,53.282,15.687,Pitch
0.292,0.045,0.904,-2.947,60.466,11.206,Pitch
0.371,0.076,0.834,-17.603,136.237,-4.710,Pitch
0.220,0.009,0.900,-47.176,213.145,2.405,Pitch
0.131,0.014,1.032,-39.771,243.389,7.099,Pitch
-0.042,-0.029,1.078,-19.885,197.153,-2.725,Pitch
-0.137,-0.073,1.069,-3.122,111.718,-3.817,Pitch
-0.162,-0.073,1.156,-6.473,38.412,-0.206,Pitch
-0.147,-0.124,1.150,11.618,-64.107,4.405,Pitch
-0.090,-0.126,1.111,31.099,-156.809,6.336,Pitch
-0.044,-0.096,0.958,79.710,-218.099,6.870,Pitch
0.163,0.033,0.965,86.611,-230.069,23.229,Pitch
0.261,0.053,0.974,53.038,-206.626,34.718,Pitch
0.350,0.084,1.035,29.534,-137.298,30.824,Pitch
0.366,0.149,0.914,12.328,-98.534,16.183,Pitch
0.380,0.117,0.776,-1.031,-16.405,4.992,Pitch
0.379,0.183,0.841,-30.947,29.763,7.733,Pitch
0.403,0.152,0.785,-71.580,86.359,9.305,Pitch
0.513,-0.044,0.853,-60.977,168.046,-3.992,Pitch
0.338,0.004,0.743,-33.656,216.366,-11.038,Pitch
0.148,-0.056,1.027,-40.809,224.901,-7.740,Pitch
0.044,-0.091,1.087,-19.084,198.359,-1.260,Pitch
-0.094,-0.105,1.011,2.344,156.832,13.061,Pitch
-0.171,-0.100,1.074,24.809,93.298,17.870,Pitch
-0.169,-0.064,1.119,44.557,9.405,22.122,Pitch
-0.218,-0.038,1.161,36.412,-77.031,22.420,Pitch
-0.200,0.023,1.217,20.061,-170.656,14.634,Pitch
-0.039,0.135,1.027,-27.313,-244.168,-4.527,Pitch
0.155,-0.012,0.899,-45.992,-250.137,-23.191,Pitch
0.331,-0.039,0.891,4.504,-219.466,-27.504,Pitch
0.393,-0.022,0.856,30.176,-176.107,-23.672,Pitch
0.470,0.031,0.833,34.687,-136.672,-18.824,Pitch
0.514,0.042,0.830,23.962,-91.282,-16.206,Pitch
0.550,0.033,0.804,22.168,-64.573,-11.710,Pitch
0.518,0.036,0.801,22.290,-23.931,1.412,Pitch
0.531,0.071,0.773,1.412,63.763,11.206,Pitch
0.527,0.077,0.857,-8.511,142.824,14.908,Pitch
0.443,0.119,0.861,-45.779,203.595,13.481,Pitch
0.314,0.041,0.929,-69.260,250.130,7.359,Pitch
0.233,-0.047,0.985,-63.107,250.130,2.458,Pitch
0.066,-0.025,0.989,-49.427,249.824,-3.817,Pitch
-0.085,-0.073,1.047,-26.511,163.656,-8.137,Pitch
-0.168,-0.106,1.082,-3.977,62.672,-8.275,Pitch
-0.210,-0.093,1.130,1.313,-20.901,-5.786,Pitch
-0.178,-0.036,1.120,-3.366,-81.527,-5.252,Pitch
-0.105,-0.063,1.103,-0.313,-130.969,-11.298,Pitch
-0.049,-0.126,1.001,26.649,-200.214,-14.718,Pitch
0.133,-0.008,0.962,31.817,-226.336,-22.947,Pitch
0.226,0.032,0.918,6.550,-232.672,-25.000,Pitch
0.398,0.007,0.887,0.153,-188.160,-27.450,Pitch
0.496,-0.044,0.835,15.954,-129.130,-24.061,Pitch
0.474,-0.043,0.822,26.824,-99.229,-14.924,Pitch
0.504,-0.010,0.823,31.794,-69.672,-7.740,Pitch
0.545,-0.005,0.818,29.595,-26.084,-7.511,Pitch
0.552,0.028,0.799,18.237,17.878,-8.550,Pitch
0.499,0.024,0.696,-1.458,86.634,-0.076,Pitch
0.399,-0.006,0.752,-44.802,222.496,22.031,Pitch
0.410,-0.033,1.115,-63.595,250.130,40.397,Pitch
0.204,0.044,0.942,-56.168,250.130,33.565,Pitch
0.036,-0.104,1.005,-26.573,235.939,35.763,Pitch
-0.046,-0.105,1.113,-16.634,176.206,33.374,Pitch
-0.142,-0.094,1.069,0.496,98.115,24.618,Pitch
-0.213,-0.105,1.114,10.969,-2.840,11.649,Pitch
-0.196,-0.068,1.142,14.863,-91.389,4.580,Pitch
-0.240,-0.056,1.048,21.710,-160.183,3.603,Pitch
0.027,-0.044,0.985,38.824,-208.878,-0.107,Pitch
0.123,-0.004,0.823,63.321,-224.603,2.344,Pitch
0.218,0.033,0.886,68.351,-250.137,4.191,Pitch
0.381,0.104,0.862,49.710,-237.771,-1.992,Pitch
0.526,0.100,0.790,28.305,-161.740,-9.092,Pitch
0.540,0.109,0.772,7.000,-92.374,-11.725,Pitch
0.578,0.064,0.842,-16.069,-48.718,-13.107,Pitch
0.620,0.058,0.863,-27.588,3.687,-11.893,Pitch
0.483,0.025,0.804,-36.840,128.832,-4.702,Pitch
0.457,-0.018,0.926,-53.496,250.130,16.435,Pitch
0.374,-0.026,1.057,-52.794,250.130,21.985,Pitch
0.198,-0.009,0.885,-24.832,242.267,9.466,Pitch
0.099,-0.028,0.947,-33.641,183.855,6.618,Pitch
0.031,-0.048,1.031,-19.580,145.336,9.168,Pitch
-0.059,-0.066,1.041,-8.252,100.740,5.290,Pitch
-0.101,-0.061,1.029,2.969,37.603,-1.244,Pitch
-0.106,-0.070,1.059,14.725,-21.214,-1.588,Pitch
-0.081,-0.051,1.086,29.053,-70.328,4.878,Pitch
0.017,-0.036,1.185,28.137,-128.382,3.901,Pitch
0.032,-0.018,1.069,30.389,-205.557,-14.397,Pitch
0.141,0.000,0.868,49.366,-250.137,-24.252,Pitch
0.268,0.073,0.844,60.359,-250.137,-23.130,Pitch
0.438,0.091,0.881,34.237,-217.840,-14.901,Pitch
0.519,0.068,0.839,27.122,-161.595,-7.863,Pitch
0.558,0.092,0.819,7.901,-107.351,-2.374,Pitch
0.649,0.059,0.824,-8.710,-32.916,2.336,Pitch
0.633,0.108,0.804,-25.122,50.664,7.145,Pitch
0.528,0.056,0.771,-62.160,209.443,18.641,Pitch
0.459,0.012,0.912,-53.641,250.130,15.382,Pitch
0.294,0.027,0.944,-40.221,238.985,9.878,Pitch
0.201,-0.002,0.947,-30.870,228.328,18.504,Pitch
0.115,-0.047,1.042,-26.405,228.191,17.588,Pitch
0.004,-0.048,1.046,-8.542,175.366,7.511,Pitch
-0.124,-0.071,1.046,15.573,91.840,14.366,Pitch
-0.122,-0.048,1.013,13.580,58.557,15.458,Pitch
-0.153,-0.040,1.071,1.817,20.557,1.870,Pitch
-0.123,-0.018,1.068,5.115,-46.985,-10.977,Pitch
-0.143,0.009,1.025,-6.580,-107.427,-16.885,Pitch
0.006,-0.056,1.024,-2.809,-162.542,-21.198,Pitch
0.085,-0.104,0.936,28.031,-206.046,-15.519,Pitch
0.153,-0.007,1.036,43.718,-245.962,-12.496,Pitch
0.293,0.035,0.939,52.130,-246.992,-13.389,Pitch
0.396,0.089,0.765,48.824,-211.427,-12.046,Pitch
0.471,0.069,0.764,27.458,-160.183,-13.137,Pitch
0.562,0.094,0.842,14.824,-123.802,-12.725,Pitch
0.530,0.075,0.809,-3.489,-89.191,-12.733,Pitch
0.665,0.041,0.832,-14.985,-0.176,-5.901,Pitch
0.597,0.073,0.842,-27.863,104.847,1.420,Pitch
0.518,0.009,0.809,-21.649,188.107,11.069,Pitch
0.452,0.093,0.870,-23.008,250.130,25.229,Pitch
0.349,0.042,0.967,-40.389,250.130,22.695,Pitch
0.192,0.005,0.993,-16.863,238.389,11.443,Pitch
0.076,0.018,1.006,-19.565,157.237,10.069,Pitch
-0.032,-0.008,1.100,-19.924,104.511,12.282,Pitch
-0.077,0.003,1.071,-10.023,37.198,7.099,Pitch
-0.065,-0.022,1.079,-3.244,-24.580,1.473,Pitch
0.042,-0.061,1.139,9.794,-93.168,5.595,Pitch
0.053,-0.063,1.051,28.679,-154.618,-1.435,Pitch
0.155,-0.030,0.876,46.397,-182.351,-0.527,Pitch
0.240,0.063,0.846,49.557,-213.893,-5.206,Pitch
0.355,0.098,0.885,35.023,-210.450,-13.000,Pitch
0.453,0.076,0.875,23.939,-177.489,-13.351,Pitch
0.499,0.083,0.797,19.176,-127.527,-10.679,Pitch
0.523,0.103,0.836,4.504,-67.061,-12.489,Pitch
0.542,0.090,0.810,-5.924,-10.435,-11.160,Pitch
0.525,0.071,0.792,-26.290,75.267,-0.313,Pitch
0.494,0.039,0.758,-54.107,235.573,11.168,Pitch
0.420,0.049,0.997,-60.191,250.130,12.733,Pitch
0.197,0.021,1.014,-49.412,250.130,11.321,Pitch
0.125,-0.045,0.972,-40.557,241.847,16.893,Pitch
-0.015,-0.043,1.080,-31.489,202.374,14.656,Pitch
-0.130,-0.049,1.094,-14.771,129.588,9.115,Pitch
-0.166,-0.042,1.031,3.328,43.580,10.099,Pitch
-0.170,-0.040,1.086,10.160,-17.351,5.580,Pitch
-0.151,-0.040,1.089,14.191,-74.069,-2.977,Pitch
-0.050,-0.008,1.087,12.489,-132.389,-9.107,Pitch
-0.011,-0.052,0.919,24.198,-163.229,-14.969,Pitch
0.104,-0.014,1.010,45.534,-204.962,-8.664,Pitch
0.224,0.027,1.040,40.580,-227.679,-9.489,Pitch
0.312,0.044,0.907,36.985,-214.221,-10.786,Pitch
0.354,0.086,0.768,39.672,-175.008,-9.412,Pitch
0.452,0.088,0.855,21.656,-134.076,-4.870,Pitch
0.529,0.067,0.898,19.336,-107.534,-4.473,Pitch
0.516,0.081,0.799,14.702,-75.351,-8.099,Pitch
0.593,0.091,0.823,1.489,-40.405,-13.511,Pitch
0.532,0.069,0.806,-3.939,-5.977,-8.550,Pitch
0.557,0.038,0.832,3.145,14.870,0.008,Pitch
0.493,0.108,0.773,-20.954,113.092,10.328,Pitch
0.467,0.051,0.879,-54.618,248.542,16.885,Pitch
0.437,0.039,0.989,-65.656,250.130,14.588,Pitch
0.222,0.038,0.890,-51.878,250.130,5.084,Pitch
0.111,-0.020,0.995,-54.282,240.000,4.252,Pitch
0.029,-0.036,1.063,-39.832,219.855,2.450,Pitch
-0.145,-0.068,1.046,-23.908,161.870,0.473,Pitch
-0.229,-0.111,1.106,-8.359,63.374,8.626,Pitch
-0.237,-0.096,1.111,2.489,-46.901,10.344,Pitch
-0.198,-0.077,1.161,19.580,-151.634,9.634,Pitch
-0.147,-0.083,1.026,30.550,-250.137,5.504,Pitch
0.125,0.014,0.857,53.366,-250.137,-6.450,Pitch
0.219,0.060,0.860,52.397,-250.137,-9.427,Pitch
0.381,0.078,0.862,46.344,-250.137,-15.061,Pitch
0.487,0.108,0.791,46.336,-243.389,-18.771,Pitch
0.562,0.089,0.756,44.206,-191.267,-21.885,Pitch
0.571,0.094,0.749,30.954,-138.855,-20.733,Pitch
0.723,0.085,0.763,6.702,-38.885,-12.916,Pitch
0.701,0.082,0.748,-19.466,94.198,3.855,Pitch
0.605,0.095,0.703,-31.954,180.740,12.947,Pitch
0.543,0.087,0.778,-38.466,188.763,15.443,Pitch
0.490,0.072,0.873,-49.740,197.840,21.275,Pitch
0.395,0.009,0.831,-61.122,247.878,26.313,Pitch
0.281,0.029,0.976,-72.221,250.130,16.183,Pitch
0.108,-0.035,1.032,-46.206,250.130,8.702,Pitch
-0.047,-0.094,1.002,-22.282,199.710,14.176,Pitch
-0.105,-0.110,1.041,-1.504,136.420,20.130,Pitch
-0.211,-0.074,1.076,7.374,80.252,11.580,Pitch
-0.202,-0.044,1.108,12.794,-7.198,2.153,Pitch
-0.185,-0.067,1.052,13.763,-76.252,2.649,Pitch
-0.070,-0.072,1.077,19.992,-141.695,4.473,Pitch
-0.051,-0.047,1.062,19.267,-206.031,6.099,Pitch
0.081,0.012,0.955,17.473,-250.137,0.046,Pitch
0.264,-0.009,0.896,35.687,-250.137,-8.893,Pitch
0.346,-0.006,0.900,60.412,-250.137,-8.534,Pitch
0.475,0.041,0.854,67.458,-250.137,-1.771,Pitch
0.544,0.054,0.760,59.405,-203.550,11.557,Pitch
0.688,0.104,0.696,34.198,-105.809,22.389,Pitch
0.763,0.145,0.728,8.359,-6.450,20.763,Pitch
0.690,0.123,0.762,-23.275,117.305,13.771,Pitch
0.537,0.083,0.753,-51.733,222.847,19.397,Pitch
0.526,0.052,0.854,-44.496,250.130,13.603,Pitch
0.391,0.012,0.943,-44.702,250.130,1.687,Pitch
0.259,-0.029,0.875,-50.450,230.344,-1.771,Pitch
0.139,-0.007,0.983,-54.389,236.244,-0.092,Pitch
0.031,-0.070,1.051,-52.565,231.748,-8.779,Pitch
-0.066,-0.148,1.025,-34.336,168.718,-10.298,Pitch
-0.147,-0.153,1.040,-7.916,73.511,7.214,Pitch
-0.146,-0.115,1.058,0.481,-3.252,8.794,Pitch
-0.172,-0.118,1.054,2.977,-54.718,5.504,Pitch
-0.102,-0.135,1.050,10.298,-97.092,14.550,Pitch
-0.059,-0.097,1.123,18.695,-162.870,15.191,Pitch
0.002,-0.108,1.021,32.885,-240.756,16.534,Pitch
0.192,-0.014,0.869,47.832,-250.137,4.298,Pitch
0.337,0.002,0.823,41.893,-250.137,-6.282,Pitch
0.499,0.000,0.867,38.168,-244.145,-19.084,Pitch
0.572,0.059,0.846,37.817,-200.321,-33.321,Pitch
0.482,0.062,0.864,30.779,-134.366,-26.031,Pitch
0.628,0.054,0.791,13.008,-63.786,-19.450,Pitch
0.700,0.076,0.794,-15.847,15.855,-19.863,Pitch
0.650,0.041,0.775,-39.908,97.740,-31.015,Pitch
0.492,-0.018,0.713,-47.702,208.802,-21.183,Pitch
0.464,0.010,0.880,-71.985,250.130,7.000,Pitch
0.396,-0.012,0.962,-58.931,250.130,12.198,Pitch
0.173,-0.059,0.925,-33.389,250.130,6.725,Pitch
0.049,-0.056,1.003,-39.672,205.748,14.466,Pitch
-0.039,-0.100,1.037,-20.130,144.992,26.321,Pitch
-0.102,-0.115,1.051,-3.908,84.450,24.443,Pitch
-0.104,-0.095,1.084,3.595,9.008,14.580,Pitch
-0.164,-0.093,1.105,8.802,-65.351,6.122,Pitch
-0.110,-0.074,1.143,9.076,-131.420,1.565,Pitch
0.025,-0.100,1.083,21.718,-191.252,0.344,Pitch
0.108,-0.061,0.927,53.099,-193.840,7.817,Pitch
0.201,0.003,0.878,57.634,-192.092,10.191,Pitch
0.339,0.030,0.914,45.588,-176.794,4.321,Pitch
0.400,0.046,0.910,34.260,-166.107,-13.206,Pitch
0.404,0.070,0.864,32.550,-163.489,-18.336,Pitch
0.511,0.054,0.831,20.954,-124.519,-15.229,Pitch
0.562,0.067,0.792,1.740,-55.000,-11.328,Pitch
0.564,0.065,0.795,-12.878,-8.847,-10.481,Pitch
0.523,0.025,0.797,-15.458,31.802,-2.290,Pitch
0.455,0.031,0.677,-42.733,205.069,13.878,Pitch
0.384,0.076,0.927,-87.290,250.130,24.779,Pitch
0.318,-0.081,1.133,-81.008,250.130,-1.160,Pitch
0.057,-0.037,0.824,-26.092,250.130,7.740,Pitch
-0.050,-0.085,1.052,-30.145,221.237,22.977,Pitch
-0.158,-0.090,1.093,-20.931,149.137,18.115,Pitch
-0.240,-0.115,1.103,6.969,37.221,6.733,Pitch
-0.266,-0.118,1.115,19.649,-74.458,0.092,Pitch
-0.192,-0.101,1.164,25.450,-164.153,0.992,Pitch
-0.135,-0.016,1.086,22.779,-250.137,1.977,Pitch
0.082,0.016,0.860,10.534,-250.137,-2.611,Pitch
0.311,-0.038,0.936,32.687,-250.137,-14.252,Pitch
0.382,0.009,0.915,49.534,-250.137,-22.870,Pitch
0.512,0.059,0.838,48.611,-250.137,-33.542,Pitch
0.568,0.068,0.792,25.656,-167.840,-24.702,Pitch
0.677,0.043,0.737,-9.679,-54.863,-17.840,Pitch
0.677,0.025,0.725,-22.137,-8.985,-19.481,Pitch
0.618,0.034,0.694,-32.527,72.328,-15.733,Pitch
0.513,-0.026,0.720,-40.565,138.122,-7.527,Pitch
0.479,-0.025,0.725,-42.382,215.802,19.206,Pitch
0.436,0.028,0.858,-44.344,250.130,37.840,Pitch
0.385,-0.029,0.961,-32.084,250.130,31.962,Pitch
0.184,-0.054,0.941,-3.061,250.130,42.588,Pitch
-0.006,-0.054,1.032,0.000,239.779,50.214,Pitch
-0.140,-0.082,1.099,16.870,150.496,50.534,Pitch
-0.177,-0.016,1.050,13.084,92.389,37.435,Pitch
-0.186,-0.020,1.113,7.725,57.893,19.206,Pitch
-0.239,-0.029,1.108,0.282,-13.740,5.916,Pitch
-0.124,-0.041,1.141,-12.550,-69.641,2.992,Pitch
-0.143,-0.050,1.144,-11.550,-130.893,1.183,Pitch
-0.097,-0.099,1.070,17.450,-209.076,4.313,Pitch
0.070,-0.010,0.924,40.374,-250.137,3.817,Pitch
0.214,0.025,0.857,46.168,-250.137,1.336,Pitch
0.367,0.016,0.857,50.611,-250.137,7.809,Pitch
0.482,0.069,0.773,46.725,-235.122,5.435,Pitch
0.551,0.110,0.760,20.031,-168.214,-6.985,Pitch
0.641,0.058,0.783,1.336,-91.015,-10.550,Pitch
0.650,0.090,0.784,-21.519,8.763,-15.954,Pitch
0.583,0.002,0.760,-45.420,203.244,-13.664,Pitch
0.522,0.070,0.815,-54.931,250.130,-11.137,Pitch
0.393,-0.008,0.907,-43.206,250.130,-13.344,Pitch
0.253,-0.019,0.889,-35.802,250.130,-12.099,Pitch
0.108,-0.044,1.009,-47.672,250.130,-11.756,Pitch
-0.031,-0.062,1.018,-28.481,210.573,-1.718,Pitch
-0.134,-0.099,1.030,-3.763,141.634,10.809,Pitch
-0.216,-0.097,1.036,2.565,69.458,15.198,Pitch
-0.206,-0.055,1.123,7.573,-12.817,11.382,Pitch
-0.193,-0.068,1.135,7.962,-98.550,5.328,Pitch
-0.116,-0.072,1.157,17.084,-197.573,0.023,Pitch
0.038,0.032,0.904,4.198,-250.137,-17.191,Pitch
0.184,-0.021,0.955,10.855,-250.137,-22.008,Pitch
0.318,-0.020,0.968,45.130,-250.137,-19.382,Pitch
0.423,-0.026,0.932,60.229,-250.137,-7.565,Pitch
0.517,0.055,0.765,64.092,-233.504,2.344,Pitch
0.574,0.093,0.733,41.061,-183.053,4.420,Pitch
0.624,0.073,0.718,13.672,-106.908,1.084,Pitch
0.718,0.069,0.734,-6.076,14.053,0.977,Pitch
0.630,0.000,0.672,-39.000,187.550,14.824,Pitch
0.536,0.018,0.745,-39.534,250.130,34.427,Pitch
0.424,0.077,0.958,-36.962,250.130,45.870,Pitch
0.375,0.004,0.872,-31.771,250.130,17.458,Pitch
0.163,-0.046,0.917,-18.695,250.130,9.565,Pitch
0.030,-0.034,1.092,-27.992,232.008,8.176,Pitch
-0.094,-0.081,1.045,-9.282,151.954,2.565,Pitch
-0.158,-0.043,1.052,-4.733,67.290,-0.748,Pitch
-0.143,-0.056,1.082,1.603,12.115,-7.298,Pitch
-0.136,-0.058,1.081,10.221,-64.496,-6.504,Pitch
-0.109,-0.052,1.126,5.580,-128.076,-6.786,Pitch
0.007,-0.029,1.122,1.954,-184.626,-14.649,Pitch
0.163,-0.052,0.979,21.779,-204.634,-23.618,Pitch
0.230,-0.014,0.937,39.412,-190.420,-30.267,Pitch
0.283,0.016,0.871,36.282,-193.733,-26.031,Pitch
0.340,0.003,0.810,29.168,-198.305,-8.878,Pitch
0.509,0.009,0.769,21.122,-149.450,8.321,Pitch
0.567,0.079,0.808,18.420,-115.473,-1.031,Pitch
0.583,0.077,0.746,-5.061,-76.679,-17.122,Pitch
0.543,-0.007,0.753,-12.435,-8.893,-14.947,Pitch
0.512,-0.011,0.782,-7.695,93.710,9.023,Pitch
0.509,0.017,0.871,-20.031,199.832,30.573,Pitch
0.434,0.049,0.972,-40.672,250.130,38.580,Pitch
0.288,-0.027,0.971,-31.092,250.130,24.122,Pitch
0.073,-0.035,0.994,-42.252,250.130,18.809,Pitch
-0.041,-0.074,1.089,-31.046,215.069,17.725,Pitch
-0.134,-0.031,1.037,-15.908,148.076,11.740,Pitch
-0.161,-0.094,1.104,0.656,79.237,5.557,Pitch
-0.241,-0.146,1.126,9.779,-36.779,2.366,Pitch
-0.209,-0.133,1.214,31.229,-180.031,3.794,Pitch
-0.058,-0.028,1.042,38.069,-250.137,2.031,Pitch
0.136,0.064,0.846,31.916,-250.137,-21.374,Pitch
0.383,0.061,0.737,22.397,-250.137,-48.802,Pitch
0.561,0.073,0.784,11.748,-250.137,-63.435,Pitch
0.620,0.086,0.728,-6.412,-165.275,-52.313,Pitch
0.654,0.023,0.809,2.260,-92.786,-50.115,Pitch
0.667,0.027,0.731,9.634,-22.046,-36.000,Pitch
0.698,-0.010,0.734,-23.725,119.221,-14.122,Pitch
0.579,0.050,0.663,-44.298,217.137,-15.664,Pitch
0.450,0.012,0.800,-49.092,250.130,-17.046,Pitch
0.348,0.027,0.933,-60.344,233.160,-2.588,Pitch
0.071,-0.059,0.915,-33.603,180.595,25.351,Pitch
-0.035,0.017,1.096,-24.916,186.038,57.382,Pitch
-0.052,-0.083,1.113,-15.733,161.611,78.550,Pitch
-0.024,-0.059,0.965,12.878,104.260,82.374,Pitch
0.040,-0.039,1.042,6.191,65.947,44.962,Pitch
0.000,-0.017,1.090,0.405,23.183,24.771,Pitch
0.115,-0.048,1.007,3.809,-14.397,-0.718,Pitch
-0.100,-0.010,1.108,5.481,-45.954,1.901,Pitch
-0.059,-0.084,1.141,1.679,-86.069,15.351,Pitch
0.058,-0.110,1.137,18.336,-141.023,21.527,Pitch
0.113,-0.005,0.911,33.244,-180.885,37.412,Pitch
0.276,0.043,0.896,25.611,-190.153,30.901,Pitch
0.340,0.021,0.971,22.733,-198.733,10.275,Pitch
0.406,0.058,0.886,17.099,-218.344,-1.855,Pitch
0.473,0.052,0.763,13.313,-181.763,-2.840,Pitch
0.559,0.099,0.777,-7.473,-106.046,-3.305,Pitch
0.583,0.033,0.750,-16.290,-32.802,-17.740,Pitch
0.493,-0.029,0.650,-6.221,61.817,-10.527,Pitch
0.528,-0.004,0.906,-18.336,201.061,-0.832,Pitch
0.508,0.004,1.022,-41.122,250.130,9.076,Pitch
0.331,0.017,0.828,-35.649,250.130,-4.916,Pitch
0.214,-0.045,0.977,-36.443,250.130,-3.221,Pitch
0.063,-0.070,1.042,-20.221,250.130,-0.191,Pitch
-0.107,-0.084,1.104,-14.008,216.802,-1.435,Pitch
-0.230,-0.089,1.065,6.466,84.015,4.160,Pitch
-0.232,-0.063,1.103,15.069,-40.565,0.916,Pitch
-0.187,-0.048,1.155,13.000,-144.794,-3.740,Pitch
-0.071,-0.051,1.149,19.656,-250.137,-8.695,Pitch
0.094,0.003,0.876,22.099,-250.137,-16.473,Pitch
0.258,-0.008,0.777,21.740,-250.137,-18.992,Pitch
0.480,-0.027,0.875,42.130,-250.137,-12.809,Pitch
0.531,0.010,0.874,40.305,-181.275,1.298,Pitch
0.590,0.065,0.795,20.786,-97.985,-1.397,Pitch
0.571,0.054,0.744,-1.611,-34.122,-5.176,Pitch
0.614,0.040,0.774,-13.832,42.000,-1.359,Pitch
0.552,-0.002,0.717,-25.389,176.679,5.260,Pitch
0.532,0.013,0.863,-27.298,245.351,7.397,Pitch
0.401,0.044,0.971,-35.046,223.450,5.672,Pitch
0.238,0.042,0.837,-48.840,246.099,-5.282,Pitch
0.184,-0.061,0.989,-57.176,250.130,-12.679,Pitch
-0.012,-0.066,1.067,-30.458,250.130,-10.550,Pitch
-0.111,-0.115,1.008,0.130,144.031,-2.534,Pitch
-0.198,-0.106,1.072,20.794,38.191,-0.855,Pitch
-0.235,-0.075,1.124,19.557,-35.015,5.183,Pitch
-0.185,-0.083,1.125,16.359,-89.725,3.115,Pitch
-0.102,-0.080,1.108,21.672,-169.855,-1.878,Pitch
0.090,-0.064,0.945,30.733,-234.603,-8.405,Pitch
0.170,0.039,0.922,35.214,-250.137,-20.565,Pitch
0.281,0.024,0.979,29.580,-250.137,-19.473,Pitch
0.370,0.025,0.827,29.985,-250.137,-15.939,Pitch
0.558,0.011,0.769,39.183,-227.313,-10.008,Pitch
0.609,0.050,0.732,43.336,-153.008,-3.107,Pitch
0.597,0.102,0.712,31.237,-102.176,-3.359,Pitch
0.682,0.086,0.706,9.588,-34.817,-3.748,Pitch
0.656,0.039,0.751,-29.634,162.641,12.504,Pitch
0.613,0.047,0.814,-51.206,250.130,20.191,Pitch
0.511,0.068,0.962,-58.641,250.130,11.954,Pitch
0.302,0.002,0.863,-47.916,250.130,4.527,Pitch
0.222,-0.035,0.937,-42.206,233.611,13.305,Pitch
0.071,-0.043,0.963,-45.962,250.130,22.313,Pitch
0.010,-0.059,1.067,-24.840,242.832,22.183,Pitch
-0.172,-0.084,1.060,4.588,129.412,11.924,Pitch
-0.229,-0.093,1.113,15.008,-2.435,5.641,Pitch
-0.218,-0.068,1.132,19.756,-110.160,-1.550,Pitch
-0.154,-0.060,1.144,19.809,-191.290,-16.496,Pitch
0.012,-0.042,1.037,35.351,-250.137,-24.908,Pitch
0.129,0.041,0.841,43.519,-250.137,-27.344,Pitch
0.335,0.007,0.828,40.115,-250.137,-26.618,Pitch
0.468,0.002,0.867,42.863,-228.397,-10.237,Pitch
0.558,0.067,0.797,41.420,-173.527,-1.053,Pitch
0.602,0.107,0.756,22.252,-113.427,-4.221,Pitch
0.644,0.083,0.805,5.885,-45.275,-4.290,Pitch
0.682,0.085,0.785,-24.786,88.061,12.565,Pitch
0.539,0.055,0.701,-49.069,214.832,23.252,Pitch
0.469,0.042,0.791,-50.962,250.130,20.885,Pitch
0.400,0.032,0.911,-50.611,250.130,9.435,Pitch
0.226,-0.004,0.948,-62.481,250.130,-1.061,Pitch
0.092,-0.074,0.932,-49.351,250.130,4.908,Pitch
-0.056,-0.093,1.066,-16.450,235.908,11.542,Pitch
-0.206,-0.114,1.049,2.412,138.435,9.641,Pitch
-0.248,-0.134,1.045,10.885,37.725,19.275,Pitch
-0.279,-0.077,1.112,9.443,-44.160,13.237,Pitch
-0.213,-0.059,1.103,12.542,-111.099,5.076,Pitch
-0.111,-0.105,1.129,23.634,-175.733,1.901,Pitch
-0.005,-0.068,0.978,45.046,-236.198,6.038,Pitch
0.180,0.048,0.853,53.198,-250.137,1.191,Pitch
0.296,0.012,0.916,47.725,-250.137,-4.672,Pitch
0.393,0.059,0.864,51.000,-250.137,-5.832,Pitch
0.534,0.108,0.792,45.031,-245.817,-12.550,Pitch
0.624,0.104,0.772,24.588,-173.214,-15.809,Pitch
0.685,0.076,0.733,19.008,-106.977,-12.718,Pitch
0.706,0.130,0.734,4.496,-46.473,-10.542,Pitch
0.698,0.105,0.799,-29.069,60.725,-4.740,Pitch
0.622,0.062,0.745,-43.489,151.649,-2.115,Pitch
0.590,0.002,0.749,-39.603,229.275,4.092,Pitch
0.470,0.047,0.862,-52.351,250.130,18.198,Pitch
0.350,0.035,0.908,-66.763,250.130,16.282,Pitch
0.221,-0.010,0.955,-51.557,250.130,8.618,Pitch
0.064,-0.047,1.018,-47.366,250.130,3.092,Pitch
-0.059,-0.053,1.031,-27.015,182.809,-0.405,Pitch
-0.118,-0.099,1.028,-6.443,85.908,4.053,Pitch
-0.171,-0.091,1.061,3.122,32.107,9.008,Pitch
-0.178,-0.103,1.084,12.725,-32.183,3.908,Pitch
-0.127,-0.080,1.104,22.344,-111.779,0.481,Pitch
-0.054,-0.096,1.092,38.260,-202.649,-2.565,Pitch
0.137,-0.010,0.940,58.840,-250.137,-6.328,Pitch
0.212,0.046,0.849,56.336,-250.137,-11.519,Pitch
0.347,0.027,0.829,49.855,-250.137,-3.160,Pitch
0.511,0.083,0.789,46.863,-250.137,-0.313,Pitch
0.617,0.110,0.740,33.153,-222.573,-7.450,Pitch
0.708,0.103,0.725,17.130,-145.992,-15.275,Pitch
0.703,0.099,0.740,7.511,-82.229,-13.939,Pitch
0.780,0.063,0.779,-20.855,41.947,-2.733,Pitch
0.686,0.047,0.744,-22.794,143.107,5.321,Pitch
0.590,0.077,0.669,-31.656,206.595,16.069,Pitch
0.538,0.053,0.833,-49.183,250.130,23.626,Pitch
0.464,0.026,0.953,-66.695,250.130,13.504,Pitch
0.198,0.020,0.863,-56.504,250.130,12.122,Pitch
0.098,-0.041,0.991,-47.794,250.130,15.542,Pitch
-0.046,-0.069,1.056,-28.489,210.756,7.466,Pitch
-0.151,-0.082,1.014,-4.580,129.756,10.771,Pitch
-0.252,-0.121,1.107,6.573,53.992,6.206,Pitch
-0.243,-0.092,1.126,16.977,-48.198,0.198,Pitch
-0.175,-0.077,1.150,30.802,-157.718,-3.244,Pitch
-0.053,-0.049,1.032,36.412,-248.344,-1.679,Pitch
0.057,0.020,0.872,33.481,-250.137,-15.626,Pitch
0.288,0.044,0.875,44.580,-250.137,-24.824,Pitch
0.391,0.023,0.823,58.290,-250.137,-12.160,Pitch
0.532,0.088,0.763,42.756,-250.137,-6.252,Pitch
0.661,0.096,0.765,20.664,-209.916,-4.275,Pitch
0.769,0.066,0.760,6.840,-101.863,-2.870,Pitch
0.768,0.064,0.734,-6.847,22.748,2.344,Pitch
0.714,0.007,0.718,-23.679,194.573,14.977,Pitch
0.573,0.046,0.760,-22.656,250.130,22.221,Pitch
0.495,0.092,0.854,-34.855,250.130,23.130,Pitch
0.357,0.053,0.856,-27.771,250.130,17.168,Pitch
0.265,0.024,0.924,-29.046,250.130,15.962,Pitch
0.065,0.015,0.914,-41.725,250.130,16.824,Pitch
0.003,-0.083,1.055,-19.511,244.061,7.939,Pitch
-0.164,-0.064,1.054,6.275,139.840,5.832,Pitch
-0.219,-0.074,1.045,11.008,42.527,4.618,Pitch
-0.253,-0.030,1.149,11.710,-25.756,4.779,Pitch
-0.175,-0.017,1.099,15.321,-87.863,-1.573,Pitch
-0.124,-0.047,1.151,15.000,-160.954,-0.573,Pitch
-0.028,-0.034,1.042,32.046,-236.237,2.359,Pitch
0.137,0.062,0.927,40.237,-250.137,-12.153,Pitch
0.314,0.031,0.841,33.595,-250.137,-9.626,Pitch
0.361,0.069,0.861,33.779,-250.137,2.977,Pitch
0.570,0.101,0.807,33.435,-250.137,2.962,Pitch
0.639,0.115,0.762,19.855,-197.015,-4.672,Pitch
0.614,0.101,0.684,5.115,-130.145,-5.725,Pitch
0.700,0.083,0.658,-3.458,-33.809,-5.435,Pitch
0.691,0.038,0.711,-30.458,162.092,4.282,Pitch
0.619,0.080,0.791,-37.924,250.130,6.008,Pitch
0.513,0.041,0.810,-43.214,245.237,5.237,Pitch
0.342,0.066,0.804,-38.038,250.130,5.527,Pitch
0.284,-0.025,0.971,-52.863,250.130,5.115,Pitch
0.127,-0.025,1.032,-41.901,250.130,2.664,Pitch
-0.080,-0.055,1.028,-18.206,221.008,4.542,Pitch
-0.147,-0.100,1.088,2.573,113.313,14.115,Pitch
-0.177,-0.064,1.083,3.626,27.290,11.214,Pitch
-0.165,-0.013,1.035,7.122,-27.901,5.870,Pitch
-0.118,-0.017,1.120,16.855,-69.702,3.664,Pitch
-0.086,-0.049,1.153,14.427,-127.290,-5.885,Pitch
-0.093,-0.108,1.041,33.137,-216.672,-3.626,Pitch
0.145,0.032,0.917,44.733,-250.137,-12.847,Pitch
0.233,0.063,0.861,52.534,-250.137,-11.733,Pitch
0.416,0.072,0.783,70.725,-250.137,-3.656,Pitch
0.578,0.104,0.742,62.924,-250.137,0.496,Pitch
0.662,0.110,0.709,47.092,-196.962,6.427,Pitch
0.749,0.168,0.726,19.008,-106.260,5.580,Pitch
0.771,0.193,0.714,-23.405,-19.023,-2.214,Pitch
0.705,0.079,0.707,-47.870,137.748,-3.580,Pitch
0.627,0.058,0.694,-49.328,250.130,-1.916,Pitch
0.552,0.101,0.818,-71.344,250.130,4.855,Pitch
0.415,0.054,0.904,-67.321,250.130,-2.252,Pitch
0.283,-0.008,0.859,-44.252,250.130,-0.695,Pitch
0.191,-0.043,0.993,-51.336,250.130,13.176,Pitch
0.002,-0.049,1.100,-33.229,250.130,15.351,Pitch
-0.121,-0.067,1.007,0.779,158.573,20.122,Pitch
-0.199,-0.075,1.027,13.565,57.786,27.084,Pitch
-0.182,-0.003,1.126,11.038,-10.237,14.832,Pitch
-0.186,-0.019,1.079,14.366,-80.328,-3.763,Pitch
-0.105,-0.032,1.118,14.542,-150.229,-7.557,Pitch
-0.008,-0.064,1.024,32.985,-224.756,-5.985,Pitch
0.144,0.003,0.887,51.313,-250.137,-3.939,Pitch
0.256,0.040,0.853,62.733,-250.137,5.656,Pitch
0.418,0.088,0.806,69.382,-250.137,11.893,Pitch
0.593,0.112,0.746,58.321,-250.137,9.672,Pitch
0.668,0.122,0.697,45.031,-202.832,11.206,Pitch
0.792,0.130,0.740,30.061,-135.191,7.221,Pitch
0.794,0.187,0.724,-1.092,-29.023,0.061,Pitch
0.773,0.125,0.740,-40.656,106.947,-2.565,Pitch
0.690,0.102,0.716,-45.740,132.504,-6.748,Pitch
0.583,0.105,0.654,-56.450,164.916,-7.481,Pitch
0.509,0.003,0.780,-77.122,250.130,3.893,Pitch
0.492,0.023,1.014,-76.397,250.130,9.649,Pitch
0.265,0.047,0.916,-56.779,250.130,-3.557,Pitch
0.089,-0.047,0.931,-37.901,250.130,-2.443,Pitch
-0.005,-0.079,1.082,-25.000,250.130,7.802,Pitch
-0.141,-0.074,1.062,-2.061,162.992,7.359,Pitch
-0.217,-0.073,0.993,8.130,47.634,6.809,Pitch
-0.221,-0.043,1.099,12.641,-46.053,3.321,Pitch
-0.164,-0.036,1.087,10.748,-114.374,-2.023,Pitch
-0.082,-0.063,1.130,18.489,-193.550,-2.634,Pitch
0.136,-0.048,0.982,33.756,-250.137,-1.427,Pitch
0.235,0.022,0.874,46.611,-250.137,-7.527,Pitch
0.339,0.053,0.856,55.779,-250.137,-2.099,Pitch
0.492,0.072,0.823,53.282,-250.137,1.809,Pitch
0.626,0.131,0.789,36.679,-218.374,-1.031,Pitch
0.688,0.119,0.768,11.084,-146.504,-8.008,Pitch
0.647,0.102,0.738,-9.901,-86.275,-9.634,Pitch
0.723,0.041,0.744,-31.389,38.336,-6.336,Pitch
0.639,-0.019,0.617,-27.443,168.321,-2.458,Pitch
0.556,0.078,0.777,-31.397,247.191,6.412,Pitch
0.524,0.057,0.923,-74.870,250.130,20.855,Pitch
0.372,0.016,0.812,-48.427,250.130,17.191,Pitch
0.163,-0.020,0.906,-45.718,250.130,17.649,Pitch
-0.010,-0.021,1.056,-29.092,250.130,12.359,Pitch
-0.139,-0.081,1.053,-2.718,171.947,19.855,Pitch
-0.252,-0.077,1.123,13.939,66.954,17.252,Pitch
-0.260,-0.043,1.148,17.595,-46.695,8.557,Pitch
-0.184,-0.031,1.159,23.252,-147.718,1.809,Pitch
-0.017,-0.020,1.031,32.176,-231.298,-4.824,Pitch
0.205,0.005,0.915,48.687,-250.137,-9.443,Pitch
0.264,0.073,0.855,57.145,-250.137,-12.015,Pitch
0.355,0.081,0.884,51.023,-250.137,-3.275,Pitch
0.509,0.117,0.807,41.130,-250.137,-3.550,Pitch
0.614,0.127,0.774,21.947,-204.916,-6.359,Pitch
0.640,0.100,0.774,-0.878,-102.260,-5.168,Pitch
0.686,0.094,0.772,-24.244,6.198,-3.565,Pitch
0.651,0.016,0.752,-48.076,153.344,9.206,Pitch
0.568,0.049,0.718,-47.595,221.374,17.573,Pitch
0.478,0.068,0.738,-63.611,239.672,15.023,Pitch
0.423,-0.014,0.985,-54.626,250.130,9.397,Pitch
0.265,0.022,0.952,-39.687,250.130,10.962,Pitch
0.107,-0.017,0.956,-43.687,250.130,3.855,Pitch
-0.028,-0.080,1.069,-18.756,216.191,3.687,Pitch
-0.146,-0.124,1.055,9.656,120.916,16.160,Pitch
-0.192,-0.090,1.106,22.580,26.794,17.214,Pitch
-0.192,-0.051,1.121,28.695,-70.153,8.122,Pitch
-0.122,-0.044,1.136,32.542,-164.557,-1.252,Pitch
0.024,-0.013,1.013,44.710,-244.458,-6.130,Pitch
0.073,0.025,0.839,52.901,-250.137,-9.389,Pitch
0.310,0.091,0.815,58.359,-250.137,-5.939,Pitch
0.421,0.064,0.869,53.282,-250.137,2.550,Pitch
0.560,0.108,0.811,46.397,-229.290,6.290,Pitch
0.649,0.158,0.777,28.115,-162.611,2.924,Pitch
0.692,0.148,0.793,3.611,-71.481,-4.527,Pitch
0.692,0.124,0.756,-19.847,4.481,-5.237,Pitch
0.646,0.029,0.741,-49.153,156.137,4.786,Pitch
0.592,0.041,0.745,-45.237,239.824,13.183,Pitch
0.438,0.080,0.825,-49.389,243.954,18.695,Pitch
0.370,0.054,0.910,-41.008,250.130,12.695,Pitch
0.272,0.007,0.949,-43.924,250.130,13.641,Pitch
0.081,0.038,0.980,-43.305,250.130,5.092,Pitch
-0.057,-0.062,0.993,-17.939,209.053,-4.977,Pitch
-0.152,-0.076,1.015,0.908,118.496,0.443,Pitch
-0.209,-0.090,1.093,7.985,49.023,8.389,Pitch
-0.230,-0.052,1.106,17.664,-39.710,3.534,Pitch
-0.161,-0.048,1.125,17.832,-135.687,0.328,Pitch
-0.057,-0.026,1.118,25.878,-221.573,3.405,Pitch
0.039,-0.002,0.924,41.290,-250.137,-2.901,Pitch
0.241,0.074,0.829,50.832,-250.137,-10.031,Pitch
0.337,0.024,0.828,56.679,-250.137,6.809,Pitch
0.532,0.086,0.803,63.733,-250.137,13.420,Pitch
0.663,0.146,0.782,47.481,-231.237,13.084,Pitch
0.690,0.160,0.752,16.656,-140.458,10.321,Pitch
0.750,0.139,0.695,-0.725,-60.626,2.908,Pitch
0.717,0.102,0.752,-34.947,122.267,5.595,Pitch
0.688,0.033,0.740,-39.611,250.130,11.252,Pitch
0.566,0.095,0.763,-44.038,250.130,14.496,Pitch
0.433,0.060,0.816,-46.679,250.130,6.588,Pitch
0.357,0.013,0.926,-29.702,250.130,8.740,Pitch
0.189,0.038,1.000,-33.710,241.237,8.359,Pitch
0.093,-0.022,0.954,-32.809,222.527,3.702,Pitch
-0.011,-0.044,1.021,-18.878,178.244,5.718,Pitch
-0.125,-0.050,1.057,-4.443,102.214,-0.328,Pitch
-0.191,-0.047,1.034,14.557,40.924,7.168,Pitch
-0.122,-0.021,1.062,7.924,10.053,6.282,Pitch
-0.091,0.000,1.078,9.939,-24.748,-4.176,Pitch
-0.091,-0.033,1.103,14.634,-76.237,-6.985,Pitch
-0.077,-0.032,1.147,27.160,-158.832,-1.458,Pitch
0.068,0.045,0.960,15.885,-234.282,-5.397,Pitch
0.205,0.013,0.842,14.580,-250.137,-13.702,Pitch
0.295,0.036,0.890,47.679,-250.137,-9.229,Pitch
0.429,0.034,0.818,57.664,-250.137,-0.763,Pitch
0.552,0.080,0.794,46.893,-230.321,8.679,Pitch
0.616,0.137,0.735,30.611,-175.137,10.771,Pitch
0.717,0.099,0.713,16.084,-127.267,5.176,Pitch
0.763,0.096,0.727,10.252,-84.550,-1.885,Pitch
0.760,0.099,0.754,-9.794,25.084,-2.573,Pitch
0.696,0.104,0.665,-23.992,92.305,-3.237,Pitch
0.651,0.060,0.676,-35.374,178.771,1.824,Pitch
0.625,0.033,0.850,-43.321,250.130,11.351,Pitch
0.512,0.078,0.883,-36.763,250.130,9.824,Pitch
0.352,0.025,0.872,-44.939,250.130,4.344,Pitch
0.237,0.024,0.988,-46.885,250.130,5.969,Pitch
0.104,-0.016,0.977,-40.382,250.130,7.084,Pitch
-0.047,-0.057,0.989,-23.046,189.550,5.947,Pitch
-0.115,-0.074,1.035,-5.115,114.427,6.672,Pitch
-0.179,-0.062,1.061,13.603,24.832,1.389,Pitch
-0.156,-0.015,1.055,15.473,-56.366,0.290,Pitch
-0.122,-0.048,1.110,17.115,-108.588,2.153,Pitch
-0.033,-0.024,1.111,16.069,-176.527,-1.641,Pitch
0.106,-0.003,0.995,19.168,-250.137,-8.916,Pitch
0.302,0.040,0.856,45.885,-250.137,-13.710,Pitch
0.357,0.044,0.794,62.137,-250.137,-9.275,Pitch
0.541,0.050,0.800,59.771,-250.137,-0.947,Pitch
0.615,0.108,0.766,53.992,-232.779,5.000,Pitch
0.704,0.143,0.723,34.275,-157.221,1.260,Pitch
0.692,0.142,0.693,3.733,-81.130,-8.267,Pitch
0.776,0.094,0.757,-25.779,5.282,-11.443,Pitch
0.728,0.049,0.718,-42.168,128.954,-2.977,Pitch
0.638,0.021,0.688,-36.679,230.252,2.282,Pitch
0.563,0.103,0.814,-46.756,250.130,12.779,Pitch
0.470,0.088,0.874,-61.031,250.130,9.458,Pitch
0.280,0.031,0.850,-41.015,250.130,3.916,Pitch
0.152,-0.028,1.008,-42.847,250.130,9.672,Pitch
0.005,-0.041,1.027,-34.458,231.496,11.191,Pitch
-0.085,-0.051,1.012,-16.435,146.595,2.359,Pitch
-0.171,-0.087,1.075,5.565,53.092,1.786,Pitch
-0.211,-0.070,1.114,24.802,-50.504,2.824,Pitch
-0.134,-0.067,1.115,32.382,-163.588,2.359,Pitch
-0.038,0.006,1.134,45.931,-250.137,0.786,Pitch
0.146,0.101,0.912,54.786,-250.137,-15.160,Pitch
0.318,0.106,0.803,47.817,-250.137,-25.573,Pitch
0.489,0.088,0.795,34.313,-250.137,-22.611,Pitch
0.667,0.122,0.817,8.969,-247.336,-8.748,Pitch
0.718,0.131,0.714,-19.244,-155.008,-10.359,Pitch
0.681,0.090,0.658,-23.534,-83.221,-12.275,Pitch
0.778,0.039,0.741,-30.832,14.504,-7.962,Pitch
0.719,0.008,0.699,-23.427,122.305,4.924,Pitch
0.635,-0.009,0.638,-6.511,196.634,21.000,Pitch
0.548,0.092,0.726,-24.954,250.130,32.344,Pitch
0.465,0.031,0.912,-32.740,250.130,33.954,Pitch
0.319,0.056,0.894,-29.229,250.130,39.603,Pitch
0.164,0.034,0.939,-47.328,250.130,45.847,Pitch
0.016,-0.047,1.076,-17.458,250.130,20.061,Pitch
-0.125,-0.079,0.979,2.695,157.237,19.954,Pitch
-0.157,-0.070,1.053,9.588,93.809,27.939,Pitch
-0.246,-0.048,1.113,20.916,5.473,14.313,Pitch
-0.199,-0.032,1.093,26.817,-113.260,-7.550,Pitch
-0.110,-0.020,1.156,29.359,-239.176,-16.366,Pitch
0.070,0.026,0.997,34.885,-250.137,-14.794,Pitch
0.240,0.069,0.904,39.626,-250.137,-15.130,Pitch
0.372,0.064,0.759,53.702,-250.137,-4.412,Pitch
0.579,0.075,0.752,55.641,-250.137,7.053,Pitch
0.718,0.108,0.714,48.084,-249.702,15.366,Pitch
0.750,0.203,0.634,19.252,-143.618,7.931,Pitch
0.854,0.175,0.674,-25.015,-23.443,-7.053,Pitch
0.765,0.055,0.663,-70.840,177.885,-4.458,Pitch
0.661,0.004,0.651,-61.183,250.130,3.130,Pitch
0.548,0.051,0.795,-37.939,250.130,10.359,Pitch
0.434,0.015,0.778,-24.115,241.000,10.901,Pitch
0.280,0.005,0.878,-15.565,250.130,21.679,Pitch
0.252,0.080,1.069,-25.847,250.130,21.870,Pitch
0.082,-0.012,0.985,-13.962,201.679,6.863,Pitch
-0.066,-0.015,0.994,-2.679,127.931,0.794,Pitch
-0.061,-0.014,1.091,0.611,78.695,1.237,Pitch
-0.142,-0.038,1.106,9.809,36.115,-1.580,Pitch
-0.073,-0.011,1.109,12.519,-41.702,-11.473,Pitch
-0.035,-0.016,1.143,21.313,-120.855,-10.939,Pitch
0.020,0.006,1.072,25.397,-222.237,-10.351,Pitch
0.068,0.067,0.853,28.237,-250.137,-15.725,Pitch
0.300,0.075,0.853,17.618,-250.137,-14.290,Pitch
0.452,0.042,0.805,28.366,-250.137,-9.038,Pitch
0.591,0.075,0.745,32.328,-250.137,-7.282,Pitch
0.680,0.069,0.710,29.260,-201.618,-5.420,Pitch
0.792,0.109,0.709,20.802,-136.511,-4.855,Pitch
0.808,0.122,0.659,12.656,-82.260,-7.969,Pitch
0.813,0.089,0.724,-10.237,36.924,-2.443,Pitch
0.703,0.070,0.584,-21.664,112.450,2.038,Pitch
0.603,0.081,0.560,-23.802,183.954,7.374,Pitch
0.650,0.072,0.940,-33.427,240.893,13.305,Pitch
0.562,0.048,0.894,-35.542,250.130,10.420,Pitch
0.361,0.057,0.865,-34.809,250.130,9.664,Pitch
0.248,0.028,0.989,-44.069,250.130,17.695,Pitch
0.086,-0.010,1.053,-30.405,250.130,3.611,Pitch
-0.012,-0.023,0.962,-7.053,173.137,0.992,Pitch
-0.037,-0.031,1.028,1.290,109.947,12.237,Pitch
-0.129,-0.028,1.055,11.366,34.427,5.603,Pitch
-0.130,-0.010,1.109,14.069,-70.481,0.740,Pitch
-0.080,-0.047,1.126,15.718,-155.107,-2.366,Pitch
-0.019,0.007,1.068,31.405,-235.382,-8.099,Pitch
0.196,0.032,0.897,42.160,-250.137,-13.489,Pitch
0.307,0.112,0.852,27.313,-250.137,-18.099,Pitch
0.459,0.080,0.849,5.344,-250.137,-12.969,Pitch
0.591,0.097,0.732,-2.847,-244.107,-8.550,Pitch
0.664,0.096,0.668,-4.252,-180.260,-10.252,Pitch
0.685,0.115,0.656,-13.061,-125.412,-12.092,Pitch
0.760,0.073,0.695,-15.733,-89.977,-16.328,Pitch
0.793,0.036,0.715,-19.458,17.748,-6.183,Pitch
0.707,-0.024,0.654,-11.947,96.550,5.046,Pitch
0.667,-0.037,0.675,-5.183,196.603,34.924,Pitch
0.571,0.044,0.754,-32.802,250.130,52.802,Pitch
0.515,0.003,0.916,-22.092,250.130,48.863,Pitch
0.411,0.081,0.945,-28.580,250.130,26.282,Pitch
0.205,-0.058,0.999,-38.321,250.130,11.855,Pitch
0.066,-0.052,1.013,-23.221,238.389,7.198,Pitch
0.001,-0.079,0.976,2.008,145.168,17.061,Pitch
-0.091,-0.072,1.058,15.519,51.061,16.382,Pitch
-0.120,-0.045,1.086,24.809,-41.168,12.069,Pitch
-0.079,-0.057,1.104,19.733,-127.313,9.664,Pitch
-0.003,-0.013,1.104,40.695,-213.893,6.046,Pitch
0.154,0.033,0.978,43.641,-250.137,-6.374,Pitch
0.222,0.007,0.809,54.962,-250.137,-7.542,Pitch
0.410,0.079,0.835,55.969,-250.137,-3.908,Pitch
0.630,0.101,0.793,31.061,-250.137,6.137,Pitch
0.718,0.090,0.683,16.870,-243.840,2.962,Pitch
0.838,0.116,0.656,2.351,-151.214,-3.298,Pitch
0.867,0.117,0.653,-9.405,-76.115,-6.695,Pitch
0.838,0.081,0.658,-27.733,52.450,0.137,Pitch
0.750,0.009,0.618,-28.977,129.115,2.115,Pitch
0.646,0.029,0.568,-16.565,192.763,11.084,Pitch
0.597,0.033,0.732,-34.221,249.221,25.702,Pitch
0.607,-0.011,0.874,-22.702,250.130,27.924,Pitch
0.442,0.039,0.883,-20.718,250.130,21.855,Pitch
0.289,0.028,0.905,-25.603,250.130,22.733,Pitch
0.145,0.007,1.018,-27.092,250.130,7.878,Pitch
0.049,-0.034,1.048,-20.130,184.977,-8.099,Pitch
-0.035,-0.047,0.972,-1.885,108.267,-17.473,Pitch
-0.060,-0.043,1.020,5.916,56.573,-3.855,Pitch
-0.057,-0.017,1.078,12.260,19.466,3.168,Pitch
-0.050,-0.024,1.108,16.679,-30.924,-4.641,Pitch
-0.055,-0.022,1.117,23.580,-101.794,-10.954,Pitch
0.006,-0.019,1.142,29.695,-188.282,-11.321,Pitch
0.158,0.000,0.973,30.672,-250.137,-11.954,Pitch
0.285,0.048,0.817,39.305,-250.137,-4.977,Pitch
0.445,0.080,0.777,49.282,-250.137,1.840,Pitch
0.599,0.075,0.758,45.122,-250.137,5.305,Pitch
0.678,0.069,0.762,33.198,-204.397,9.740,Pitch
0.709,0.113,0.698,24.122,-149.901,10.481,Pitch
0.734,0.129,0.688,8.969,-78.366,5.870,Pitch
0.769,0.094,0.753,-14.634,47.656,2.916,Pitch
0.710,0.005,0.694,-17.000,159.672,4.122,Pitch
0.614,0.038,0.704,-26.397,212.939,13.450,Pitch
0.522,0.106,0.844,-44.191,250.130,19.183,Pitch
0.459,0.058,0.923,-61.359,250.130,11.702,Pitch
0.321,0.019,0.928,-34.656,250.130,4.076,Pitch
0.217,0.008,0.985,-31.176,250.130,1.458,Pitch
0.043,-0.034,0.984,-15.275,247.985,0.000,Pitch
-0.063,-0.023,1.028,-5.450,203.832,0.069,Pitch
-0.113,-0.057,1.022,12.618,118.542,-1.145,Pitch
-0.221,-0.044,1.060,25.145,0.107,-6.611,Pitch
-0.190,-0.041,1.059,18.588,-101.794,-7.985,Pitch
-0.083,0.040,1.109,9.840,-175.427,-0.397,Pitch
0.019,-0.018,1.108,2.672,-229.939,2.420,Pitch
0.051,-0.012,0.953,26.687,-250.137,-3.794,Pitch
0.292,-0.008,0.869,41.748,-250.137,-34.061,Pitch
0.419,0.168,0.807,25.435,-250.137,-28.061,Pitch
0.612,0.079,0.776,-20.038,-194.092,-8.824,Pitch
0.664,0.053,0.748,-17.328,-135.847,-1.885,Pitch
0.680,0.060,0.807,-11.206,-94.885,-7.855,Pitch
0.728,0.059,0.783,-18.595,-11.947,-6.168,Pitch
0.698,-0.025,0.784,-24.206,116.321,13.046,Pitch
0.591,0.002,0.719,-7.298,187.412,20.153,Pitch
0.522,0.035,0.800,-15.771,224.786,25.061,Pitch
0.424,-0.010,0.895,-13.168,250.130,29.496,Pitch
0.315,-0.011,0.897,-5.321,250.130,37.183,Pitch
0.049,-0.004,1.018,-21.947,250.130,25.435,Pitch
-0.013,-0.037,1.047,-17.412,250.130,9.481,Pitch
-0.050,-0.030,0.975,-2.145,160.779,-2.939,Pitch
-0.124,-0.005,1.021,12.000,107.206,5.603,Pitch
-0.242,-0.077,1.051,24.176,67.336,14.885,Pitch
-0.220,-0.035,1.008,22.397,1.687,9.153,Pitch
-0.215,-0.034,1.054,22.939,-81.198,-3.481,Pitch
-0.180,-0.042,1.083,23.282,-176.977,-5.122,Pitch
-0.054,-0.017,1.096,21.954,-250.137,-15.908,Pitch
0.054,0.036,0.951,47.374,-250.137,-16.679,Pitch
0.248,0.099,0.907,35.817,-250.137,-18.664,Pitch
0.396,0.052,0.765,14.550,-250.137,-7.863,Pitch
0.581,0.095,0.716,17.298,-250.137,8.008,Pitch
0.732,0.067,0.740,16.046,-215.725,17.847,Pitch
0.788,0.069,0.730,22.069,-130.931,20.756,Pitch
0.776,0.115,0.676,9.603,-57.809,17.748,Pitch
0.805,0.065,0.676,-5.870,81.412,26.198,Pitch
0.657,0.118,0.631,-2.794,153.191,20.176,Pitch
0.582,0.025,0.666,-36.992,184.076,25.473,Pitch
0.586,-0.084,0.680,-27.527,238.992,-5.389,Pitch
0.421,0.041,1.019,-2.962,250.130,-9.275,Pitch
0.300,0.149,0.986,-40.061,250.130,-6.244,Pitch
0.188,-0.026,1.038,-41.344,250.130,-27.023,Pitch
0.001,-0.042,1.005,-21.366,250.130,-18.534,Pitch
-0.124,-0.004,0.959,-13.160,232.176,-6.405,Pitch
-0.242,-0.092,1.072,6.573,157.344,-10.870,Pitch
-0.136,-0.032,0.985,24.298,51.382,11.267,Pitch
-0.259,0.002,1.054,27.962,-58.756,9.603,Pitch
-0.159,0.029,1.046,27.626,-118.634,-1.198,Pitch
-0.136,0.041,1.183,6.511,-157.435,0.557,Pitch
-0.135,-0.014,1.229,-19.779,-235.519,9.427,Pitch
0.075,-0.052,0.908,-13.824,-250.137,24.443,Pitch
0.344,-0.020,0.829,9.244,-250.137,26.305,Pitch
0.317,-0.075,0.810,41.351,-250.137,40.893,Pitch
0.389,-0.019,0.807,63.504,-250.137,58.473,Pitch
0.692,0.053,0.704,45.992,-250.137,48.489,Pitch
0.687,0.088,0.658,32.931,-176.305,35.672,Pitch
0.796,0.073,0.562,12.718,-36.160,12.748,Pitch
0.876,0.056,0.655,-2.382,118.542,-18.840,Pitch
0.641,0.185,0.781,-52.534,250.130,-41.122,Pitch
0.405,0.063,0.765,-87.985,250.130,-57.359,Pitch
0.394,-0.143,1.068,-79.504,250.130,-52.382,Pitch
0.341,-0.087,0.967,-48.344,250.130,-46.939,Pitch
0.079,-0.065,1.021,-8.817,250.130,-30.046,Pitch
-0.161,-0.051,0.995,20.710,131.603,-20.046,Pitch
-0.177,-0.033,1.078,25.206,14.634,-19.351,Pitch
-0.195,-0.026,1.147,18.580,-76.359,-18.534,Pitch
-0.137,-0.017,1.207,9.443,-156.229,-21.313,Pitch
-0.010,-0.106,1.078,19.817,-248.756,-23.099,Pitch
0.130,-0.020,0.877,59.053,-250.137,-12.634,Pitch
0.231,0.025,0.790,70.916,-250.137,0.908,Pitch
0.467,0.015,0.814,72.443,-250.137,22.511,Pitch
0.666,0.075,0.781,72.824,-244.267,49.618,Pitch
0.659,0.098,0.710,49.687,-159.931,59.153,Pitch
0.759,0.176,0.649,26.878,-99.595,40.359,Pitch
0.722,0.197,0.613,-16.374,-22.901,21.992,Pitch
0.820,0.047,0.596,-31.351,88.260,22.756,Pitch
0.673,-0.009,0.618,-16.382,143.183,21.863,Pitch
0.512,0.055,0.694,-32.718,226.947,-7.290,Pitch
0.670,0.072,1.092,-64.885,250.130,0.565,Pitch
0.424,0.070,0.945,-76.977,250.130,-8.191,Pitch
0.013,-0.093,0.880,-55.626,250.130,-27.435,Pitch
-0.049,-0.114,1.053,-47.382,250.130,-17.405,Pitch
-0.115,-0.060,1.022,-19.656,204.962,5.840,Pitch
-0.251,-0.054,1.069,-0.206,107.351,2.824,Pitch
-0.272,-0.099,0.962,18.351,37.878,5.580,Pitch
-0.226,-0.057,1.008,26.603,-31.855,-2.496,Pitch
-0.251,-0.024,1.046,37.282,-107.206,-18.046,Pitch
-0.040,0.068,1.090,12.305,-67.473,-8.435,Pitch
-0.066,0.007,1.029,3.450,-24.756,18.855,Pitch
-0.148,-0.038,1.108,12.618,-65.298,20.160,Pitch
-0.243,-0.181,1.215,-8.359,-135.855,-13.160,Pitch
-0.260,-0.181,0.969,12.511,-234.527,-58.901,Pitch
0.149,-0.001,0.865,28.099,-250.137,-35.389,Pitch
0.298,0.006,0.789,29.053,-250.137,-15.702,Pitch
0.316,-0.047,0.797,51.695,-250.137,-27.435,Pitch
0.518,0.023,0.763,51.290,-244.252,-45.702,Pitch
0.842,0.147,0.672,66.527,-124.458,18.893,Pitch
0.700,0.142,0.751,43.023,-21.824,9.672,Pitch
0.617,0.159,0.722,3.511,108.771,-4.344,Pitch
0.605,0.081,0.925,-44.015,250.130,21.611,Pitch
0.442,0.163,1.003,-52.443,250.130,25.481,Pitch
0.157,0.024,0.903,-51.649,250.130,11.046,Pitch
0.125,-0.030,0.947,-42.481,232.756,8.458,Pitch
0.001,0.030,1.065,-35.901,208.382,10.550,Pitch
-0.075,0.010,1.057,-30.458,144.321,-2.328,Pitch
-0.258,-0.096,1.045,-7.137,45.847,5.336,Pitch
-0.178,-0.061,1.111,3.649,-53.573,15.313,Pitch
-0.188,-0.042,1.133,15.771,-148.183,15.328,Pitch
-0.122,0.009,1.187,23.725,-250.137,0.733,Pitch
0.040,0.012,0.963,38.595,-250.137,-13.641,Pitch
0.239,-0.020,0.740,76.924,-250.137,-5.611,Pitch
0.509,0.036,0.646,88.221,-250.137,20.542,Pitch
0.727,0.069,0.675,68.733,-250.137,44.038,Pitch
0.767,0.114,0.563,42.000,-174.809,40.420,Pitch
0.865,0.131,0.546,26.458,-60.931,10.046,Pitch
0.822,0.179,0.675,-10.290,136.298,-0.641,Pitch
0.739,0.114,0.592,-29.725,250.130,-17.847,Pitch
0.640,0.075,0.786,-37.244,250.130,-31.092,Pitch
0.444,0.103,0.879,-49.290,250.130,-29.985,Pitch
0.256,0.033,0.878,-59.412,250.130,-26.664,Pitch
0.113,0.019,1.003,-47.611,250.130,-21.198,Pitch
-0.024,0.004,1.088,-49.588,231.061,-32.695,Pitch
-0.097,-0.038,1.006,-24.687,151.985,-34.237,Pitch
-0.159,-0.073,1.071,-13.763,101.824,-12.641,Pitch
-0.177,-0.038,1.107,1.137,50.351,3.954,Pitch
-0.199,-0.026,1.057,9.168,-2.992,4.527,Pitch
-0.153,-0.015,1.045,3.099,-34.542,-1.069,Pitch
-0.101,-0.019,1.055,6.046,-60.275,-15.893,Pitch
-0.070,-0.039,0.982,50.237,-95.802,-15.550,Pitch
-0.086,-0.057,1.105,63.458,-161.740,-18.527,Pitch
0.041,0.036,1.057,51.084,-192.053,-7.397,Pitch
0.090,0.076,0.911,53.847,-239.588,3.061,Pitch
0.234,0.076,0.814,62.450,-250.137,16.931,Pitch
0.408,0.119,0.802,63.496,-250.137,18.504,Pitch
0.516,0.170,0.792,45.046,-201.511,12.321,Pitch
0.557,0.191,0.759,12.374,-155.107,2.275,Pitch
0.598,0.185,0.741,-13.282,-102.611,-9.824,Pitch
0.659,0.107,0.775,-22.267,-65.046,-9.870,Pitch
0.652,0.105,0.779,-28.458,24.588,-3.985,Pitch
0.639,0.121,0.793,-44.504,132.008,-4.733,Pitch
0.531,0.100,0.833,-62.122,215.076,4.443,Pitch
0.469,0.061,0.975,-70.206,250.130,19.618,Pitch
0.367,0.034,1.026,-63.473,250.130,21.015,Pitch
0.169,0.010,0.936,-49.328,241.275,12.237,Pitch
0.096,0.018,1.023,-34.496,193.168,13.885,Pitch
0.025,-0.009,1.053,-26.229,153.023,12.313,Pitch
-0.065,-0.064,1.047,-4.855,81.565,5.786,Pitch
-0.088,-0.020,1.016,8.565,-3.038,4.496,Pitch
-0.082,-0.020,1.085,26.336,-71.878,1.015,Pitch
-0.028,0.004,1.113,41.527,-166.840,-7.847,Pitch
0.069,0.026,1.048,52.992,-250.137,-23.008,Pitch
0.191,0.068,0.868,66.924,-250.137,-23.695,Pitch
0.343,0.079,0.780,73.573,-250.137,-11.718,Pitch
0.552,0.104,0.765,61.634,-250.137,-12.115,Pitch
0.643,0.140,0.778,25.649,-173.183,-6.611,Pitch
0.602,0.172,0.738,1.618,-103.565,-4.473,Pitch
0.699,0.151,0.695,-14.908,-33.924,-7.069,Pitch
0.700,0.087,0.718,-36.145,105.008,8.679,Pitch
0.527,0.104,0.722,-55.740,207.794,21.863,Pitch
0.519,0.056,0.893,-67.260,250.130,42.908,Pitch
0.592,0.007,0.945,-69.344,250.130,19.031,Pitch
0.244,0.020,0.905,-53.359,249.611,10.153,Pitch
0.201,-0.029,0.954,-42.275,232.405,11.809,Pitch
0.054,-0.045,1.023,-38.481,216.107,9.244,Pitch
-0.041,-0.073,1.047,-24.718,146.519,8.382,Pitch
-0.090,-0.084,1.062,1.061,54.977,6.305,Pitch
-0.108,-0.057,1.049,11.107,-3.649,6.000,Pitch
-0.074,-0.054,1.051,23.496,-63.702,-1.176,Pitch
-0.036,-0.052,1.073,34.641,-130.489,-5.130,Pitch
0.036,-0.026,1.070,40.641,-191.420,-8.031,Pitch
0.113,0.019,0.889,56.351,-248.985,-12.214,Pitch
0.268,0.007,0.878,71.053,-250.137,-5.893,Pitch
0.446,0.060,0.866,81.710,-250.137,1.305,Pitch
0.549,0.131,0.824,63.786,-248.252,-0.313,Pitch
0.611,0.148,0.733,39.298,-197.061,0.443,Pitch
0.677,0.128,0.710,24.115,-142.351,-1.244,Pitch
0.723,0.165,0.708,10.962,-86.168,3.443,Pitch
0.765,0.147,0.721,-14.672,7.374,3.282,Pitch
0.721,0.135,0.710,-33.198,93.504,3.542,Pitch
0.657,0.110,0.749,-28.145,141.641,7.229,Pitch
0.551,0.137,0.795,-30.000,196.481,16.298,Pitch
0.556,0.096,0.820,-48.336,234.527,17.069,Pitch
0.504,0.040,0.910,-60.511,250.130,8.130,Pitch
0.294,0.056,0.898,-63.641,250.130,1.458,Pitch
0.167,0.007,0.972,-52.595,250.130,-3.389,Pitch
0.048,-0.056,1.083,-33.885,192.672,-4.092,Pitch
-0.022,-0.032,1.026,-17.626,120.534,2.053,Pitch
-0.062,-0.057,1.058,-8.519,51.053,3.130,Pitch
-0.080,-0.065,1.052,4.496,-21.542,4.061,Pitch
-0.060,-0.045,1.064,14.634,-82.076,4.794,Pitch
0.015,-0.076,1.032,34.275,-134.702,6.076,Pitch
0.108,-0.015,0.982,50.122,-190.824,5.489,Pitch
0.214,0.038,0.926,50.985,-250.069,-4.573,Pitch
0.303,0.061,0.876,50.588,-250.137,-6.855,Pitch
0.461,0.079,0.804,56.191,-250.137,-4.458,Pitch
0.542,0.103,0.780,48.328,-228.893,-2.229,Pitch
0.631,0.137,0.764,23.634,-182.298,-2.817,Pitch
0.702,0.144,0.748,2.344,-126.802,-2.985,Pitch
0.734,0.097,0.730,-2.305,-67.160,-2.817,Pitch
0.765,0.079,0.791,-21.405,81.282,9.313,Pitch
0.681,0.095,0.724,-38.779,223.702,14.427,Pitch
0.597,0.083,0.831,-42.511,250.130,12.573,Pitch
0.452,0.071,0.842,-53.221,250.130,10.137,Pitch
0.370,0.020,0.901,-53.893,250.130,8.786,Pitch
0.250,0.011,0.982,-63.252,250.130,7.374,Pitch
0.099,-0.034,1.004,-52.382,233.267,6.145,Pitch
-0.038,-0.055,1.024,-34.046,168.008,13.122,Pitch
-0.062,-0.093,1.042,-23.824,91.443,11.840,Pitch
-0.099,-0.099,1.035,-7.084,22.603,16.046,Pitch
-0.103,-0.067,1.062,15.313,-51.725,13.649,Pitch
-0.072,-0.084,1.100,27.641,-121.527,10.168,Pitch
0.021,-0.058,1.046,39.229,-189.237,6.809,Pitch
0.122,-0.029,0.901,52.053,-249.962,0.099,Pitch
0.279,0.013,0.862,67.244,-250.137,-1.366,Pitch
0.391,0.057,0.858,77.740,-250.137,0.954,Pitch
0.512,0.103,0.781,71.153,-250.137,-1.969,Pitch
0.617,0.161,0.713,42.466,-241.679,-3.855,Pitch
0.690,0.128,0.702,14.260,-157.046,0.107,Pitch
0.762,0.132,0.701,6.321,-89.313,-3.282,Pitch
0.807,0.121,0.770,-20.298,61.916,-1.038,Pitch
0.716,0.118,0.715,-38.198,233.985,-3.466,Pitch
0.616,0.080,0.748,-46.496,250.130,-3.031,Pitch
0.503,0.079,0.768,-57.702,250.130,-6.366,Pitch
0.375,0.011,0.907,-48.389,250.130,-13.397,Pitch
0.265,0.001,0.965,-57.985,250.130,-5.695,Pitch
0.120,-0.013,1.004,-62.893,250.130,-2.840,Pitch
-0.016,-0.045,1.083,-37.489,200.992,-3.374,Pitch
-0.123,-0.095,1.038,-15.924,77.771,1.977,Pitch
-0.091,-0.081,1.055,0.702,7.000,15.252,Pitch
-0.105,-0.058,1.058,12.534,-59.008,16.740,Pitch
-0.038,-0.066,1.077,28.466,-131.611,15.916,Pitch
0.062,-0.023,0.971,37.977,-185.641,11.863,Pitch
0.153,-0.009,0.859,51.336,-237.489,6.557,Pitch
0.300,0.015,0.968,72.756,-250.137,5.802,Pitch
0.361,0.106,0.864,78.496,-250.137,-2.237,Pitch
0.505,0.146,0.782,59.595,-250.137,-11.702,Pitch
0.594,0.122,0.721,35.863,-230.023,-7.053,Pitch
0.715,0.128,0.736,25.511,-159.733,-1.611,Pitch
0.724,0.173,0.707,6.084,-79.939,-3.725,Pitch
0.808,0.132,0.799,-21.092,60.260,-2.031,Pitch
0.723,0.139,0.743,-42.519,191.443,0.695,Pitch
0.641,0.105,0.782,-51.053,225.786,-4.435,Pitch
0.523,0.062,0.837,-45.649,221.679,1.328,Pitch
0.463,0.080,0.849,-47.374,232.053,1.244,Pitch
0.383,0.039,0.898,-50.649,250.130,-3.496,Pitch
0.227,0.019,0.964,-40.473,237.420,7.786,Pitch
0.168,-0.017,0.992,-29.954,180.458,2.183,Pitch
0.071,-0.036,0.990,-13.527,114.412,1.916,Pitch
-0.003,-0.019,1.044,-3.382,55.794,7.420,Pitch
-0.005,-0.017,1.033,8.420,-5.985,10.519,Pitch
0.009,-0.005,1.034,15.160,-62.969,9.344,Pitch
0.086,-0.014,1.018,27.260,-118.939,0.649,Pitch
0.131,-0.020,0.936,37.344,-167.344,2.160,Pitch
0.232,0.056,0.970,50.313,-218.031,1.046,Pitch
0.325,0.072,0.891,65.794,-250.137,-4.382,Pitch
0.433,0.106,0.799,68.947,-250.137,-2.542,Pitch
0.559,0.133,0.772,55.855,-236.160,0.183,Pitch
0.661,0.178,0.802,29.947,-168.321,-2.908,Pitch
0.723,0.189,0.792,-5.656,-78.145,-6.382,Pitch
0.742,0.172,0.770,-22.366,10.489,-3.733,Pitch
0.720,0.115,0.826,-43.183,128.626,3.824,Pitch
0.638,0.141,0.806,-52.779,243.031,5.771,Pitch
0.504,0.070,0.862,-57.313,250.130,8.855,Pitch
0.369,0.045,0.895,-41.504,250.130,16.298,Pitch
0.312,0.069,0.929,-50.527,240.740,14.458,Pitch
0.212,0.024,0.968,-49.519,230.481,0.870,Pitch
0.061,-0.032,1.011,-33.458,181.275,-2.870,Pitch
-0.035,-0.042,1.002,-12.802,91.344,0.992,Pitch
-0.042,-0.050,1.032,7.931,-13.809,4.420,Pitch
-0.018,-0.036,1.001,22.962,-98.374,3.901,Pitch
0.036,-0.007,0.989,33.115,-168.824,6.489,Pitch
0.129,0.043,0.948,46.603,-227.183,7.260,Pitch
0.295,0.042,0.934,56.603,-250.137,1.145,Pitch
0.429,0.074,0.838,72.206,-250.137,-4.336,Pitch
0.500,0.132,0.719,74.863,-250.137,-7.977,Pitch
0.669,0.186,0.703,48.664,-250.137,-11.412,Pitch
0.772,0.192,0.736,10.962,-175.817,-7.313,Pitch
0.839,0.184,0.716,-8.771,-96.740,-9.939,Pitch
0.873,0.162,0.774,-41.832,61.939,3.870,Pitch
0.781,0.124,0.738,-52.748,164.840,5.160,Pitch
0.699,0.061,0.710,-39.992,198.275,12.221,Pitch
0.581,0.094,0.764,-25.214,181.534,14.557,Pitch
0.537,0.095,0.845,-25.962,195.458,11.336,Pitch
0.476,0.090,0.881,-31.038,229.832,9.305,Pitch
0.351,0.055,0.916,-33.237,223.740,6.817,Pitch
0.240,0.036,0.948,-27.855,193.198,7.618,Pitch
0.131,0.032,1.001,-31.321,187.748,4.901,Pitch
0.109,-0.011,1.044,-20.092,143.580,5.924,Pitch
0.047,-0.012,0.978,-3.580,70.863,0.489,Pitch
0.006,0.011,0.953,3.893,21.763,7.725,Pitch
0.045,0.006,1.029,8.985,6.076,13.969,Pitch
0.031,0.011,1.022,13.511,-31.145,4.527,Pitch
0.039,-0.000,1.027,18.420,-83.527,-3.137,Pitch
0.080,0.032,1.052,21.870,-153.008,-4.924,Pitch
0.200,0.029,0.938,27.023,-215.420,-7.565,Pitch
0.309,0.046,0.859,44.489,-250.137,-6.000,Pitch
0.405,0.073,0.831,54.756,-250.137,-1.481,Pitch
0.519,0.123,0.770,46.237,-250.137,4.183,Pitch
0.668,0.115,0.750,45.191,-239.863,5.710,Pitch
0.745,0.169,0.764,25.595,-154.252,0.252,Pitch
0.720,0.180,0.717,-8.809,-93.244,-0.779,Pitch
0.818,0.142,0.815,-38.992,31.931,1.282,Pitch
0.780,0.088,0.798,-51.412,189.015,7.466,Pitch
0.679,0.100,0.735,-47.985,250.130,4.282,Pitch
0.550,0.072,0.771,-47.405,244.771,1.076,Pitch
0.427,0.044,0.832,-42.206,241.298,3.817,Pitch
0.383,0.015,0.958,-51.489,250.130,9.008,Pitch
0.240,0.004,0.963,-44.221,250.130,7.344,Pitch
0.055,-0.024,0.991,-34.038,203.023,6.679,Pitch
0.000,-0.067,1.023,-15.183,117.092,10.977,Pitch
-0.024,-0.052,1.005,-4.466,52.702,16.137,Pitch
-0.022,-0.032,1.004,11.076,-17.237,11.840,Pitch
0.006,-0.019,1.007,26.656,-92.885,4.901,Pitch
0.045,-0.024,0.990,36.771,-156.305,2.496,Pitch
0.131,0.021,0.927,50.107,-219.313,-1.618,Pitch
0.259,0.050,0.893,58.763,-250.137,-4.779,Pitch
0.384,0.067,0.841,69.076,-250.137,-2.969,Pitch
0.505,0.099,0.778,63.397,-250.137,0.298,Pitch
0.656,0.140,0.740,50.481,-250.137,1.527,Pitch
0.750,0.163,0.741,34.748,-173.779,-1.359,Pitch
0.806,0.171,0.732,7.924,-95.595,-1.527,Pitch
0.845,0.153,0.784,-28.359,20.840,2.687,Pitch
0.799,0.089,0.777,-44.427,169.840,9.527,Pitch
0.713,0.119,0.746,-36.870,224.954,6.229,Pitch
0.539,0.136,0.755,-37.931,220.420,1.618,Pitch
0.486,0.074,0.861,-30.733,223.962,6.740,Pitch
0.445,0.062,0.904,-34.641,237.542,9.840,Pitch
0.356,0.033,0.926,-40.153,225.634,1.130,Pitch
0.197,0.004,0.967,-31.641,178.893,-0.947,Pitch
0.135,-0.012,0.966,-20.252,128.130,6.786,Pitch
0.100,-0.010,0.981,-9.519,80.649,11.427,Pitch
0.060,0.002,1.003,1.557,16.763,10.168,Pitch
0.058,-0.002,0.993,11.603,-55.176,5.595,Pitch
0.102,0.012,1.016,16.221,-117.473,1.626,Pitch
0.155,0.005,0.933,27.359,-172.481,0.885,Pitch
0.261,0.060,0.922,36.344,-229.366,0.977,Pitch
0.392,0.068,0.870,49.229,-250.137,0.122,Pitch
0.521,0.090,0.790,61.321,-250.137,-1.847,Pitch
0.612,0.111,0.736,54.992,-250.137,-4.595,Pitch
0.738,0.154,0.734,42.168,-211.305,-9.618,Pitch
0.834,0.157,0.746,17.679,-121.916,-8.863,Pitch
0.864,0.208,0.725,-15.954,-19.649,-7.168,Pitch
0.848,0.145,0.756,-53.405,131.718,-4.580,Pitch
0.737,0.099,0.723,-56.481,203.298,-3.153,Pitch
0.658,0.092,0.725,-43.771,207.206,-0.115,Pitch
0.542,0.089,0.811,-45.267,193.496,0.603,Pitch
0.516,0.060,0.875,-51.481,211.977,1.344,Pitch
0.400,0.041,0.928,-53.244,237.748,-0.191,Pitch
0.287,0.004,0.935,-43.496,230.153,0.779,Pitch
0.191,-0.013,0.950,-32.305,196.557,4.534,Pitch
0.108,-0.037,0.965,-23.198,152.580,3.885,Pitch
0.046,-0.037,0.987,-8.931,89.557,0.481,Pitch
0.019,-0.041,1.006,2.229,21.282,2.122,Pitch
0.015,-0.035,1.020,11.260,-38.107,3.061,Pitch
0.047,-0.019,1.001,19.015,-108.191,1.267,Pitch
0.134,-0.000,0.920,34.733,-164.122,0.137,Pitch
0.236,0.017,0.934,41.534,-209.023,-4.076,Pitch
0.357,0.034,0.931,46.718,-242.595,-7.802,Pitch
0.417,0.097,0.876,39.847,-250.137,-11.420,Pitch
0.523,0.111,0.872,10.969,-201.336,-11.328,Pitch
0.616,0.093,0.846,-4.481,-131.740,-10.198,Pitch
0.637,0.066,0.815,-12.885,-86.458,-5.824,Pitch
0.646,0.062,0.771,-3.748,-59.748,-3.191,Pitch
0.702,0.048,0.811,-1.344,11.290,3.595,Pitch
0.662,0.034,0.836,0.916,95.771,10.198,Pitch
0.667,0.063,0.903,-1.237,211.084,18.702,Pitch
0.498,0.120,0.853,-18.733,250.130,22.221,Pitch
0.418,0.071,0.878,-26.061,250.130,12.214,Pitch
0.288,0.052,0.924,-27.702,250.130,8.115,Pitch
0.153,0.007,0.980,-33.496,250.130,3.802,Pitch
0.038,-0.021,1.009,-23.260,180.802,-1.840,Pitch
-0.073,-0.047,0.980,-1.802,64.443,6.962,Pitch
-0.061,-0.021,1.001,11.534,-46.473,10.595,Pitch
-0.023,-0.011,0.998,18.191,-131.763,10.565,Pitch
0.060,-0.005,0.925,33.656,-193.718,9.878,Pitch
0.191,0.041,0.932,48.542,-240.504,8.870,Pitch
0.290,0.055,0.899,52.359,-250.137,3.183,Pitch
0.397,0.043,0.794,63.450,-250.137,3.504,Pitch
0.625,0.121,0.786,66.802,-250.137,-0.672,Pitch
0.701,0.153,0.790,41.763,-209.473,1.870,Pitch
0.741,0.208,0.728,17.664,-129.427,-2.702,Pitch
0.801,0.164,0.769,-4.794,-40.229,-6.656,Pitch
0.795,0.132,0.822,-26.511,96.130,0.863,Pitch
0.713,0.174,0.763,-46.832,200.305,-0.115,Pitch
0.625,0.108,0.782,-63.771,250.130,-2.229,Pitch
0.543,0.056,0.862,-57.794,250.130,-1.695,Pitch
0.394,0.049,0.879,-47.802,250.130,-0.084,Pitch
0.270,0.031,0.910,-38.397,250.130,4.817,Pitch
0.129,0.022,0.981,-22.038,234.969,3.924,Pitch
-0.021,0.003,1.000,-14.443,151.405,3.977,Pitch
-0.108,0.001,1.021,-1.603,78.336,17.809,Pitch
-0.055,0.003,1.010,8.878,21.351,29.183,Pitch
0.024,0.028,1.012,9.046,-34.916,4.443,Pitch
-0.018,0.010,1.041,15.840,-105.260,-7.298,Pitch
0.058,0.006,1.059,10.290,-174.000,-1.779,Pitch
0.141,0.034,0.930,28.351,-236.023,-1.305,Pitch
0.247,0.030,0.835,48.489,-250.137,3.443,Pitch
0.381,0.057,0.859,55.191,-250.137,13.359,Pitch
0.495,0.116,0.797,44.893,-231.046,17.405,Pitch
0.574,0.158,0.782,24.122,-175.939,12.260,Pitch
0.648,0.137,0.786,1.931,-122.534,9.824,Pitch
0.680,0.158,0.829,-15.740,-33.206,4.137,Pitch
0.703,0.093,0.787,-28.092,56.031,-1.069,Pitch
0.612,0.091,0.804,-37.573,140.229,-1.687,Pitch
0.585,0.111,0.880,-54.183,213.588,-1.832,Pitch
0.501,0.032,0.972,-50.603,250.130,-5.305,Pitch
0.357,0.044,0.907,-34.870,250.130,-13.641,Pitch
0.219,0.042,0.953,-27.656,250.130,-15.023,Pitch
0.049,-0.025,0.971,-13.031,185.534,-11.763,Pitch
-0.003,-0.030,0.988,-4.191,119.687,-2.435,Pitch
-0.052,0.012,0.991,4.992,53.145,-3.733,Pitch
-0.028,0.002,1.044,9.092,7.160,-7.504,Pitch
-0.026,-0.015,1.029,13.389,-54.137,-9.450,Pitch
0.028,0.015,1.026,19.023,-128.496,-8.221,Pitch
0.119,0.015,0.942,30.527,-186.069,-8.504,Pitch
0.213,0.058,0.948,33.939,-223.656,-12.130,Pitch
0.346,0.077,0.912,46.740,-238.237,-17.115,Pitch
0.410,0.121,0.829,51.221,-234.511,-20.374,Pitch
0.486,0.148,0.819,27.206,-208.420,-17.504,Pitch
0.582,0.145,0.809,4.519,-192.290,-19.618,Pitch
0.663,0.129,0.805,-6.061,-133.718,-17.695,Pitch
0.669,0.094,0.814,-18.427,-55.450,-9.977,Pitch
0.692,0.115,0.766,-28.122,14.802,-1.641,Pitch
0.647,0.066,0.809,-55.718,132.687,17.221,Pitch
0.684,0.029,0.886,-46.176,216.595,26.115,Pitch
0.544,0.053,0.845,-26.603,236.183,22.580,Pitch
0.412,0.051,0.892,-24.328,226.939,16.855,Pitch
0.324,0.037,0.947,-25.252,238.908,12.527,Pitch
0.223,0.028,0.971,-24.328,250.130,19.969,Pitch
0.108,0.006,0.999,-16.405,185.695,12.489,Pitch
0.006,-0.015,0.995,-7.969,86.855,2.160,Pitch
0.015,0.008,0.972,-1.824,18.237,-5.870,Pitch
-0.013,-0.018,1.043,2.260,-49.130,-10.412,Pitch
0.022,-0.017,1.068,22.908,-114.305,-4.824,Pitch
0.113,-0.040,1.121,32.908,-172.046,1.595,Pitch
0.183,0.023,0.962,43.466,-239.084,2.817,Pitch
0.211,0.068,0.835,51.679,-250.137,4.305,Pitch
0.468,0.082,0.802,58.397,-250.137,0.878,Pitch
0.586,0.103,0.743,57.687,-233.756,4.740,Pitch
0.625,0.152,0.685,41.206,-176.611,-1.053,Pitch
0.692,0.191,0.721,9.466,-108.809,-9.885,Pitch
0.721,0.147,0.703,-15.092,-45.740,-9.786,Pitch
0.718,0.098,0.744,-42.794,62.977,-2.382,Pitch
0.657,0.076,0.775,-53.321,192.130,2.023,Pitch
0.627,0.089,0.887,-68.046,250.130,3.382,Pitch
0.522,0.074,0.880,-69.237,250.130,4.901,Pitch
0.376,-0.003,0.868,-54.328,250.130,1.427,Pitch
0.230,0.006,0.973,-38.901,250.130,1.977,Pitch
0.092,0.010,0.993,-30.855,242.405,-1.099,Pitch
-0.004,-0.049,0.983,-4.641,141.084,-6.336,Pitch
-0.114,-0.019,1.020,12.015,29.870,-5.366,Pitch
-0.117,-0.046,1.057,17.649,-65.412,-5.023,Pitch
-0.031,-0.030,1.056,33.817,-163.046,7.076,Pitch
0.044,-0.014,1.139,45.893,-250.137,7.130,Pitch
0.166,0.024,0.993,75.985,-250.137,8.366,Pitch
0.364,0.093,0.773,82.489,-250.137,3.878,Pitch
0.512,0.057,0.763,76.580,-250.137,15.252,Pitch
0.667,0.141,0.749,69.359,-192.076,18.947,Pitch
0.711,0.203,0.678,40.504,-98.802,6.931,Pitch
0.617,0.213,0.683,0.397,-23.145,-1.282,Pitch
0.612,0.240,0.716,-59.542,128.061,-3.863,Pitch
0.614,0.149,0.877,-95.351,250.130,-20.069,Pitch
0.512,0.073,0.985,-114.550,250.130,-23.023,Pitch
0.290,0.006,0.890,-115.000,250.130,-15.679,Pitch
0.184,-0.000,0.968,-81.053,250.130,-12.130,Pitch
0.016,-0.023,0.978,-49.611,234.916,-15.069,Pitch
-0.035,-0.086,1.016,-21.496,144.794,-0.870,Pitch
-0.167,-0.086,1.060,3.282,41.496,11.008,Pitch
-0.198,-0.083,1.108,22.580,-68.115,16.656,Pitch
-0.145,-0.057,1.132,41.992,-191.527,12.893,Pitch
0.017,-0.019,1.048,54.519,-250.137,3.542,Pitch
0.166,0.061,0.849,63.489,-250.137,-3.779,Pitch
0.329,0.062,0.778,87.351,-250.137,-2.496,Pitch
0.433,0.061,0.830,78.351,-250.137,4.282,Pitch
0.644,0.034,0.830,51.756,-208.969,22.069,Pitch
0.799,0.050,0.750,39.985,-87.130,15.809,Pitch
0.646,0.211,0.717,23.573,-18.656,2.817,Pitch
0.583,0.190,0.769,-3.015,20.840,11.290,Pitch
0.508,0.145,0.665,-9.924,69.878,24.885,Pitch
0.492,0.211,0.654,-24.817,187.992,15.176,Pitch
0.626,0.151,1.109,-101.145,250.130,-10.282,Pitch
0.457,0.047,0.900,-94.397,250.130,-49.679,Pitch
0.087,0.032,0.911,-89.634,250.130,-68.427,Pitch
0.023,-0.135,1.062,-64.565,250.130,-50.450,Pitch
-0.003,-0.150,1.018,-34.099,183.336,-10.511,Pitch
-0.120,-0.080,1.007,-10.947,88.153,16.656,Pitch
-0.140,-0.055,1.072,12.588,-36.275,28.282,Pitch
-0.162,-0.060,1.032,42.061,-144.893,23.695,Pitch
-0.045,0.000,1.030,46.130,-193.855,23.198,Pitch
0.049,0.018,1.089,36.206,-213.519,15.061,Pitch
0.251,0.034,0.972,41.496,-208.443,6.832,Pitch
0.273,0.104,0.911,32.374,-165.603,-19.511,Pitch
0.273,0.040,0.887,-5.137,-196.931,-29.321,Pitch
0.405,0.022,0.752,-7.840,-202.458,-14.130,Pitch
0.532,0.055,0.742,14.924,-188.237,-1.580,Pitch
0.560,0.046,0.865,24.733,-189.794,-9.878,Pitch
0.689,0.025,0.785,10.191,-118.763,-7.794,Pitch
0.767,0.026,0.734,9.603,-33.366,10.565,Pitch
0.734,0.078,0.770,1.084,-12.489,18.389,Pitch
0.726,0.057,0.764,-10.550,49.405,37.962,Pitch
0.767,0.074,0.804,-27.031,149.298,51.031,Pitch
0.623,-0.062,0.753,-11.649,230.382,52.252,Pitch
0.543,-0.006,0.911,1.473,250.130,61.099,Pitch
0.358,0.071,1.023,-18.191,250.130,59.046,Pitch
0.098,-0.022,0.940,-29.954,250.130,17.305,Pitch
0.016,-0.032,0.981,-12.954,242.229,-3.664,Pitch
-0.102,-0.047,1.039,7.008,149.580,-13.145,Pitch
-0.139,-0.063,1.020,9.595,47.336,-25.664,Pitch
-0.124,-0.046,1.081,16.786,-54.611,-17.817,Pitch
-0.150,-0.037,1.122,25.466,-157.427,-9.214,Pitch
-0.064,-0.006,1.066,22.008,-250.137,-17.916,Pitch
0.135,-0.045,0.883,44.328,-250.137,-15.137,Pitch
0.403,-0.016,0.760,82.565,-250.137,-7.023,Pitch
0.503,0.083,0.707,87.221,-250.137,-10.542,Pitch
0.683,0.112,0.743,70.786,-250.137,-8.557,Pitch
0.728,0.154,0.744,46.893,-153.740,-0.473,Pitch
0.802,0.197,0.691,15.702,-65.656,1.481,Pitch
0.806,0.127,0.759,-39.664,97.466,6.977,Pitch
0.701,0.026,0.745,-37.504,193.443,12.244,Pitch
0.593,0.090,0.668,-11.756,197.221,10.473,Pitch
0.521,0.112,0.802,-18.977,206.641,7.031,Pitch
0.456,0.058,0.928,-38.557,250.130,22.229,Pitch
0.390,0.057,0.973,-42.511,250.130,19.595,Pitch
0.210,0.066,0.919,-27.153,250.130,1.206,Pitch
0.038,0.014,0.979,-21.244,207.992,-12.366,Pitch
-0.004,-0.014,1.032,-15.740,165.305,-19.962,Pitch
-0.084,-0.038,1.034,-10.053,93.634,-21.641,Pitch
-0.178,-0.038,1.027,11.496,-1.183,-29.076,Pitch
-0.068,0.004,1.090,21.565,-60.198,-20.504,Pitch
-0.046,-0.017,1.119,26.695,-102.794,0.229,Pitch
-0.067,0.044,1.151,32.221,-169.427,-0.618,Pitch
0.142,0.033,0.992,41.748,-240.763,-10.695,Pitch
0.235,0.083,0.847,47.924,-250.137,-17.252,Pitch
0.368,0.080,0.771,46.779,-250.137,-2.435,Pitch
0.504,0.111,0.761,41.298,-216.389,7.710,Pitch
0.574,0.151,0.806,26.397,-141.916,8.908,Pitch
0.586,0.144,0.838,3.992,-81.053,3.656,Pitch
0.613,0.150,0.779,-7.237,-46.107,-3.977,Pitch
0.626,0.110,0.780,-22.298,16.275,0.450,Pitch
0.583,0.044,0.759,-44.282,162.313,12.947,Pitch
0.568,0.097,0.892,-46.405,250.130,17.573,Pitch
0.421,0.123,0.894,-78.328,250.130,9.962,Pitch
0.239,-0.013,0.866,-54.450,250.130,1.229,Pitch
0.151,0.013,1.031,-25.122,250.130,8.198,Pitch
-0.036,0.005,1.024,-15.847,203.664,3.305,Pitch
-0.117,-0.014,1.010,0.771,105.969,-6.038,Pitch
-0.159,-0.007,1.075,14.840,21.176,-8.725,Pitch
-0.168,-0.020,1.094,18.023,-61.008,-5.603,Pitch
-0.096,-0.013,1.115,24.198,-136.985,-2.916,Pitch
0.017,0.010,1.047,34.046,-196.206,-3.275,Pitch
0.156,0.067,0.886,43.374,-233.427,-7.947,Pitch
0.289,0.111,0.851,48.542,-250.137,-14.137,Pitch
0.387,0.096,0.884,51.725,-241.885,-12.893,Pitch
0.477,0.135,0.858,43.145,-213.160,-12.366,Pitch
0.523,0.145,0.834,26.008,-164.176,-14.107,Pitch
0.585,0.132,0.814,16.176,-112.290,-8.137,Pitch
0.625,0.135,0.784,9.824,-69.076,-2.458,Pitch
0.662,0.129,0.783,-6.786,1.092,6.153,Pitch
0.598,0.118,0.792,-34.191,115.656,10.359,Pitch
0.541,0.074,0.815,-32.389,205.229,13.855,Pitch
0.551,0.124,0.941,-39.145,222.511,14.679,Pitch
0.383,0.096,0.917,-58.634,232.664,11.511,Pitch
0.260,0.073,0.927,-47.214,250.130,6.908,Pitch
0.188,0.034,1.042,-50.061,250.130,3.924,Pitch
0.039,0.040,0.980,-28.122,190.947,-1.702,Pitch
-0.069,0.010,0.967,-13.634,112.718,-3.321,Pitch
-0.094,-0.018,1.060,-0.145,50.550,1.344,Pitch
-0.108,-0.024,1.039,10.153,-25.878,-4.031,Pitch
-0.089,-0.019,1.041,20.992,-97.214,-1.260,Pitch
-0.026,-0.010,1.112,24.664,-148.168,4.237,Pitch
-0.007,0.006,1.017,33.695,-192.389,5.290,Pitch
0.171,0.081,0.913,33.985,-203.427,-3.466,Pitch
0.258,0.064,0.887,34.588,-208.443,-0.130,Pitch
0.375,0.091,0.846,43.008,-204.687,3.740,Pitch
0.460,0.112,0.817,38.382,-172.351,6.489,Pitch
0.508,0.120,0.808,27.924,-131.771,4.031,Pitch
0.555,0.147,0.858,23.038,-103.000,-1.687,Pitch
0.576,0.160,0.844,13.458,-73.107,-8.351,Pitch
0.601,0.131,0.827,4.802,-34.389,-11.863,Pitch
0.613,0.109,0.802,-3.611,17.412,-6.366,Pitch
0.442,0.131,0.804,-21.634,117.160,3.137,Pitch
0.561,0.135,0.952,-56.931,229.885,10.366,Pitch
0.557,0.106,1.003,-58.008,250.130,-2.511,Pitch
0.262,0.066,0.896,-55.916,250.130,0.695,Pitch
0.225,0.038,0.969,-43.481,250.130,3.809,Pitch
0.106,0.049,1.067,-25.466,201.336,-2.382,Pitch
-0.025,-0.007,0.965,-12.305,120.221,-0.435,Pitch
-0.051,0.008,0.987,-4.099,42.710,6.550,Pitch
-0.077,0.002,1.020,6.939,-8.351,10.069,Pitch
-0.046,0.014,1.037,21.908,-65.626,6.656,Pitch
0.014,0.010,1.072,31.779,-116.038,1.420,Pitch
0.103,0.036,1.052,45.573,-154.626,3.153,Pitch
0.184,0.068,0.936,47.412,-187.992,1.328,Pitch
0.240,0.107,0.866,41.809,-217.985,0.634,Pitch
0.351,0.107,0.870,48.015,-227.000,6.573,Pitch
0.454,0.132,0.841,49.595,-208.122,12.260,Pitch
0.534,0.142,0.836,37.756,-156.489,16.855,Pitch
0.577,0.186,0.826,14.176,-98.664,11.863,Pitch
0.594,0.157,0.825,1.748,-48.519,5.229,Pitch
0.587,0.142,0.808,-7.359,15.008,3.824,Pitch
0.501,0.136,0.852,-14.664,125.656,12.885,Pitch
0.628,0.145,0.867,-17.260,184.710,5.710,Pitch
0.459,0.159,0.918,-45.450,195.756,-4.924,Pitch
0.344,0.114,0.889,-54.855,202.450,-6.481,Pitch
0.284,0.085,0.984,-46.046,222.649,-11.069,Pitch
0.198,0.084,1.026,-37.275,190.183,-20.122,Pitch
0.080,0.025,1.014,-24.183,116.710,-18.389,Pitch
0.024,-0.007,1.021,-15.221,50.061,-7.160,Pitch
0.019,0.017,1.022,4.359,-12.565,-1.107,Pitch
0.031,0.033,1.011,13.893,-66.885,-0.015,Pitch
0.094,0.035,1.042,20.885,-111.130,-1.924,Pitch
0.136,0.042,0.966,30.511,-153.954,-2.229,Pitch
0.251,0.087,0.897,40.237,-168.863,-2.977,Pitch
0.324,0.083,0.913,33.786,-160.000,1.702,Pitch
0.387,0.101,0.875,33.244,-156.611,9.489,Pitch
0.465,0.109,0.861,36.519,-137.450,16.321,Pitch
0.501,0.145,0.851,25.519,-101.290,15.863,Pitch
0.548,0.153,0.840,9.710,-70.099,9.244,Pitch
0.555,0.152,0.821,1.153,-32.382,1.763,Pitch
0.570,0.120,0.841,-6.008,13.534,-0.794,Pitch
0.526,0.136,0.854,-18.893,87.878,-0.954,Pitch
0.075,0.044,0.989,-3.435,-0.092,-1.443,Roll
0.074,0.036,1.000,-5.092,1.702,-1.214,Roll
0.066,0.041,1.013,-6.374,0.435,-1.069,Roll
0.068,0.034,1.007,-6.290,0.015,-0.115,Roll
0.064,0.031,1.011,-4.145,0.366,0.031,Roll
0.066,0.033,1.000,-3.038,0.168,0.519,Roll
0.070,0.039,1.004,-1.649,-2.137,1.641,Roll
0.060,0.038,1.013,-1.008,0.160,2.015,Roll
0.062,0.032,1.009,-0.214,1.885,1.137,Roll
0.073,0.028,1.006,3.809,0.817,0.618,Roll
0.081,0.027,0.996,8.160,0.687,0.885,Roll
0.078,0.025,1.002,8.740,2.191,0.786,Roll
0.069,0.037,1.030,-1.382,2.420,-2.771,Roll
0.034,0.034,1.082,-22.718,-7.015,-14.405,Roll
0.043,0.033,1.135,-61.687,-18.489,-28.389,Roll
0.109,0.023,1.046,-136.061,-25.931,-37.260,Roll
0.117,-0.027,0.931,-187.008,-4.550,-50.000,Roll
0.146,-0.176,0.804,-211.870,17.954,-46.573,Roll
0.095,-0.315,0.881,-225.023,23.481,-26.229,Roll
0.052,-0.400,0.891,-216.183,-1.947,-5.473,Roll
0.113,-0.445,0.850,-180.344,-26.008,7.221,Roll
0.096,-0.493,0.774,-177.107,-27.290,4.756,Roll
0.121,-0.542,0.745,-169.847,-18.641,-1.679,Roll
0.060,-0.616,0.716,-142.473,-18.260,-17.504,Roll
0.161,-0.670,0.694,-114.458,-3.458,-17.786,Roll
0.159,-0.773,0.719,-78.450,-11.267,-14.916,Roll
0.179,-0.843,0.754,-13.756,-10.977,-7.511,Roll
0.163,-0.913,0.843,66.947,-11.443,1.771,Roll
0.170,-0.866,1.021,167.328,-14.008,6.802,Roll
0.192,-0.771,0.914,250.130,-14.656,14.779,Roll
0.227,-0.551,0.784,250.130,-8.252,35.878,Roll
0.135,-0.335,0.744,250.130,-2.885,53.809,Roll
0.125,-0.136,0.756,250.130,-6.649,57.328,Roll
0.019,0.025,0.939,250.130,-18.237,34.656,Roll
0.156,0.109,0.848,250.130,-7.550,7.786,Roll
0.084,0.107,0.818,250.130,-2.084,10.992,Roll
0.077,0.385,0.910,250.130,-19.198,-13.573,Roll
0.186,0.577,0.833,250.130,1.458,-3.656,Roll
0.186,0.648,0.677,215.580,21.718,3.992,Roll
0.184,0.756,0.623,145.626,33.557,1.153,Roll
0.222,0.929,0.706,66.435,26.748,-0.435,Roll
0.186,0.876,0.646,11.183,9.450,2.458,Roll
0.197,0.832,0.609,-52.130,-1.954,4.802,Roll
0.214,0.816,0.621,-132.397,10.176,2.328,Roll
0.139,0.756,0.748,-195.824,8.214,-12.305,Roll
0.115,0.705,0.848,-241.672,-6.412,-12.672,Roll
0.076,0.506,0.783,-250.137,-9.412,-18.450,Roll
0.104,0.419,0.807,-250.137,-19.412,-29.565,Roll
0.100,0.360,0.895,-250.137,-17.099,-48.458,Roll
0.100,0.237,0.968,-250.137,-21.595,-63.023,Roll
0.134,0.005,0.768,-250.137,-5.634,-63.305,Roll
0.208,-0.137,0.885,-250.137,13.305,-40.092,Roll
0.142,-0.161,0.935,-250.137,-1.023,-25.748,Roll
0.112,-0.267,0.864,-243.405,-0.947,-18.198,Roll
0.117,-0.472,0.864,-197.084,18.748,-12.679,Roll
0.149,-0.464,0.867,-162.573,16.031,-12.992,Roll
0.176,-0.500,0.816,-155.771,13.122,-11.588,Roll
0.151,-0.568,0.861,-147.008,12.511,-7.176,Roll
0.131,-0.695,0.837,-112.603,15.580,1.908,Roll
0.075,-0.864,0.692,-47.740,15.252,2.290,Roll
0.167,-0.729,0.874,23.053,-4.779,11.527,Roll
0.115,-0.754,0.902,80.305,-3.427,14.183,Roll
0.103,-0.711,0.942,135.794,-3.496,11.122,Roll
0.217,-0.586,0.755,193.855,16.962,25.679,Roll
0.214,-0.435,0.803,250.130,43.053,70.878,Roll
-0.038,-0.366,0.951,250.130,14.191,77.710,Roll
-0.009,-0.270,0.957,250.130,-17.817,62.908,Roll
0.024,-0.137,0.890,250.130,-15.702,71.290,Roll
-0.028,-0.018,0.895,250.130,-13.183,68.534,Roll
-0.024,0.149,0.850,250.130,-15.160,68.198,Roll
0.067,0.357,0.822,250.130,-4.878,32.969,Roll
0.132,0.529,0.869,250.130,15.313,13.733,Roll
0.119,0.668,0.845,178.229,22.107,2.084,Roll
0.137,0.780,0.810,110.588,15.878,-8.076,Roll
0.119,0.872,0.851,31.374,6.420,-13.160,Roll
0.171,0.863,0.810,-58.977,10.046,-6.634,Roll
0.104,0.712,0.770,-142.031,13.702,-6.000,Roll
0.032,0.591,0.802,-188.702,-24.924,-16.832,Roll
0.039,0.456,0.823,-226.855,-54.214,-29.511,Roll
0.032,0.395,0.868,-250.137,-57.191,-47.466,Roll
0.061,0.307,0.914,-250.137,-60.275,-63.511,Roll
0.084,0.181,0.843,-250.137,-42.710,-67.015,Roll
0.115,0.029,0.827,-250.137,-24.931,-55.664,Roll
0.165,-0.119,0.864,-250.137,-17.061,-44.305,Roll
0.201,-0.213,0.959,-247.603,6.847,-30.695,Roll
0.098,-0.323,0.873,-250.137,30.206,-28.893,Roll
0.112,-0.492,0.800,-231.725,38.099,-30.252,Roll
0.134,-0.515,0.842,-208.031,33.977,-19.046,Roll
0.136,-0.619,0.866,-175.710,6.649,-13.069,Roll
0.162,-0.670,0.885,-122.427,-3.443,-9.336,Roll
0.170,-0.722,0.757,-74.969,-17.550,-2.550,Roll
0.103,-0.768,0.738,-50.969,13.435,13.061,Roll
0.144,-0.781,0.795,-7.580,6.901,9.573,Roll
0.092,-0.784,0.850,32.534,-4.183,4.206,Roll
0.099,-0.777,0.885,74.168,-16.893,-1.847,Roll
0.234,-0.656,0.612,129.542,-6.550,-2.733,Roll
0.255,-0.496,0.803,219.832,34.542,41.244,Roll
0.068,-0.526,0.954,245.489,22.115,47.641,Roll
0.019,-0.466,1.010,244.244,4.924,34.321,Roll
0.101,-0.353,0.797,250.130,14.374,44.115,Roll
0.087,-0.212,0.802,250.130,30.244,71.901,Roll
-0.026,-0.083,0.923,250.130,23.107,77.351,Roll
0.088,0.129,0.915,250.130,8.160,55.061,Roll
-0.078,0.216,0.885,250.130,13.573,33.458,Roll
0.048,0.315,0.860,250.130,29.573,18.244,Roll
0.025,0.478,0.851,250.130,41.435,8.015,Roll
0.039,0.586,0.791,208.092,34.557,-3.206,Roll
0.047,0.700,0.740,167.061,28.237,-0.504,Roll
0.025,0.760,0.735,124.427,25.649,6.779,Roll
0.001,0.830,0.759,76.992,17.160,6.885,Roll
0.043,0.891,0.776,13.840,5.542,5.130,Roll
0.059,0.889,0.707,-66.260,-13.786,2.542,Roll
0.034,0.806,0.724,-142.725,-35.885,-3.817,Roll
-0.015,0.683,0.740,-204.305,-51.000,-7.298,Roll
-0.022,0.581,0.823,-245.695,-71.038,-12.092,Roll
0.005,0.455,0.903,-250.137,-85.603,-12.359,Roll
0.063,0.306,0.875,-250.137,-83.000,-12.328,Roll
0.079,0.195,0.816,-250.137,-80.160,-9.695,Roll
0.105,0.159,0.923,-250.137,-68.511,-8.611,Roll
0.170,0.070,1.014,-250.137,-43.015,-12.863,Roll
0.188,-0.140,0.876,-250.137,-8.206,-12.038,Roll
0.205,-0.353,0.815,-250.137,21.061,-8.656,Roll
0.188,-0.414,0.802,-247.008,42.794,-11.359,Roll
0.177,-0.517,0.752,-220.282,62.496,-10.664,Roll
0.171,-0.605,0.794,-214.557,66.679,1.275,Roll
0.134,-0.593,0.756,-214.221,55.550,4.473,Roll
0.051,-0.696,0.697,-194.718,25.183,-2.824,Roll
0.076,-0.888,0.714,-150.038,22.771,-18.618,Roll
0.094,-0.932,0.602,-86.481,24.992,-18.229,Roll
0.149,-0.959,0.666,-28.427,15.344,0.260,Roll
0.153,-0.904,0.670,42.947,6.557,18.084,Roll
0.101,-0.869,0.688,112.389,0.366,23.053,Roll
0.050,-0.867,0.689,149.870,12.176,26.580,Roll
0.062,-0.720,0.667,195.534,22.168,40.252,Roll
-0.000,-0.597,0.719,235.580,22.153,54.221,Roll
-0.063,-0.616,0.913,244.298,-8.573,40.855,Roll
0.057,-0.488,0.802,250.130,-3.626,47.695,Roll
0.011,-0.380,0.909,250.130,15.038,63.229,Roll
-0.060,-0.263,0.927,250.130,22.221,67.344,Roll
-0.017,-0.077,0.871,250.130,26.084,73.267,Roll
-0.081,-0.029,0.884,250.130,6.672,70.573,Roll
-0.025,0.153,0.877,250.130,-1.664,58.954,Roll
-0.009,0.200,0.882,250.130,6.038,66.809,Roll
-0.000,0.361,0.808,250.130,34.282,62.771,Roll
-0.042,0.573,0.834,219.046,18.443,39.710,Roll
-0.004,0.668,0.811,180.458,4.511,28.397,Roll
0.013,0.725,0.792,149.542,3.328,32.947,Roll
0.064,0.810,0.726,100.069,-2.489,36.893,Roll
0.032,0.896,0.738,35.397,-0.183,34.183,Roll
0.061,0.860,0.726,-26.435,-2.160,19.641,Roll
0.079,0.820,0.706,-82.382,-10.542,-2.756,Roll
0.094,0.753,0.736,-143.901,-22.573,-21.794,Roll
0.024,0.637,0.791,-190.115,-47.748,-34.878,Roll
0.055,0.606,0.828,-243.649,-77.298,-38.672,Roll
0.059,0.467,0.850,-250.137,-78.534,-46.435,Roll
0.027,0.278,0.920,-250.137,-64.756,-44.824,Roll
0.060,0.155,0.885,-250.137,-40.580,-38.290,Roll
0.099,0.063,0.889,-250.137,-13.855,-37.588,Roll
0.097,-0.094,0.920,-250.137,-5.679,-42.290,Roll
0.116,-0.204,0.854,-245.656,-6.336,-38.359,Roll
0.089,-0.205,0.907,-237.947,13.687,-30.008,Roll
0.124,-0.423,0.912,-236.137,23.130,-32.641,Roll
0.156,-0.537,0.850,-170.153,31.031,-32.489,Roll
0.220,-0.539,0.916,-160.038,64.893,-19.954,Roll
0.085,-0.603,0.783,-136.725,35.840,-19.275,Roll
0.103,-0.670,0.819,-93.809,19.206,-14.595,Roll
0.111,-0.707,0.810,-69.328,11.557,4.031,Roll
0.048,-0.774,0.785,-22.115,5.420,6.611,Roll
0.080,-0.770,0.825,16.153,-2.198,8.840,Roll
0.083,-0.719,0.782,57.962,-1.756,15.718,Roll
0.086,-0.649,0.818,103.878,-5.855,20.802,Roll
0.093,-0.605,0.833,141.321,-7.382,25.885,Roll
0.060,-0.568,0.907,160.504,6.023,31.664,Roll
0.084,-0.479,0.813,206.275,4.382,41.168,Roll
0.051,-0.402,0.900,240.794,5.893,55.870,Roll
0.010,-0.308,1.002,232.977,6.153,55.122,Roll
-0.003,-0.211,0.957,234.328,-5.771,46.496,Roll
0.035,-0.140,0.847,250.130,-1.511,51.031,Roll
-0.096,0.031,0.866,250.130,-10.962,52.710,Roll
0.002,0.180,0.937,248.015,-3.840,45.183,Roll
0.062,0.254,0.926,241.496,21.794,47.031,Roll
0.022,0.274,0.838,234.427,31.214,46.351,Roll
-0.003,0.364,0.838,229.389,21.809,43.229,Roll
0.026,0.555,0.886,200.763,5.611,33.061,Roll
0.091,0.746,0.842,154.641,-7.046,34.160,Roll
0.088,0.739,0.761,100.672,10.481,30.008,Roll
0.060,0.733,0.695,45.435,24.351,11.542,Roll
0.083,0.803,0.737,-2.313,11.145,-4.038,Roll
0.066,0.769,0.748,-41.840,-12.740,-12.092,Roll
0.052,0.688,0.763,-79.824,-29.382,-18.802,Roll
0.071,0.704,0.810,-122.908,-31.076,-26.595,Roll
0.069,0.642,0.863,-164.656,-33.191,-27.198,Roll
0.067,0.535,0.889,-201.206,-43.061,-24.481,Roll
0.060,0.416,0.946,-219.061,-58.954,-18.107,Roll
0.092,0.301,0.887,-224.443,-62.901,-11.748,Roll
0.110,0.256,0.933,-241.656,-59.366,-10.336,Roll
0.137,0.164,1.007,-250.137,-66.931,-15.618,Roll
0.165,0.030,0.947,-250.137,-54.908,-24.763,Roll
0.187,-0.077,0.839,-250.137,-15.321,-21.695,Roll
0.199,-0.192,0.873,-248.527,2.618,-24.916,Roll
0.198,-0.323,0.906,-231.282,7.786,-32.824,Roll
0.188,-0.444,0.830,-224.481,32.824,-27.847,Roll
0.191,-0.492,0.740,-209.313,43.260,-9.916,Roll
0.120,-0.589,0.824,-186.710,48.221,3.344,Roll
0.143,-0.680,0.807,-146.092,21.939,-7.588,Roll
0.147,-0.724,0.764,-108.672,11.351,-5.481,Roll
0.148,-0.750,0.739,-63.634,13.275,1.595,Roll
0.170,-0.782,0.766,-14.366,3.557,4.450,Roll
0.165,-0.758,0.708,32.046,6.519,9.702,Roll
0.129,-0.756,0.748,65.053,-0.206,16.885,Roll
0.155,-0.700,0.804,108.519,-3.908,10.679,Roll
0.146,-0.657,0.803,148.962,-3.511,13.069,Roll
0.206,-0.595,0.761,208.802,12.710,36.817,Roll
0.089,-0.507,0.917,239.069,15.794,54.656,Roll
0.055,-0.449,0.981,248.779,6.420,51.756,Roll
0.080,-0.347,0.795,250.130,3.786,54.160,Roll
0.042,-0.212,0.806,250.130,-7.672,52.550,Roll
0.075,-0.065,0.881,250.130,-8.229,45.008,Roll
0.079,0.055,0.905,250.130,-1.382,36.489,Roll
0.059,0.204,0.887,250.130,15.992,23.679,Roll
0.069,0.326,0.840,244.038,42.176,14.580,Roll
0.033,0.381,0.824,211.641,53.504,8.344,Roll
-0.000,0.471,0.839,198.229,25.374,-1.855,Roll
0.048,0.606,0.839,183.160,2.275,0.679,Roll
0.120,0.753,0.819,136.397,6.305,6.412,Roll
0.078,0.778,0.741,76.870,40.260,7.893,Roll
0.059,0.787,0.762,24.618,35.389,1.420,Roll
0.048,0.809,0.795,-27.305,8.389,-4.008,Roll
0.051,0.790,0.782,-77.504,-21.794,-10.626,Roll
0.006,0.737,0.815,-127.466,-34.000,-13.557,Roll
0.012,0.659,0.832,-161.847,-31.542,-14.153,Roll
0.055,0.560,0.906,-184.878,-29.191,-13.710,Roll
0.073,0.449,0.922,-199.748,-35.710,-12.588,Roll
0.032,0.361,0.879,-215.260,-52.611,-18.901,Roll
0.033,0.271,0.940,-240.221,-72.275,-21.710,Roll
0.076,0.180,0.994,-250.137,-77.450,-14.969,Roll
0.121,0.032,0.931,-250.137,-64.046,-16.824,Roll
0.171,-0.016,0.886,-250.137,-36.282,-23.550,Roll
0.176,-0.166,0.902,-250.137,-8.038,-23.084,Roll
0.192,-0.275,0.894,-224.809,7.145,-24.473,Roll
0.219,-0.388,0.874,-196.763,7.985,-23.130,Roll
0.182,-0.469,0.838,-181.061,15.656,-17.893,Roll
0.239,-0.588,0.840,-161.206,52.061,6.183,Roll
0.009,-0.675,0.817,-136.000,29.687,-6.153,Roll
0.129,-0.656,0.794,-102.046,-11.137,-22.672,Roll
0.183,-0.672,0.766,-74.878,0.489,-32.664,Roll
0.225,-0.705,0.758,-43.397,7.947,-28.588,Roll
0.244,-0.760,0.730,3.328,1.466,-16.611,Roll
0.192,-0.726,0.713,48.802,0.366,6.618,Roll
0.284,-0.662,0.725,96.542,-2.794,18.664,Roll
0.186,-0.659,0.841,137.802,-14.573,18.336,Roll
0.172,-0.606,0.934,158.260,-8.908,19.313,Roll
0.236,-0.604,0.868,182.153,-10.924,30.206,Roll
0.245,-0.484,0.724,250.130,-0.351,54.962,Roll
0.229,-0.335,0.809,250.130,-6.802,77.496,Roll
0.088,-0.203,0.810,250.130,-28.969,71.687,Roll
0.013,-0.010,0.873,250.130,-46.374,37.847,Roll
0.163,0.242,0.849,250.130,-20.542,3.748,Roll
0.204,0.305,0.752,250.130,-1.740,-17.504,Roll
0.192,0.463,0.713,250.130,15.420,-51.489,Roll
0.143,0.623,0.797,232.244,19.534,-53.656,Roll
0.155,0.708,0.756,207.550,-3.748,-45.893,Roll
0.172,0.778,0.718,188.206,-3.351,-39.840,Roll
0.213,0.864,0.641,134.977,28.092,-26.779,Roll
0.197,0.940,0.581,82.779,50.053,-2.053,Roll
0.139,1.044,0.573,9.351,38.321,6.176,Roll
0.160,0.979,0.593,-61.763,10.359,12.244,Roll
0.120,0.900,0.598,-113.023,-18.962,17.687,Roll
0.117,0.820,0.647,-156.626,-40.458,20.305,Roll
0.132,0.729,0.672,-197.443,-44.015,21.885,Roll
0.144,0.677,0.759,-232.695,-50.489,21.405,Roll
0.214,0.611,0.845,-250.137,-34.870,16.053,Roll
0.175,0.393,0.827,-250.137,-7.718,15.038,Roll
0.145,0.212,0.854,-250.137,11.191,12.130,Roll
0.208,0.219,0.968,-242.573,19.115,12.153,Roll
0.174,0.126,1.036,-250.137,9.901,5.763,Roll
0.133,0.015,0.965,-250.137,6.053,-17.313,Roll
0.112,-0.067,0.872,-250.137,25.893,-36.580,Roll
0.148,-0.185,0.921,-233.649,17.275,-39.702,Roll
0.203,-0.304,0.900,-220.992,8.267,-55.237,Roll
0.252,-0.499,0.800,-196.176,5.221,-61.573,Roll
0.270,-0.446,0.788,-162.969,1.427,-45.130,Roll
0.167,-0.554,0.762,-157.069,-18.435,-2.031,Roll
0.233,-0.642,0.741,-148.176,-8.763,11.962,Roll
0.212,-0.699,0.760,-118.473,-7.870,10.649,Roll
0.221,-0.741,0.720,-81.137,-1.206,5.008,Roll
0.238,-0.766,0.747,-34.916,2.977,10.275,Roll
0.275,-0.759,0.715,25.794,-3.137,28.985,Roll
0.220,-0.730,0.741,78.634,-6.092,37.878,Roll
0.203,-0.677,0.740,125.382,0.595,38.618,Roll
0.205,-0.635,0.826,165.344,0.908,39.145,Roll
0.194,-0.595,0.896,197.168,-12.359,41.198,Roll
0.184,-0.505,0.831,235.405,-23.695,46.053,Roll
0.218,-0.372,0.723,250.130,-25.443,52.237,Roll
0.072,-0.302,0.910,250.130,-38.122,45.053,Roll
0.043,-0.122,0.979,250.130,-78.756,24.267,Roll
0.177,0.002,0.890,250.130,-79.901,11.832,Roll
0.159,0.148,0.782,250.130,-65.298,-3.473,Roll
0.264,0.291,0.663,250.130,-38.832,-19.305,Roll
0.237,0.441,0.772,250.130,-3.038,-35.855,Roll
0.243,0.647,0.885,222.244,-2.908,-30.145,Roll
0.279,0.676,0.801,190.992,13.115,-20.023,Roll
0.302,0.782,0.714,158.328,33.321,-11.046,Roll
0.306,0.865,0.682,107.435,33.389,3.122,Roll
0.329,0.933,0.654,37.473,29.626,4.214,Roll
0.245,0.874,0.635,-42.977,22.969,13.618,Roll
0.278,0.810,0.639,-99.611,8.198,8.336,Roll
0.247,0.726,0.650,-145.183,-10.550,10.183,Roll
0.209,0.609,0.688,-181.687,-17.511,14.336,Roll
0.175,0.488,0.719,-191.115,-20.382,3.687,Roll
0.228,0.420,0.788,-191.191,-1.893,-14.664,Roll
0.283,0.510,0.959,-228.771,7.397,-15.511,Roll
0.233,0.390,0.982,-250.137,9.427,-14.237,Roll
0.153,0.169,0.879,-250.137,19.611,-17.053,Roll
0.212,0.054,0.881,-234.893,32.771,-17.969,Roll
0.228,0.019,0.959,-221.099,37.420,-17.466,Roll
0.178,-0.088,1.017,-224.191,30.496,-19.550,Roll
0.165,-0.182,0.981,-212.145,38.183,-24.313,Roll
0.130,-0.347,0.942,-199.748,50.863,-21.397,Roll
0.117,-0.363,0.901,-190.405,46.427,-28.901,Roll
0.132,-0.439,0.873,-174.481,24.733,-34.298,Roll
0.188,-0.551,0.858,-140.351,48.969,-18.985,Roll
0.160,-0.588,0.810,-102.229,1.305,-2.473,Roll
0.177,-0.600,0.831,-57.733,2.588,12.748,Roll
0.189,-0.574,0.793,-11.267,6.954,28.275,Roll
0.152,-0.605,0.904,41.779,-3.260,31.977,Roll
0.093,-0.601,0.915,83.748,-18.427,25.618,Roll
0.137,-0.605,0.839,141.046,-24.901,30.893,Roll
0.076,-0.522,0.924,196.244,-29.382,45.061,Roll
0.074,-0.419,1.034,206.840,-56.656,38.191,Roll
0.124,-0.321,0.978,205.939,-51.496,31.397,Roll
0.165,-0.243,0.818,239.252,-38.870,32.855,Roll
0.153,-0.161,0.789,250.130,-47.053,37.740,Roll
0.098,-0.023,0.900,250.130,-61.099,35.718,Roll
0.178,0.128,0.926,250.130,-58.435,31.015,Roll
0.250,0.252,0.911,250.130,-43.931,22.153,Roll
0.221,0.354,0.814,249.573,-24.260,5.450,Roll
0.247,0.523,0.825,213.389,4.641,-16.374,Roll
0.255,0.606,0.754,184.443,15.908,-24.840,Roll
0.274,0.689,0.752,140.183,21.641,-29.977,Roll
0.258,0.747,0.719,84.458,23.779,-25.122,Roll
0.257,0.723,0.729,28.061,11.664,-16.237,Roll
0.303,0.775,0.695,-34.099,15.672,-22.458,Roll
0.238,0.737,0.692,-90.282,10.336,-24.672,Roll
0.182,0.639,0.721,-128.702,-29.893,-28.137,Roll
0.161,0.595,0.779,-156.092,-50.031,-27.099,Roll
0.169,0.514,0.844,-181.069,-52.305,-24.389,Roll
0.201,0.408,0.885,-191.191,-31.008,-23.489,Roll
0.247,0.348,0.925,-194.557,-12.618,-14.328,Roll
0.213,0.259,0.897,-189.183,9.160,-2.824,Roll
0.197,0.271,1.017,-222.893,8.695,-0.977,Roll
0.188,0.133,0.988,-246.908,14.573,-11.817,Roll
0.157,-0.020,0.871,-232.863,16.557,-24.916,Roll
0.203,-0.149,0.966,-207.427,18.718,-17.992,Roll
0.199,-0.181,1.025,-207.893,19.191,-15.397,Roll
0.191,-0.320,0.890,-189.061,20.313,-19.817,Roll
0.175,-0.377,0.858,-153.008,14.939,-21.099,Roll
0.228,-0.423,0.956,-139.282,31.397,-0.924,Roll
0.176,-0.533,0.895,-116.313,30.405,-9.809,Roll
0.123,-0.570,0.911,-87.206,4.107,-14.969,Roll
0.196,-0.568,0.876,-57.198,3.763,-16.405,Roll
0.189,-0.550,0.855,-21.733,-1.656,-20.458,Roll
0.214,-0.594,0.866,10.641,-9.099,-13.832,Roll
0.220,-0.577,0.877,49.092,-11.771,-4.023,Roll
0.243,-0.553,0.850,92.275,-14.954,6.870,Roll
0.206,-0.490,0.904,131.435,-24.328,10.420,Roll
0.209,-0.424,0.953,153.847,-39.908,6.221,Roll
0.254,-0.371,0.943,184.321,-41.344,7.107,Roll
0.256,-0.330,0.801,246.771,-43.725,18.397,Roll
0.205,-0.189,0.947,250.130,-62.740,12.237,Roll
0.234,-0.046,1.004,238.412,-64.282,-7.221,Roll
0.287,0.030,0.898,220.893,-35.985,-21.092,Roll
0.226,0.080,0.812,212.870,-20.122,-42.389,Roll
0.250,0.193,0.755,202.145,-3.511,-52.267,Roll
0.326,0.305,0.861,184.779,20.000,-52.382,Roll
0.306,0.390,0.848,180.748,26.901,-37.305,Roll
0.274,0.458,0.774,170.931,34.282,-24.160,Roll
0.297,0.542,0.744,151.382,49.275,-15.580,Roll
0.262,0.648,0.793,125.977,59.092,5.809,Roll
0.242,0.694,0.756,94.786,59.641,10.649,Roll
0.165,0.759,0.716,51.122,55.260,1.786,Roll
0.199,0.798,0.726,-5.916,40.290,-8.962,Roll
0.194,0.780,0.717,-45.779,17.679,-11.053,Roll
0.166,0.716,0.735,-89.649,-10.641,-7.985,Roll
0.166,0.613,0.791,-107.885,-37.275,-2.115,Roll
0.227,0.554,0.848,-127.053,-17.626,10.336,Roll
0.202,0.530,0.885,-141.237,-8.748,26.046,Roll
0.224,0.543,0.906,-171.145,-24.908,33.588,Roll
0.202,0.463,0.915,-205.954,-29.458,25.137,Roll
0.232,0.298,0.901,-225.282,-35.344,18.740,Roll
0.246,0.133,0.907,-227.664,-31.336,21.092,Roll
0.211,0.052,0.893,-211.107,-15.000,34.328,Roll
0.275,0.004,0.951,-201.412,-5.527,27.557,Roll
0.290,-0.069,0.930,-193.244,-3.115,14.237,Roll
0.292,-0.079,0.876,-199.183,6.015,-0.092,Roll
0.257,-0.202,0.844,-197.130,21.176,4.634,Roll
0.278,-0.391,0.865,-181.015,71.084,16.763,Roll
0.198,-0.492,0.885,-143.725,56.969,-9.542,Roll
0.202,-0.608,0.858,-101.290,14.061,-18.641,Roll
0.220,-0.544,0.863,-51.214,15.527,-2.710,Roll
0.232,-0.547,0.878,-15.786,-2.313,7.573,Roll
0.253,-0.557,0.914,8.924,-6.534,1.985,Roll
0.208,-0.545,0.875,39.122,-4.802,-1.206,Roll
0.212,-0.552,0.900,61.992,-21.496,-0.328,Roll
0.248,-0.516,0.933,94.427,-16.969,3.588,Roll
0.276,-0.429,0.884,137.611,-11.359,13.908,Roll
0.288,-0.366,0.883,190.962,-22.107,25.092,Roll
0.266,-0.275,0.959,231.756,-44.985,25.374,Roll
0.256,-0.253,0.925,247.336,-40.763,25.344,Roll
0.244,-0.118,0.866,250.130,-15.672,29.908,Roll
0.167,-0.046,0.950,250.130,-6.038,18.183,Roll
0.225,0.134,0.916,211.092,11.351,-12.962,Roll
0.288,0.260,0.808,191.878,25.260,-27.267,Roll
0.294,0.355,0.804,172.122,53.412,-24.435,Roll
0.243,0.439,0.849,139.878,67.557,-8.008,Roll
0.184,0.453,0.875,118.908,49.947,-8.542,Roll
0.169,0.511,0.890,103.901,42.664,-2.183,Roll
0.111,0.571,0.853,75.985,34.763,1.366,Roll
0.121,0.627,0.862,41.473,50.061,4.267,Roll
0.204,0.609,0.868,7.000,33.855,10.351,Roll
0.109,0.636,0.864,-37.870,29.641,1.053,Roll
0.118,0.617,0.878,-76.061,-16.191,-3.099,Roll
0.137,0.582,0.904,-118.099,-35.397,-5.656,Roll
0.126,0.484,0.899,-146.740,-59.855,-10.634,Roll
0.162,0.373,0.899,-165.282,-71.038,-10.977,Roll
0.205,0.297,0.876,-177.908,-51.939,-1.282,Roll
0.206,0.234,0.970,-188.809,-27.878,5.466,Roll
0.177,0.179,1.004,-214.382,-36.962,11.290,Roll
0.243,0.104,0.982,-223.802,-23.580,-1.053,Roll
0.244,-0.040,0.901,-221.511,9.282,-6.832,Roll
0.258,-0.125,0.866,-209.748,22.916,-14.840,Roll
0.270,-0.214,0.860,-198.794,29.122,-14.832,Roll
0.336,-0.328,0.920,-198.695,73.489,-6.046,Roll
0.128,-0.436,0.872,-171.290,74.511,-12.756,Roll
0.137,-0.475,0.816,-142.168,36.328,-24.168,Roll
0.181,-0.496,0.845,-116.336,20.290,-25.435,Roll
0.175,-0.588,0.823,-100.122,30.702,-0.305,Roll
0.138,-0.627,0.869,-63.313,20.595,2.901,Roll
0.120,-0.683,0.855,-31.687,7.603,-2.053,Roll
0.142,-0.686,0.798,18.504,6.321,2.588,Roll
0.150,-0.648,0.870,57.397,-6.557,13.985,Roll
0.121,-0.603,0.893,92.832,-12.061,16.191,Roll
0.151,-0.551,0.906,123.931,-17.275,8.916,Roll
0.178,-0.505,0.867,173.137,-27.397,15.008,Roll
0.162,-0.443,0.925,213.519,-44.885,23.328,Roll
0.164,-0.373,0.881,247.198,-58.130,24.786,Roll
0.184,-0.245,0.885,250.130,-40.221,24.359,Roll
0.168,-0.107,0.940,250.130,-14.855,9.878,Roll
0.180,0.039,0.911,250.130,2.962,-8.786,Roll
0.191,0.074,0.859,243.435,14.282,-25.206,Roll
0.234,0.210,0.894,225.038,33.832,-24.603,Roll
0.135,0.341,0.850,206.603,63.603,-19.832,Roll
0.128,0.481,0.832,189.084,57.344,-21.084,Roll
0.118,0.543,0.776,171.885,71.481,-23.290,Roll
0.112,0.575,0.769,135.763,83.679,-20.939,Roll
0.069,0.636,0.773,107.878,94.748,-13.092,Roll
-0.009,0.749,0.799,57.611,75.977,-7.679,Roll
-0.018,0.768,0.825,7.939,50.603,-0.511,Roll
-0.036,0.726,0.789,-33.359,27.008,-0.435,Roll
-0.053,0.728,0.827,-71.756,-20.878,3.489,Roll
-0.047,0.676,0.834,-101.489,-67.740,7.588,Roll
0.001,0.665,0.865,-133.168,-91.649,1.366,Roll
0.030,0.531,0.841,-163.107,-85.847,-6.321,Roll
0.081,0.428,0.853,-173.702,-77.473,-10.870,Roll
0.117,0.419,0.887,-193.664,-68.443,-19.122,Roll
0.141,0.330,0.961,-222.069,-59.008,-23.878,Roll
0.121,0.229,0.935,-230.450,-59.947,-25.534,Roll
0.106,0.059,0.879,-226.779,-54.725,-23.260,Roll
0.140,-0.012,0.890,-225.260,-35.397,-7.321,Roll
0.255,-0.081,0.960,-218.000,-22.115,-2.198,Roll
0.271,-0.182,0.957,-203.519,-6.718,4.397,Roll
0.257,-0.342,0.866,-174.244,9.763,-3.061,Roll
0.275,-0.394,0.928,-152.779,26.336,-15.947,Roll
0.155,-0.442,0.885,-135.168,44.931,-17.183,Roll
0.194,-0.460,0.878,-105.244,20.435,-25.595,Roll
0.229,-0.458,0.896,-91.893,14.260,-19.947,Roll
0.174,-0.607,0.851,-65.046,10.885,-8.107,Roll
0.148,-0.679,0.834,-12.824,-4.183,-4.260,Roll
0.205,-0.618,0.876,26.473,-14.115,9.031,Roll
0.229,-0.597,0.846,82.573,-28.687,28.305,Roll
0.232,-0.530,0.935,136.321,-33.015,42.763,Roll
0.197,-0.462,0.970,162.244,-34.076,44.908,Roll
0.206,-0.406,1.023,160.992,-41.809,31.458,Roll
0.269,-0.393,0.763,214.550,-44.099,37.038,Roll
0.272,-0.300,0.731,250.130,-42.076,49.977,Roll
0.224,-0.049,0.935,250.130,-35.405,46.298,Roll
0.251,0.083,0.963,250.130,-16.763,29.290,Roll
0.265,0.162,0.897,227.740,5.275,9.962,Roll
0.265,0.150,0.812,218.573,22.206,-6.969,Roll
0.253,0.256,0.824,216.069,45.092,-24.626,Roll
0.216,0.458,0.859,189.450,72.046,-29.641,Roll
0.170,0.595,0.825,156.206,80.649,-41.573,Roll
0.158,0.622,0.816,118.931,71.137,-32.420,Roll
0.116,0.636,0.790,74.550,66.565,-26.954,Roll
0.085,0.675,0.804,26.145,52.389,-19.985,Roll
0.081,0.677,0.796,-16.046,24.374,-5.519,Roll
0.049,0.674,0.800,-64.947,-8.756,-7.122,Roll
0.038,0.676,0.857,-109.527,-57.740,-12.260,Roll
0.065,0.632,0.895,-149.466,-91.046,-19.481,Roll
0.087,0.522,0.867,-189.221,-99.702,-28.122,Roll
0.150,0.363,0.887,-203.664,-92.511,-27.130,Roll
0.191,0.280,0.901,-207.015,-78.038,-10.885,Roll
0.265,0.191,0.968,-230.504,-66.924,-0.763,Roll
0.278,0.135,0.927,-250.137,-38.718,-9.298,Roll
0.278,0.004,0.853,-250.137,9.321,-19.008,Roll
0.288,-0.108,0.900,-250.137,37.656,-20.031,Roll
0.236,-0.237,0.900,-244.939,37.855,-14.359,Roll
0.230,-0.354,0.894,-219.504,38.191,-14.084,Roll
0.282,-0.479,0.814,-181.122,64.786,-11.656,Roll
0.144,-0.480,0.849,-139.649,60.031,-24.252,Roll
0.141,-0.533,0.859,-127.160,26.168,-24.214,Roll
0.227,-0.606,0.868,-89.015,23.573,-12.252,Roll
0.155,-0.673,0.808,-53.702,12.611,-6.870,Roll
0.161,-0.701,0.821,-8.321,-2.893,3.794,Roll
0.137,-0.689,0.873,31.061,-12.924,8.687,Roll
0.170,-0.658,0.830,68.847,-27.092,12.221,Roll
0.187,-0.626,0.914,110.282,-26.611,24.626,Roll
0.191,-0.548,0.903,137.901,-21.496,30.046,Roll
0.229,-0.469,0.842,191.794,-21.779,39.924,Roll
0.233,-0.374,0.937,229.916,-37.015,48.511,Roll
0.177,-0.319,0.954,246.137,-56.870,42.992,Roll
0.195,-0.223,0.879,250.130,-58.389,31.084,Roll
0.229,-0.077,0.875,250.130,-33.695,22.298,Roll
0.267,0.046,0.870,250.130,2.137,20.015,Roll
0.257,0.118,0.803,250.130,19.870,27.389,Roll
0.162,0.161,0.838,250.130,27.817,18.412,Roll
0.183,0.338,0.828,240.084,32.664,10.740,Roll
0.191,0.500,0.843,218.053,17.985,-6.298,Roll
0.237,0.545,0.792,202.191,28.580,1.947,Roll
0.243,0.641,0.714,158.405,56.229,-0.664,Roll
0.204,0.763,0.768,111.305,58.855,0.985,Roll
0.133,0.809,0.761,66.947,43.336,5.855,Roll
0.153,0.853,0.766,3.802,53.107,6.534,Roll
0.161,0.797,0.738,-51.069,9.786,1.931,Roll
0.142,0.770,0.763,-101.519,-29.939,-2.542,Roll
0.145,0.737,0.773,-148.008,-66.924,-3.618,Roll
0.170,0.653,0.770,-201.031,-77.092,-1.809,Roll
0.210,0.453,0.786,-227.443,-71.160,3.206,Roll
0.210,0.290,0.813,-228.634,-36.611,17.191,Roll
0.267,0.278,0.973,-220.046,-30.130,34.611,Roll
0.244,0.265,0.937,-234.336,-16.389,35.550,Roll
0.247,0.139,0.920,-246.969,9.511,19.687,Roll
0.249,0.082,1.009,-250.137,27.313,4.046,Roll
0.187,-0.056,0.938,-250.137,34.672,-16.405,Roll
0.220,-0.181,0.832,-250.137,58.901,-16.756,Roll
0.245,-0.338,0.856,-236.649,109.985,-11.115,Roll
0.103,-0.388,0.842,-215.000,77.130,-41.618,Roll
0.118,-0.562,0.805,-172.290,41.107,-54.733,Roll
0.139,-0.592,0.800,-140.695,33.817,-48.435,Roll
0.151,-0.694,0.845,-113.687,28.290,-36.389,Roll
0.155,-0.738,0.781,-66.450,11.206,-27.122,Roll
0.151,-0.771,0.772,-26.374,5.473,-11.824,Roll
0.159,-0.772,0.783,25.031,-1.824,3.176,Roll
0.171,-0.705,0.794,79.634,-14.557,7.870,Roll
0.173,-0.638,0.775,125.176,-19.550,16.366,Roll
0.179,-0.583,0.878,158.092,-17.191,19.206,Roll
0.212,-0.516,0.884,183.534,-11.718,16.824,Roll
0.211,-0.495,0.819,238.389,-17.198,27.611,Roll
0.187,-0.417,0.803,250.130,-28.145,39.763,Roll
0.153,-0.239,0.843,250.130,-39.916,41.160,Roll
0.140,-0.024,0.827,250.130,-31.305,34.977,Roll
0.181,0.077,0.790,250.130,-7.084,17.641,Roll
0.161,0.179,0.818,250.130,10.573,1.099,Roll
0.151,0.291,0.864,250.130,16.863,-1.473,Roll
0.161,0.559,0.861,250.130,26.550,-13.099,Roll
0.202,0.665,0.802,214.275,46.855,-12.366,Roll
0.196,0.723,0.739,187.511,51.344,-1.038,Roll
0.156,0.761,0.681,151.947,53.802,10.664,Roll
0.120,0.844,0.655,101.771,53.855,18.031,Roll
0.214,0.909,0.687,54.603,39.618,25.786,Roll
0.135,0.897,0.614,9.863,26.649,21.756,Roll
0.122,0.868,0.578,-33.992,13.099,4.389,Roll
0.147,0.853,0.653,-84.885,-24.069,2.344,Roll
0.139,0.853,0.702,-139.695,-51.198,6.534,Roll
0.145,0.761,0.717,-180.382,-71.282,6.137,Roll
0.181,0.634,0.731,-209.924,-77.748,7.313,Roll
0.201,0.493,0.717,-226.198,-85.458,10.084,Roll
0.228,0.359,0.719,-224.038,-69.969,9.519,Roll
0.272,0.392,0.914,-228.382,-53.336,21.794,Roll
0.344,0.343,0.935,-250.137,-28.603,27.252,Roll
0.323,0.196,0.933,-250.137,21.282,21.771,Roll
0.231,-0.020,0.852,-250.137,62.893,15.824,Roll
0.199,-0.083,0.975,-250.137,60.878,-1.145,Roll
0.254,-0.094,0.939,-250.137,40.031,-30.191,Roll
0.291,-0.305,0.789,-250.137,83.496,-24.901,Roll
0.162,-0.497,0.758,-250.137,85.183,-35.137,Roll
0.097,-0.613,0.765,-230.962,46.366,-58.313,Roll
0.172,-0.603,0.721,-206.008,42.702,-43.985,Roll
0.170,-0.699,0.726,-182.244,28.985,-39.328,Roll
0.211,-0.801,0.697,-163.198,15.511,-28.992,Roll
0.141,-0.869,0.603,-153.901,23.252,-11.641,Roll
0.140,-0.908,0.540,-129.725,6.160,-12.176,Roll
0.236,-0.942,0.551,-78.931,-1.282,-0.878,Roll
0.249,-0.978,0.573,-3.550,-10.985,15.534,Roll
0.245,-0.892,0.594,74.992,-13.466,32.527,Roll
0.165,-0.901,0.655,132.053,-25.023,27.779,Roll
0.136,-0.895,0.638,187.046,-44.366,14.191,Roll
0.126,-0.794,0.733,217.931,-37.641,2.534,Roll
0.130,-0.727,0.701,250.130,-43.382,-24.153,Roll
0.257,-0.559,0.802,250.130,-51.672,-28.015,Roll
0.326,-0.476,0.781,250.130,-19.084,-13.557,Roll
0.250,-0.352,0.839,250.130,3.756,-1.489,Roll
0.180,-0.240,0.843,250.130,7.351,-1.496,Roll
0.197,-0.083,0.850,250.130,8.985,-12.481,Roll
0.261,0.044,0.854,250.130,9.519,-7.969,Roll
0.246,0.143,0.793,250.130,32.527,7.992,Roll
0.145,0.339,0.750,250.130,37.053,3.191,Roll
0.203,0.458,0.741,250.130,39.786,8.756,Roll
0.200,0.624,0.696,250.130,28.931,7.832,Roll
0.175,0.851,0.649,230.985,14.794,-1.069,Roll
0.237,0.818,0.540,191.885,34.779,2.870,Roll
0.135,0.789,0.496,163.603,56.130,4.809,Roll
0.200,0.851,0.458,137.435,37.878,15.069,Roll
0.130,0.899,0.402,107.130,26.092,23.779,Roll
0.238,1.040,0.415,57.122,57.450,31.473,Roll
0.157,1.091,0.357,15.298,42.092,11.038,Roll
0.177,1.043,0.364,-39.740,15.000,7.092,Roll
0.187,1.068,0.414,-96.573,-9.756,11.878,Roll
0.186,1.053,0.489,-152.481,-29.840,21.550,Roll
0.178,0.946,0.530,-200.565,-45.908,20.374,Roll
0.191,0.817,0.537,-229.649,-78.534,22.412,Roll
0.255,0.696,0.571,-250.137,-78.122,20.985,Roll
0.281,0.538,0.639,-250.137,-38.931,27.359,Roll
0.352,0.499,0.758,-250.137,1.237,43.321,Roll
0.231,0.437,0.832,-250.137,15.855,45.664,Roll
0.234,0.297,0.846,-250.137,31.893,39.908,Roll
0.204,0.117,0.935,-250.137,38.534,26.198,Roll
0.215,0.040,1.009,-250.137,41.649,18.878,Roll
0.233,-0.066,0.935,-244.939,50.511,15.458,Roll
0.200,-0.123,0.895,-231.679,58.443,-11.664,Roll
0.257,-0.245,0.961,-238.038,91.588,-36.244,Roll
0.162,-0.301,0.902,-232.603,82.863,-66.481,Roll
0.130,-0.407,0.863,-221.397,56.863,-89.763,Roll
0.174,-0.548,0.763,-208.115,36.618,-91.550,Roll
0.224,-0.687,0.656,-188.763,41.496,-85.137,Roll
0.208,-0.652,0.713,-189.901,11.023,-54.313,Roll
0.196,-0.803,0.642,-187.824,10.137,-19.313,Roll
0.175,-0.870,0.555,-165.809,6.939,-6.947,Roll
0.203,-0.889,0.498,-143.695,-8.771,0.534,Roll
0.212,-0.877,0.455,-125.931,-13.137,17.008,Roll
0.152,-0.915,0.463,-99.611,-17.198,18.153,Roll
0.184,-0.955,0.479,-63.336,-7.489,4.137,Roll
0.194,-0.962,0.399,-28.763,-3.702,-5.420,Roll
0.218,-0.930,0.396,3.260,-6.420,-2.885,Roll
0.230,-0.951,0.436,35.649,-7.817,4.031,Roll
0.207,-0.929,0.450,74.802,-8.450,9.672,Roll
0.197,-0.920,0.488,109.053,-5.122,4.313,Roll
0.143,-0.935,0.585,146.504,-14.244,-13.885,Roll
0.241,-0.898,0.645,202.198,-15.031,-19.733,Roll
0.332,-0.771,0.635,250.130,-10.611,-8.382,Roll
0.193,-0.611,0.698,250.130,-16.405,6.443,Roll
0.179,-0.569,0.732,250.130,-12.336,-25.603,Roll
0.223,-0.462,0.763,250.130,4.573,-25.275,Roll
0.179,-0.309,0.740,250.130,17.359,-18.382,Roll
0.135,-0.202,0.910,250.130,-16.267,-38.290,Roll
0.217,0.069,0.964,250.130,-39.473,-44.473,Roll
0.240,0.228,0.845,250.130,-15.580,-44.840,Roll
0.219,0.249,0.729,250.130,30.412,-46.122,Roll
0.186,0.449,0.736,250.130,29.863,-53.008,Roll
0.201,0.633,0.808,250.130,22.160,-47.634,Roll
0.263,0.712,0.706,250.130,26.687,-31.656,Roll
0.219,0.871,0.525,243.664,46.168,-3.718,Roll
0.207,0.855,0.416,207.008,50.962,20.664,Roll
0.114,0.901,0.368,191.359,42.954,19.160,Roll
0.157,0.991,0.303,165.504,36.053,28.305,Roll
0.134,1.009,0.183,126.046,43.321,35.641,Roll
0.187,1.090,0.149,73.298,33.573,21.992,Roll
0.195,1.066,0.160,13.466,21.947,7.389,Roll
0.170,0.968,0.194,-12.748,-10.527,10.489,Roll
0.198,0.993,0.202,-36.969,-13.901,11.160,Roll
0.198,1.012,0.194,-80.168,13.290,14.565,Roll
0.235,1.054,0.225,-136.130,31.611,19.321,Roll
0.187,1.041,0.325,-191.176,8.573,8.473,Roll
0.202,0.924,0.402,-228.969,-21.435,2.282,Roll
0.234,0.812,0.497,-232.702,-27.611,9.298,Roll
0.260,0.741,0.553,-250.137,-0.649,17.985,Roll
0.243,0.687,0.652,-250.137,30.863,26.405,Roll
0.248,0.541,0.742,-250.137,33.458,41.107,Roll
0.225,0.411,0.785,-250.137,22.611,59.603,Roll
0.137,0.250,0.988,-250.137,-4.450,70.107,Roll
0.144,0.223,1.062,-250.137,-22.878,61.947,Roll
0.226,0.013,0.826,-250.137,16.198,55.038,Roll
0.268,-0.067,0.782,-250.137,59.252,39.389,Roll
0.141,-0.156,0.961,-250.137,51.267,22.405,Roll
0.179,-0.251,0.931,-250.137,46.290,-12.473,Roll
0.117,-0.468,0.807,-250.137,84.718,-39.160,Roll
0.006,-0.524,0.862,-250.137,56.580,-81.985,Roll
0.090,-0.717,0.653,-244.969,28.229,-110.237,Roll
0.195,-0.760,0.769,-234.282,12.931,-101.679,Roll
0.257,-0.897,0.648,-224.237,-11.534,-86.893,Roll
0.259,-0.894,0.483,-191.504,-1.260,-58.656,Roll
0.268,-0.916,0.403,-176.534,7.053,-42.405,Roll
0.311,-0.840,0.390,-147.832,1.290,-34.489,Roll
0.319,-0.893,0.355,-116.626,-1.962,-26.595,Roll
0.274,-0.916,0.304,-91.618,-2.794,-18.634,Roll
0.295,-0.953,0.277,-62.076,-3.351,-19.359,Roll
0.307,-0.974,0.259,-21.366,4.557,-11.702,Roll
0.312,-0.981,0.246,21.382,0.122,-0.076,Roll
0.320,-0.976,0.286,67.450,-5.427,19.290,Roll
0.305,-0.925,0.377,112.053,-13.870,26.382,Roll
0.302,-0.937,0.408,158.489,-13.412,24.038,Roll
0.302,-0.937,0.500,211.038,-4.115,21.122,Roll
0.301,-0.888,0.607,250.130,-2.634,10.092,Roll
0.294,-0.818,0.672,250.130,-10.718,-6.740,Roll
0.305,-0.670,0.590,250.130,-9.366,-11.931,Roll
0.354,-0.517,0.634,250.130,34.031,1.901,Roll
0.223,-0.504,0.689,250.130,49.275,0.420,Roll
0.106,-0.297,0.829,250.130,3.244,-17.130,Roll
0.175,-0.061,0.826,250.130,5.977,-25.069,Roll
0.225,0.098,0.865,250.130,14.527,-33.962,Roll
0.213,0.271,0.838,250.130,10.710,-25.038,Roll
0.276,0.492,0.800,250.130,3.794,-36.359,Roll
0.247,0.552,0.809,250.130,-5.595,-27.427,Roll
0.201,0.674,0.644,250.130,3.947,-16.084,Roll
0.191,0.808,0.548,250.130,0.450,-14.649,Roll
0.285,0.836,0.474,233.847,8.122,-8.397,Roll
0.196,0.860,0.387,199.802,35.092,7.947,Roll
0.259,0.913,0.331,180.924,31.015,19.679,Roll
0.204,0.912,0.214,144.924,56.702,35.183,Roll
0.221,0.989,0.198,109.275,54.672,43.550,Roll
0.234,0.974,0.200,99.412,42.038,44.565,Roll
0.280,1.119,0.122,64.725,38.618,37.893,Roll
0.293,1.095,0.053,5.740,23.580,31.931,Roll
0.259,1.046,0.056,-40.649,17.809,9.351,Roll
0.301,1.052,0.108,-83.977,35.443,-8.023,Roll
0.245,1.055,0.126,-130.695,20.832,-23.298,Roll
0.260,1.074,0.234,-174.603,-7.687,-31.153,Roll
0.349,0.947,0.354,-223.000,3.824,-11.435,Roll
0.201,0.814,0.427,-241.275,20.412,4.244,Roll
0.170,0.815,0.555,-250.137,8.473,-11.359,Roll
0.199,0.807,0.645,-250.137,-8.176,-6.878,Roll
0.229,0.629,0.689,-250.137,-3.550,-4.382,Roll
0.228,0.415,0.707,-250.137,5.450,11.557,Roll
0.229,0.369,0.850,-250.137,6.908,5.099,Roll
0.243,0.276,1.026,-250.137,-1.504,-0.901,Roll
0.312,0.176,0.964,-250.137,3.824,4.855,Roll
0.272,0.031,0.968,-250.137,-4.084,20.481,Roll
0.231,-0.191,0.967,-250.137,12.672,26.290,Roll
0.157,-0.358,0.916,-250.137,15.450,17.359,Roll
0.090,-0.506,0.701,-250.137,13.450,-3.092,Roll
0.143,-0.627,0.761,-250.137,60.603,-7.931,Roll
0.171,-0.675,0.701,-250.137,25.901,-32.817,Roll
0.198,-0.869,0.679,-250.137,-9.603,-46.328,Roll
0.224,-0.882,0.409,-234.344,0.000,-42.664,Roll
0.165,-0.753,0.431,-232.191,-2.481,-37.763,Roll
0.146,-0.875,0.253,-250.137,4.214,-55.015,Roll
0.251,-0.993,0.179,-235.855,33.412,-74.557,Roll
0.350,-0.872,0.135,-223.321,38.229,-71.435,Roll
0.362,-0.841,-0.012,-205.260,36.130,-57.763,Roll
0.423,-1.002,0.021,-177.786,37.260,-36.427,Roll
0.414,-0.941,-0.073,-123.580,15.702,-22.366,Roll
0.360,-0.985,-0.172,-69.672,10.473,-13.092,Roll
0.366,-0.975,-0.166,-27.031,7.916,-1.244,Roll
0.355,-0.981,-0.157,19.832,5.145,0.618,Roll
0.394,-1.010,-0.119,62.145,6.038,6.740,Roll
0.425,-1.044,-0.062,101.534,16.847,15.359,Roll
0.458,-0.995,-0.015,152.275,21.198,28.748,Roll
0.406,-0.917,0.066,202.511,33.412,49.947,Roll
0.325,-0.999,0.164,250.130,21.099,49.832,Roll
0.361,-0.933,0.238,250.130,38.870,49.824,Roll
0.280,-0.875,0.303,250.130,34.359,68.656,Roll
0.219,-0.967,0.469,250.130,-14.031,57.336,Roll
0.241,-0.937,0.564,250.130,-16.038,44.840,Roll
0.253,-0.731,0.607,250.130,-24.473,53.939,Roll
0.185,-0.493,0.742,250.130,8.710,52.947,Roll
0.188,-0.360,0.749,250.130,10.069,37.641,Roll
0.317,-0.334,0.728,250.130,-16.183,18.740,Roll
0.142,-0.162,0.914,250.130,-44.931,3.710,Roll
0.231,0.016,0.888,250.130,-29.664,2.305,Roll
0.134,0.264,0.811,250.130,-14.924,-12.145,Roll
0.234,0.462,0.811,250.130,-20.130,-39.748,Roll
0.247,0.493,0.782,250.130,-7.565,-35.603,Roll
0.201,0.561,0.689,250.130,19.305,-30.901,Roll
0.227,0.830,0.457,250.130,23.359,-32.290,Roll
0.277,0.907,0.406,250.130,12.771,-19.901,Roll
0.197,0.936,0.416,250.130,5.382,-2.015,Roll
0.138,0.865,0.215,250.130,18.244,5.534,Roll
0.213,0.934,-0.013,219.427,66.824,6.847,Roll
0.278,1.094,0.075,165.176,54.962,16.672,Roll
0.215,1.057,0.007,125.115,31.832,24.252,Roll
0.222,1.082,-0.106,79.901,3.115,16.015,Roll
0.245,1.090,-0.130,17.153,1.664,10.511,Roll
0.217,1.094,-0.078,-45.008,8.756,19.046,Roll
0.213,1.133,-0.031,-95.137,5.473,23.008,Roll
0.235,1.089,-0.083,-153.115,-3.496,14.092,Roll
0.260,0.960,-0.053,-211.198,-9.603,6.550,Roll
0.250,0.929,0.073,-250.137,-28.542,10.496,Roll
0.279,0.908,0.170,-250.137,-20.817,24.198,Roll
0.251,0.805,0.404,-250.137,-18.076,34.611,Roll
0.201,0.642,0.529,-250.137,-23.115,37.023,Roll
0.294,0.553,0.601,-250.137,-8.344,47.740,Roll
0.222,0.371,0.726,-250.137,1.809,69.473,Roll
0.278,0.269,0.846,-250.137,13.122,66.534,Roll
0.319,0.291,1.063,-250.137,15.198,39.664,Roll
0.247,0.109,0.918,-250.137,26.084,7.855,Roll
0.236,-0.238,0.709,-250.137,35.916,-21.191,Roll
0.411,-0.299,0.830,-250.137,13.015,-1.626,Roll
0.394,-0.462,1.109,-250.137,-15.366,-6.763,Roll
0.321,-0.533,0.716,-250.137,18.527,-20.046,Roll
0.289,-0.536,0.659,-250.137,22.351,-27.168,Roll
0.317,-0.646,0.610,-250.137,-4.863,-40.840,Roll
0.335,-0.835,0.466,-250.137,-2.107,-50.771,Roll
0.353,-0.848,0.398,-250.137,-4.527,-44.710,Roll
0.333,-0.881,0.259,-250.137,29.076,-25.099,Roll
0.339,-1.062,0.160,-239.786,53.206,-33.649,Roll
0.420,-1.049,0.135,-196.282,49.969,-56.832,Roll
0.455,-0.862,0.194,-173.962,81.191,-51.824,Roll
0.356,-0.920,0.018,-150.939,46.908,-35.817,Roll
0.398,-0.906,-0.010,-120.519,24.099,-40.122,Roll
0.520,-0.913,-0.068,-62.603,8.748,-1.099,Roll
0.523,-1.026,-0.080,4.069,-9.534,23.053,Roll
0.488,-0.973,-0.015,55.565,-15.069,44.275,Roll
0.409,-0.954,0.024,93.206,-14.534,45.053,Roll
0.451,-0.919,0.027,136.405,-17.473,44.649,Roll
0.357,-0.966,0.116,186.229,-28.710,37.115,Roll
0.384,-1.030,0.184,235.977,-32.855,13.153,Roll
0.409,-0.983,0.272,250.130,-5.908,16.725,Roll
0.324,-0.907,0.344,250.130,21.641,23.901,Roll
0.320,-0.855,0.435,250.130,-6.916,4.863,Roll
0.333,-0.808,0.588,250.130,-4.244,-17.817,Roll
0.384,-0.729,0.593,247.626,22.420,-14.275,Roll
0.432,-0.604,0.602,250.130,13.534,19.420,Roll
0.280,-0.481,0.689,250.130,-17.878,16.099,Roll
0.281,-0.353,1.017,250.130,-6.237,-16.084,Roll
0.391,-0.370,0.892,210.565,29.160,-11.893,Roll
0.389,-0.244,0.785,250.130,71.435,-15.908,Roll
0.265,-0.150,0.792,250.130,32.031,-16.336,Roll
0.256,-0.057,0.917,250.130,2.137,-12.779,Roll
0.254,0.187,0.915,250.130,7.786,-16.679,Roll
0.302,0.244,0.827,250.130,16.137,-24.901,Roll
0.248,0.341,0.812,250.130,31.328,-33.168,Roll
0.248,0.444,0.783,250.130,47.519,-30.412,Roll
0.235,0.603,0.751,245.802,48.901,-18.420,Roll
0.190,0.725,0.686,227.443,35.496,-17.420,Roll
0.209,0.854,0.613,192.740,43.748,-14.588,Roll
0.206,0.840,0.576,187.473,44.611,-1.702,Roll
0.161,0.884,0.490,182.832,25.275,6.237,Roll
0.168,0.926,0.409,164.718,18.901,4.527,Roll
0.152,0.888,0.351,143.473,21.481,6.008,Roll
0.201,0.948,0.328,117.046,32.321,15.931,Roll
0.169,0.974,0.200,87.618,46.336,22.374,Roll
0.161,1.063,0.221,42.679,19.832,14.550,Roll
0.138,0.956,0.253,27.214,-2.198,11.153,Roll
0.144,0.942,0.210,8.550,10.519,4.206,Roll
0.198,1.054,0.168,-38.053,12.214,4.412,Roll
0.190,1.098,0.189,-104.015,-2.939,0.802,Roll
0.208,1.059,0.321,-159.084,-23.924,1.000,Roll
0.191,0.915,0.387,-186.763,-37.603,11.626,Roll
0.206,0.795,0.360,-217.557,-25.595,23.351,Roll
0.222,0.793,0.409,-250.137,-23.214,28.985,Roll
0.226,0.676,0.524,-250.137,-31.099,26.313,Roll
0.251,0.597,0.729,-250.137,-27.718,33.985,Roll
0.267,0.531,0.907,-250.137,-21.443,39.107,Roll
0.265,0.396,0.867,-250.137,-0.031,40.679,Roll
0.206,0.136,0.779,-250.137,23.015,35.947,Roll
0.268,-0.059,0.846,-250.137,20.290,27.252,Roll
0.226,-0.060,1.071,-250.137,-12.397,11.802,Roll
0.171,-0.285,0.871,-250.137,-31.794,-7.496,Roll
0.283,-0.417,0.843,-250.137,-15.908,-18.328,Roll
0.369,-0.474,0.940,-250.137,-19.817,-33.534,Roll
0.318,-0.546,0.754,-250.137,28.641,-41.305,Roll
0.239,-0.614,0.621,-250.137,20.603,-46.000,Roll
0.359,-0.761,0.589,-232.321,-13.817,-50.473,Roll
0.391,-0.784,0.495,-221.794,7.153,-48.718,Roll
0.384,-0.838,0.420,-221.237,19.977,-36.962,Roll
0.388,-0.989,0.351,-198.351,28.702,-41.038,Roll
0.420,-0.860,0.359,-188.985,36.427,-38.496,Roll
0.390,-0.939,0.235,-171.321,34.679,-36.466,Roll
0.423,-1.004,0.201,-127.695,24.756,-38.580,Roll
0.460,-0.952,0.153,-85.664,22.626,-13.855,Roll
0.485,-0.956,0.135,-37.153,9.733,9.687,Roll
0.473,-0.951,0.207,27.985,-1.702,28.733,Roll
0.440,-0.927,0.154,85.985,-4.809,38.809,Roll
0.350,-0.933,0.165,115.511,-13.817,46.962,Roll
0.359,-0.928,0.212,129.221,-4.107,54.908,Roll
0.361,-0.978,0.288,149.061,5.985,50.725,Roll
0.359,-0.942,0.364,171.893,25.206,52.954,Roll
0.324,-0.923,0.447,189.649,36.519,73.008,Roll
0.237,-0.892,0.498,198.221,40.550,78.550,Roll
0.281,-0.794,0.498,216.855,25.870,86.519,Roll
0.222,-0.759,0.598,245.885,22.702,116.427,Roll
0.129,-0.724,0.698,250.130,-14.099,111.183,Roll
0.093,-0.631,0.684,250.130,-34.954,109.153,Roll
0.111,-0.367,0.919,250.130,-12.237,79.359,Roll
0.105,-0.355,0.764,250.130,-5.061,87.992,Roll
0.006,-0.194,0.970,250.130,-26.679,66.336,Roll
0.083,-0.064,0.926,250.130,-31.679,53.809,Roll
0.099,0.007,0.835,250.130,-36.557,50.290,Roll
0.060,0.149,0.780,250.130,-21.084,36.397,Roll
0.149,0.345,0.838,250.130,17.191,17.145,Roll
0.180,0.514,0.895,250.130,32.168,4.649,Roll
0.063,0.524,0.787,223.420,28.160,-3.321,Roll
0.120,0.627,0.696,221.847,35.427,1.336,Roll
0.117,0.786,0.719,200.901,49.496,7.939,Roll
0.080,0.887,0.618,151.740,65.160,22.382,Roll
0.029,0.918,0.569,110.099,51.450,23.145,Roll
0.075,0.934,0.540,68.237,22.466,10.687,Roll
0.091,0.920,0.529,33.237,11.473,-2.740,Roll
0.104,0.920,0.524,-5.214,-0.015,-10.931,Roll
0.082,0.884,0.515,-39.763,-16.771,-9.130,Roll
0.069,0.905,0.531,-79.565,-23.695,-14.466,Roll
0.063,0.831,0.588,-106.916,-30.427,-19.939,Roll
0.060,0.807,0.661,-119.298,-41.672,-12.519,Roll
0.056,0.777,0.662,-152.176,-45.084,-5.786,Roll
0.106,0.678,0.721,-169.649,-47.405,-5.305,Roll
0.134,0.675,0.752,-184.420,-53.176,-8.260,Roll
0.165,0.715,0.824,-240.038,-62.397,-15.443,Roll
0.115,0.443,0.880,-250.137,-50.153,-13.687,Roll
0.135,0.247,0.860,-233.893,-37.664,-9.206,Roll
0.155,0.226,0.932,-211.031,-41.191,3.855,Roll
0.219,0.165,0.969,-229.916,-53.237,19.237,Roll
0.226,0.028,0.956,-236.183,-29.466,19.382,Roll
0.244,-0.039,0.928,-225.031,-9.145,8.260,Roll
0.176,-0.079,0.981,-227.305,1.893,-9.573,Roll
0.195,-0.233,0.917,-245.214,-8.282,-22.099,Roll
0.228,-0.414,0.858,-224.198,20.466,-28.389,Roll
0.221,-0.481,0.828,-207.557,38.878,-30.679,Roll
0.256,-0.484,0.790,-193.099,63.924,-20.824,Roll
0.185,-0.505,0.727,-183.527,36.389,-32.756,Roll
0.193,-0.624,0.685,-174.183,6.420,-33.580,Roll
0.171,-0.640,0.691,-160.641,18.252,-20.916,Roll
0.162,-0.811,0.615,-144.511,17.076,-27.046,Roll
0.230,-0.807,0.595,-132.344,16.427,-25.321,Roll
0.239,-0.852,0.575,-111.000,26.382,-11.962,Roll
0.216,-0.869,0.585,-73.679,19.573,-11.160,Roll
0.229,-0.921,0.557,-38.809,6.305,-8.863,Roll
0.256,-0.946,0.551,11.336,2.389,-1.214,Roll
0.240,-0.931,0.549,52.573,-0.756,3.809,Roll
0.250,-0.905,0.605,92.328,-0.687,9.725,Roll
0.218,-0.837,0.621,128.664,6.489,12.725,Roll
0.211,-0.814,0.638,159.031,-5.969,7.672,Roll
0.205,-0.770,0.705,186.366,-10.214,11.260,Roll
0.260,-0.682,0.739,211.840,-12.053,23.840,Roll
0.267,-0.629,0.749,244.534,18.153,52.924,Roll
0.184,-0.522,0.756,250.130,34.092,58.489,Roll
0.134,-0.390,0.856,250.130,31.382,60.618,Roll
0.043,-0.213,0.951,250.130,28.298,49.023,Roll
0.124,-0.138,0.897,250.130,25.641,36.031,Roll
0.158,-0.188,0.730,250.130,42.260,32.962,Roll
0.003,0.115,0.886,250.130,54.328,30.084,Roll
0.034,0.323,0.995,250.130,26.519,28.412,Roll
0.053,0.373,0.887,232.374,21.389,28.076,Roll
0.032,0.429,0.860,217.183,28.183,19.763,Roll
0.045,0.524,0.884,198.420,27.878,21.908,Roll
0.017,0.636,0.813,193.405,19.595,27.031,Roll
0.027,0.711,0.724,181.756,25.023,30.779,Roll
-0.033,0.723,0.652,153.618,27.359,40.229,Roll
0.095,0.842,0.688,124.076,15.985,49.237,Roll
0.086,0.874,0.631,99.168,9.107,51.870,Roll
0.059,0.911,0.551,74.565,2.901,42.420,Roll
0.105,0.902,0.513,26.298,-4.565,29.649,Roll
0.142,0.923,0.503,-14.198,-12.893,16.427,Roll
0.158,0.891,0.496,-46.183,-16.275,2.305,Roll
0.160,0.862,0.537,-72.023,-20.183,-4.718,Roll
0.123,0.811,0.519,-101.092,-21.664,-10.069,Roll
0.119,0.742,0.586,-123.695,-27.977,-13.634,Roll
0.145,0.741,0.700,-144.214,-36.985,-11.405,Roll
0.180,0.720,0.729,-171.611,-30.824,-10.023,Roll
0.163,0.652,0.754,-198.634,-31.786,-10.649,Roll
0.143,0.532,0.754,-225.511,-40.771,-7.847,Roll
0.135,0.393,0.810,-237.481,-44.939,0.008,Roll
0.139,0.323,0.863,-229.710,-53.366,4.542,Roll
0.159,0.240,0.937,-220.412,-67.229,12.618,Roll
0.285,0.174,0.997,-231.221,-64.191,8.397,Roll
0.284,0.055,0.946,-237.168,-40.214,0.519,Roll
0.280,-0.054,0.925,-229.908,-3.107,-2.763,Roll
0.314,-0.204,0.934,-215.298,16.260,-3.382,Roll
0.304,-0.262,0.945,-201.466,33.511,-10.992,Roll
0.297,-0.311,0.881,-194.618,31.695,-14.511,Roll
0.236,-0.401,0.814,-181.931,56.656,-15.504,Roll
0.179,-0.515,0.832,-163.634,43.748,-31.595,Roll
0.171,-0.528,0.757,-157.626,42.328,-42.916,Roll
0.205,-0.545,0.791,-153.481,44.504,-34.076,Roll
0.213,-0.644,0.762,-145.374,38.000,-26.107,Roll
0.214,-0.716,0.755,-131.924,40.542,-20.695,Roll
0.129,-0.760,0.679,-110.198,37.183,-28.771,Roll
0.174,-0.792,0.687,-66.038,27.863,-40.969,Roll
0.240,-0.815,0.692,-27.221,16.977,-35.756,Roll
0.318,-0.843,0.749,11.687,0.992,-16.069,Roll
0.260,-0.827,0.671,48.794,0.206,0.351,Roll
0.232,-0.766,0.720,92.573,5.321,5.916,Roll
0.230,-0.701,0.754,119.779,-11.267,16.588,Roll
0.213,-0.683,0.792,141.916,-23.084,11.679,Roll
0.257,-0.626,0.714,173.122,-13.443,22.298,Roll
0.226,-0.557,0.835,200.634,-9.412,25.237,Roll
0.178,-0.472,0.893,211.931,-20.321,19.290,Roll
0.222,-0.391,0.825,213.908,-13.252,11.313,Roll
0.203,-0.305,0.815,242.008,-5.137,13.015,Roll
0.202,-0.196,0.886,242.840,7.504,6.542,Roll
0.230,-0.022,0.998,215.084,17.427,2.962,Roll
0.219,-0.028,0.864,215.061,23.038,-1.420,Roll
0.169,0.036,0.887,239.305,48.679,4.046,Roll
0.169,0.249,0.963,207.191,53.405,15.221,Roll
0.150,0.375,0.961,185.122,22.618,12.420,Roll
0.135,0.342,0.890,177.115,17.183,17.061,Roll
0.111,0.360,0.831,188.855,24.901,23.405,Roll
0.171,0.503,0.811,183.420,20.885,27.344,Roll
0.152,0.595,0.728,172.168,35.519,32.557,Roll
0.072,0.674,0.722,148.954,36.351,23.313,Roll
0.088,0.729,0.700,124.115,14.221,-0.687,Roll
0.135,0.775,0.686,124.588,10.672,-1.160,Roll
0.145,0.828,0.620,93.794,6.229,2.878,Roll
0.146,0.840,0.622,71.389,-4.527,5.466,Roll
0.135,0.899,0.589,42.924,0.870,5.344,Roll
0.160,0.887,0.574,9.344,-1.641,4.511,Roll
0.169,0.865,0.543,-25.298,-8.802,4.626,Roll
0.174,0.842,0.561,-59.565,-19.534,7.458,Roll
0.186,0.832,0.630,-94.099,-24.511,9.885,Roll
0.209,0.836,0.667,-138.366,-13.008,11.496,Roll
0.168,0.759,0.707,-179.176,-9.954,14.679,Roll
0.185,0.657,0.736,-216.878,-9.885,11.137,Roll
0.164,0.481,0.729,-239.969,-5.511,5.153,Roll
0.136,0.434,0.796,-247.290,-20.885,2.221,Roll
0.191,0.360,0.844,-250.137,-30.634,6.061,Roll
0.175,0.240,0.937,-250.137,1.092,8.863,Roll
0.178,0.113,1.006,-250.137,18.779,3.679,Roll
0.168,0.025,0.985,-250.137,18.740,-12.252,Roll
0.148,-0.095,0.903,-250.137,10.420,-29.336,Roll
0.110,-0.214,0.822,-250.137,15.534,-32.641,Roll
0.191,-0.407,0.892,-228.557,36.695,-25.496,Roll
0.203,-0.472,0.927,-212.908,39.099,-18.313,Roll
0.177,-0.516,0.807,-190.069,59.916,-11.397,Roll
0.091,-0.514,0.777,-184.802,37.053,-20.038,Roll
0.081,-0.665,0.695,-185.733,7.473,-24.634,Roll
0.152,-0.733,0.680,-180.847,15.198,-18.450,Roll
0.125,-0.742,0.695,-171.771,16.702,-14.954,Roll
0.123,-0.881,0.517,-144.420,19.511,-8.046,Roll
0.116,-0.927,0.527,-116.855,13.992,-6.000,Roll
0.137,-0.990,0.511,-79.412,3.031,-10.328,Roll
0.166,-0.986,0.521,-43.061,1.771,-3.008,Roll
0.161,-0.944,0.475,-5.855,2.130,-1.450,Roll
0.135,-0.938,0.485,27.160,-8.985,-6.435,Roll
0.209,-0.893,0.452,68.840,-7.672,1.427,Roll
0.157,-0.868,0.522,108.351,-10.557,9.618,Roll
0.116,-0.884,0.589,130.863,-19.588,-0.115,Roll
0.163,-0.843,0.647,153.000,-7.282,-1.550,Roll
0.183,-0.767,0.657,181.366,1.725,-4.756,Roll
0.164,-0.682,0.707,220.794,5.847,-2.496,Roll
0.181,-0.649,0.757,244.519,6.863,0.176,Roll
0.157,-0.524,0.791,250.130,-5.351,14.389,Roll
0.114,-0.460,0.888,250.130,-5.382,14.137,Roll
0.130,-0.327,0.871,250.130,4.084,12.863,Roll
0.124,-0.222,0.844,250.130,7.840,14.771,Roll
0.085,-0.117,0.859,250.130,12.053,21.053,Roll
0.094,0.089,0.981,250.130,10.489,3.832,Roll
0.168,0.237,0.922,250.130,11.809,13.649,Roll
0.160,0.310,0.816,250.130,16.603,18.840,Roll
0.070,0.394,0.817,250.130,19.084,14.656,Roll
0.115,0.551,0.774,241.130,10.344,11.687,Roll
0.186,0.644,0.759,233.305,13.061,18.405,Roll
0.160,0.781,0.711,211.290,27.389,25.443,Roll
0.134,0.883,0.601,166.511,43.435,36.824,Roll
0.108,0.876,0.575,149.008,29.595,30.260,Roll
0.138,0.970,0.511,116.557,23.321,20.901,Roll
0.161,1.012,0.447,65.908,19.656,17.344,Roll
0.149,0.946,0.406,19.969,4.985,19.252,Roll
0.162,0.928,0.459,-14.229,-6.122,13.389,Roll
0.181,0.919,0.458,-44.748,-6.420,10.107,Roll
0.208,0.953,0.468,-88.450,-3.290,12.244,Roll
0.175,0.937,0.481,-141.435,-16.443,9.374,Roll
0.163,0.854,0.564,-177.176,-40.908,5.031,Roll
0.208,0.770,0.637,-205.809,-50.527,7.740,Roll
0.194,0.639,0.645,-231.450,-45.580,2.969,Roll
0.253,0.526,0.700,-248.802,-29.870,4.603,Roll
0.244,0.566,0.778,-250.137,-20.221,9.992,Roll
0.192,0.508,0.882,-250.137,-26.832,17.641,Roll
0.120,0.178,0.901,-250.137,-31.802,4.405,Roll
0.163,-0.031,0.883,-250.137,-6.710,-8.557,Roll
0.276,-0.149,1.016,-250.137,30.939,-7.489,Roll
0.259,-0.172,1.008,-250.137,29.443,-3.939,Roll
0.181,-0.244,0.894,-250.137,44.817,-9.855,Roll
0.208,-0.376,0.908,-229.901,59.122,-26.031,Roll
0.271,-0.517,0.894,-210.687,70.153,-34.328,Roll
0.203,-0.505,0.778,-170.611,56.603,-42.313,Roll
0.175,-0.580,0.743,-153.489,17.695,-47.023,Roll
0.215,-0.631,0.713,-132.084,4.305,-49.252,Roll
0.211,-0.654,0.672,-122.336,4.847,-44.840,Roll
0.186,-0.755,0.601,-125.298,24.901,-29.725,Roll
0.245,-0.767,0.677,-106.916,20.817,-35.389,Roll
0.255,-0.835,0.578,-67.313,12.641,-32.954,Roll
0.276,-0.889,0.602,-21.809,6.313,-17.824,Roll
0.283,-0.859,0.609,18.405,0.733,7.275,Roll
0.253,-0.812,0.586,58.725,-8.557,22.221,Roll
0.251,-0.782,0.612,93.229,-15.550,30.504,Roll
0.225,-0.786,0.656,124.740,-22.511,34.206,Roll
0.224,-0.814,0.724,145.183,-25.832,37.885,Roll
0.258,-0.721,0.722,175.321,-18.053,54.290,Roll
0.303,-0.584,0.675,225.611,-8.489,86.618,Roll
0.157,-0.490,0.772,250.130,-16.115,88.550,Roll
0.142,-0.377,0.849,250.130,-23.985,74.015,Roll
0.179,-0.300,0.835,250.130,-19.733,56.076,Roll
0.123,-0.203,0.814,250.130,-8.237,51.069,Roll
0.115,-0.034,0.878,250.130,-5.015,37.855,Roll
0.128,0.060,0.945,250.130,-4.595,34.153,Roll
0.176,0.257,0.949,250.130,20.305,22.725,Roll
0.152,0.408,0.872,250.130,33.443,19.916,Roll
0.123,0.502,0.784,250.130,33.481,11.580,Roll
0.118,0.662,0.749,250.130,29.046,7.901,Roll
0.170,0.731,0.738,210.992,19.084,14.740,Roll
0.143,0.835,0.659,172.809,13.496,19.450,Roll
0.165,0.902,0.600,121.031,11.145,9.611,Roll
0.198,0.937,0.582,65.565,5.366,8.519,Roll
0.145,0.931,0.552,19.641,9.511,4.145,Roll
0.156,0.911,0.554,-18.710,-9.153,4.229,Roll
0.155,0.895,0.552,-57.588,-21.122,2.611,Roll
0.170,0.887,0.576,-93.504,-25.435,4.550,Roll
0.183,0.846,0.606,-133.687,-26.015,0.122,Roll
0.165,0.750,0.650,-160.992,-13.824,-1.107,Roll
0.153,0.659,0.707,-174.611,-8.618,-1.847,Roll
0.157,0.629,0.754,-193.076,-10.351,-6.634,Roll
0.195,0.614,0.753,-233.534,-10.809,-13.542,Roll
0.192,0.466,0.826,-250.137,-15.489,-16.214,Roll
0.189,0.314,0.904,-250.137,-22.023,-5.840,Roll
0.172,0.194,0.899,-250.137,-6.397,-6.771,Roll
0.128,0.052,0.885,-250.137,-3.366,-15.580,Roll
0.194,-0.097,0.960,-250.137,-6.420,-26.992,Roll
0.136,-0.224,0.920,-250.137,4.046,-34.382,Roll
0.186,-0.359,0.906,-250.137,-0.618,-46.695,Roll
0.271,-0.471,0.973,-228.992,24.893,-41.305,Roll
0.241,-0.481,0.846,-210.534,38.939,-63.534,Roll
0.232,-0.539,0.712,-188.901,26.458,-67.824,Roll
0.259,-0.624,0.679,-182.885,23.916,-67.443,Roll
0.258,-0.688,0.676,-176.405,24.740,-59.260,Roll
0.208,-0.740,0.627,-175.840,8.710,-52.878,Roll
0.276,-0.847,0.539,-165.878,4.191,-41.695,Roll
0.281,-0.848,0.491,-149.748,6.206,-32.450,Roll
0.309,-0.831,0.470,-129.466,-2.275,-10.626,Roll
0.308,-0.880,0.498,-97.336,-6.405,6.550,Roll
0.294,-0.964,0.410,-43.695,-10.313,8.985,Roll
0.306,-0.988,0.435,8.885,-11.534,15.809,Roll
0.311,-0.948,0.441,58.389,-6.069,15.023,Roll
0.283,-0.908,0.464,108.244,-7.626,19.718,Roll
0.269,-0.900,0.554,151.939,-14.282,14.466,Roll
0.271,-0.870,0.578,186.496,-18.176,11.450,Roll
0.290,-0.756,0.563,227.351,-13.710,18.672,Roll
0.289,-0.731,0.670,250.130,-17.924,23.611,Roll
0.266,-0.587,0.676,250.130,-5.130,28.504,Roll
0.196,-0.444,0.682,250.130,8.244,14.885,Roll
0.190,-0.338,0.735,250.130,21.160,2.595,Roll
0.192,-0.201,0.857,250.130,14.817,-25.794,Roll
0.161,-0.146,0.904,250.130,31.092,-24.527,Roll
0.174,0.010,0.923,250.130,55.481,-25.191,Roll
0.185,0.225,0.918,250.130,74.962,-22.939,Roll
0.171,0.355,0.906,250.130,61.908,-12.275,Roll
0.259,0.425,0.871,250.130,38.618,0.015,Roll
0.187,0.528,0.793,250.130,39.496,12.649,Roll
0.145,0.636,0.750,233.733,68.786,26.183,Roll
0.069,0.852,0.648,198.916,63.748,34.527,Roll
0.037,0.866,0.619,156.122,28.893,41.412,Roll
0.091,0.925,0.572,132.802,13.183,34.107,Roll
0.101,0.971,0.503,91.351,10.076,29.969,Roll
0.126,0.992,0.475,40.481,19.977,26.916,Roll
0.165,1.001,0.459,-16.427,19.389,25.458,Roll
0.149,0.942,0.430,-80.649,5.397,20.351,Roll
0.134,0.945,0.496,-133.679,-17.015,16.221,Roll
0.135,0.869,0.555,-177.649,-30.000,15.901,Roll
0.150,0.753,0.646,-209.748,-31.595,20.313,Roll
0.155,0.646,0.690,-225.206,-40.069,24.160,Roll
0.162,0.510,0.711,-231.321,-43.145,28.695,Roll
0.241,0.369,0.701,-211.511,-35.603,27.878,Roll
0.279,0.469,0.894,-221.573,-33.115,33.298,Roll
0.273,0.433,0.939,-250.137,-52.473,51.893,Roll
0.225,0.173,0.924,-250.137,-64.618,47.061,Roll
0.284,-0.027,0.894,-250.137,-48.802,36.756,Roll
0.365,-0.170,0.900,-234.267,-17.099,34.794,Roll
0.342,-0.152,0.919,-232.344,-18.168,25.756,Roll
0.297,-0.250,0.855,-236.107,-11.809,12.985,Roll
0.466,-0.375,0.848,-233.519,18.626,-9.336,Roll
0.314,-0.438,0.715,-237.595,53.511,-12.939,Roll
0.291,-0.533,0.637,-231.489,44.267,-28.214,Roll
0.315,-0.635,0.703,-214.412,38.588,-21.695,Roll
0.300,-0.724,0.700,-191.809,43.420,-22.252,Roll
0.313,-0.721,0.622,-165.397,31.809,-28.885,Roll
0.331,-0.795,0.571,-138.985,33.656,-40.053,Roll
0.330,-0.800,0.568,-116.473,39.176,-30.718,Roll
0.345,-0.852,0.529,-83.000,28.924,-24.504,Roll
0.377,-0.844,0.518,-42.817,16.695,-11.947,Roll
0.345,-0.942,0.486,-2.435,-2.924,1.084,Roll
0.352,-0.909,0.504,44.809,-0.847,10.489,Roll
0.381,-0.846,0.518,89.527,-14.267,19.046,Roll
0.365,-0.807,0.503,145.771,-8.763,30.260,Roll
0.322,-0.812,0.629,195.000,-13.092,29.908,Roll
0.355,-0.813,0.723,233.725,-25.435,29.183,Roll
0.375,-0.700,0.650,250.130,-26.061,43.534,Roll
0.331,-0.572,0.659,250.130,5.695,69.038,Roll
0.173,-0.424,0.725,250.130,-10.336,62.824,Roll
0.133,-0.254,0.835,250.130,-35.290,30.557,Roll
0.233,0.030,0.832,250.130,-4.603,9.626,Roll
0.266,0.141,0.841,250.130,32.847,-11.603,Roll
0.226,0.209,0.821,250.130,28.198,-16.412,Roll
0.263,0.317,0.881,250.130,20.183,-15.481,Roll
0.250,0.557,0.851,250.130,11.916,-5.183,Roll
0.228,0.635,0.748,250.130,15.756,4.290,Roll
0.258,0.712,0.703,250.130,24.847,7.191,Roll
0.223,0.812,0.615,228.824,17.496,17.725,Roll
0.309,0.831,0.540,185.153,5.061,31.504,Roll
0.317,0.938,0.467,129.336,11.160,39.397,Roll
0.319,1.034,0.366,50.786,5.252,31.397,Roll
0.375,1.029,0.411,-21.221,-9.466,18.328,Roll
0.308,0.960,0.414,-89.412,-12.557,15.153,Roll
0.293,0.865,0.476,-126.099,-14.260,9.435,Roll
0.339,0.887,0.535,-160.405,-17.916,7.901,Roll
0.330,0.800,0.589,-196.527,-11.802,5.023,Roll
0.276,0.673,0.582,-218.863,-9.366,-2.443,Roll
0.244,0.580,0.684,-229.603,-19.679,-4.435,Roll
0.319,0.491,0.779,-222.206,-25.198,-0.092,Roll
0.406,0.458,0.800,-238.634,-7.817,2.847,Roll
0.383,0.372,0.831,-250.137,-1.214,12.191,Roll
0.330,0.199,0.833,-250.137,10.450,17.176,Roll
0.239,0.110,0.867,-250.137,29.832,14.076,Roll
0.231,0.000,0.911,-250.137,35.397,10.763,Roll
0.288,-0.116,0.934,-250.137,32.000,-2.115,Roll
0.241,-0.251,0.869,-250.137,24.336,-18.427,Roll
0.234,-0.367,0.861,-250.137,59.802,-31.489,Roll
0.234,-0.463,0.786,-250.137,52.794,-38.985,Roll
0.211,-0.501,0.695,-250.137,37.603,-37.710,Roll
0.230,-0.624,0.678,-249.489,44.634,-40.053,Roll
0.256,-0.710,0.709,-235.672,53.878,-23.412,Roll
0.233,-0.833,0.578,-201.489,45.458,-23.817,Roll
0.257,-0.926,0.556,-134.779,26.908,-35.313,Roll
0.290,-0.959,0.572,-52.458,-2.710,-16.740,Roll
0.276,-1.019,0.608,1.939,-3.985,-5.565,Roll
0.253,-0.964,0.593,71.580,-0.710,-7.924,Roll
0.318,-0.847,0.541,161.260,10.267,0.588,Roll
0.233,-0.781,0.658,250.130,-4.580,5.901,Roll
0.259,-0.820,0.715,250.130,-40.977,7.137,Roll
0.343,-0.732,0.670,250.130,-67.710,26.206,Roll
0.263,-0.585,0.565,250.130,-60.412,40.832,Roll
0.085,-0.148,0.737,250.130,-48.702,15.221,Roll
0.193,0.238,0.731,250.130,-26.511,-15.115,Roll
0.294,0.379,0.795,250.130,-9.992,-41.977,Roll
0.451,0.449,0.785,250.130,8.336,-59.458,Roll
0.274,0.556,0.715,242.939,29.206,-54.893,Roll
0.354,0.699,0.701,198.870,36.267,-24.870,Roll
0.361,0.801,0.697,172.786,49.412,-6.542,Roll
0.305,0.829,0.587,138.878,57.038,0.977,Roll
0.174,0.810,0.524,115.389,57.160,5.458,Roll
0.177,0.875,0.573,72.046,58.954,7.748,Roll
0.230,0.942,0.515,1.275,31.458,27.496,Roll
0.238,0.928,0.485,-54.420,-6.359,27.221,Roll
0.244,0.904,0.548,-109.198,-3.687,12.344,Roll
0.250,0.865,0.631,-168.344,-1.939,9.122,Roll
0.184,0.780,0.716,-217.145,-42.076,29.221,Roll
0.227,0.674,0.733,-250.137,-76.298,33.237,Roll
0.271,0.505,0.716,-250.137,-88.046,26.908,Roll
0.406,0.320,0.770,-250.137,-85.328,35.405,Roll
0.445,0.208,0.881,-250.137,-61.824,46.244,Roll
0.396,0.194,0.974,-250.137,-35.466,65.267,Roll
0.380,0.067,0.823,-250.137,-1.893,49.893,Roll
0.338,-0.120,0.763,-250.137,12.145,29.191,Roll
0.448,-0.185,0.859,-250.137,57.779,20.351,Roll
0.340,-0.364,0.723,-250.137,51.366,-9.832,Roll
0.226,-0.566,0.653,-250.137,50.870,-28.802,Roll
0.261,-0.809,0.498,-250.137,93.786,-77.344,Roll
0.563,-0.872,0.658,-147.611,73.611,-79.725,Roll
0.505,-0.821,0.721,-57.061,42.634,-37.710,Roll
0.482,-0.897,0.690,28.000,37.824,-5.832,Roll
0.386,-0.793,0.673,114.031,27.122,7.550,Roll
0.343,-0.814,0.750,180.092,28.580,11.260,Roll
0.385,-0.707,0.676,250.130,22.153,24.244,Roll
0.367,-0.642,0.663,250.130,27.969,58.939,Roll
0.239,-0.491,0.720,250.130,17.687,59.748,Roll
0.148,-0.275,0.802,250.130,-14.061,30.374,Roll
0.184,0.029,0.863,250.130,-10.038,1.580,Roll
0.328,0.165,0.880,250.130,26.473,-20.740,Roll
0.250,0.405,0.767,250.130,32.046,-32.817,Roll
0.190,0.493,0.782,250.130,9.534,-36.771,Roll
0.226,0.575,0.739,250.130,5.137,-48.985,Roll
0.280,0.680,0.644,250.130,7.267,-38.237,Roll
0.244,0.826,0.558,242.382,35.473,-26.954,Roll
0.229,0.944,0.494,174.634,43.466,-13.786,Roll
0.165,1.042,0.452,83.069,35.420,5.908,Roll
0.175,1.087,0.404,-15.588,15.908,14.176,Roll
0.223,1.018,0.386,-115.107,-7.313,16.496,Roll
0.226,0.944,0.468,-212.511,-23.969,28.603,Roll
0.213,0.837,0.578,-250.137,-45.313,42.183,Roll
0.187,0.643,0.659,-250.137,-65.221,51.252,Roll
0.236,0.476,0.695,-250.137,-77.504,44.756,Roll
0.267,0.330,0.789,-250.137,-76.427,39.107,Roll
0.356,0.206,0.923,-250.137,-55.573,39.443,Roll
0.313,0.093,0.932,-250.137,-16.435,32.076,Roll
0.306,0.010,0.900,-250.137,5.679,16.176,Roll
0.331,-0.232,0.766,-250.137,14.198,-22.435,Roll
0.304,-0.449,0.779,-250.137,65.237,-65.176,Roll
0.377,-0.525,0.747,-250.137,34.763,-67.046,Roll
0.441,-0.628,0.681,-250.137,11.733,-59.084,Roll
0.433,-0.738,0.605,-233.679,17.511,-48.489,Roll
0.429,-0.825,0.526,-179.656,7.038,-31.580,Roll
0.444,-0.920,0.478,-110.626,-1.122,-15.763,Roll
0.466,-0.898,0.558,-55.473,-6.588,0.435,Roll
0.481,-0.876,0.488,25.130,-6.023,21.366,Roll
0.429,-0.866,0.550,92.137,2.977,24.076,Roll
0.388,-0.823,0.660,148.130,6.824,20.618,Roll
0.386,-0.828,0.737,175.588,17.687,8.672,Roll
0.457,-0.738,0.567,233.305,32.282,21.626,Roll
0.390,-0.593,0.512,250.130,34.137,47.748,Roll
0.267,-0.536,0.759,250.130,-11.084,39.580,Roll
0.228,-0.341,0.897,250.130,-37.527,19.748,Roll
0.269,-0.207,0.848,250.130,-21.397,-2.496,Roll
0.269,-0.020,0.697,250.130,-3.260,-23.550,Roll
0.166,0.153,0.725,250.130,-4.275,-52.947,Roll
0.279,0.371,0.758,250.130,-30.046,-66.672,Roll
0.339,0.486,0.722,250.130,-3.481,-91.710,Roll
0.265,0.604,0.681,250.130,32.794,-100.275,Roll
0.315,0.743,0.603,250.130,38.237,-86.221,Roll
0.309,0.924,0.539,250.130,37.076,-58.122,Roll
0.254,1.031,0.493,193.466,42.855,-37.901,Roll
0.229,1.097,0.414,105.290,59.427,-7.427,Roll
0.223,1.151,0.367,9.176,53.420,17.824,Roll
0.185,1.108,0.300,-90.885,17.634,40.046,Roll
0.228,1.033,0.378,-190.519,-11.504,55.298,Roll
0.200,0.898,0.489,-250.137,-30.885,68.672,Roll
0.161,0.757,0.635,-250.137,-85.229,77.870,Roll
0.328,0.576,0.687,-250.137,-94.473,76.191,Roll
0.323,0.367,0.730,-250.137,-41.550,75.557,Roll
0.353,0.275,0.798,-250.137,-19.313,70.092,Roll
0.347,0.232,0.890,-250.137,-27.336,50.817,Roll
0.294,0.062,0.902,-250.137,-25.008,39.519,Roll
0.301,-0.239,0.777,-250.137,1.519,13.885,Roll
0.418,-0.365,0.691,-250.137,71.290,-1.618,Roll
0.401,-0.465,0.750,-250.137,42.260,-18.893,Roll
0.371,-0.583,0.639,-244.153,22.397,-19.947,Roll
0.365,-0.620,0.558,-198.763,25.023,-13.198,Roll
0.393,-0.800,0.604,-178.191,17.779,8.084,Roll
0.345,-0.994,0.552,-135.153,9.374,8.740,Roll
0.384,-0.988,0.583,-86.473,1.000,11.725,Roll
0.365,-0.987,0.612,-30.397,-5.618,18.328,Roll
0.446,-0.951,0.601,46.366,9.779,22.878,Roll
0.404,-0.876,0.695,106.122,11.092,14.885,Roll
0.404,-0.818,0.610,161.260,16.924,15.771,Roll
0.413,-0.678,0.542,230.824,28.382,49.015,Roll
0.311,-0.655,0.636,250.130,20.580,64.313,Roll
0.241,-0.585,0.682,250.130,-1.145,60.015,Roll
0.171,-0.408,0.701,250.130,-3.260,78.702,Roll
0.094,-0.256,0.826,250.130,-44.282,42.603,Roll
0.148,0.007,0.695,250.130,-59.656,16.939,Roll
0.193,0.196,0.695,250.130,-42.702,-12.550,Roll
0.194,0.362,0.708,250.130,-28.885,-36.252,Roll
0.374,0.488,0.703,250.130,-19.015,-51.855,Roll
0.341,0.653,0.569,250.130,13.183,-61.595,Roll
0.323,0.924,0.464,250.130,37.519,-45.427,Roll
0.336,1.119,0.432,227.710,33.313,-25.466,Roll
0.299,1.208,0.350,106.252,33.160,-23.901,Roll
0.316,1.167,0.365,9.061,19.244,-10.008,Roll
0.302,1.076,0.354,-77.656,8.824,13.641,Roll
0.273,1.020,0.427,-164.641,-6.824,35.878,Roll
0.244,0.955,0.492,-240.962,-7.496,54.771,Roll
0.217,0.833,0.569,-250.137,-19.359,59.977,Roll
0.229,0.669,0.655,-250.137,-40.275,54.344,Roll
0.246,0.505,0.708,-250.137,-47.634,41.641,Roll
0.299,0.310,0.784,-250.137,-34.595,33.458,Roll
0.303,0.204,0.818,-250.137,-4.122,43.244,Roll
0.400,0.137,0.832,-250.137,6.260,32.015,Roll
0.364,0.025,0.828,-250.137,5.069,20.122,Roll
0.288,-0.102,0.774,-250.137,9.160,8.939,Roll
0.308,-0.323,0.674,-250.137,17.481,-6.962,Roll
0.296,-0.613,0.608,-250.137,70.893,-15.000,Roll
0.307,-0.695,0.582,-250.137,54.359,-7.038,Roll
0.370,-0.700,0.647,-214.061,17.061,16.435,Roll
0.358,-0.805,0.662,-163.282,1.672,18.763,Roll
0.307,-0.913,0.701,-97.489,-13.817,1.786,Roll
0.350,-1.022,0.696,-43.267,-7.618,-0.267,Roll
0.352,-1.026,0.708,28.412,-0.290,-17.977,Roll
0.418,-0.939,0.644,98.061,4.160,-32.924,Roll
0.460,-0.726,0.415,220.847,7.000,4.550,Roll
0.349,-0.627,0.620,250.130,-6.748,39.634,Roll
0.293,-0.636,0.724,250.130,-18.466,32.977,Roll
0.228,-0.576,0.677,250.130,-32.435,31.740,Roll
0.108,-0.351,0.724,250.130,-61.962,7.885,Roll
0.202,0.152,0.855,250.130,-61.237,-20.252,Roll
0.260,0.250,0.728,250.130,-27.458,-44.046,Roll
0.292,0.243,0.671,250.130,-50.290,-76.656,Roll
0.410,0.476,0.703,250.130,-41.687,-82.137,Roll
0.305,0.610,0.578,250.130,-10.053,-89.336,Roll
0.372,0.749,0.583,250.130,3.160,-73.496,Roll
0.432,1.016,0.530,237.695,25.977,-47.511,Roll
0.430,1.065,0.412,145.046,51.893,-34.115,Roll
0.378,1.120,0.351,39.924,50.282,-10.229,Roll
0.344,1.117,0.314,-71.687,26.229,9.588,Roll
0.354,1.014,0.359,-175.183,10.977,33.908,Roll
0.290,0.941,0.509,-250.137,-7.214,47.924,Roll
0.254,0.836,0.689,-250.137,-31.473,51.382,Roll
0.306,0.628,0.755,-250.137,-36.832,49.832,Roll
0.279,0.408,0.726,-250.137,6.985,38.718,Roll
0.325,0.213,0.794,-250.137,40.908,39.061,Roll
0.312,0.183,0.887,-250.137,34.305,38.924,Roll
0.244,0.036,0.894,-250.137,28.023,17.794,Roll
0.243,-0.148,0.759,-250.137,39.603,-10.985,Roll
0.302,-0.211,0.711,-250.137,80.244,-10.611,Roll
0.211,-0.475,0.707,-250.137,59.298,-0.924,Roll
0.240,-0.812,0.679,-250.137,30.733,-12.359,Roll
0.322,-0.825,0.688,-170.969,-1.534,-9.626,Roll
0.359,-0.807,0.727,-92.397,-16.794,3.878,Roll
0.333,-0.892,0.768,-21.626,-18.748,1.183,Roll
0.281,-0.851,0.746,70.084,-26.328,-8.924,Roll
0.291,-0.785,0.743,142.046,-23.962,-23.748,Roll
0.280,-0.700,0.728,223.115,-33.519,-42.008,Roll
0.342,-0.681,0.693,250.130,-31.435,-49.977,Roll
0.321,-0.483,0.800,250.130,-17.649,-39.122,Roll
0.294,-0.379,0.822,250.130,-58.954,-57.595,Roll
0.293,-0.179,0.689,250.130,-73.916,-75.565,Roll
0.242,0.177,0.599,250.130,-52.794,-86.137,Roll
0.253,0.253,0.667,250.130,-47.878,-109.710,Roll
0.403,0.508,0.765,250.130,-38.947,-156.450,Roll
0.403,0.832,0.516,250.130,13.252,-150.534,Roll
0.410,0.898,0.496,220.763,40.359,-112.031,Roll
0.298,1.025,0.471,157.481,30.489,-77.305,Roll
0.326,1.187,0.456,51.053,36.229,-39.588,Roll
0.362,1.110,0.397,-34.756,32.023,-1.160,Roll
0.299,0.969,0.359,-120.458,15.687,39.740,Roll
0.273,0.831,0.513,-186.809,-0.687,76.962,Roll
0.313,0.738,0.675,-237.275,3.947,113.359,Roll
0.341,0.693,0.765,-250.137,17.351,129.427,Roll
0.249,0.518,0.698,-250.137,31.878,118.282,Roll
0.289,0.363,0.790,-250.137,19.718,97.206,Roll
0.320,0.255,0.901,-250.137,7.427,78.603,Roll
0.316,0.202,0.925,-250.137,26.290,47.863,Roll
0.224,0.098,0.875,-250.137,46.855,10.420,Roll
0.360,-0.116,0.786,-250.137,60.130,0.969,Roll
0.227,-0.402,0.880,-250.137,49.817,-13.748,Roll
0.265,-0.458,0.755,-226.947,-6.382,-27.977,Roll
0.332,-0.588,0.748,-170.008,-9.031,-14.168,Roll
0.318,-0.635,0.815,-118.046,6.511,-9.298,Roll
0.349,-0.739,0.709,-50.489,-14.351,-1.870,Roll
0.348,-0.680,0.791,22.267,-20.718,2.260,Roll
0.310,-0.632,0.864,73.305,-28.832,-11.084,Roll
0.321,-0.664,0.844,126.084,-33.542,-20.550,Roll
0.441,-0.588,0.703,215.718,-24.969,-12.389,Roll
0.371,-0.412,0.801,250.130,-39.504,-14.924,Roll
0.358,-0.369,0.804,250.130,-55.992,-20.427,Roll
0.347,-0.237,0.723,250.130,-66.748,-41.924,Roll
0.363,0.024,0.742,250.130,-81.092,-64.878,Roll
0.355,0.266,0.731,250.130,-77.916,-89.710,Roll
0.423,0.378,0.668,250.130,-48.847,-105.527,Roll
0.432,0.611,0.676,250.130,-15.969,-115.687,Roll
0.507,0.763,0.656,209.985,-4.191,-86.336,Roll
0.536,0.907,0.582,131.786,11.832,-53.832,Roll
0.483,1.002,0.505,44.359,27.908,-20.710,Roll
0.490,0.951,0.504,-73.183,40.649,2.328,Roll
0.482,0.839,0.622,-189.374,54.672,45.015,Roll
0.381,0.656,0.708,-250.137,55.374,72.313,Roll
0.338,0.743,0.768,-250.137,79.969,64.198,Roll
0.265,0.640,0.768,-250.137,107.985,35.176,Roll
0.297,0.382,0.948,-250.137,76.824,4.412,Roll
0.389,0.292,0.814,-250.137,51.061,21.779,Roll
0.296,-0.153,0.590,-250.137,81.122,38.221,Roll
0.201,-0.599,0.616,-229.748,73.298,35.985,Roll
0.177,-0.818,0.633,-90.237,65.008,25.336,Roll
0.174,-0.867,0.635,48.748,-27.908,25.221,Roll
0.100,-0.659,0.540,199.298,-16.053,3.214,Roll
0.201,-0.499,0.505,250.130,-55.878,-6.893,Roll
0.289,0.001,0.645,250.130,-105.015,-21.366,Roll
0.409,0.583,0.874,250.130,-88.855,-29.710,Roll
0.527,0.916,0.988,250.130,-62.603,-4.382,Roll
0.523,0.812,1.138,250.130,-41.069,47.718,Roll
0.443,0.677,1.173,159.473,-22.183,62.748,Roll
0.183,0.577,1.061,-30.137,14.840,45.855,Roll
0.234,0.468,1.017,-189.664,50.183,-21.168,Roll
0.367,0.508,0.987,-250.137,56.863,-31.901,Roll
0.304,0.498,0.963,-250.137,59.168,-29.931,Roll
0.303,0.326,0.879,-250.137,40.733,-28.107,Roll
0.315,0.087,0.953,-250.137,35.649,-9.458,Roll
0.258,0.010,0.976,-250.137,30.015,-0.168,Roll
0.229,-0.148,0.872,-210.534,19.565,-5.237,Roll
0.326,-0.225,0.875,-135.496,31.023,-1.550,Roll
0.108,-0.250,0.791,-63.405,-17.878,-23.282,Roll
0.324,-0.327,0.729,12.443,-55.870,-4.221,Roll
0.319,-0.226,0.833,81.344,-9.466,-11.824,Roll
0.328,-0.161,0.805,97.397,-10.664,-7.947,Roll
0.259,-0.219,0.618,169.863,-9.786,-21.595,Roll
0.335,-0.184,0.626,250.130,-18.267,-17.115,Roll
0.368,0.049,0.818,250.130,-27.092,-5.015,Roll
0.376,0.505,0.900,250.130,-8.221,-0.794,Roll
0.328,0.603,0.857,248.992,-9.542,-18.794,Roll
0.430,0.721,1.142,79.756,25.893,41.313,Roll
0.403,0.477,0.866,-21.198,10.603,57.679,Roll
0.161,0.321,0.837,-69.153,35.679,48.679,Roll
0.148,0.190,0.639,-11.053,30.588,10.344,Roll
0.311,0.247,0.871,89.725,4.420,7.107,Roll
0.445,0.473,1.242,73.214,14.641,42.229,Roll
0.297,0.538,1.326,-80.977,45.099,63.244,Roll
0.107,0.485,1.319,-213.023,74.885,20.244,Roll
0.072,0.345,1.122,-250.137,45.748,-58.863,Roll
0.212,0.108,0.851,-250.137,8.084,-85.901,Roll
0.374,0.171,0.771,-243.840,28.389,-79.740,Roll
0.939,0.173,0.602,-181.870,71.305,1.847,Roll
-0.094,-0.058,1.297,-202.725,45.008,29.641,Roll
0.099,-0.124,1.145,-250.137,-83.053,-10.977,Roll
0.188,-0.138,0.974,-250.137,-156.290,0.855,Roll
0.243,-0.365,0.605,-250.137,-182.153,9.130,Roll
0.296,-0.821,0.358,-226.611,-177.282,10.496,Roll
0.377,-0.800,0.288,-67.298,-145.908,-23.496,Roll
0.381,-0.856,0.079,60.595,-100.168,-48.557,Roll
0.498,-1.227,-0.118,250.130,33.832,-104.473,Roll
0.343,-1.209,0.065,250.130,188.626,-250.137,Roll
0.091,-0.114,0.108,250.130,250.130,-250.137,Roll
0.133,0.425,0.656,250.130,250.130,-250.137,Roll
0.127,1.166,1.071,215.802,250.130,-53.611,Roll
-0.050,0.836,1.457,-172.214,73.595,-16.611,Roll
0.112,0.568,1.469,-250.137,-53.412,12.008,Roll
0.277,0.353,1.397,-250.137,-67.412,73.107,Roll
0.073,0.158,1.254,-250.137,-133.260,37.198,Roll
0.092,-0.023,0.843,-250.137,-221.695,64.870,Roll
0.307,-0.498,0.470,-250.137,-222.359,56.649,Roll
0.523,-0.737,0.391,-250.137,-135.130,80.740,Roll
0.337,-0.254,0.287,-250.137,-117.496,123.198,Roll
0.148,-0.779,0.010,-250.137,-110.962,194.313,Roll
0.378,-1.577,-0.112,-61.031,-115.046,106.389,Roll
0.395,-1.458,-0.298,250.130,4.076,-28.947,Roll
0.258,-1.176,-0.141,250.130,101.908,-127.450,Roll
0.078,-0.920,0.157,250.130,75.656,-174.954,Roll
-0.012,-0.186,0.381,250.130,71.122,-175.038,Roll
0.402,0.222,1.372,250.130,17.924,-116.557,Roll
0.255,0.913,0.725,45.031,-151.099,-112.687,Roll
0.534,1.062,0.858,-250.137,-46.824,20.885,Roll
0.431,0.481,1.251,-250.137,-38.695,65.443,Roll
0.281,0.209,1.029,-250.137,-113.191,28.344,Roll
0.485,-0.161,0.702,-250.137,-207.389,133.420,Roll
0.365,-0.649,0.027,-250.137,-132.389,183.267,Roll
0.361,-0.815,0.044,-250.137,-115.160,172.840,Roll
0.307,-1.111,-0.256,-83.450,-129.015,133.641,Roll
0.448,-1.313,-0.677,236.267,1.893,109.252,Roll
0.248,-1.428,-0.635,250.130,138.840,21.588,Roll
-0.309,-1.092,-0.215,250.130,141.695,-113.206,Roll
-0.136,-0.310,0.496,250.130,87.489,-185.389,Roll
0.052,0.170,1.102,250.130,19.015,-193.748,Roll
0.318,0.740,1.102,250.130,-65.160,-179.687,Roll
0.300,1.088,0.729,-25.092,-54.214,-46.939,Roll
0.380,0.769,1.072,-250.137,31.969,8.061,Roll
0.271,0.695,1.422,-250.137,-19.328,38.160,Roll
0.334,0.219,1.344,-250.137,-84.550,70.298,Roll
0.226,-0.025,0.806,-250.137,-105.901,74.191,Roll
0.135,-0.184,0.345,-250.137,-138.008,96.855,Roll
0.301,-0.844,0.049,-250.137,-139.260,104.328,Roll
0.372,-0.944,-0.095,-250.137,-132.664,64.748,Roll
0.356,-0.719,-0.421,-163.000,-84.885,103.573,Roll
0.065,-1.165,-0.583,-14.298,-66.863,62.893,Roll
0.289,-1.641,-0.753,250.130,28.061,13.863,Roll
0.098,-1.563,-0.609,250.130,56.557,-126.473,Roll
0.133,-0.754,-0.085,250.130,116.405,-206.267,Roll
0.012,-0.442,1.082,250.130,33.542,-189.382,Roll
-0.055,-0.155,0.411,250.130,-91.954,-201.023,Roll
0.263,0.585,0.168,250.130,-26.595,-144.565,Roll
0.371,0.848,0.689,250.130,19.725,-121.015,Roll
0.405,1.150,0.632,-100.641,19.832,-85.985,Roll
0.363,0.813,1.100,-175.962,58.595,-2.557,Roll
0.295,0.668,1.281,-220.794,3.916,-9.458,Roll
0.344,0.983,1.219,-250.137,-41.366,16.237,Roll
0.300,0.973,0.821,-250.137,-78.092,103.870,Roll
0.222,-0.023,0.499,-250.137,-97.733,205.794,Roll
0.262,-0.477,0.509,-250.137,-68.038,136.855,Roll
0.239,-0.412,0.332,-250.137,-102.504,158.878,Roll
0.111,-0.583,-0.127,-250.137,-122.336,192.076,Roll
0.288,-0.995,-0.363,-250.137,-103.779,133.878,Roll
0.179,-0.944,-0.650,-250.137,-122.893,95.450,Roll
0.229,-1.248,-0.983,2.824,-43.076,57.305,Roll
0.179,-1.326,-0.986,250.130,18.145,-14.794,Roll
0.119,-1.417,-0.770,250.130,62.977,-43.427,Roll
0.027,-1.576,-0.409,250.130,99.038,-118.939,Roll
-0.082,-1.162,-0.023,250.130,119.122,-239.275,Roll
-0.137,-0.466,0.279,250.130,88.992,-233.893,Roll
0.122,0.205,0.380,250.130,9.374,-164.740,Roll
0.091,0.404,0.772,250.130,-12.015,-149.832,Roll
0.265,0.959,0.645,250.130,-18.916,-116.992,Roll
0.313,1.116,0.954,-36.756,34.611,-29.656,Roll
0.286,0.707,1.201,-216.504,30.229,11.405,Roll
0.287,0.590,1.295,-250.137,-8.092,22.321,Roll
0.303,0.630,1.095,-250.137,-46.443,69.687,Roll
0.234,0.225,0.767,-250.137,-61.038,124.374,Roll
0.125,-0.140,0.620,-250.137,-77.305,137.351,Roll
0.061,-0.545,0.421,-250.137,-163.031,117.099,Roll
0.211,-0.802,-0.103,-250.137,-180.481,119.168,Roll
0.126,-0.834,-0.337,-250.137,-92.702,107.000,Roll
0.252,-1.050,-0.459,-250.137,-82.809,95.023,Roll
0.160,-1.318,-0.765,-81.916,-91.252,51.275,Roll
0.282,-1.422,-0.869,131.214,14.863,-28.435,Roll
0.278,-1.352,-0.895,250.130,89.763,-72.763,Roll
0.159,-1.158,-0.528,250.130,146.450,-106.382,Roll
-0.025,-0.985,0.249,250.130,138.649,-167.603,Roll
0.080,-0.413,0.293,250.130,146.466,-194.053,Roll
0.063,0.350,0.614,250.130,15.718,-136.695,Roll
0.132,0.464,0.991,250.130,-31.733,-94.840,Roll
0.306,0.851,0.635,224.985,-39.496,-98.855,Roll
0.312,1.199,0.906,-89.252,26.702,-22.885,Roll
0.244,0.814,1.139,-250.137,30.718,71.107,Roll
0.247,0.231,1.144,-250.137,5.710,20.382,Roll
0.304,0.384,1.118,-250.137,-33.855,47.137,Roll
0.258,0.056,0.839,-250.137,-55.893,79.687,Roll
0.133,0.008,0.530,-250.137,-88.595,97.168,Roll
0.178,-0.770,0.514,-250.137,-133.084,111.626,Roll
0.223,-0.793,0.119,-250.137,-149.252,59.405,Roll
0.274,-0.490,-0.280,-250.137,-103.786,104.626,Roll
0.263,-0.951,-0.469,-250.137,-88.427,102.947,Roll
0.123,-1.165,-0.412,-194.420,-64.756,48.901,Roll
0.326,-1.284,-0.900,42.824,-27.412,2.496,Roll
0.337,-1.146,-0.913,250.130,80.359,-31.160,Roll
0.248,-1.260,-0.626,250.130,115.824,-43.168,Roll
0.111,-1.188,-0.208,250.130,143.336,-97.687,Roll
0.168,-0.592,0.146,250.130,197.031,-181.489,Roll
-0.097,0.394,1.265,250.130,86.092,-156.534,Roll
0.152,0.576,0.980,250.130,-64.321,-56.985,Roll
0.192,0.247,0.864,250.130,6.863,-34.847,Roll
0.281,0.646,1.025,86.000,11.298,-77.282,Roll
0.122,1.071,1.159,-155.122,-20.282,5.214,Roll
0.259,0.326,1.123,-250.137,-16.053,74.145,Roll
0.247,-0.017,0.974,-250.137,-32.290,40.092,Roll
0.243,-0.131,0.792,-250.137,-51.748,79.885,Roll
0.213,-0.492,0.697,-250.137,-92.107,88.832,Roll
0.213,-0.468,0.259,-250.137,-114.824,102.473,Roll
0.178,-0.744,0.111,-250.137,-88.466,105.756,Roll
0.228,-0.719,0.054,-250.137,-90.359,131.908,Roll
0.153,-1.163,-0.157,-250.137,-98.473,102.481,Roll
0.081,-1.169,-0.426,-123.122,-63.351,52.901,Roll
0.206,-1.201,-0.480,-38.878,-46.550,19.725,Roll
0.204,-1.457,-0.806,250.130,6.023,-19.992,Roll
0.103,-1.313,-0.567,250.130,83.282,-75.122,Roll
0.073,-1.188,-0.033,250.130,96.069,-134.954,Roll
-0.061,-0.795,0.171,250.130,102.122,-160.069,Roll
-0.105,-0.441,0.465,250.130,107.550,-128.878,Roll
0.066,-0.161,1.119,250.130,6.099,-133.733,Roll
0.170,0.260,0.905,250.130,-74.481,-153.725,Roll
0.264,0.662,0.824,176.634,-31.069,-93.046,Roll
0.288,0.643,1.161,-1.466,-0.153,-50.595,Roll
0.397,0.736,1.241,-148.076,-52.412,-11.748,Roll
0.346,0.491,0.987,-250.137,-62.779,47.534,Roll
0.339,0.168,0.959,-250.137,-40.519,80.145,Roll
0.284,0.108,0.858,-250.137,-72.916,83.214,Roll
0.250,-0.321,0.615,-250.137,-115.702,128.260,Roll
0.185,-0.583,0.297,-250.137,-142.504,119.985,Roll
0.271,-0.760,-0.020,-250.137,-136.328,116.679,Roll
0.304,-0.888,-0.221,-250.137,-108.649,119.580,Roll
0.158,-1.148,-0.541,-164.992,-95.130,74.328,Roll
0.158,-1.305,-0.745,54.550,-15.855,21.954,Roll
0.256,-1.077,-0.640,160.061,14.725,-24.267,Roll
0.224,-1.247,-0.537,250.130,65.985,-31.481,Roll
0.189,-1.321,-0.324,250.130,101.847,-94.275,Roll
0.119,-1.117,-0.086,250.130,152.489,-170.695,Roll
0.149,-0.536,0.379,250.130,250.130,-195.267,Roll
-0.039,0.146,1.096,250.130,30.534,-140.748,Roll
0.318,0.171,0.794,250.130,-28.443,-136.672,Roll
0.296,0.570,0.952,213.389,40.565,-90.893,Roll
0.238,0.776,1.281,-33.527,5.924,-39.710,Roll
0.265,0.545,1.304,-216.550,-90.420,36.931,Roll
0.396,0.088,0.959,-250.137,-51.748,52.374,Roll
0.387,-0.001,0.907,-250.137,-38.198,79.992,Roll
0.355,-0.142,0.849,-250.137,-65.031,92.931,Roll
0.331,-0.365,0.649,-250.137,-98.718,111.099,Roll
0.296,-0.639,0.435,-250.137,-116.366,121.351,Roll
0.277,-0.713,0.214,-250.137,-103.290,105.221,Roll
0.295,-0.780,0.047,-250.137,-97.702,119.519,Roll
0.422,-1.059,-0.161,-250.137,-75.137,80.855,Roll
0.160,-1.067,-0.394,-161.878,-83.679,59.542,Roll
0.286,-1.137,-0.597,-61.115,-44.893,28.092,Roll
0.280,-1.277,-0.707,112.405,14.847,-16.260,Roll
0.274,-1.229,-0.754,250.130,65.771,-60.672,Roll
0.223,-1.101,-0.499,250.130,123.298,-104.702,Roll
0.278,-0.877,-0.127,250.130,177.824,-127.573,Roll
0.021,-0.423,0.502,250.130,172.725,-126.977,Roll
0.070,-0.135,0.958,250.130,60.252,-142.985,Roll
0.218,0.204,0.927,250.130,-11.695,-149.511,Roll
0.260,0.688,0.893,250.130,4.962,-93.817,Roll
0.306,0.754,1.101,11.702,12.473,-22.282,Roll
0.309,0.567,1.253,-179.969,-20.817,46.275,Roll
0.394,0.303,1.092,-250.137,-55.702,70.076,Roll
0.393,-0.022,0.965,-250.137,-50.252,95.924,Roll
0.339,-0.235,0.769,-250.137,-81.053,118.244,Roll
0.246,-0.520,0.554,-250.137,-113.802,111.435,Roll
0.259,-0.735,0.298,-250.137,-130.817,91.206,Roll
0.314,-0.771,0.071,-250.137,-126.466,75.336,Roll
0.328,-0.781,-0.130,-250.137,-98.885,85.924,Roll
0.197,-1.011,-0.497,-180.008,-89.740,69.420,Roll
0.256,-1.415,-0.757,124.969,-23.656,29.641,Roll
0.293,-1.285,-0.877,250.130,21.908,-50.672,Roll
0.193,-1.127,-0.602,250.130,126.824,-121.160,Roll
0.084,-0.712,-0.140,250.130,174.076,-156.740,Roll
-0.001,-0.453,0.968,250.130,135.832,-197.351,Roll
-0.101,0.407,1.092,250.130,2.389,-161.435,Roll
0.408,0.701,0.989,188.809,-39.405,-116.725,Roll
0.388,0.879,1.236,-96.260,29.153,-15.282,Roll
0.219,0.509,1.374,-250.137,-57.870,80.115,Roll
0.443,0.012,1.133,-250.137,-131.038,93.153,Roll
0.472,-0.144,0.721,-250.137,-72.740,104.321,Roll
0.301,-0.334,0.594,-250.137,-109.267,143.962,Roll
0.177,-0.630,0.257,-250.137,-169.099,149.244,Roll
0.246,-0.799,-0.158,-250.137,-190.496,127.656,Roll
0.311,-0.857,-0.461,-250.137,-128.443,120.420,Roll
0.240,-0.792,-0.517,-250.137,-76.817,116.687,Roll
0.411,-1.321,-0.867,-28.626,-47.336,75.603,Roll
0.177,-1.364,-0.999,250.130,12.061,-4.275,Roll
0.102,-1.290,-0.780,250.130,92.588,-101.412,Roll
0.076,-1.089,-0.240,250.130,121.992,-169.450,Roll
0.085,-0.753,0.261,250.130,111.947,-218.305,Roll
0.120,-0.312,0.875,250.130,79.679,-232.809,Roll
-0.048,0.909,1.323,211.618,29.458,-157.626,Roll
0.472,0.668,1.394,-250.137,-63.771,-7.466,Roll
0.366,-0.134,1.018,-250.137,-99.115,66.092,Roll
0.425,-0.512,0.756,-250.137,-135.435,85.305,Roll
0.364,-0.591,0.334,-250.137,-156.389,83.031,Roll
0.330,-0.692,-0.027,-250.137,-142.985,83.237,Roll
0.331,-0.762,-0.353,-250.137,-143.443,80.221,Roll
0.347,-0.819,-0.609,-250.137,-125.237,73.550,Roll
0.411,-1.042,-1.027,38.015,-55.786,47.809,Roll
0.333,-1.253,-1.071,250.130,75.580,23.756,Roll
0.162,-1.359,-0.781,250.130,181.466,-56.145,Roll
0.085,-0.820,-0.221,250.130,171.198,-137.160,Roll
0.141,-0.740,0.494,250.130,198.122,-143.718,Roll
0.263,-0.389,0.954,250.130,102.679,-173.206,Roll
0.243,-0.132,0.879,250.130,113.557,-145.344,Roll
0.203,0.427,1.309,-3.168,-28.527,-64.153,Roll
0.389,0.261,1.240,-250.137,-90.366,-1.450,Roll
0.430,-0.220,1.004,-250.137,-95.733,55.916,Roll
0.429,-0.533,0.790,-250.137,-159.473,61.405,Roll
0.454,-0.612,0.354,-250.137,-210.641,74.031,Roll
0.395,-0.649,0.036,-250.137,-209.137,92.168,Roll
0.376,-0.768,-0.275,-250.137,-212.947,105.565,Roll
0.364,-0.868,-0.748,-186.573,-162.374,74.885,Roll
0.507,-1.185,-0.906,59.237,-44.336,28.947,Roll
0.283,-1.077,-0.893,250.130,72.962,-13.855,Roll
0.333,-1.279,-0.553,250.130,152.183,-79.275,Roll
0.271,-0.899,-0.202,250.130,200.595,-148.275,Roll
0.272,-0.641,0.600,250.130,194.931,-145.053,Roll
0.411,-0.360,1.001,215.473,112.977,-155.076,Roll
0.223,0.164,1.159,0.298,60.992,-95.771,Roll
0.353,0.111,1.203,-239.985,-66.443,18.122,Roll
0.290,-0.292,1.011,-250.137,-189.313,97.237,Roll
0.354,-0.513,0.500,-250.137,-250.137,105.137,Roll
0.426,-0.621,-0.004,-250.137,-250.137,128.450,Roll
0.408,-0.788,-0.330,-250.137,-221.489,141.145,Roll
0.340,-0.839,-0.557,-178.679,-142.977,127.084,Roll
0.267,-1.011,-0.902,29.344,-65.206,84.489,Roll
0.159,-1.041,-0.981,226.740,38.878,23.405,Roll
0.209,-1.297,-0.809,250.130,138.992,-27.603,Roll
0.063,-1.268,-0.536,250.130,181.137,-113.611,Roll
0.086,-0.943,-0.138,250.130,231.580,-199.153,Roll
0.062,-0.547,0.702,250.130,250.130,-191.221,Roll
0.075,-0.156,1.224,250.130,119.229,-173.305,Roll
0.294,0.206,1.304,12.267,16.137,-120.168,Roll
0.312,0.187,1.283,-250.137,-43.412,-20.985,Roll
0.341,-0.276,1.143,-250.137,-137.481,30.824,Roll
0.436,-0.637,0.720,-250.137,-232.519,61.275,Roll
0.394,-0.633,0.265,-250.137,-250.137,67.641,Roll
0.395,-0.639,-0.116,-250.137,-235.176,92.779,Roll
0.394,-0.825,-0.432,-228.702,-171.053,112.641,Roll
0.346,-1.092,-0.734,-17.595,-72.366,66.115,Roll
0.271,-1.090,-0.887,195.473,44.435,-9.771,Roll
0.277,-1.151,-0.707,250.130,146.214,-61.336,Roll
0.180,-1.237,-0.476,250.130,191.275,-126.183,Roll
0.168,-0.655,-0.166,250.130,236.504,-176.351,Roll
0.110,-0.300,0.525,250.130,241.908,-172.389,Roll
0.177,-0.105,1.171,250.130,162.916,-182.229,Roll
0.166,0.757,1.300,250.130,36.992,-147.893,Roll
0.210,0.954,1.288,-106.229,-48.863,11.107,Roll
0.322,0.354,1.338,-250.137,-105.298,91.313,Roll
0.421,-0.204,1.178,-250.137,-140.137,89.412,Roll
0.441,-0.336,0.859,-250.137,-195.008,108.458,Roll
0.365,-0.405,0.425,-250.137,-250.137,139.595,Roll
0.454,-0.805,-0.033,-250.137,-207.908,146.725,Roll
0.387,-0.862,-0.270,-250.137,-169.305,138.733,Roll
0.320,-0.993,-0.413,-130.015,-119.145,96.855,Roll
0.399,-1.163,-0.531,63.908,-46.328,63.695,Roll
0.323,-1.241,-0.601,250.130,65.595,-7.053,Roll
0.166,-1.181,-0.257,250.130,144.023,-87.107,Roll
0.178,-0.934,-0.016,250.130,157.107,-152.626,Roll
0.221,-0.677,0.322,250.130,187.519,-162.496,Roll
0.111,-0.373,0.507,250.130,158.313,-195.275,Roll
0.206,0.090,0.735,250.130,140.450,-191.000,Roll
0.228,0.551,1.259,250.130,53.412,-157.511,Roll
0.227,0.827,1.097,63.580,-33.290,-77.573,Roll
0.278,0.743,1.221,-183.061,-30.504,-23.405,Roll
0.294,0.413,1.304,-250.137,-72.183,-4.382,Roll
0.427,0.137,1.210,-250.137,-156.611,17.992,Roll
0.354,0.174,0.863,-250.137,-239.832,108.489,Roll
0.412,-0.390,0.430,-250.137,-225.939,150.534,Roll
0.467,-0.701,0.252,-250.137,-208.069,155.893,Roll
0.453,-0.761,0.114,-250.137,-178.061,109.611,Roll
0.418,-0.833,-0.091,-141.786,-161.779,119.771,Roll
0.624,-1.093,-0.418,72.611,-41.374,113.282,Roll
0.535,-1.316,-0.427,250.130,130.939,37.580,Roll
0.221,-1.231,0.050,250.130,213.580,-80.191,Roll
0.021,-0.742,0.256,250.130,140.359,-190.695,Roll
0.241,-0.444,0.134,250.130,145.405,-182.603,Roll
0.185,-0.160,0.626,250.130,227.603,-172.603,Roll
0.178,0.264,1.116,250.130,134.397,-174.634,Roll
0.135,0.885,1.167,203.542,13.008,-121.817,Roll
0.217,0.965,1.127,-67.321,-30.855,-9.061,Roll
0.219,0.487,1.236,-250.137,-42.550,40.305,Roll
0.211,0.232,1.284,-250.137,-111.069,17.374,Roll
0.365,-0.004,1.079,-250.137,-179.275,54.702,Roll
0.366,-0.146,0.674,-250.137,-200.809,90.756,Roll
0.359,-0.434,0.484,-250.137,-222.023,146.466,Roll
0.404,-0.710,0.214,-250.137,-241.282,159.305,Roll
0.533,-0.638,0.013,-250.137,-214.305,173.817,Roll
0.358,-1.021,-0.204,-185.718,-119.351,199.084,Roll
0.440,-1.424,-0.274,74.580,-22.397,97.366,Roll
0.253,-1.249,-0.345,250.130,39.901,-16.824,Roll
0.262,-1.121,-0.196,250.130,110.496,-75.099,Roll
0.187,-1.164,0.030,250.130,132.718,-134.473,Roll
0.153,-0.862,-0.011,250.130,140.595,-209.099,Roll
0.184,-0.318,0.180,250.130,192.870,-234.634,Roll
0.188,0.124,0.837,250.130,189.969,-205.473,Roll
0.135,0.459,1.206,250.130,87.840,-163.695,Roll
0.214,0.691,1.093,222.870,0.794,-105.466,Roll
0.300,0.887,1.148,18.664,-9.687,-24.328,Roll
0.223,0.826,1.245,-229.565,-45.702,45.992,Roll
0.216,0.431,1.204,-250.137,-122.595,107.305,Roll
0.323,-0.023,0.956,-250.137,-192.153,128.924,Roll
0.303,-0.193,0.571,-250.137,-220.244,149.603,Roll
0.350,-0.483,0.328,-250.137,-212.374,193.687,Roll
0.367,-0.717,0.137,-250.137,-203.275,213.901,Roll
0.668,-0.992,0.066,-250.137,-140.244,236.305,Roll
0.310,-1.396,-0.125,-27.832,-82.344,184.771,Roll
0.331,-1.474,-0.262,243.855,11.359,24.740,Roll
0.247,-1.197,-0.045,250.130,91.069,-54.511,Roll
0.091,-1.077,0.228,250.130,107.832,-132.588,Roll
0.215,-1.010,0.218,250.130,107.985,-207.053,Roll
0.197,-0.748,0.214,250.130,159.779,-250.137,Roll
0.091,-0.302,0.302,250.130,213.275,-250.137,Roll
0.091,0.366,0.893,250.130,201.840,-250.137,Roll
0.063,0.724,1.137,250.130,94.519,-170.435,Roll
0.148,0.692,0.947,193.908,25.015,-77.084,Roll
0.174,0.564,0.957,119.832,43.504,-54.550,Roll
0.216,0.640,1.219,26.969,23.687,-22.115,Roll
0.170,0.532,1.173,-48.916,-31.435,0.412,Roll
0.275,0.375,1.017,-49.160,-41.344,18.679,Roll
0.290,0.394,1.036,-78.924,-31.344,45.489,Roll
0.244,0.387,1.036,-163.725,-57.534,80.260,Roll
0.287,0.357,1.032,-250.137,-91.427,131.847,Roll
0.214,0.050,0.883,-250.137,-116.107,169.527,Roll
0.238,-0.232,0.735,-250.137,-132.244,160.366,Roll
0.235,-0.295,0.707,-250.137,-134.748,149.511,Roll
0.268,-0.540,0.608,-250.137,-157.198,150.420,Roll
0.546,-0.804,0.478,-209.855,-134.687,122.053,Roll
0.424,-0.847,0.289,-120.740,-73.397,93.908,Roll
0.452,-0.887,0.399,-69.542,-39.779,68.221,Roll
0.432,-0.951,0.422,-23.634,-28.053,35.267,Roll
0.466,-0.944,0.361,35.710,8.786,-4.427,Roll
0.436,-0.933,0.309,111.160,55.076,-22.443,Roll
0.478,-1.105,0.434,228.656,97.214,-56.649,Roll
0.398,-0.967,0.495,250.130,136.847,-112.924,Roll
0.177,-0.530,0.499,250.130,133.267,-151.771,Roll
0.053,-0.256,0.617,250.130,123.061,-184.977,Roll
0.037,-0.017,0.555,250.130,98.557,-217.573,Roll
0.092,0.494,0.627,250.130,92.870,-218.198,Roll
0.163,0.827,0.923,230.473,111.031,-140.809,Roll
0.109,0.759,1.156,100.504,67.420,-60.733,Roll
0.134,0.526,1.177,36.313,0.679,-29.031,Roll
0.153,0.506,1.115,-3.603,-26.969,-24.786,Roll
0.183,0.582,1.128,-85.145,-48.931,-13.832,Roll
0.186,0.630,1.152,-206.153,-83.450,15.924,Roll
0.198,0.412,1.036,-250.137,-108.374,41.229,Roll
0.284,0.157,1.011,-250.137,-126.595,56.214,Roll
0.262,0.035,0.878,-250.137,-144.992,58.183,Roll
0.332,-0.137,0.743,-250.137,-155.496,94.725,Roll
0.314,-0.260,0.671,-250.137,-144.412,130.985,Roll
0.283,-0.431,0.577,-250.137,-163.168,150.168,Roll
0.506,-0.733,0.326,-250.137,-150.740,168.641,Roll
0.349,-0.822,0.168,-235.473,-92.153,162.489,Roll
0.253,-0.875,0.242,-192.557,-62.702,118.481,Roll
0.326,-1.108,0.129,-131.160,-87.244,76.985,Roll
0.300,-1.130,-0.079,-15.160,-63.321,25.702,Roll
0.356,-1.046,-0.149,55.969,9.733,0.115,Roll
0.355,-1.178,-0.098,177.046,89.672,-13.786,Roll
0.312,-1.269,0.017,250.130,124.817,-31.550,Roll
0.143,-1.068,0.158,250.130,126.916,-84.611,Roll
0.020,-0.754,0.233,250.130,113.313,-143.611,Roll
0.034,-0.314,0.436,250.130,105.985,-198.137,Roll
0.088,-0.093,0.579,250.130,112.489,-212.985,Roll
0.054,0.250,0.770,250.130,111.565,-207.435,Roll
0.184,0.751,1.122,250.130,76.084,-151.641,Roll
0.208,0.792,1.254,115.824,7.634,-59.366,Roll
0.170,0.727,1.169,-103.962,-33.542,-8.130,Roll
0.187,0.511,1.218,-250.137,-61.763,-2.740,Roll
0.303,0.249,1.247,-250.137,-96.115,-8.519,Roll
0.296,-0.042,1.061,-250.137,-148.947,-24.954,Roll
0.224,-0.080,0.810,-250.137,-227.107,1.511,Roll
0.332,-0.289,0.622,-250.137,-250.137,102.847,Roll
0.429,-0.572,0.429,-250.137,-250.137,139.214,Roll
0.376,-0.524,0.232,-241.435,-234.496,172.069,Roll
0.320,-0.749,0.054,-163.824,-131.107,231.092,Roll
0.398,-1.086,0.072,-97.214,-50.855,128.565,Roll
0.386,-1.293,0.141,12.924,-47.237,36.511,Roll
0.493,-1.280,-0.055,141.038,1.427,-41.244,Roll
0.458,-1.156,-0.164,250.130,96.603,-95.847,Roll
0.361,-0.977,0.019,250.130,166.137,-123.031,Roll
0.252,-0.709,0.280,250.130,183.519,-144.069,Roll
0.166,-0.412,0.538,250.130,168.023,-146.313,Roll
0.230,-0.189,0.615,250.130,153.542,-142.908,Roll
0.182,0.027,0.683,250.130,160.542,-119.031,Roll
0.150,0.359,0.750,250.130,144.107,-103.427,Roll
0.103,0.659,0.956,250.130,114.321,-59.496,Roll
0.212,0.601,1.212,139.527,77.115,-23.527,Roll
0.114,0.607,1.233,26.290,22.947,-4.084,Roll
0.114,0.654,1.186,-100.008,-36.069,17.015,Roll
0.173,0.566,1.196,-250.137,-86.855,34.779,Roll
0.183,0.448,1.180,-250.137,-146.672,54.870,Roll
0.172,0.093,0.886,-250.137,-232.756,80.336,Roll
0.313,-0.159,0.672,-250.137,-250.137,112.198,Roll
0.250,-0.333,0.387,-250.137,-243.336,159.893,Roll
0.435,-0.711,0.297,-250.137,-216.290,201.000,Roll
0.755,-1.066,0.308,-207.962,-123.504,240.595,Roll
0.481,-1.668,-0.039,201.740,6.443,83.496,Roll
0.323,-1.391,-0.072,250.130,117.145,-100.962,Roll
0.127,-0.873,0.236,250.130,128.603,-200.947,Roll
0.200,-0.558,0.258,250.130,141.550,-208.084,Roll
0.160,-0.152,0.311,250.130,171.122,-171.656,Roll
0.069,0.228,0.698,250.130,179.794,-165.153,Roll
0.102,0.533,1.146,241.962,128.580,-130.473,Roll
0.204,0.751,1.403,59.031,36.122,-75.511,Roll
0.131,0.686,1.305,-169.481,-51.328,-1.634,Roll
0.125,0.356,1.243,-250.137,-114.634,-2.969,Roll
0.194,0.069,1.114,-250.137,-209.771,-5.641,Roll
0.302,-0.140,0.736,-250.137,-250.137,26.008,Roll
0.404,-0.326,0.441,-250.137,-250.137,136.305,Roll
0.450,-0.493,0.219,-250.137,-250.137,178.573,Roll
0.421,-0.686,0.061,-240.450,-203.870,227.710,Roll
0.672,-1.126,-0.005,-97.000,-114.382,250.130,Roll
0.425,-1.457,-0.245,155.107,55.725,94.939,Roll
0.309,-1.417,-0.020,250.130,188.107,-67.092,Roll
0.056,-1.080,0.344,250.130,140.122,-155.435,Roll
0.169,-0.705,0.257,250.130,108.198,-212.107,Roll
0.248,-0.284,0.400,250.130,168.092,-181.290,Roll
0.230,-0.112,0.672,250.130,159.595,-138.214,Roll
0.152,0.356,0.939,250.130,106.580,-140.527,Roll
0.165,0.659,1.074,196.756,27.954,-84.481,Roll
0.244,0.587,1.054,-9.672,-6.947,-26.084,Roll
0.256,0.498,1.117,-171.038,-11.076,-16.595,Roll
0.299,0.431,1.288,-250.137,-31.924,27.603,Roll
0.291,0.061,1.166,-250.137,-102.053,65.992,Roll
0.264,-0.085,0.867,-250.137,-165.550,95.191,Roll
0.253,-0.340,0.502,-250.137,-197.641,136.099,Roll
0.310,-0.599,0.333,-250.137,-197.031,172.290,Roll
0.330,-0.733,0.199,-250.137,-174.046,203.977,Roll
0.309,-1.137,0.085,-167.916,-79.359,226.832,Roll
0.220,-1.475,-0.108,123.252,18.565,85.336,Roll
0.172,-1.403,0.028,250.130,77.763,-46.962,Roll
0.080,-1.174,0.199,250.130,71.168,-138.878,Roll
0.120,-0.934,0.237,250.130,71.061,-178.908,Roll
0.163,-0.676,0.263,250.130,112.099,-189.519,Roll
0.208,-0.374,0.339,250.130,157.160,-196.939,Roll
0.005,0.177,0.790,250.130,152.817,-200.221,Roll
0.049,0.548,1.174,248.305,64.183,-176.649,Roll
0.175,0.588,1.231,114.947,-16.588,-98.779,Roll
0.175,0.473,1.134,33.046,-31.847,-48.458,Roll
0.233,0.535,1.126,-58.061,-55.237,-34.916,Roll
0.207,0.608,1.203,-206.573,-83.382,48.863,Roll
0.218,0.281,1.035,-250.137,-152.038,74.206,Roll
0.306,0.027,0.841,-250.137,-208.550,114.969,Roll
0.362,-0.143,0.668,-250.137,-225.519,178.534,Roll
0.220,-0.341,0.488,-250.137,-250.137,220.573,Roll
0.210,-0.619,0.229,-250.137,-250.137,250.130,Roll
0.500,-0.948,-0.067,-250.137,-225.840,250.130,Roll
0.427,-1.430,-0.315,-22.336,-41.336,167.779,Roll
0.368,-1.619,-0.260,190.435,119.962,-15.084,Roll
0.181,-1.268,-0.044,250.130,173.855,-124.115,Roll
0.067,-0.993,0.224,250.130,163.298,-174.237,Roll
0.163,-0.923,0.338,250.130,128.519,-223.649,Roll
0.185,-0.601,0.260,250.130,165.160,-250.137,Roll
0.072,0.037,0.563,250.130,196.191,-250.137,Roll
0.129,0.378,0.962,250.130,143.466,-198.221,Roll
0.168,0.408,1.190,157.511,76.466,-104.489,Roll
0.193,0.412,1.263,71.298,6.748,-45.321,Roll
0.263,0.387,1.157,-45.473,-16.382,-17.328,Roll
0.262,0.423,1.289,-214.313,-40.885,26.260,Roll
0.259,0.172,1.106,-250.137,-120.710,52.351,Roll
0.404,-0.209,0.873,-250.137,-154.679,91.901,Roll
0.442,-0.410,0.881,-250.137,-159.763,118.168,Roll
0.289,-0.451,0.605,-250.137,-205.130,117.534,Roll
0.263,-0.550,0.303,-250.137,-215.252,145.702,Roll
0.336,-0.754,0.089,-250.137,-188.679,162.076,Roll
0.275,-0.782,-0.109,-250.137,-109.084,174.412,Roll
0.374,-1.152,-0.164,-145.603,-36.985,112.824,Roll
0.348,-1.433,-0.235,36.763,-14.725,3.023,Roll
0.370,-1.286,-0.358,221.038,97.229,-80.626,Roll
0.301,-1.234,-0.212,250.130,181.901,-124.893,Roll
0.180,-0.851,0.079,250.130,188.618,-171.458,Roll
0.199,-0.629,0.309,250.130,182.076,-173.298,Roll
0.201,-0.311,0.314,250.130,182.779,-157.275,Roll
0.156,-0.059,0.622,250.130,184.504,-145.664,Roll
0.145,0.131,0.782,250.130,160.069,-139.817,Roll
0.073,0.457,1.051,250.130,141.473,-99.198,Roll
0.186,0.597,1.275,148.092,68.160,-4.954,Roll
0.069,0.441,1.284,-19.405,24.466,8.916,Roll
0.093,0.483,1.274,-155.321,-61.420,23.893,Roll
0.163,0.426,1.286,-250.137,-104.702,56.733,Roll
0.213,0.131,1.158,-250.137,-161.733,87.420,Roll
0.340,-0.132,0.994,-250.137,-201.611,83.840,Roll
0.371,-0.183,0.831,-250.137,-211.763,101.389,Roll
0.345,-0.348,0.603,-250.137,-227.817,141.763,Roll
0.366,-0.574,0.346,-250.137,-214.985,162.840,Roll
0.586,-0.792,0.111,-250.137,-138.229,169.359,Roll
0.442,-0.818,-0.040,-230.496,-67.206,162.305,Roll
0.371,-1.277,0.065,-90.695,-37.221,104.069,Roll
0.472,-1.377,-0.068,67.229,-0.542,-9.420,Roll
0.363,-1.199,-0.189,216.420,94.794,-76.847,Roll
0.337,-1.237,-0.037,250.130,154.916,-134.267,Roll
0.264,-1.052,0.059,250.130,195.473,-193.832,Roll
0.168,-0.523,0.195,250.130,208.229,-213.504,Roll
0.087,-0.023,0.473,250.130,202.489,-222.786,Roll
-0.021,0.426,0.796,250.130,167.779,-214.603,Roll
0.149,0.699,1.019,228.282,118.443,-112.115,Roll
0.278,0.093,1.047,19.641,-14.412,98.611,Yaw
0.282,-0.032,1.061,31.053,-20.137,181.901,Yaw
0.296,-0.044,1.078,30.351,6.519,250.130,Yaw
0.247,-0.106,1.055,25.252,26.481,250.130,Yaw
0.130,-0.107,1.013,16.420,28.687,250.130,Yaw
0.089,-0.084,0.996,21.260,1.397,250.130,Yaw
0.111,-0.063,0.957,40.473,-21.221,250.130,Yaw
0.127,-0.005,0.962,42.679,-15.374,250.130,Yaw
0.155,0.033,1.031,33.580,2.191,250.130,Yaw
0.164,0.038,1.026,26.099,15.740,249.382,Yaw
0.102,-0.076,1.026,23.443,19.954,134.985,Yaw
0.156,-0.025,1.019,14.015,-13.443,-7.267,Yaw
0.140,-0.086,0.963,17.473,-11.618,-140.916,Yaw
0.128,0.036,0.950,4.344,0.473,-250.137,Yaw
0.056,0.083,0.939,-18.550,-7.420,-250.137,Yaw
0.029,0.042,0.968,-25.779,-15.366,-250.137,Yaw
0.042,0.007,0.994,-29.290,-15.763,-250.137,Yaw
0.080,-0.025,0.939,-27.573,-9.107,-250.137,Yaw
0.145,-0.057,0.933,-36.641,-3.977,-250.137,Yaw
0.185,-0.056,0.927,-28.427,3.542,-250.137,Yaw
0.276,-0.047,0.958,-24.588,24.031,-250.137,Yaw
0.354,0.061,1.019,-10.656,-25.328,-127.588,Yaw
0.266,0.171,1.084,1.817,-43.176,-26.130,Yaw
0.265,0.113,1.027,21.168,-22.603,89.763,Yaw
0.301,-0.010,0.999,32.664,-4.427,196.779,Yaw
0.250,-0.035,1.038,32.527,6.313,250.130,Yaw
0.203,-0.030,1.042,26.321,22.443,250.130,Yaw
0.118,-0.114,0.989,11.511,9.321,250.130,Yaw
0.080,-0.128,0.980,12.313,-6.664,250.130,Yaw
0.141,-0.072,0.950,45.298,-14.573,250.130,Yaw
0.156,0.058,0.942,47.595,-3.053,250.130,Yaw
0.201,0.076,1.010,30.687,11.153,250.130,Yaw
0.089,0.029,1.051,21.947,51.145,246.885,Yaw
0.149,-0.054,1.066,10.916,-0.206,93.084,Yaw
0.194,-0.067,1.056,8.634,-3.908,-63.427,Yaw
0.172,-0.049,0.975,-3.580,0.588,-204.557,Yaw
0.180,0.020,0.974,-25.756,5.290,-250.137,Yaw
0.069,0.084,0.982,-48.534,-15.863,-250.137,Yaw
0.025,0.049,0.990,-67.870,-27.649,-250.137,Yaw
0.074,-0.132,0.979,-63.542,-0.115,-250.137,Yaw
0.106,-0.151,0.933,-29.359,13.618,-250.137,Yaw
0.177,-0.120,0.935,-15.130,20.840,-250.137,Yaw
0.232,0.001,0.923,-5.824,31.565,-250.137,Yaw
0.362,-0.198,0.876,7.046,2.198,-231.160,Yaw
0.361,0.259,1.050,21.565,-39.763,-69.618,Yaw
0.304,0.087,1.010,20.718,-36.595,15.344,Yaw
0.266,0.137,1.001,22.344,-16.115,104.466,Yaw
0.340,0.017,1.018,23.565,19.137,222.939,Yaw
0.212,-0.065,1.034,17.893,10.725,250.130,Yaw
0.215,-0.050,1.052,18.611,15.626,250.130,Yaw
0.162,-0.110,1.007,8.191,7.710,250.130,Yaw
0.141,-0.101,0.998,11.313,-10.450,250.130,Yaw
0.150,-0.033,0.951,23.130,-15.145,250.130,Yaw
0.154,0.019,0.958,20.870,-10.160,250.130,Yaw
0.201,-0.040,1.004,26.626,-11.779,250.130,Yaw
0.176,-0.052,1.018,32.366,19.824,250.130,Yaw
0.184,-0.095,1.016,23.840,-16.748,130.145,Yaw
0.262,-0.101,1.048,15.786,-10.214,-27.893,Yaw
0.170,-0.121,0.967,5.702,-1.328,-169.191,Yaw
0.165,-0.056,0.940,-13.313,15.397,-250.137,Yaw
0.078,0.061,0.965,-13.550,8.519,-250.137,Yaw
0.035,0.064,0.999,-21.649,-18.718,-250.137,Yaw
0.082,-0.000,0.974,-20.137,-14.046,-250.137,Yaw
0.068,-0.018,0.910,-14.328,-10.252,-250.137,Yaw
0.145,-0.013,0.935,-26.626,-21.168,-250.137,Yaw
0.269,0.015,0.914,-29.313,-6.611,-250.137,Yaw
0.417,0.013,0.951,-38.626,26.122,-250.137,Yaw
0.439,0.084,1.037,-35.649,-20.985,-102.985,Yaw
0.263,0.216,0.986,-7.626,-25.176,-21.420,Yaw
0.248,0.124,1.012,10.115,-16.924,86.985,Yaw
0.327,-0.023,1.034,50.015,-3.565,187.641,Yaw
0.254,-0.061,1.004,63.672,19.916,250.130,Yaw
0.206,0.019,1.087,55.244,22.885,250.130,Yaw
0.186,-0.083,1.024,33.985,8.511,250.130,Yaw
0.102,-0.072,0.999,19.527,15.137,250.130,Yaw
0.111,0.068,1.037,9.656,24.252,250.130,Yaw
0.162,0.101,0.959,-4.611,15.412,250.130,Yaw
0.181,0.021,0.931,-7.214,4.962,250.130,Yaw
0.144,-0.112,1.000,17.649,-7.031,250.130,Yaw
0.175,-0.072,1.028,27.740,-25.527,121.229,Yaw
0.285,-0.150,1.042,39.992,0.992,-32.260,Yaw
0.237,-0.052,0.962,54.053,5.588,-171.863,Yaw
0.212,0.019,0.981,35.618,30.527,-250.137,Yaw
0.071,0.129,0.974,12.015,10.550,-250.137,Yaw
0.064,0.157,0.978,-21.389,-43.206,-250.137,Yaw
0.082,0.114,0.984,-60.038,-47.817,-250.137,Yaw
0.086,0.038,0.937,-68.328,-40.053,-250.137,Yaw
0.210,-0.114,0.937,-57.802,-30.947,-250.137,Yaw
0.354,-0.134,0.930,-29.534,16.237,-250.137,Yaw
0.442,-0.248,0.882,-31.344,11.672,-209.901,Yaw
0.372,0.300,1.005,-12.779,-26.153,-42.405,Yaw
0.156,0.145,0.975,2.908,-46.023,30.733,Yaw
0.275,0.057,0.973,11.145,-14.130,113.863,Yaw
0.242,-0.032,0.960,22.863,34.641,222.679,Yaw
0.142,-0.054,1.028,17.053,-3.183,250.130,Yaw
0.163,-0.062,1.044,-0.824,-9.328,250.130,Yaw
0.164,-0.117,0.978,-4.870,-15.214,250.130,Yaw
0.161,-0.154,0.940,15.145,-14.023,250.130,Yaw
0.147,-0.106,0.909,42.214,-17.664,250.130,Yaw
0.180,-0.020,0.930,64.038,-17.473,250.130,Yaw
0.367,-0.014,1.128,46.458,51.267,250.130,Yaw
0.089,0.001,1.002,48.756,25.092,248.763,Yaw
0.219,0.032,1.117,44.611,-26.649,101.870,Yaw
0.267,-0.130,1.100,28.267,7.527,-78.573,Yaw
0.261,0.012,1.012,10.496,6.443,-245.351,Yaw
0.230,0.143,0.974,-25.420,32.702,-250.137,Yaw
0.054,0.129,0.979,-40.664,13.313,-250.137,Yaw
-0.017,0.065,1.001,-63.824,-10.420,-250.137,Yaw
0.054,-0.102,0.954,-59.603,-6.252,-250.137,Yaw
0.145,-0.129,0.890,-37.031,1.366,-250.137,Yaw
0.236,-0.168,0.909,-18.427,16.840,-250.137,Yaw
0.524,-0.362,0.905,-22.618,7.756,-225.015,Yaw
0.279,0.213,1.035,-2.802,-3.565,-84.214,Yaw
0.459,0.168,1.062,12.336,-7.168,3.809,Yaw
0.102,0.028,0.875,20.779,-14.534,79.763,Yaw
0.223,-0.021,1.079,18.901,21.725,158.153,Yaw
0.168,-0.072,1.086,4.580,32.008,250.130,Yaw
0.098,-0.059,1.113,-1.183,17.588,250.130,Yaw
0.109,-0.099,1.028,-12.084,6.504,250.130,Yaw
0.052,-0.147,0.973,4.344,9.588,250.130,Yaw
0.048,-0.078,0.927,34.718,-9.336,250.130,Yaw
0.096,0.002,0.922,61.084,-33.771,250.130,Yaw
0.079,-0.012,1.041,44.496,-20.489,250.130,Yaw
0.183,0.103,1.121,38.115,23.588,250.130,Yaw
0.153,0.023,1.047,43.672,14.290,211.214,Yaw
0.130,0.012,1.037,29.817,-14.664,68.389,Yaw
0.146,-0.049,1.033,5.924,-13.038,-65.565,Yaw
0.132,-0.079,0.902,-4.893,-8.275,-182.687,Yaw
0.091,0.070,0.973,-33.740,2.603,-250.137,Yaw
0.092,0.136,0.984,-53.305,9.901,-250.137,Yaw
0.026,0.101,0.960,-51.580,8.824,-250.137,Yaw
-0.012,0.018,0.982,-43.382,16.893,-250.137,Yaw
0.023,0.014,0.923,-37.405,0.702,-250.137,Yaw
0.104,-0.030,0.845,-42.687,-20.702,-250.137,Yaw
0.212,-0.081,0.980,-20.527,-9.313,-250.137,Yaw
0.388,-0.367,0.923,-33.321,14.847,-250.137,Yaw
0.390,0.147,1.010,-8.695,-13.832,-73.840,Yaw
0.342,0.148,1.089,12.023,-18.107,8.084,Yaw
0.250,0.019,1.022,15.656,-22.664,107.229,Yaw
0.294,-0.128,1.052,44.137,14.878,219.603,Yaw
0.140,-0.117,1.096,61.313,12.992,250.130,Yaw
0.139,-0.058,1.115,60.244,-0.496,250.130,Yaw
0.158,-0.051,1.050,38.153,-3.733,250.130,Yaw
0.018,-0.069,0.976,31.893,16.229,250.130,Yaw
0.027,-0.006,0.958,19.252,-3.573,250.130,Yaw
0.114,0.081,0.978,14.588,-38.649,250.130,Yaw
0.343,0.084,1.095,0.183,4.672,250.130,Yaw
0.147,-0.071,1.028,19.985,-5.740,250.130,Yaw
0.251,-0.070,1.055,33.229,-21.931,103.458,Yaw
0.198,-0.160,1.025,42.733,8.191,-51.198,Yaw
0.160,-0.072,0.963,52.298,-6.656,-183.634,Yaw
0.264,0.091,0.969,30.076,20.565,-250.137,Yaw
0.064,0.156,0.936,-0.809,12.542,-250.137,Yaw
-0.003,0.162,0.975,-43.176,-16.695,-250.137,Yaw
-0.008,0.112,0.996,-68.603,-20.969,-250.137,Yaw
0.048,0.073,0.960,-77.145,-15.145,-250.137,Yaw
0.165,-0.106,0.884,-76.832,-11.298,-250.137,Yaw
0.285,-0.123,0.889,-35.947,26.542,-250.137,Yaw
0.586,-0.234,0.900,-39.427,16.206,-175.336,Yaw
0.211,0.191,1.000,-27.626,2.550,-47.710,Yaw
0.142,0.010,0.989,2.618,-16.611,32.008,Yaw
0.145,-0.006,0.999,14.344,-16.824,115.534,Yaw
0.186,-0.127,1.089,38.366,23.099,226.260,Yaw
0.042,-0.091,1.094,45.366,2.191,250.130,Yaw
0.115,-0.034,1.077,43.496,-6.908,250.130,Yaw
0.056,-0.064,0.970,35.687,0.534,250.130,Yaw
0.043,-0.056,0.969,32.748,-7.099,250.130,Yaw
0.070,0.016,0.984,25.573,-21.260,250.130,Yaw
0.100,0.082,1.020,8.947,-16.588,250.130,Yaw
0.124,0.147,1.007,11.076,2.321,250.130,Yaw
0.118,-0.019,1.042,34.519,-9.198,250.130,Yaw
0.186,-0.102,1.042,34.382,-7.382,145.374,Yaw
0.231,-0.146,1.048,40.855,3.466,-10.565,Yaw
0.056,-0.030,0.977,43.763,-13.641,-122.511,Yaw
0.163,-0.021,1.038,27.794,-8.763,-250.137,Yaw
0.080,0.093,0.989,-7.893,3.153,-250.137,Yaw
0.038,0.123,1.006,-35.443,-27.053,-250.137,Yaw
0.072,0.214,0.952,-55.649,-29.000,-250.137,Yaw
0.040,0.122,0.955,-69.954,-8.580,-250.137,Yaw
0.033,0.053,0.970,-94.618,-5.366,-250.137,Yaw
0.131,-0.080,0.919,-81.489,-3.351,-250.137,Yaw
0.205,-0.058,0.890,-37.634,38.435,-250.137,Yaw
0.352,-0.325,0.873,-35.000,33.656,-227.656,Yaw
0.292,0.240,0.945,-5.924,-4.771,-29.473,Yaw
0.097,0.060,1.007,8.985,-19.214,48.916,Yaw
0.122,0.007,0.998,18.321,-28.496,138.519,Yaw
0.169,-0.171,1.124,44.595,-1.748,250.130,Yaw
0.114,-0.159,1.141,58.038,-17.206,250.130,Yaw
0.093,-0.033,1.105,63.145,-23.412,250.130,Yaw
0.070,-0.027,1.008,53.565,-21.008,250.130,Yaw
0.029,-0.046,0.943,31.908,-7.878,250.130,Yaw
0.034,0.022,0.949,7.901,-24.611,250.130,Yaw
0.170,0.085,0.991,-13.931,-35.611,250.130,Yaw
0.117,0.032,1.090,-19.420,17.618,250.130,Yaw
0.246,-0.010,1.036,21.733,-27.962,177.458,Yaw
0.295,-0.229,1.042,33.489,-4.092,8.626,Yaw
0.196,-0.180,1.025,44.504,-0.412,-112.084,Yaw
0.302,-0.092,0.930,35.443,0.771,-250.137,Yaw
0.325,0.133,1.043,11.969,20.901,-250.137,Yaw
0.121,0.291,1.039,-14.740,23.710,-250.137,Yaw
-0.048,0.061,0.966,-51.389,8.145,-250.137,Yaw
-0.082,0.020,0.912,-47.634,-17.679,-250.137,Yaw
0.079,0.025,0.936,-57.412,-21.634,-250.137,Yaw
0.129,0.012,0.826,-53.832,-14.611,-250.137,Yaw
0.394,-0.412,0.818,-61.450,16.817,-250.137,Yaw
0.302,0.024,0.935,-42.244,17.557,-96.137,Yaw
0.002,0.116,0.909,-16.901,-5.099,-25.069,Yaw
0.299,0.050,0.976,16.198,-21.771,76.374,Yaw
0.255,0.016,1.016,42.130,-17.420,181.038,Yaw
0.209,-0.118,1.056,47.771,-16.160,250.130,Yaw
0.129,-0.112,1.128,66.763,0.489,250.130,Yaw
0.065,-0.108,1.080,79.168,2.580,250.130,Yaw
-0.021,-0.061,0.974,81.275,-13.779,250.130,Yaw
0.096,0.151,0.987,43.779,-40.137,250.130,Yaw
0.295,0.202,1.014,-9.137,-12.802,250.130,Yaw
0.314,0.118,1.053,-32.580,6.580,250.130,Yaw
0.130,-0.072,0.928,-4.366,22.191,214.710,Yaw
0.199,-0.170,0.984,-2.603,-13.031,66.336,Yaw
0.232,-0.237,0.965,20.489,-2.672,-48.809,Yaw
0.211,-0.167,0.912,25.198,9.061,-161.809,Yaw
0.273,-0.057,0.992,25.450,35.832,-250.137,Yaw
0.096,0.113,0.997,24.824,53.450,-250.137,Yaw
-0.039,0.103,1.037,6.786,16.550,-250.137,Yaw
-0.041,0.099,0.998,-6.748,6.466,-250.137,Yaw
-0.051,0.161,1.010,-23.313,16.313,-250.137,Yaw
-0.073,-0.004,0.931,-57.954,-35.359,-250.137,Yaw
0.081,0.011,0.848,-66.939,-11.244,-250.137,Yaw
0.672,-0.150,1.022,-92.595,16.794,-250.137,Yaw
0.226,0.191,1.065,-45.542,18.511,-87.076,Yaw
0.388,0.142,1.094,-17.160,-7.588,5.405,Yaw
0.175,0.058,1.003,2.229,-28.366,107.779,Yaw
0.145,0.018,1.050,32.924,-27.397,210.206,Yaw
0.165,-0.137,1.053,62.351,-36.756,250.130,Yaw
0.116,-0.112,1.048,85.947,-37.824,250.130,Yaw
0.027,-0.094,0.998,102.954,-23.763,250.130,Yaw
-0.004,0.055,1.044,77.969,-15.458,250.130,Yaw
0.029,0.164,0.977,28.649,5.725,250.130,Yaw
0.091,0.183,0.962,-13.206,25.656,250.130,Yaw
0.081,0.085,1.028,-28.656,17.771,250.130,Yaw
0.117,-0.205,1.035,-10.641,23.641,171.908,Yaw
0.203,-0.145,0.996,18.534,3.664,32.489,Yaw
0.159,-0.146,0.989,35.916,0.542,-70.496,Yaw
0.159,-0.082,0.929,47.076,2.870,-146.985,Yaw
0.184,-0.053,0.954,36.160,-3.328,-243.481,Yaw
0.114,0.078,1.002,19.458,-11.817,-250.137,Yaw
0.040,0.153,1.030,-21.939,-40.344,-250.137,Yaw
0.061,0.167,0.988,-57.420,-54.275,-250.137,Yaw
0.028,0.196,1.015,-62.947,-27.771,-250.137,Yaw
0.010,0.066,0.955,-78.122,-33.015,-250.137,Yaw
0.127,-0.033,0.857,-50.748,-26.626,-250.137,Yaw
0.208,-0.025,0.862,-12.802,22.931,-250.137,Yaw
0.306,-0.021,0.952,4.779,29.878,-250.137,Yaw
0.405,0.263,1.107,11.954,-5.122,-88.893,Yaw
0.338,0.303,1.099,3.931,-5.969,22.389,Yaw
0.211,0.167,1.064,0.656,-12.336,122.160,Yaw
0.199,0.102,1.096,21.710,-26.359,229.916,Yaw
0.264,0.005,1.023,34.473,7.176,250.130,Yaw
0.145,-0.010,1.028,43.160,-4.901,250.130,Yaw
0.144,-0.117,0.940,87.794,-17.756,250.130,Yaw
0.054,0.109,1.032,90.618,7.076,250.130,Yaw
0.094,0.217,1.030,10.580,37.260,250.130,Yaw
0.180,0.099,0.960,-3.687,68.824,250.130,Yaw
0.239,0.024,1.048,-13.687,108.763,250.130,Yaw
0.150,-0.107,0.967,11.817,26.779,171.092,Yaw
0.100,-0.110,1.029,30.328,-2.649,41.000,Yaw
0.148,-0.057,1.028,41.618,2.580,-67.092,Yaw
0.134,-0.109,0.955,40.122,-4.412,-179.832,Yaw
0.146,0.049,1.013,16.191,0.130,-250.137,Yaw
0.056,0.149,0.977,-15.374,-27.649,-250.137,Yaw
0.059,0.152,1.006,-52.076,-49.496,-250.137,Yaw
0.023,0.160,1.025,-68.893,-8.191,-250.137,Yaw
-0.031,0.077,1.028,-67.511,-2.023,-250.137,Yaw
0.086,0.003,0.913,-73.794,-24.580,-250.137,Yaw
0.185,-0.080,0.777,-70.504,20.015,-250.137,Yaw
0.529,0.003,1.000,-88.511,31.855,-250.137,Yaw
0.273,0.089,0.990,-51.809,2.069,-78.107,Yaw
0.156,0.012,1.104,-0.015,-37.382,26.504,Yaw
0.261,0.009,0.991,34.298,-32.183,138.656,Yaw
0.254,-0.010,1.031,60.115,-33.023,250.130,Yaw
0.179,-0.108,1.004,92.954,-38.099,250.130,Yaw
0.174,-0.153,1.033,121.901,-46.366,250.130,Yaw
0.085,-0.107,1.018,147.763,-24.321,250.130,Yaw
0.104,0.111,1.057,112.977,7.489,250.130,Yaw
0.095,0.177,1.025,21.542,41.092,250.130,Yaw
0.103,0.102,1.004,-11.084,47.191,250.130,Yaw
0.259,-0.043,1.060,-18.687,60.740,250.130,Yaw
0.068,-0.065,1.005,5.924,4.641,202.519,Yaw
0.224,-0.165,0.971,33.031,-10.366,53.107,Yaw
0.201,-0.108,0.968,51.359,10.840,-60.611,Yaw
0.116,-0.067,0.951,77.618,-4.916,-153.634,Yaw
0.188,0.024,0.990,67.611,5.855,-250.137,Yaw
0.111,0.145,1.013,30.687,-7.725,-250.137,Yaw
0.085,0.207,1.002,-0.351,-28.420,-250.137,Yaw
-0.004,0.258,1.004,-23.176,-38.336,-250.137,Yaw
0.036,0.257,0.980,-12.939,-65.695,-250.137,Yaw
-0.023,0.265,1.066,-56.893,-101.565,-250.137,Yaw
0.108,0.101,0.891,-83.344,-99.374,-250.137,Yaw
0.221,-0.083,0.833,-53.252,-29.756,-250.137,Yaw
0.360,0.122,0.917,-58.718,4.985,-250.137,Yaw
0.362,0.301,0.950,-72.160,6.412,-81.046,Yaw
0.148,0.273,1.050,-45.611,5.573,21.992,Yaw
0.095,0.176,1.014,-35.779,-18.595,97.748,Yaw
0.060,-0.020,0.981,-7.565,-17.489,174.863,Yaw
0.163,-0.043,1.015,24.206,7.557,250.130,Yaw
0.067,-0.062,1.052,23.947,-14.191,250.130,Yaw
0.103,-0.078,1.012,20.031,-30.168,250.130,Yaw
0.100,-0.094,1.049,59.305,-15.107,250.130,Yaw
0.046,0.005,0.962,59.206,-17.580,250.130,Yaw
0.084,0.059,0.901,56.214,-21.221,250.130,Yaw
0.184,0.102,0.979,20.519,6.817,250.130,Yaw
0.261,-0.106,1.070,-22.382,66.221,250.130,Yaw
0.219,-0.156,0.944,-2.702,13.176,175.542,Yaw
0.192,-0.130,1.009,-5.153,1.244,23.908,Yaw
0.048,-0.158,1.032,-0.267,-0.321,-62.450,Yaw
0.066,-0.208,0.979,35.679,-12.664,-146.298,Yaw
0.156,-0.175,0.975,43.504,10.542,-250.137,Yaw
0.031,-0.027,1.004,26.550,14.954,-250.137,Yaw
-0.006,0.020,1.020,12.855,-13.336,-250.137,Yaw
0.012,0.098,0.986,12.221,-8.794,-250.137,Yaw
0.003,0.160,1.026,-2.763,-10.076,-250.137,Yaw
-0.054,0.201,1.022,-30.496,-41.809,-250.137,Yaw
0.072,0.046,0.963,-46.076,-65.511,-250.137,Yaw
0.147,-0.121,0.865,-41.122,-10.351,-250.137,Yaw
0.281,0.010,0.969,-24.382,47.901,-250.137,Yaw
0.420,0.301,1.004,-54.557,22.237,-138.595,Yaw
0.217,0.423,1.145,-40.947,2.519,1.740,Yaw
0.111,0.210,1.106,-33.260,-31.389,125.153,Yaw
0.109,-0.015,1.028,-1.718,-25.244,232.115,Yaw
0.078,-0.033,1.062,13.687,-4.557,250.130,Yaw
0.026,-0.075,1.069,25.344,-48.290,250.130,Yaw
0.105,-0.083,0.997,44.374,-64.779,250.130,Yaw
0.068,-0.037,0.985,69.405,-29.267,250.130,Yaw
0.060,-0.032,0.929,59.947,-10.672,250.130,Yaw
0.125,0.026,0.923,39.832,-1.160,250.130,Yaw
0.205,0.061,0.988,-13.573,35.115,250.130,Yaw
0.055,-0.094,0.949,3.099,6.908,250.130,Yaw
0.212,-0.206,0.976,6.634,-15.664,134.252,Yaw
0.217,-0.183,1.000,19.115,7.924,-14.420,Yaw
0.036,-0.142,1.019,35.901,-0.092,-105.344,Yaw
0.146,-0.165,0.953,54.565,1.679,-219.389,Yaw
0.069,-0.036,0.988,38.611,22.710,-250.137,Yaw
0.008,0.047,0.970,25.908,6.947,-250.137,Yaw
-0.008,0.132,0.965,15.595,1.695,-250.137,Yaw
-0.054,0.184,1.029,6.885,-7.863,-250.137,Yaw
-0.066,0.263,1.049,-29.229,-50.382,-250.137,Yaw
0.052,0.125,0.957,-60.412,-86.664,-250.137,Yaw
0.168,-0.175,0.930,-67.267,-24.695,-250.137,Yaw
0.283,0.092,1.027,-57.885,40.405,-250.137,Yaw
0.385,0.173,1.070,-91.550,29.122,-121.443,Yaw
0.229,0.352,1.146,-70.588,13.817,23.115,Yaw
0.025,0.051,1.038,-21.298,-43.924,118.229,Yaw
0.156,-0.010,0.995,18.626,-18.840,249.168,Yaw
0.034,-0.086,1.040,43.359,-25.779,250.130,Yaw
-0.082,-0.102,1.056,53.374,-74.542,250.130,Yaw
0.055,-0.085,1.015,39.137,-68.794,250.130,Yaw
0.030,-0.056,1.045,27.672,-31.061,250.130,Yaw
0.036,-0.043,1.024,24.618,-30.389,250.130,Yaw
0.086,-0.022,0.955,30.710,-23.947,250.130,Yaw
0.345,-0.051,0.965,13.198,39.527,250.130,Yaw
0.112,-0.134,0.888,28.740,7.466,211.534,Yaw
0.185,-0.168,0.938,39.023,-20.412,95.481,Yaw
0.204,-0.190,0.994,34.580,3.076,-48.534,Yaw
0.106,-0.083,1.021,28.389,1.962,-162.542,Yaw
0.146,-0.068,0.938,11.351,6.160,-250.137,Yaw
0.102,0.037,1.003,-18.634,6.412,-250.137,Yaw
0.019,0.070,1.020,-35.779,16.191,-250.137,Yaw
-0.081,-0.027,1.011,-23.763,-3.740,-250.137,Yaw
-0.072,-0.001,0.981,-6.992,-34.328,-250.137,Yaw
0.095,-0.058,0.892,-7.031,-22.618,-250.137,Yaw
0.134,0.074,0.992,1.168,22.313,-250.137,Yaw
0.147,0.148,0.980,-14.969,18.977,-250.137,Yaw
0.258,0.206,0.955,-36.542,13.427,-158.954,Yaw
0.073,0.320,1.050,-23.985,-11.298,-63.382,Yaw
0.125,0.206,1.115,-19.710,1.626,41.557,Yaw
0.093,0.121,1.094,-4.389,-21.756,110.160,Yaw
0.150,0.093,1.109,-3.412,-5.939,213.321,Yaw
0.080,0.062,1.101,-25.573,-7.473,250.130,Yaw
0.050,-0.007,1.020,-19.435,-23.702,250.130,Yaw
0.068,-0.100,0.974,-10.718,-33.107,250.130,Yaw
0.078,-0.134,0.957,11.908,-31.115,250.130,Yaw
-0.009,-0.095,0.958,35.885,-32.740,250.130,Yaw
0.075,-0.061,0.950,50.489,-41.824,250.130,Yaw
0.115,-0.040,0.944,28.458,-15.794,250.130,Yaw
0.249,-0.047,1.044,10.252,37.000,250.130,Yaw
0.094,-0.160,1.017,33.771,13.969,161.092,Yaw
0.121,-0.220,0.992,52.450,-10.206,25.687,Yaw
0.100,-0.139,1.007,50.023,8.908,-86.832,Yaw
0.147,-0.146,1.027,40.748,25.450,-204.489,Yaw
0.056,-0.026,1.009,23.710,34.649,-250.137,Yaw
-0.009,0.032,1.047,14.565,43.756,-250.137,Yaw
-0.085,0.038,1.001,4.389,22.725,-250.137,Yaw
-0.199,0.065,0.999,0.008,-35.618,-250.137,Yaw
-0.055,0.040,1.027,-6.855,-91.282,-250.137,Yaw
0.079,-0.132,0.881,-8.305,-63.626,-250.137,Yaw
0.163,0.101,0.985,-8.595,3.878,-250.137,Yaw
0.293,0.115,1.025,-35.313,-16.115,-201.931,Yaw
0.262,0.310,1.009,-22.519,-11.130,-29.130,Yaw
0.076,0.094,0.992,-8.313,-34.023,51.153,Yaw
0.111,0.125,1.032,1.718,-30.473,115.328,Yaw
0.191,0.056,0.990,4.931,-13.634,225.969,Yaw
0.148,0.015,0.989,7.176,3.878,250.130,Yaw
0.065,-0.103,0.962,15.046,-4.191,250.130,Yaw
-0.026,-0.142,0.970,64.321,-28.031,250.130,Yaw
-0.020,-0.007,0.990,78.489,-35.824,250.130,Yaw
0.073,0.145,0.952,32.069,6.916,250.130,Yaw
0.119,0.110,1.019,-20.794,48.458,250.130,Yaw
0.009,-0.005,1.052,-30.305,84.130,240.931,Yaw
0.127,-0.217,1.034,31.954,10.382,108.672,Yaw
0.168,-0.132,1.017,63.618,6.817,-21.321,Yaw
0.164,-0.088,1.026,69.252,19.206,-145.237,Yaw
0.074,0.038,1.020,39.374,34.107,-250.137,Yaw
-0.068,0.103,1.000,4.641,21.977,-250.137,Yaw
-0.209,0.002,1.047,-10.626,4.046,-250.137,Yaw
-0.149,-0.004,1.053,-7.176,-64.069,-250.137,Yaw
-0.107,0.043,1.066,-41.885,-118.168,-250.137,Yaw
0.132,-0.075,0.986,-48.046,-106.328,-250.137,Yaw
0.261,-0.023,0.943,-26.221,-37.168,-250.137,Yaw
0.286,0.035,0.923,-6.863,14.809,-228.710,Yaw
0.305,0.166,0.874,-16.252,5.565,-72.282,Yaw
0.249,0.125,0.903,7.802,-3.611,9.611,Yaw
0.165,0.101,0.974,15.221,-6.687,83.137,Yaw
0.251,0.046,0.962,16.015,11.702,209.237,Yaw
0.126,-0.039,1.001,19.771,13.603,250.130,Yaw
0.054,-0.025,1.042,27.908,-34.863,250.130,Yaw
0.035,-0.093,1.015,61.198,-61.198,250.130,Yaw
0.022,-0.018,1.030,55.214,-44.053,250.130,Yaw
0.113,0.010,1.030,26.183,-9.771,250.130,Yaw
0.150,-0.003,0.961,29.252,12.038,250.130,Yaw
-0.024,-0.008,0.965,15.962,52.664,250.130,Yaw
0.291,-0.154,1.017,30.969,-28.405,214.939,Yaw
0.269,-0.105,0.979,23.122,-4.603,103.061,Yaw
0.191,-0.135,1.000,16.069,3.076,0.763,Yaw
0.210,-0.130,0.979,21.649,-0.206,-91.771,Yaw
0.206,-0.073,1.024,5.573,5.504,-189.542,Yaw
0.230,-0.036,1.013,-4.733,35.382,-250.137,Yaw
0.108,0.019,1.021,-21.359,52.282,-250.137,Yaw
-0.025,-0.051,1.039,-9.359,64.672,-250.137,Yaw
-0.133,-0.014,1.018,17.000,40.595,-250.137,Yaw
-0.127,0.066,1.037,22.191,-21.977,-250.137,Yaw
-0.022,-0.080,0.909,13.504,-52.763,-250.137,Yaw
0.101,0.118,0.990,-4.534,1.603,-250.137,Yaw
0.254,0.327,0.993,-89.099,-3.534,-228.450,Yaw
0.280,0.277,1.043,-88.763,0.626,-71.977,Yaw
0.181,0.158,1.000,-51.206,-15.740,35.649,Yaw
0.110,0.069,1.024,-25.641,-33.458,134.206,Yaw
0.152,-0.001,0.954,5.924,-30.321,250.130,Yaw
0.052,-0.135,0.994,26.344,-27.603,250.130,Yaw
-0.084,-0.126,1.037,73.038,-79.252,250.130,Yaw
0.092,-0.060,1.027,115.374,-79.725,250.130,Yaw
0.146,0.066,0.957,89.916,-26.481,250.130,Yaw
0.084,0.147,1.041,33.992,11.260,250.130,Yaw
0.145,0.093,1.007,-10.916,24.802,250.130,Yaw
0.071,0.022,1.038,-25.160,77.290,250.130,Yaw
0.211,-0.157,1.040,20.527,-27.481,147.046,Yaw
0.247,-0.152,0.990,39.229,-9.244,23.901,Yaw
0.111,-0.119,0.970,33.595,2.389,-85.481,Yaw
0.109,-0.076,0.956,21.198,-2.481,-168.405,Yaw
0.144,0.067,0.968,-6.298,8.573,-250.137,Yaw
-0.066,0.118,1.004,-25.901,7.840,-250.137,Yaw
0.093,-0.088,1.001,-36.710,5.153,-250.137,Yaw
0.052,-0.026,1.024,-38.282,17.878,-250.137,Yaw
-0.034,0.010,0.999,-56.878,4.305,-250.137,Yaw
0.045,-0.189,0.929,-41.565,5.023,-250.137,Yaw
0.105,-0.161,1.010,-36.840,18.611,-250.137,Yaw
0.151,0.188,1.017,-18.046,5.802,-131.031,Yaw
0.230,0.190,1.069,-9.611,-11.756,-45.290,Yaw
0.232,0.123,1.000,2.206,-29.038,38.962,Yaw
0.141,0.102,1.060,18.924,-24.473,107.344,Yaw
0.156,0.056,1.009,18.328,-33.244,214.542,Yaw
0.126,-0.013,1.032,31.977,4.313,250.130,Yaw
0.018,0.005,1.068,44.076,-11.885,250.130,Yaw
0.088,-0.052,1.051,40.817,-22.221,250.130,Yaw
0.054,-0.053,1.004,61.954,-17.443,250.130,Yaw
0.067,0.068,1.002,45.557,-20.832,250.130,Yaw
0.111,0.057,1.023,2.046,-7.947,250.130,Yaw
0.160,-0.028,0.980,1.779,2.779,250.130,Yaw
0.156,-0.077,0.908,42.649,4.489,246.336,Yaw
0.228,-0.126,0.997,38.092,-19.725,112.519,Yaw
0.246,-0.115,0.983,37.183,-8.000,-19.107,Yaw
0.098,-0.077,0.979,33.534,-9.046,-113.275,Yaw
0.178,-0.023,0.996,5.817,-3.656,-229.527,Yaw
0.157,0.067,1.007,-20.962,8.863,-250.137,Yaw
0.066,0.114,1.005,-60.176,11.069,-250.137,Yaw
-0.050,0.025,1.003,-64.107,-1.847,-250.137,Yaw
-0.012,-0.038,1.042,-33.527,-25.626,-250.137,Yaw
0.087,-0.084,0.946,-27.618,-32.809,-250.137,Yaw
0.197,0.042,0.963,-3.863,10.466,-250.137,Yaw
0.378,0.178,0.918,-41.855,-8.702,-141.824,Yaw
0.244,0.202,0.947,-10.878,0.298,-26.229,Yaw
0.284,0.139,0.942,-1.519,-13.328,27.122,Yaw
0.176,0.112,0.944,6.962,-10.893,94.252,Yaw
0.168,0.066,1.023,0.718,2.221,182.649,Yaw
0.156,0.033,1.085,-6.885,18.573,250.130,Yaw
0.123,0.021,1.109,-2.160,-5.611,250.130,Yaw
0.150,-0.119,1.036,16.000,-8.489,250.130,Yaw
0.051,-0.066,1.012,63.244,-1.771,250.130,Yaw
0.132,0.012,1.054,66.916,3.847,250.130,Yaw
0.133,0.125,1.049,45.824,44.267,250.130,Yaw
0.253,0.044,1.138,10.550,101.244,250.130,Yaw
0.056,0.119,0.967,18.260,10.168,164.107,Yaw
0.117,-0.009,0.994,7.672,-4.710,64.435,Yaw
0.118,-0.099,1.002,20.069,-7.008,-31.588,Yaw
-0.008,-0.027,0.953,33.504,-12.023,-86.573,Yaw
0.099,0.010,0.962,22.321,-23.718,-168.313,Yaw
0.083,0.050,1.031,5.160,-10.969,-250.137,Yaw
0.010,0.159,1.045,-7.328,6.313,-250.137,Yaw
-0.010,0.139,1.079,-26.771,-8.282,-250.137,Yaw
-0.010,0.023,1.058,-54.260,-40.481,-250.137,Yaw
0.013,-0.021,0.981,-93.153,-68.580,-250.137,Yaw
0.107,-0.093,0.886,-74.710,-70.924,-250.137,Yaw
0.208,-0.083,0.865,-36.382,-52.008,-250.137,Yaw
0.284,-0.008,0.962,-20.359,-6.710,-196.336,Yaw
0.317,0.014,0.902,-17.008,8.527,-94.931,Yaw
0.327,0.103,0.911,13.275,-14.183,-18.718,Yaw
0.203,0.082,1.010,20.038,-0.855,39.534,Yaw
0.277,0.002,1.008,36.183,-7.534,93.389,Yaw
0.340,0.071,1.028,34.573,2.817,197.649,Yaw
0.238,0.013,0.985,41.855,1.160,250.130,Yaw
0.177,-0.031,1.010,42.130,3.962,250.130,Yaw
0.166,-0.079,1.022,64.779,11.053,250.130,Yaw
0.080,0.051,1.016,67.191,15.328,250.130,Yaw
0.086,0.083,0.950,28.916,20.802,250.130,Yaw
0.112,0.067,1.004,16.504,38.267,250.130,Yaw
0.053,0.074,1.016,10.008,87.756,209.954,Yaw
0.179,0.018,0.977,36.725,19.595,83.130,Yaw
0.204,-0.050,1.022,47.626,19.672,-10.214,Yaw
0.125,-0.012,1.030,44.275,29.603,-96.481,Yaw
0.102,0.036,1.034,33.260,38.992,-198.336,Yaw
-0.012,0.124,1.019,-5.962,63.298,-250.137,Yaw
-0.083,0.076,0.993,-41.420,40.702,-250.137,Yaw
-0.079,0.147,1.037,-33.015,-26.000,-250.137,Yaw
-0.190,-0.088,0.980,-53.008,-89.382,-250.137,Yaw
0.002,-0.061,0.976,-73.031,-91.939,-250.137,Yaw
0.118,-0.094,0.930,-52.573,-95.008,-250.137,Yaw
0.237,-0.038,0.918,-12.557,-81.321,-250.137,Yaw
0.377,-0.039,0.899,2.626,-38.687,-191.160,Yaw
0.260,0.081,0.907,25.702,-19.496,-85.695,Yaw
0.332,0.134,0.993,21.916,13.802,-11.924,Yaw
0.240,0.089,1.011,20.137,-0.954,38.397,Yaw
0.282,0.038,1.012,24.565,0.504,88.527,Yaw
0.298,0.091,1.020,14.634,31.351,166.542,Yaw
0.262,-0.001,1.091,10.985,33.809,250.130,Yaw
0.198,-0.045,1.042,18.519,13.191,250.130,Yaw
0.159,-0.107,1.000,32.038,5.282,250.130,Yaw
0.116,-0.081,1.022,56.985,0.069,250.130,Yaw
0.083,-0.012,0.984,62.962,-8.145,250.130,Yaw
0.113,0.051,0.965,59.405,-9.817,250.130,Yaw
0.249,0.073,0.988,45.939,21.420,250.130,Yaw
0.224,0.148,0.892,47.588,25.702,190.618,Yaw
0.167,0.014,0.980,20.092,19.107,85.878,Yaw
0.202,-0.107,1.002,36.695,0.450,-5.832,Yaw
0.148,-0.003,0.965,34.412,1.275,-100.260,Yaw
0.123,0.003,0.981,11.794,10.046,-192.069,Yaw
0.121,0.123,1.023,0.649,5.550,-250.137,Yaw
-0.024,0.203,0.970,-36.450,17.244,-250.137,Yaw
-0.065,-0.023,0.996,-51.687,-2.092,-250.137,Yaw
-0.003,0.053,1.006,-36.702,-36.389,-250.137,Yaw
0.025,0.042,0.950,-73.198,-45.908,-250.137,Yaw
0.063,-0.042,0.923,-67.321,-43.870,-250.137,Yaw
0.138,-0.082,0.980,-49.496,-24.985,-250.137,Yaw
0.451,-0.056,0.951,-45.588,-15.664,-192.382,Yaw
0.327,0.054,1.027,-14.504,-1.450,-88.221,Yaw
0.251,0.076,0.988,-11.137,-2.840,-3.939,Yaw
0.250,0.024,1.041,14.405,-16.771,62.641,Yaw
0.283,0.019,1.029,23.282,-4.191,136.145,Yaw
0.288,-0.013,1.043,6.031,13.153,237.145,Yaw
0.219,-0.085,1.020,11.817,14.214,250.130,Yaw
0.201,-0.108,1.040,26.916,12.328,250.130,Yaw
0.047,-0.110,0.963,33.924,-1.466,250.130,Yaw
0.116,-0.136,1.003,40.023,-21.725,250.130,Yaw
0.141,-0.023,0.993,57.344,2.794,250.130,Yaw
0.125,0.071,0.974,44.809,19.450,250.130,Yaw
0.203,0.030,1.070,34.588,55.954,250.130,Yaw
0.136,0.088,0.948,41.481,22.221,134.802,Yaw
0.155,-0.018,1.031,25.649,22.786,46.374,Yaw
0.096,-0.033,1.026,27.748,26.267,-53.229,Yaw
0.038,0.016,0.962,25.466,11.023,-151.565,Yaw
0.036,0.079,1.036,8.855,17.382,-250.137,Yaw
-0.043,0.036,1.020,-2.252,20.908,-250.137,Yaw
-0.141,0.027,0.975,-9.824,-11.733,-250.137,Yaw
-0.136,0.014,0.962,-18.603,-52.290,-250.137,Yaw
-0.038,0.017,0.935,-28.206,-55.366,-250.137,Yaw
0.029,-0.079,0.962,-20.282,-38.122,-250.137,Yaw
0.032,-0.051,0.946,-8.290,-37.931,-250.137,Yaw
0.253,-0.068,0.983,-29.427,-49.847,-250.137,Yaw
0.235,0.079,0.942,-34.718,-29.840,-175.656,Yaw
0.300,0.140,1.000,-34.031,-17.153,-84.061,Yaw
0.235,0.128,1.069,-34.824,-4.252,20.664,Yaw
0.229,0.046,1.061,-4.397,-20.221,91.977,Yaw
0.275,0.067,1.026,6.542,3.924,180.275,Yaw
0.195,-0.059,1.033,13.344,2.405,250.130,Yaw
0.169,-0.108,1.073,27.420,-6.595,250.130,Yaw
0.078,-0.136,0.984,30.198,3.550,250.130,Yaw
0.076,-0.105,0.986,40.122,-10.863,250.130,Yaw
0.089,-0.080,0.958,51.198,-7.931,250.130,Yaw
0.040,-0.031,1.002,41.344,-15.321,250.130,Yaw
0.064,-0.007,0.970,43.802,-12.191,250.130,Yaw
0.219,0.049,1.039,31.099,13.580,250.130,Yaw
0.182,0.026,0.958,33.328,2.794,175.969,Yaw
0.112,-0.038,1.071,28.725,-9.832,81.786,Yaw
0.163,-0.056,1.054,32.847,-4.962,-28.748,Yaw
0.065,-0.031,0.994,37.473,-9.679,-125.450,Yaw
0.125,0.038,1.036,16.733,19.137,-230.130,Yaw
0.029,0.038,0.998,-1.771,40.748,-250.137,Yaw
-0.022,0.030,0.950,-2.473,50.664,-250.137,Yaw
-0.092,0.047,0.932,-4.710,24.710,-250.137,Yaw
-0.087,0.003,0.954,-2.847,-25.252,-250.137,Yaw
-0.076,-0.009,0.935,2.298,-33.145,-250.137,Yaw
-0.032,-0.008,0.975,-9.290,-26.878,-250.137,Yaw
0.169,-0.045,0.992,-28.260,-23.290,-250.137,Yaw
0.230,0.026,0.966,-29.939,-30.389,-245.802,Yaw
0.178,0.154,1.074,-18.687,-27.939,-154.656,Yaw
0.355,0.220,1.024,-19.260,-11.198,-33.985,Yaw
0.171,0.169,1.101,-6.626,-16.901,78.763,Yaw
0.248,0.020,1.069,5.000,-17.588,167.870,Yaw
0.190,-0.023,1.021,0.969,16.450,250.130,Yaw
0.072,-0.089,1.023,8.214,21.038,250.130,Yaw
0.042,-0.119,0.980,29.748,7.740,250.130,Yaw
-0.053,-0.074,0.952,44.641,-17.420,250.130,Yaw
-0.014,-0.064,0.994,45.748,-25.756,250.130,Yaw
-0.004,0.079,0.990,45.611,-6.160,250.130,Yaw
0.015,0.081,0.989,16.298,1.962,250.130,Yaw
0.074,0.126,1.042,5.023,6.656,250.130,Yaw
-0.012,0.074,1.016,-2.473,36.969,140.267,Yaw
0.123,-0.099,1.022,29.420,-10.511,37.214,Yaw
0.184,-0.023,0.968,49.313,-5.847,-68.397,Yaw
0.136,0.064,0.999,32.908,16.015,-193.008,Yaw
0.050,0.115,1.010,4.885,27.321,-250.137,Yaw
-0.047,0.127,1.004,-13.000,33.275,-250.137,Yaw
-0.140,0.052,0.972,-18.275,23.420,-250.137,Yaw
-0.171,-0.102,0.964,-13.069,-21.565,-250.137,Yaw
-0.096,-0.017,0.974,11.191,-31.809,-250.137,Yaw
-0.057,0.010,1.004,7.840,-43.748,-250.137,Yaw
0.028,0.045,0.963,-2.366,-49.397,-250.137,Yaw
0.228,0.054,0.957,-17.595,-39.641,-250.137,Yaw
0.129,0.195,0.971,-15.046,-39.534,-194.092,Yaw
0.344,0.268,1.007,-39.122,-10.672,-72.794,Yaw
0.183,0.237,1.099,-29.763,-5.817,42.847,Yaw
0.169,0.081,1.024,2.924,-35.176,134.557,Yaw
0.206,0.030,1.023,19.298,-11.084,246.206,Yaw
0.192,-0.069,1.024,18.725,3.412,250.130,Yaw
0.067,-0.123,1.031,33.489,-13.626,250.130,Yaw
-0.057,-0.107,0.957,36.557,-19.710,250.130,Yaw
-0.062,-0.071,0.988,30.573,-34.748,250.130,Yaw
0.012,-0.014,0.979,40.519,-27.588,250.130,Yaw
0.094,0.072,0.990,36.122,-18.847,250.130,Yaw
0.155,0.116,1.036,9.298,4.366,250.130,Yaw
0.088,0.014,0.987,16.130,42.313,216.855,Yaw
0.260,-0.164,1.049,42.214,3.672,94.824,Yaw
0.225,-0.121,0.983,60.595,9.901,-21.344,Yaw
0.148,-0.032,1.037,57.168,11.748,-154.710,Yaw
0.106,0.057,1.034,18.298,22.038,-250.137,Yaw
0.047,0.079,1.013,-21.893,52.802,-250.137,Yaw
-0.154,0.005,0.931,-24.328,64.107,-250.137,Yaw
-0.234,-0.113,0.940,-1.916,18.076,-250.137,Yaw
-0.197,-0.061,0.929,27.519,-19.076,-250.137,Yaw
-0.108,-0.027,0.968,20.321,-31.786,-250.137,Yaw
0.014,-0.004,0.988,8.519,-38.725,-250.137,Yaw
0.167,0.035,0.973,-17.313,-52.534,-250.137,Yaw
0.115,0.144,1.001,-31.481,-26.366,-201.359,Yaw
0.152,0.188,1.052,-21.847,-31.595,-129.611,Yaw
0.319,0.287,1.067,-31.298,-4.443,-1.427,Yaw
0.132,0.187,1.093,-5.489,-29.908,104.542,Yaw
0.181,0.068,1.039,22.756,-34.954,205.718,Yaw
0.196,-0.041,1.037,17.466,4.405,250.130,Yaw
0.031,-0.113,0.968,5.863,2.931,250.130,Yaw
-0.027,-0.174,0.960,22.313,-40.198,250.130,Yaw
-0.051,-0.114,0.945,35.954,-54.725,250.130,Yaw
-0.026,-0.022,0.970,41.649,-44.603,250.130,Yaw
0.096,0.092,1.015,41.221,-28.855,250.130,Yaw
0.218,0.074,1.002,19.557,-1.168,250.130,Yaw
0.370,-0.127,1.042,20.198,53.374,220.107,Yaw
0.219,-0.105,0.952,70.954,25.282,69.779,Yaw
0.129,-0.035,1.022,77.901,13.573,-57.878,Yaw
0.125,0.069,1.030,52.672,21.885,-201.557,Yaw
0.099,0.123,0.984,8.153,57.550,-250.137,Yaw
-0.126,0.089,0.971,-16.740,71.626,-250.137,Yaw
-0.294,-0.182,0.937,-29.015,-5.008,-250.137,Yaw
-0.192,-0.188,0.961,-3.023,-33.153,-250.137,Yaw
-0.049,-0.131,1.014,1.374,-44.450,-250.137,Yaw
0.095,-0.033,0.977,7.626,-48.580,-250.137,Yaw
0.177,0.043,0.983,24.137,-47.756,-250.137,Yaw
0.150,0.176,0.992,3.183,-27.206,-152.405,Yaw
0.042,0.163,1.100,-6.557,-59.313,-78.198,Yaw
0.301,0.349,1.099,-3.779,-8.580,49.237,Yaw
0.241,0.207,1.063,-9.878,-10.550,158.237,Yaw
0.181,0.152,0.991,-21.924,28.611,250.130,Yaw
0.071,0.031,0.942,-32.374,13.290,250.130,Yaw
-0.010,-0.140,0.893,-8.893,-51.198,250.130,Yaw
0.003,-0.170,0.958,42.145,-62.374,250.130,Yaw
0.014,-0.058,0.940,77.160,-44.740,250.130,Yaw
0.031,0.084,0.937,84.397,-18.916,250.130,Yaw
0.187,0.085,1.055,57.351,7.069,250.130,Yaw
-0.021,0.132,1.048,28.069,65.351,250.130,Yaw
0.134,0.071,1.101,32.366,16.336,164.061,Yaw
0.139,-0.069,1.106,34.969,24.443,56.267,Yaw
0.117,-0.087,1.093,43.595,17.198,-56.893,Yaw
0.105,-0.026,1.030,56.168,9.824,-166.328,Yaw
0.049,0.062,1.021,35.473,35.664,-250.137,Yaw
-0.031,0.155,1.006,8.962,60.817,-250.137,Yaw
-0.202,0.139,0.954,3.382,22.710,-250.137,Yaw
-0.270,0.069,0.864,-5.359,-44.733,-250.137,Yaw
-0.170,0.061,0.964,12.405,-74.824,-250.137,Yaw
-0.078,0.079,1.019,-12.496,-94.481,-250.137,Yaw
0.020,0.023,0.941,-27.412,-102.771,-250.137,Yaw
0.190,-0.016,0.963,-29.672,-65.641,-250.137,Yaw
0.346,0.207,0.979,-27.214,-41.718,-190.046,Yaw
0.464,0.343,1.078,-0.649,-20.191,-57.580,Yaw
0.286,0.373,1.081,-8.725,-11.290,72.466,Yaw
0.386,0.173,1.011,-2.412,7.580,210.687,Yaw
0.225,-0.031,0.988,1.000,8.191,250.130,Yaw
-0.030,-0.117,1.004,10.229,-36.282,250.130,Yaw
-0.079,-0.139,0.947,36.962,-77.473,250.130,Yaw
-0.014,-0.025,0.969,48.863,-64.237,250.130,Yaw
0.115,0.021,0.958,48.489,-23.656,250.130,Yaw
0.087,0.053,0.979,40.779,-7.870,250.130,Yaw
0.206,0.094,1.050,13.084,12.137,250.130,Yaw
0.236,-0.031,0.948,41.656,3.611,160.710,Yaw
0.297,-0.199,1.026,74.137,-12.565,66.458,Yaw
0.274,-0.006,1.018,60.489,14.969,-57.282,Yaw
0.013,0.214,1.035,21.824,18.397,-160.168,Yaw
-0.058,0.090,0.948,-4.321,-17.740,-175.351,Yaw
-0.023,0.171,0.889,-56.992,-35.878,-196.710,Yaw
0.459,0.046,0.954,-109.947,-14.160,-250.137,Yaw
0.363,-0.033,1.088,-130.038,66.916,-250.137,Yaw
0.114,-0.160,0.944,-56.267,51.656,-250.137,Yaw
0.202,-0.197,0.960,-8.061,24.992,-250.137,Yaw
0.320,-0.532,0.941,-9.237,-0.145,-210.588,Yaw
0.079,0.050,1.005,27.992,0.206,-95.977,Yaw
0.181,0.096,1.042,12.679,-3.656,-59.221,Yaw
0.178,0.121,0.961,9.962,-16.924,0.435,Yaw
0.189,0.128,1.052,2.198,-14.015,45.924,Yaw
0.228,0.111,1.102,-24.565,-10.305,98.153,Yaw
0.266,0.023,1.081,-31.885,-23.634,177.756,Yaw
0.232,-0.065,1.042,-15.763,-29.496,250.130,Yaw
0.179,-0.183,0.964,1.260,-29.366,250.130,Yaw
0.195,-0.348,0.896,38.863,-60.939,250.130,Yaw
0.226,-0.264,0.866,117.840,-64.458,250.130,Yaw
0.412,-0.089,0.891,138.908,-34.687,250.130,Yaw
0.475,0.112,1.104,90.214,80.374,250.130,Yaw
0.121,0.490,0.965,76.534,40.679,162.672,Yaw
-0.018,0.281,0.989,18.885,22.046,85.885,Yaw
0.186,0.032,1.008,19.763,3.847,-16.725,Yaw
0.212,-0.035,0.993,36.237,19.565,-129.405,Yaw
0.224,0.025,0.973,21.985,49.595,-235.580,Yaw
0.054,0.131,1.035,-20.687,104.298,-250.137,Yaw
-0.134,0.055,1.020,-36.901,89.290,-250.137,Yaw
-0.196,-0.042,1.014,-40.450,36.382,-250.137,Yaw
-0.145,-0.192,0.979,-23.565,5.023,-250.137,Yaw
-0.058,-0.085,0.958,2.000,-47.405,-250.137,Yaw
0.025,0.071,0.986,-9.588,-102.595,-250.137,Yaw
0.145,0.025,0.995,-37.298,-87.191,-250.137,Yaw
0.420,0.071,0.973,-58.366,-59.527,-219.748,Yaw
0.303,-0.025,1.030,-38.710,-61.641,-96.198,Yaw
0.143,-0.167,1.003,-10.649,-97.374,-49.939,Yaw
0.395,-0.207,1.077,18.794,-30.786,19.893,Yaw
0.279,-0.017,0.957,42.634,-22.557,81.397,Yaw
0.326,-0.037,0.912,35.672,-4.672,172.802,Yaw
0.242,-0.072,0.989,17.397,-6.221,250.130,Yaw
0.160,-0.158,0.999,24.962,-32.290,250.130,Yaw
0.174,-0.203,0.984,26.473,-35.473,250.130,Yaw
0.105,-0.234,0.958,27.244,-29.489,250.130,Yaw
0.127,-0.182,0.961,51.687,-49.687,250.130,Yaw
0.196,-0.126,0.927,80.031,-54.344,250.130,Yaw
0.312,-0.168,1.006,83.053,0.733,250.130,Yaw
0.334,0.020,0.950,104.565,-16.725,243.031,Yaw
0.273,0.038,0.970,62.099,24.733,144.153,Yaw
0.234,-0.060,1.021,36.023,32.710,43.939,Yaw
0.189,-0.101,1.039,44.466,11.824,-56.237,Yaw
0.188,-0.019,1.047,23.695,31.817,-175.069,Yaw
0.114,0.106,0.971,-9.802,39.305,-250.137,Yaw
0.008,0.037,0.995,-29.687,39.573,-250.137,Yaw
-0.064,-0.120,0.964,1.916,18.542,-250.137,Yaw
-0.035,-0.004,0.979,35.489,-10.046,-250.137,Yaw
-0.029,0.048,0.949,26.710,-26.198,-250.137,Yaw
0.042,0.012,0.947,17.634,-29.450,-250.137,Yaw
0.177,0.051,0.954,11.084,-24.107,-250.137,Yaw
0.362,0.056,0.969,-20.481,-19.985,-231.832,Yaw
0.221,0.278,1.068,-8.855,-20.496,-130.397,Yaw
0.304,0.332,1.073,-2.863,-36.939,4.237,Yaw
0.258,0.233,1.068,3.038,-31.802,120.748,Yaw
0.283,0.065,1.021,-0.710,-5.099,235.931,Yaw
0.198,-0.008,1.004,-0.542,12.656,250.130,Yaw
0.092,-0.094,1.020,18.969,-26.069,250.130,Yaw
0.040,-0.052,0.987,27.176,-46.870,250.130,Yaw
0.073,-0.025,0.969,43.832,-68.351,250.130,Yaw
0.220,0.005,1.009,32.634,-19.733,250.130,Yaw
0.256,0.110,0.997,14.649,16.893,250.130,Yaw
0.218,0.121,0.897,16.412,25.053,230.908,Yaw
0.260,-0.002,1.021,2.794,9.038,141.427,Yaw
0.260,-0.143,0.983,24.870,14.565,65.221,Yaw
0.261,-0.126,1.005,43.313,22.473,-22.687,Yaw
0.158,-0.031,0.972,37.382,18.977,-123.000,Yaw
0.151,0.005,1.019,10.618,29.145,-212.168,Yaw
0.116,0.039,0.995,-27.282,62.168,-250.137,Yaw
0.037,-0.047,0.946,-29.435,66.870,-250.137,Yaw
0.011,-0.005,0.967,6.550,40.481,-250.137,Yaw
-0.051,0.032,0.932,34.664,10.473,-250.137,Yaw
-0.096,-0.043,0.889,55.321,-18.565,-250.137,Yaw
0.021,-0.061,0.934,60.191,-30.267,-250.137,Yaw
0.112,0.008,1.021,39.664,-24.534,-250.137,Yaw
0.277,0.220,1.029,-9.366,-34.359,-217.557,Yaw
0.193,0.387,1.137,-36.786,-36.580,-108.099,Yaw
0.239,0.337,1.079,-55.641,-43.557,20.061,Yaw
0.129,0.192,1.016,-71.397,-35.985,109.695,Yaw
0.184,0.066,0.982,-83.015,5.931,206.710,Yaw
0.127,-0.080,1.024,-72.168,3.061,250.130,Yaw
0.010,-0.167,0.970,-37.931,-45.511,250.130,Yaw
0.034,-0.215,0.961,-3.099,-88.985,250.130,Yaw
0.109,-0.247,0.967,66.916,-108.374,250.130,Yaw
0.201,-0.110,0.970,125.527,-97.557,250.130,Yaw
0.250,0.087,0.925,109.443,-43.634,250.130,Yaw
0.331,0.053,1.038,47.511,62.519,250.130,Yaw
0.269,0.035,0.982,37.061,31.969,215.069,Yaw
0.205,-0.014,0.994,4.122,30.626,122.672,Yaw
0.230,-0.115,1.088,7.794,12.183,7.840,Yaw
0.120,-0.075,1.025,19.107,-6.473,-106.901,Yaw
0.133,-0.018,1.026,-5.000,4.183,-208.145,Yaw
0.108,0.050,1.074,-23.756,23.298,-250.137,Yaw
0.082,-0.018,0.956,-18.580,70.229,-250.137,Yaw
-0.052,-0.045,0.867,9.221,77.046,-250.137,Yaw
-0.091,-0.082,0.908,44.885,32.038,-250.137,Yaw
-0.079,-0.069,0.945,71.450,-2.969,-250.137,Yaw
-0.050,0.055,0.964,48.489,-33.015,-250.137,Yaw
0.031,0.030,1.001,-9.565,-58.496,-250.137,Yaw
0.225,0.159,0.977,-40.885,-25.351,-223.267,Yaw
0.169,0.216,1.058,-49.985,-12.145,-142.489,Yaw
0.310,0.200,1.034,-51.656,-20.679,-43.969,Yaw
0.153,0.230,1.104,-37.718,-21.802,54.969,Yaw
0.163,0.115,1.052,-11.817,-44.435,142.618,Yaw
0.188,-0.002,1.004,-3.595,-28.130,249.748,Yaw
0.143,-0.077,1.035,4.160,-23.672,250.130,Yaw
0.102,-0.141,0.957,16.924,-39.802,250.130,Yaw
0.105,-0.188,0.977,31.038,-62.817,250.130,Yaw
0.077,-0.159,0.970,58.824,-72.992,250.130,Yaw
0.153,-0.018,1.018,76.496,-56.359,250.130,Yaw
0.250,0.094,0.969,56.076,-23.443,250.130,Yaw
0.400,0.079,1.018,19.641,18.458,250.130,Yaw
0.331,0.023,0.926,37.023,17.580,128.649,Yaw
0.243,-0.125,1.034,30.672,19.817,22.153,Yaw
0.189,-0.076,1.013,22.733,35.084,-84.069,Yaw
0.136,-0.058,0.962,3.069,36.893,-196.038,Yaw
0.056,0.028,1.016,-26.939,46.076,-250.137,Yaw
-0.015,0.006,0.974,-37.901,57.992,-250.137,Yaw
-0.042,-0.044,0.967,-19.000,45.076,-250.137,Yaw
-0.061,-0.059,0.922,-4.389,23.802,-250.137,Yaw
-0.042,-0.138,0.900,0.298,17.214,-250.137,Yaw
-0.014,-0.122,0.934,22.809,7.763,-250.137,Yaw
0.226,-0.035,0.957,13.832,-11.893,-250.137,Yaw
0.171,0.211,1.010,18.275,-4.977,-229.366,Yaw
0.120,0.297,0.989,-15.122,6.267,-115.702,Yaw
0.188,0.371,1.008,-30.878,9.305,7.687,Yaw
0.105,0.196,1.078,-10.954,-18.115,108.229,Yaw
0.031,0.006,1.066,9.603,-31.137,213.588,Yaw
0.103,-0.028,1.100,25.069,-31.977,250.130,Yaw
0.058,-0.072,1.063,15.023,-15.466,250.130,Yaw
0.077,-0.114,1.018,17.748,-26.878,250.130,Yaw
-0.021,-0.168,1.006,47.305,-53.443,250.130,Yaw
0.028,-0.041,0.975,86.939,-89.206,250.130,Yaw
0.261,0.171,0.978,51.443,-16.405,250.130,Yaw
0.294,0.157,0.997,0.115,46.748,250.130,Yaw
0.073,0.035,1.012,-4.710,90.824,210.511,Yaw
0.182,-0.081,1.020,29.580,16.061,104.168,Yaw
0.202,-0.094,0.975,47.374,13.710,0.664,Yaw
0.155,-0.065,1.030,47.870,18.427,-130.458,Yaw
0.073,0.033,1.006,32.809,38.099,-250.137,Yaw
0.016,0.057,1.036,6.359,82.977,-250.137,Yaw
-0.114,-0.015,0.991,11.076,77.366,-250.137,Yaw
-0.246,-0.106,0.904,57.565,16.893,-250.137,Yaw
-0.206,-0.017,0.920,110.756,-15.626,-250.137,Yaw
-0.126,0.117,0.949,97.763,-58.924,-250.137,Yaw
0.050,0.233,1.013,36.969,-90.878,-250.137,Yaw
0.210,0.251,1.062,-7.771,-87.962,-232.695,Yaw
0.167,0.354,1.113,-19.412,-59.908,-118.626,Yaw
0.127,0.348,1.043,-44.412,-70.366,-11.527,Yaw
0.141,0.308,1.035,-49.794,-29.275,95.863,Yaw
0.159,0.174,1.019,-34.718,-13.710,192.595,Yaw
0.125,0.087,1.027,-19.145,2.802,250.130,Yaw
0.043,0.001,1.043,-5.153,-20.206,250.130,Yaw
0.068,-0.143,0.976,17.099,-36.626,250.130,Yaw
0.088,-0.154,0.913,71.069,-28.107,250.130,Yaw
0.087,0.107,0.856,88.924,-22.176,250.130,Yaw
0.225,0.329,0.920,18.954,4.878,250.130,Yaw
0.253,0.152,0.976,-35.611,36.466,250.130,Yaw
0.273,-0.025,1.056,-32.382,56.962,184.015,Yaw
0.208,-0.120,0.991,-0.183,27.420,36.313,Yaw
0.116,-0.104,0.995,33.992,8.832,-100.183,Yaw
0.081,-0.017,1.000,40.397,22.130,-220.038,Yaw
-0.010,0.002,1.044,34.878,48.779,-250.137,Yaw
-0.148,0.028,0.980,39.290,72.901,-250.137,Yaw
-0.243,-0.040,0.917,51.092,19.855,-250.137,Yaw
-0.215,-0.010,0.940,81.328,-24.328,-250.137,Yaw
-0.200,0.098,1.045,67.580,-62.366,-250.137,Yaw
-0.062,0.087,0.917,32.008,-86.298,-250.137,Yaw
0.222,0.020,0.851,30.153,-60.573,-250.137,Yaw
0.135,0.260,0.919,59.183,-28.672,-222.740,Yaw
0.121,0.440,1.072,58.504,-28.771,-124.496,Yaw
0.108,0.608,1.097,3.015,14.336,-2.237,Yaw
0.129,0.518,1.122,3.015,-26.893,100.237,Yaw
0.100,0.394,0.975,-11.656,-27.962,200.939,Yaw
0.134,0.246,1.023,-48.802,17.511,250.130,Yaw
0.086,0.105,0.981,-53.656,24.695,250.130,Yaw
0.108,0.021,0.973,-24.824,16.046,250.130,Yaw
0.021,-0.013,0.949,29.321,-12.450,250.130,Yaw
0.052,0.187,0.958,32.504,-22.305,250.130,Yaw
0.133,0.176,0.902,26.603,26.450,250.130,Yaw
0.246,0.118,1.042,-12.336,66.076,250.130,Yaw
0.147,0.101,0.991,-18.435,71.198,224.947,Yaw
0.060,0.051,0.957,-8.962,67.115,77.916,Yaw
0.134,-0.062,1.079,26.099,-1.115,-54.122,Yaw
0.148,0.062,1.012,17.374,2.405,-184.832,Yaw
0.099,0.045,0.974,-14.565,19.687,-250.137,Yaw
-0.085,0.096,0.990,-47.641,31.725,-250.137,Yaw
-0.181,-0.068,0.928,-49.092,8.939,-250.137,Yaw
-0.072,-0.111,1.002,-2.550,-15.061,-250.137,Yaw
-0.003,-0.056,0.994,-8.237,-8.076,-250.137,Yaw
0.024,-0.071,0.936,1.511,16.725,-250.137,Yaw
0.048,0.014,0.961,13.962,10.901,-250.137,Yaw
0.133,0.167,1.042,2.313,-20.626,-219.389,Yaw
0.147,0.163,1.115,10.359,-12.710,-131.954,Yaw
0.198,0.377,1.089,-17.977,5.267,-15.977,Yaw
0.163,0.282,1.139,-8.626,-33.595,85.611,Yaw
0.166,0.135,1.021,0.031,-40.122,180.099,Yaw
0.147,0.038,1.034,-8.809,-31.496,250.130,Yaw
0.119,-0.052,1.011,-12.580,-27.656,250.130,Yaw
0.032,-0.113,1.019,7.176,-30.740,250.130,Yaw
-0.063,-0.162,0.989,72.603,-64.695,250.130,Yaw
0.108,0.004,1.038,116.527,-66.718,250.130,Yaw
0.157,0.180,1.000,59.534,-10.977,250.130,Yaw
0.169,0.110,0.960,-4.824,26.763,250.130,Yaw
0.113,0.023,0.992,-13.679,22.176,215.351,Yaw
0.255,-0.051,1.042,-2.588,20.542,127.420,Yaw
0.198,-0.077,0.950,7.473,18.443,-3.130,Yaw
0.160,-0.045,0.964,32.855,-4.511,-131.115,Yaw
0.134,0.023,0.991,21.908,24.855,-250.137,Yaw
0.060,0.018,0.997,10.031,56.748,-250.137,Yaw
-0.031,0.016,0.945,18.374,42.603,-250.137,Yaw
-0.145,0.008,0.896,31.931,3.687,-250.137,Yaw
-0.095,0.007,0.928,33.565,-29.053,-250.137,Yaw
0.023,0.033,0.970,54.046,-49.786,-250.137,Yaw
0.173,0.016,0.977,42.023,-50.443,-250.137,Yaw
0.220,0.300,0.950,6.290,-23.237,-206.008,Yaw
0.339,0.411,1.097,-17.137,-13.061,-106.069,Yaw
0.362,0.429,1.000,-20.511,-12.046,19.038,Yaw
0.151,0.333,0.988,-6.756,-29.817,125.992,Yaw
0.190,0.217,0.965,2.573,-30.817,232.160,Yaw
0.256,0.063,1.018,3.611,0.015,250.130,Yaw
0.092,-0.026,1.054,26.168,-1.466,250.130,Yaw
0.086,0.009,1.022,37.550,2.198,250.130,Yaw
0.069,0.090,1.028,27.397,3.901,250.130,Yaw
0.074,0.160,0.968,0.595,0.290,250.130,Yaw
0.147,0.164,0.998,-0.458,22.153,250.130,Yaw
0.158,0.144,1.014,-26.794,42.489,204.397,Yaw
0.072,-0.047,0.946,-24.107,60.771,102.695,Yaw
0.167,-0.143,1.001,33.328,1.695,5.618,Yaw
0.064,-0.065,0.967,49.397,9.351,-63.580,Yaw
0.078,-0.006,0.997,43.046,2.634,-148.328,Yaw
0.081,0.066,1.013,28.099,0.580,-250.137,Yaw
0.043,0.108,1.017,1.496,-3.221,-250.137,Yaw
-0.045,0.135,0.945,-15.802,-20.542,-250.137,Yaw
-0.031,0.068,1.026,-12.153,-34.656,-250.137,Yaw
0.012,0.011,0.947,-13.397,-29.084,-250.137,Yaw
0.039,-0.015,0.854,19.534,2.794,-250.137,Yaw
0.261,0.176,0.977,21.458,-23.679,-250.137,Yaw
0.271,0.416,1.044,12.282,-7.130,-193.244,Yaw
0.280,0.518,1.025,-6.695,4.450,-76.763,Yaw
0.221,0.571,1.059,-20.656,-10.618,45.626,Yaw
0.157,0.323,1.019,-16.053,-25.298,150.809,Yaw
0.080,0.154,0.997,-7.366,-31.817,248.939,Yaw
0.111,0.027,1.067,10.992,-18.939,250.130,Yaw
0.053,0.067,1.122,36.679,-11.550,250.130,Yaw
0.094,0.036,1.033,57.069,7.878,250.130,Yaw
0.088,0.069,1.009,60.718,37.435,250.130,Yaw
0.021,0.199,0.985,11.496,38.840,250.130,Yaw
0.078,0.163,0.920,-16.626,33.954,250.130,Yaw
0.088,0.121,0.953,-36.084,24.885,250.130,Yaw
0.118,0.025,0.935,-33.099,27.504,193.145,Yaw
0.237,-0.069,0.939,-1.160,46.374,109.275,Yaw
0.247,-0.136,0.944,44.557,24.351,-0.427,Yaw
0.084,-0.010,1.000,67.802,-6.985,-95.954,Yaw
0.043,0.083,1.069,43.298,-13.519,-190.282,Yaw
0.017,0.128,1.114,11.947,-20.115,-250.137,Yaw
-0.050,0.159,1.083,-38.756,-19.580,-250.137,Yaw
-0.088,0.071,1.008,-51.802,-31.695,-250.137,Yaw
-0.084,0.018,0.958,-47.015,-40.863,-250.137,Yaw
0.007,-0.011,0.899,-31.107,-22.389,-250.137,Yaw
0.173,-0.058,0.935,-18.985,25.656,-250.137,Yaw
0.298,0.157,0.880,-12.550,4.382,-250.137,Yaw
0.191,0.344,1.022,14.901,12.626,-206.382,Yaw
0.250,0.579,0.994,-2.229,-1.122,-87.939,Yaw
0.188,0.593,1.037,-31.031,-17.588,47.366,Yaw
0.149,0.283,1.056,-6.244,-40.908,154.855,Yaw
0.047,0.089,1.011,9.824,-58.634,245.595,Yaw
0.104,-0.077,1.042,9.763,-40.489,250.130,Yaw
0.098,0.018,1.004,25.573,-21.947,250.130,Yaw
0.137,-0.016,0.970,31.504,-33.359,250.130,Yaw
0.173,-0.058,0.933,38.656,-28.504,250.130,Yaw
0.179,-0.006,0.959,55.481,-9.435,250.130,Yaw
0.153,0.048,0.928,46.725,6.290,250.130,Yaw
0.178,0.104,0.999,54.412,23.252,250.130,Yaw
0.229,0.076,1.026,31.771,40.863,250.130,Yaw
0.123,0.018,0.967,7.817,54.260,224.885,Yaw
0.141,-0.020,1.026,3.305,34.740,137.244,Yaw
0.084,-0.087,0.957,19.679,15.153,27.534,Yaw
0.041,-0.031,0.974,40.176,-17.229,-85.427,Yaw
0.091,0.004,0.985,28.076,-28.000,-189.214,Yaw
0.054,0.064,1.044,-10.656,-27.160,-250.137,Yaw
0.001,0.157,1.053,-53.481,-15.290,-250.137,Yaw
0.033,-0.010,0.973,-69.565,-4.099,-250.137,Yaw
0.055,-0.013,0.941,-39.229,-7.840,-250.137,Yaw
0.142,-0.024,0.959,-28.290,10.588,-250.137,Yaw
0.259,0.065,0.924,-12.336,55.198,-250.137,Yaw
0.160,0.080,0.973,-20.802,39.771,-250.137,Yaw
0.209,0.247,0.996,-8.511,-1.466,-193.794,Yaw
0.208,0.403,1.061,-0.366,-10.916,-72.786,Yaw
0.159,0.341,1.084,-0.290,-9.466,65.748,Yaw
0.087,0.140,1.071,17.466,-29.305,148.511,Yaw
0.094,0.083,1.052,26.290,-31.328,227.229,Yaw
0.100,0.031,1.047,11.389,-9.031,250.130,Yaw
0.125,-0.016,0.996,9.756,-20.275,250.130,Yaw
0.117,-0.026,0.948,13.366,-27.328,250.130,Yaw
0.066,0.017,0.977,18.649,-27.427,250.130,Yaw
0.073,0.029,0.920,30.321,-20.458,250.130,Yaw
0.141,0.078,0.991,19.939,-2.809,250.130,Yaw
0.212,0.029,0.993,16.351,18.252,250.130,Yaw
0.378,-0.123,1.103,16.145,61.634,232.237,Yaw
0.201,-0.229,0.941,69.565,22.481,113.702,Yaw
0.194,-0.123,1.059,102.618,13.015,12.672,Yaw
0.061,0.117,1.074,66.840,48.336,-81.573,Yaw
0.237,-0.042,0.764,-10.076,41.664,-167.046,Yaw
0.032,-0.150,1.000,-42.313,23.290,-250.137,Yaw
-0.126,0.062,0.952,-23.427,-7.901,-246.374,Yaw
-0.085,0.061,1.014,-19.527,-32.672,-240.626,Yaw
-0.014,0.060,1.018,-21.031,-47.176,-242.061,Yaw
0.065,0.186,0.958,-56.496,-39.321,-250.137,Yaw
0.156,-0.002,1.005,-86.519,-8.137,-250.137,Yaw
0.069,-0.140,0.969,-45.649,-2.641,-250.137,Yaw
0.071,-0.297,0.957,-13.618,-6.893,-250.137,Yaw
0.306,-0.143,0.879,23.809,-42.061,-222.740,Yaw
0.244,0.110,0.949,56.618,-89.687,-92.748,Yaw
0.327,0.105,1.078,38.641,-97.115,-29.389,Yaw
0.329,0.113,1.023,13.550,-44.542,43.122,Yaw
0.303,0.036,1.003,29.427,-32.939,98.733,Yaw
0.390,-0.014,1.005,59.344,-30.183,187.656,Yaw
0.354,0.031,1.053,61.962,-1.405,250.130,Yaw
0.399,-0.065,0.998,74.534,7.252,250.130,Yaw
0.293,-0.153,0.944,84.275,29.542,250.130,Yaw
0.189,-0.062,0.902,70.740,43.550,250.130,Yaw
0.244,0.069,0.974,40.809,50.282,250.130,Yaw
0.286,0.149,1.006,-9.504,133.977,250.130,Yaw
0.267,0.019,0.936,15.702,49.435,224.794,Yaw
0.272,-0.162,1.047,48.145,43.519,133.710,Yaw
0.243,-0.183,1.005,61.878,48.924,27.069,Yaw
0.123,-0.098,0.998,77.718,37.176,-70.954,Yaw
0.154,-0.045,1.029,61.336,22.893,-181.183,Yaw
0.097,0.091,1.058,26.084,23.954,-250.137,Yaw
-0.035,0.149,0.964,-2.115,3.405,-250.137,Yaw
-0.104,-0.033,0.963,-32.198,-12.893,-250.137,Yaw
-0.040,0.025,1.032,-26.435,-43.183,-250.137,Yaw
-0.056,-0.063,0.924,-43.786,-65.069,-250.137,Yaw
0.079,-0.210,0.905,-14.779,-31.779,-250.137,Yaw
0.308,-0.084,1.101,-17.756,-9.649,-250.137,Yaw
0.349,0.146,1.041,-46.618,0.809,-133.107,Yaw
0.238,0.136,1.007,-25.527,-2.244,-30.840,Yaw
0.183,0.171,0.989,-1.382,-45.565,57.260,Yaw
0.224,0.070,0.949,-2.046,-37.206,146.802,Yaw
0.202,-0.057,0.914,10.351,-19.557,250.130,Yaw
0.182,-0.091,0.985,27.344,-39.374,250.130,Yaw
0.114,-0.184,1.014,51.344,-76.924,250.130,Yaw
0.134,-0.215,0.996,82.969,-83.374,250.130,Yaw
0.207,-0.109,0.977,112.374,-61.244,250.130,Yaw
0.295,0.091,0.975,80.924,-7.122,250.130,Yaw
0.312,0.137,1.139,6.992,105.298,250.130,Yaw
0.224,-0.041,0.955,6.901,4.473,180.878,Yaw
0.181,-0.058,0.984,-3.893,-32.756,91.496,Yaw
0.346,-0.140,0.978,5.573,-7.198,-41.198,Yaw
0.267,-0.121,0.919,20.763,-4.382,-170.947,Yaw
0.227,-0.031,0.903,-11.336,12.855,-250.137,Yaw
0.092,0.000,0.943,-29.191,14.397,-250.137,Yaw
0.041,-0.014,1.006,-29.626,20.405,-250.137,Yaw
0.043,0.033,0.997,-33.679,14.634,-250.137,Yaw
0.017,-0.070,0.920,-42.252,10.450,-250.137,Yaw
0.152,-0.192,0.955,-6.618,21.000,-250.137,Yaw
0.336,-0.023,1.017,-6.565,5.076,-250.137,Yaw
0.331,0.444,1.104,-14.511,10.122,-184.153,Yaw
0.321,0.483,1.073,-13.580,-4.061,-42.023,Yaw
0.265,0.322,0.997,6.718,-35.740,80.847,Yaw
0.187,0.242,0.988,13.244,-35.473,177.817,Yaw
0.195,0.054,1.000,14.931,-8.771,250.130,Yaw
0.147,-0.039,0.999,25.656,13.733,250.130,Yaw
0.087,-0.061,1.006,17.328,-1.267,250.130,Yaw
0.103,-0.104,1.025,13.756,-20.252,250.130,Yaw
0.164,-0.114,0.915,27.664,-69.344,250.130,Yaw
0.168,-0.040,0.922,28.389,-19.695,250.130,Yaw
0.307,0.129,0.952,18.504,4.099,250.130,Yaw
0.302,-0.000,0.921,18.504,22.115,233.321,Yaw
0.304,-0.166,0.959,35.977,-14.824,90.298,Yaw
0.293,-0.131,0.995,47.130,17.405,-33.473,Yaw
0.204,-0.151,1.005,51.023,35.122,-153.137,Yaw
0.167,-0.006,0.992,30.282,23.550,-250.137,Yaw
0.094,0.098,1.010,-12.855,3.145,-250.137,Yaw
0.054,0.114,0.991,-51.840,-20.473,-250.137,Yaw
0.014,0.036,0.968,-61.939,-40.878,-250.137,Yaw
0.041,-0.172,0.985,-45.351,-37.023,-250.137,Yaw
0.222,-0.251,0.981,-1.962,6.878,-250.137,Yaw
0.251,-0.037,0.897,10.702,38.733,-250.137,Yaw
0.358,0.364,0.993,-0.687,6.191,-195.603,Yaw
0.326,0.537,1.050,-7.252,-1.779,-74.290,Yaw
0.196,0.415,0.986,-14.206,-17.611,34.214,Yaw
0.202,0.304,0.987,-1.298,-31.366,129.267,Yaw
0.192,0.110,1.022,15.145,-24.947,241.817,Yaw
0.143,0.021,1.040,8.397,-3.985,250.130,Yaw
0.083,-0.018,1.031,2.649,-10.939,250.130,Yaw
0.138,-0.087,1.055,2.687,-26.565,250.130,Yaw
0.119,-0.124,0.985,17.817,-30.504,250.130,Yaw
0.149,-0.090,0.937,36.397,-45.321,250.130,Yaw
0.266,0.034,0.917,31.977,-35.229,250.130,Yaw
0.498,-0.038,0.994,9.702,44.122,250.130,Yaw
0.258,-0.065,0.869,38.198,5.618,180.298,Yaw
0.291,-0.127,1.013,32.481,-16.710,63.733,Yaw
0.285,-0.128,1.037,28.802,10.084,-52.733,Yaw
0.204,-0.054,0.951,31.496,7.733,-167.160,Yaw
0.234,0.019,0.987,3.221,7.939,-250.137,Yaw
0.171,0.125,0.985,-30.504,11.397,-250.137,Yaw
0.072,0.029,1.007,-59.305,22.122,-250.137,Yaw
0.026,-0.074,0.967,-57.702,9.870,-250.137,Yaw
0.066,-0.111,0.893,-29.733,7.786,-250.137,Yaw
0.232,-0.122,0.936,-4.924,30.290,-250.137,Yaw
0.347,0.063,0.888,-6.008,18.947,-250.137,Yaw
0.215,0.336,0.986,10.481,-4.366,-132.534,Yaw
0.249,0.402,1.047,-7.427,-13.168,-28.763,Yaw
0.311,0.252,0.997,-13.328,-27.504,83.160,Yaw
0.212,0.172,1.005,0.779,-29.763,170.290,Yaw
0.274,0.039,1.016,2.771,-31.160,250.130,Yaw
0.213,-0.014,1.031,7.931,-13.328,250.130,Yaw
0.145,-0.092,0.997,6.069,-21.046,250.130,Yaw
0.150,-0.178,1.009,15.611,-33.511,250.130,Yaw
0.198,-0.208,1.004,66.466,-54.824,250.130,Yaw
0.275,0.002,0.993,83.718,-22.809,250.130,Yaw
0.470,0.124,0.983,22.710,25.565,250.130,Yaw
0.264,-0.003,0.908,33.832,43.183,202.206,Yaw
0.252,-0.200,1.020,52.069,21.626,97.328,Yaw
0.288,-0.165,1.027,62.282,47.282,-23.008,Yaw
0.124,-0.112,1.012,68.237,39.779,-145.878,Yaw
0.096,0.021,0.970,42.763,28.847,-250.137,Yaw
0.026,0.073,1.034,23.046,22.389,-250.137,Yaw
-0.104,0.152,0.955,4.099,-7.756,-250.137,Yaw
-0.176,0.089,1.027,-12.916,-54.649,-250.137,Yaw
-0.087,-0.110,0.913,-11.626,-75.756,-250.137,Yaw
0.197,-0.044,0.936,0.626,-58.550,-250.137,Yaw
0.334,0.090,0.969,-17.565,-25.191,-250.137,Yaw
0.310,0.333,1.021,-41.702,7.588,-148.672,Yaw
0.037,0.339,0.947,-35.405,-13.046,-69.405,Yaw
0.273,0.260,0.944,-25.740,-6.695,31.191,Yaw
0.169,0.221,1.016,4.771,-20.954,106.771,Yaw
0.214,0.144,1.000,15.931,-11.382,207.969,Yaw
0.193,0.040,1.040,16.847,15.489,250.130,Yaw
0.117,0.010,1.032,5.511,14.313,250.130,Yaw
0.131,-0.083,1.014,-7.351,3.420,250.130,Yaw
0.079,-0.129,0.989,-9.687,-24.237,250.130,Yaw
0.067,-0.104,0.928,10.099,-38.618,250.130,Yaw
0.127,-0.037,0.922,53.221,-30.885,250.130,Yaw
0.210,0.001,0.934,81.763,4.534,250.130,Yaw
0.300,0.019,1.012,72.939,24.977,186.771,Yaw
0.152,0.054,0.965,48.977,34.863,44.809,Yaw
0.125,0.017,1.013,29.427,-8.015,-68.901,Yaw
0.172,0.076,1.001,-2.809,-20.359,-177.496,Yaw
0.119,0.149,1.048,-51.130,-19.855,-250.137,Yaw
0.059,0.178,1.017,-91.008,-33.267,-250.137,Yaw
0.021,0.043,0.990,-99.573,-46.969,-250.137,Yaw
0.103,-0.100,0.956,-82.115,-51.168,-250.137,Yaw
0.243,-0.185,0.900,-30.191,-13.786,-250.137,Yaw
0.268,-0.115,0.893,27.588,64.626,-250.137,Yaw
0.234,0.142,0.934,42.115,53.649,-250.137,Yaw
0.312,0.337,0.948,33.130,7.725,-150.443,Yaw
0.339,0.397,1.050,13.519,35.458,-63.015,Yaw
0.168,0.427,1.070,-19.954,1.824,27.557,Yaw
0.143,0.185,1.073,-27.992,-18.695,98.366,Yaw
0.198,0.179,1.053,-40.733,-8.183,180.687,Yaw
0.160,0.082,1.087,-81.718,4.130,250.130,Yaw
0.109,-0.044,1.033,-74.290,-8.237,250.130,Yaw
0.100,-0.111,0.992,-39.656,-37.153,250.130,Yaw
0.095,-0.200,0.980,10.069,-61.588,250.130,Yaw
0.126,-0.156,0.958,65.740,-51.389,250.130,Yaw
0.197,-0.076,0.963,96.580,-17.397,250.130,Yaw
0.201,-0.000,0.926,83.481,17.802,250.130,Yaw
0.176,0.046,1.012,42.687,34.313,244.176,Yaw
0.075,0.058,0.967,17.015,27.450,149.443,Yaw
0.140,-0.078,1.056,3.847,1.832,58.733,Yaw
0.255,-0.077,1.000,18.542,-13.626,-58.031,Yaw
0.206,-0.006,0.958,18.809,-9.809,-193.099,Yaw
0.144,0.044,0.997,-0.321,-10.695,-250.137,Yaw
0.037,0.104,0.967,-24.878,-5.305,-250.137,Yaw
-0.033,-0.018,0.946,-36.924,-3.092,-250.137,Yaw
-0.018,-0.102,0.944,-13.992,-11.908,-250.137,Yaw
0.069,-0.089,0.971,22.931,-0.969,-250.137,Yaw
0.258,-0.117,0.989,43.252,29.924,-250.137,Yaw
0.231,0.194,0.964,29.412,-25.481,-250.137,Yaw
0.212,0.488,1.067,5.656,-3.878,-156.153,Yaw
0.216,0.578,1.038,-43.504,-13.099,-28.092,Yaw
0.162,0.348,1.048,-48.595,-33.466,82.023,Yaw
0.146,0.161,1.018,-27.099,-42.061,173.763,Yaw
0.152,0.026,1.027,-16.153,-35.344,250.130,Yaw
0.083,-0.037,1.031,2.229,-58.832,250.130,Yaw
0.141,-0.082,0.982,34.985,-80.389,250.130,Yaw
0.208,-0.074,0.962,68.038,-82.893,250.130,Yaw
0.224,-0.084,0.974,88.183,-60.298,250.130,Yaw
0.271,0.033,0.937,94.550,-22.779,250.130,Yaw
0.298,0.077,0.950,50.718,20.519,250.130,Yaw
0.164,0.036,0.967,37.626,59.931,232.466,Yaw
0.220,-0.020,1.025,46.321,18.504,157.565,Yaw
0.246,-0.014,0.954,36.450,36.168,88.840,Yaw
0.269,-0.107,0.939,26.351,28.626,-10.420,Yaw
0.241,-0.031,0.939,27.710,-0.382,-118.351,Yaw
0.219,0.019,0.917,8.053,-1.160,-237.397,Yaw
0.184,0.110,0.894,-11.099,9.679,-250.137,Yaw
0.069,0.166,0.880,-38.107,27.061,-250.137,Yaw
0.015,0.093,0.974,-44.489,14.191,-250.137,Yaw
0.026,-0.018,1.001,-14.473,-3.053,-250.137,Yaw
0.145,-0.035,0.970,5.450,-8.527,-250.137,Yaw
0.295,0.065,0.995,-7.328,-27.641,-250.137,Yaw
0.379,0.328,1.089,-41.748,23.344,-150.573,Yaw
0.030,0.362,1.076,-42.214,3.267,-49.122,Yaw
0.155,0.258,1.072,-39.450,-24.924,37.481,Yaw
0.138,0.142,1.039,-26.321,-35.069,117.550,Yaw
0.133,0.017,1.015,-5.305,-46.229,217.733,Yaw
0.161,-0.047,1.045,3.328,-53.809,250.130,Yaw
0.113,-0.032,0.999,14.076,-69.626,250.130,Yaw
0.160,-0.118,0.999,35.901,-72.496,250.130,Yaw
0.240,-0.138,0.944,76.733,-64.824,250.130,Yaw
0.262,-0.081,0.987,116.023,-66.229,250.130,Yaw
0.346,0.076,0.960,103.542,-37.305,250.130,Yaw
0.282,0.151,0.944,39.160,67.015,250.130,Yaw
0.288,0.076,0.951,32.733,8.328,250.130,Yaw
0.295,-0.095,0.912,30.450,12.267,195.435,Yaw
0.346,-0.164,1.022,18.000,-1.664,82.015,Yaw
0.255,-0.114,0.974,5.679,-3.221,-48.122,Yaw
0.235,-0.060,0.961,-30.939,8.496,-171.389,Yaw
0.295,-0.094,0.957,-46.206,18.817,-250.137,Yaw
0.207,-0.046,0.997,-35.947,15.962,-250.137,Yaw
0.104,-0.029,0.942,-29.183,31.832,-250.137,Yaw
0.048,-0.052,0.949,-25.191,59.328,-250.137,Yaw
0.001,-0.059,0.911,-5.969,53.725,-250.137,Yaw
0.060,-0.031,0.907,1.290,34.519,-250.137,Yaw
0.186,-0.085,0.909,-11.542,28.847,-250.137,Yaw
0.339,0.340,0.972,-43.084,52.145,-238.824,Yaw
0.175,0.370,1.102,-35.183,20.198,-126.863,Yaw
0.183,0.446,1.065,-49.756,-6.832,0.763,Yaw
0.122,0.192,1.066,-47.275,-34.794,121.153,Yaw
0.069,0.028,1.042,-15.427,-46.168,233.550,Yaw
0.139,-0.052,1.073,-3.809,-36.718,250.130,Yaw
-0.016,-0.107,1.066,23.168,-62.870,250.130,Yaw
0.064,-0.088,1.025,66.046,-107.565,250.130,Yaw
0.184,-0.082,0.988,85.695,-99.985,250.130,Yaw
0.199,0.008,0.954,87.481,-54.695,250.130,Yaw
0.302,0.089,0.914,79.534,-11.321,250.130,Yaw
0.488,0.089,0.979,26.817,84.687,250.130,Yaw
0.310,0.069,0.918,23.565,45.351,250.130,Yaw
0.217,0.014,0.958,27.061,37.473,187.382,Yaw
0.261,-0.184,1.005,23.870,18.672,63.305,Yaw
0.210,-0.220,1.021,31.099,-4.748,-58.794,Yaw
0.157,-0.086,1.030,15.763,12.420,-184.489,Yaw
0.115,-0.011,1.025,1.939,13.954,-250.137,Yaw
0.118,0.043,1.008,-4.519,37.985,-250.137,Yaw
0.010,0.039,1.017,-10.893,70.878,-250.137,Yaw
-0.073,0.014,0.960,-18.992,33.229,-250.137,Yaw
-0.058,-0.059,0.918,-8.855,-0.832,-250.137,Yaw
0.131,-0.054,0.939,-14.427,-12.405,-250.137,Yaw
-0.005,-0.071,0.979,-27.985,12.718,-250.137,Yaw
0.342,0.176,1.013,-29.618,-6.519,-188.420,Yaw
0.264,0.323,1.094,-36.183,3.969,-82.962,Yaw
0.243,0.296,1.042,-17.046,-23.015,52.275,Yaw
0.198,0.178,1.021,6.489,-20.840,185.985,Yaw
0.261,0.045,1.015,23.168,-14.198,250.130,Yaw
0.140,-0.032,1.048,41.489,-4.603,250.130,Yaw
-0.013,-0.110,0.986,84.908,-65.695,250.130,Yaw
-0.010,-0.007,0.961,79.115,-66.481,250.130,Yaw
0.108,0.166,1.042,33.397,-2.748,250.130,Yaw
0.123,0.228,1.014,-7.458,46.221,250.130,Yaw
0.085,0.198,0.973,-49.519,85.550,201.977,Yaw
0.065,-0.006,0.984,-27.672,93.137,73.076,Yaw
0.131,-0.073,1.053,42.954,65.924,-34.664,Yaw
-0.005,-0.091,1.006,46.000,104.695,-102.924,Yaw
-0.055,-0.006,1.073,62.641,104.176,-160.611,Yaw
-0.154,0.056,1.031,40.298,71.061,-228.534,Yaw
-0.212,-0.125,1.006,2.634,12.718,-250.137,Yaw
-0.302,-0.112,0.991,-7.779,-58.931,-250.137,Yaw
-0.209,0.053,0.980,-24.374,-89.611,-250.137,Yaw
-0.093,-0.055,1.053,-31.985,-81.870,-250.137,Yaw
0.068,-0.142,1.064,11.321,-67.191,-250.137,Yaw
0.412,-0.114,0.979,10.656,-44.038,-250.137,Yaw
0.106,-0.039,1.007,31.000,-58.198,-201.603,Yaw
0.203,0.246,1.033,8.809,-10.496,-148.435,Yaw
0.239,0.233,0.971,-1.244,-4.641,-56.015,Yaw
0.182,0.154,0.941,7.473,-20.145,14.473,Yaw
0.141,0.120,0.937,-10.260,-21.908,65.153,Yaw
0.145,0.064,0.956,-28.198,-14.198,134.229,Yaw
0.156,0.005,0.981,-17.084,-32.626,229.160,Yaw
0.173,-0.044,1.007,18.718,-53.809,250.130,Yaw
0.242,-0.162,0.926,67.321,-54.733,250.130,Yaw
0.152,-0.218,0.935,149.634,-74.809,250.130,Yaw
0.113,-0.038,0.946,197.718,-76.176,250.130,Yaw
0.309,0.375,1.033,110.359,25.069,250.130,Yaw
0.356,0.228,0.976,-16.198,128.885,250.130,Yaw
0.066,0.022,0.999,-6.542,110.794,194.962,Yaw
0.122,-0.100,1.115,18.321,6.740,110.160,Yaw
0.257,0.048,1.061,43.969,-0.275,-29.038,Yaw
-0.030,0.213,1.027,5.824,9.237,-163.748,Yaw
-0.114,0.116,0.875,-13.641,-40.565,-238.389,Yaw
0.237,-0.035,0.937,-79.427,-38.328,-250.137,Yaw
0.466,-0.245,0.951,-80.817,-6.534,-250.137,Yaw
0.168,-0.100,0.984,-56.870,-1.237,-250.137,Yaw
0.144,-0.213,0.931,-53.573,-11.313,-250.137,Yaw
0.127,-0.508,0.960,-30.626,5.351,-250.137,Yaw
0.442,0.057,1.019,0.939,14.328,-121.382,Yaw
0.219,0.040,1.064,6.924,-7.244,-72.534,Yaw
0.305,0.003,0.985,-7.656,-18.977,-12.649,Yaw
0.197,0.026,0.960,-12.214,-10.397,30.214,Yaw
0.090,-0.019,1.016,-28.160,-2.534,28.710,Yaw
0.134,-0.150,1.005,-33.053,-21.580,37.763,Yaw
0.205,-0.135,1.067,-17.931,-41.550,68.687,Yaw
0.304,-0.009,1.011,-6.878,-58.336,155.321,Yaw
0.429,-0.135,0.974,3.664,-35.000,250.130,Yaw
0.314,-0.320,0.933,39.122,-16.351,250.130,Yaw
0.224,-0.291,0.925,89.229,-53.458,250.130,Yaw
0.267,-0.149,0.988,133.504,-74.863,250.130,Yaw
0.348,-0.032,1.027,103.221,31.527,250.130,Yaw
0.370,0.244,0.930,53.237,12.038,202.901,Yaw
0.056,0.193,0.923,8.374,31.573,128.076,Yaw
0.212,-0.102,0.939,-11.458,5.718,67.802,Yaw
0.296,-0.140,1.025,26.115,-4.634,-13.656,Yaw
0.276,-0.106,0.971,39.160,28.183,-119.809,Yaw
0.226,-0.013,0.989,25.710,40.389,-228.634,Yaw
0.108,0.049,1.067,8.427,29.832,-250.137,Yaw
-0.033,-0.023,1.042,-5.145,1.313,-250.137,Yaw
0.023,-0.031,1.010,-13.473,-14.176,-250.137,Yaw
0.084,0.008,0.944,-32.008,-33.786,-250.137,Yaw
0.122,-0.061,0.906,-48.740,-51.611,-250.137,Yaw
0.204,-0.088,0.904,-43.824,-35.580,-250.137,Yaw
0.333,-0.116,0.911,-36.427,3.847,-250.137,Yaw
0.356,0.102,0.945,-20.771,-7.168,-158.107,Yaw
0.266,0.142,0.978,-1.931,-17.046,-53.450,Yaw
0.301,0.115,0.998,6.565,-2.710,52.328,Yaw
0.224,0.043,1.053,26.542,-20.542,118.870,Yaw
0.258,0.006,1.005,19.046,2.779,213.489,Yaw
0.212,-0.027,1.039,14.183,17.977,250.130,Yaw
0.168,-0.052,0.982,7.198,-17.237,250.130,Yaw
0.182,-0.109,0.993,5.969,-36.817,250.130,Yaw
0.175,-0.149,1.007,12.550,-51.107,250.130,Yaw
0.194,-0.153,0.966,28.489,-60.328,250.130,Yaw
0.411,-0.193,0.999,42.557,-30.992,250.130,Yaw
0.167,-0.010,0.808,72.695,-62.603,250.130,Yaw
0.374,-0.111,1.006,52.969,-30.542,250.130,Yaw
0.509,0.014,0.984,46.756,30.870,153.328,Yaw
0.391,-0.130,1.029,21.076,69.252,16.069,Yaw
0.214,-0.187,1.051,60.931,65.687,-88.664,Yaw
0.228,-0.166,1.075,81.725,66.145,-187.450,Yaw
0.134,-0.005,0.993,83.542,89.023,-250.137,Yaw
-0.027,0.067,1.021,70.053,92.756,-250.137,Yaw
-0.165,0.089,1.016,50.863,51.603,-250.137,Yaw
-0.185,0.139,0.962,36.847,-21.885,-250.137,Yaw
-0.207,0.158,0.970,9.718,-92.916,-250.137,Yaw
-0.112,-0.008,0.856,-46.183,-128.122,-250.137,Yaw
0.126,-0.055,0.916,-46.015,-84.015,-250.137,Yaw
0.335,0.053,0.963,-41.046,-53.099,-250.137,Yaw
0.271,0.258,1.031,-20.107,-20.527,-187.618,Yaw
0.196,0.327,0.972,-3.198,-43.267,-85.107,Yaw
0.253,0.311,1.011,-19.588,-3.420,48.382,Yaw
0.181,0.155,1.021,4.313,-31.878,140.580,Yaw
0.205,0.047,0.948,3.282,-1.023,250.130,Yaw
0.164,-0.049,0.980,-6.183,7.359,250.130,Yaw
0.103,-0.154,0.961,10.786,-22.840,250.130,Yaw
0.104,-0.269,0.936,45.725,-58.733,250.130,Yaw
0.019,-0.238,0.929,72.061,-76.435,250.130,Yaw
0.132,0.018,1.030,88.725,-68.725,250.130,Yaw
0.407,0.209,1.000,43.420,7.336,250.130,Yaw
0.298,0.031,1.012,20.817,50.641,242.847,Yaw
0.267,-0.064,1.105,12.229,0.145,117.321,Yaw
0.295,-0.133,1.037,20.206,2.656,-12.252,Yaw
0.236,-0.115,1.013,25.580,-7.053,-131.397,Yaw
0.254,-0.031,0.978,-2.290,16.863,-250.137,Yaw
0.130,0.019,1.028,-33.748,22.214,-250.137,Yaw
0.003,0.019,0.984,-46.275,21.756,-250.137,Yaw
-0.020,-0.057,0.941,-38.099,18.023,-250.137,Yaw
-0.019,-0.046,0.904,-14.557,2.099,-250.137,Yaw
0.011,-0.098,0.929,-12.771,-8.939,-250.137,Yaw
0.167,-0.101,0.917,-1.847,13.771,-250.137,Yaw
0.322,0.060,0.933,4.076,22.809,-250.137,Yaw
0.309,0.380,0.992,-10.550,6.634,-209.725,Yaw
0.223,0.452,1.042,-30.740,12.649,-81.947,Yaw
0.135,0.379,1.091,-19.458,-25.023,42.924,Yaw
0.113,0.190,1.048,-3.634,-40.611,150.840,Yaw
0.131,0.042,1.062,-3.863,-39.092,250.130,Yaw
0.136,-0.069,1.051,0.626,-29.542,250.130,Yaw
0.092,-0.056,1.021,11.366,-50.374,250.130,Yaw
0.174,-0.138,0.956,24.450,-72.740,250.130,Yaw
0.170,-0.193,0.910,52.664,-64.870,250.130,Yaw
0.178,-0.163,0.948,97.908,-75.916,250.130,Yaw
0.307,0.039,0.945,113.275,-42.756,250.130,Yaw
0.447,0.113,1.104,40.275,79.344,250.130,Yaw
0.308,0.043,1.000,28.870,31.977,236.710,Yaw
0.331,-0.093,1.016,13.412,22.924,125.901,Yaw
0.231,-0.165,1.029,8.595,11.099,-8.282,Yaw
0.199,-0.180,0.988,26.817,-16.794,-118.840,Yaw
0.258,-0.108,0.955,5.870,15.160,-250.137,Yaw
0.160,-0.020,0.993,-15.244,16.832,-250.137,Yaw
0.029,0.004,0.981,-28.916,16.168,-250.137,Yaw
0.040,-0.001,0.938,-46.725,8.168,-250.137,Yaw
0.069,-0.036,0.942,-43.641,-3.206,-250.137,Yaw
0.087,-0.079,0.927,-37.634,-0.824,-250.137,Yaw
0.161,-0.015,0.939,-31.336,25.321,-250.137,Yaw
0.216,-0.011,0.943,-7.763,58.061,-250.137,Yaw
0.142,0.125,0.960,4.214,5.298,-250.137,Yaw
0.204,0.429,1.084,-6.710,-9.718,-139.557,Yaw
0.247,0.551,1.074,-29.122,-1.450,-7.252,Yaw
0.152,0.283,1.072,-17.412,-35.763,113.481,Yaw
0.084,0.121,1.033,-9.534,-42.985,219.977,Yaw
0.113,-0.009,1.036,-15.412,-33.939,250.130,Yaw
0.083,-0.073,1.010,-9.763,-56.038,250.130,Yaw
0.135,-0.142,0.944,7.695,-84.221,250.130,Yaw
0.158,-0.223,0.903,42.344,-87.405,250.130,Yaw
0.136,-0.217,0.925,86.641,-81.817,250.130,Yaw
0.244,-0.133,0.995,130.878,-70.893,250.130,Yaw
0.529,0.040,1.015,101.443,1.290,250.130,Yaw
0.390,0.080,0.937,59.664,17.084,250.130,Yaw
0.305,-0.070,1.055,30.618,18.702,211.321,Yaw
0.303,-0.177,1.004,24.290,19.160,95.496,Yaw
0.215,-0.207,1.032,24.977,2.641,-14.824,Yaw
0.236,-0.187,0.961,32.595,0.244,-125.924,Yaw
0.206,-0.112,0.986,12.534,26.313,-242.885,Yaw
0.098,0.014,0.985,-0.122,36.458,-250.137,Yaw
0.061,0.058,0.985,-12.885,34.183,-250.137,Yaw
0.053,0.085,0.972,-22.817,36.649,-250.137,Yaw
-0.040,0.040,0.923,-23.618,16.733,-250.137,Yaw
-0.062,-0.001,0.906,-9.931,-14.076,-250.137,Yaw
0.060,-0.048,0.964,6.611,-22.115,-250.137,Yaw
0.180,0.000,0.926,15.618,3.366,-250.137,Yaw
0.239,0.172,0.942,14.771,-12.473,-250.137,Yaw
0.279,0.548,1.043,-11.420,0.992,-164.802,Yaw
0.188,0.610,1.050,-46.473,-0.160,-26.130,Yaw
0.099,0.440,1.059,-51.695,-28.557,111.649,Yaw
0.147,0.198,1.025,-28.420,-35.092,229.618,Yaw
0.160,-0.043,0.973,-13.115,-30.168,250.130,Yaw
0.163,-0.058,1.008,-15.916,5.053,250.130,Yaw
0.051,-0.175,0.975,26.962,-39.786,250.130,Yaw
0.063,-0.148,0.964,90.557,-86.229,250.130,Yaw
0.132,-0.066,0.980,103.137,-70.031,250.130,Yaw
0.232,0.128,0.974,87.290,-4.115,250.130,Yaw
0.367,0.143,1.032,37.519,67.321,250.130,Yaw
0.087,0.084,1.013,0.931,114.244,250.130,Yaw
0.156,-0.121,1.057,22.473,38.710,167.649,Yaw
0.234,-0.147,1.051,40.290,18.649,54.710,Yaw
0.127,-0.146,1.037,58.008,10.595,-70.748,Yaw
0.109,-0.015,1.012,60.214,0.008,-176.473,Yaw
0.108,0.083,0.978,23.359,8.908,-250.137,Yaw
0.088,0.145,0.971,-5.565,18.397,-250.137,Yaw
0.025,0.151,0.983,-26.603,25.939,-250.137,Yaw
-0.115,0.092,0.921,-28.206,11.603,-250.137,Yaw
-0.168,-0.048,0.927,-7.229,-19.000,-250.137,Yaw
-0.072,-0.079,0.927,-10.099,-38.435,-250.137,Yaw
0.062,-0.098,0.910,-13.031,-18.725,-250.137,Yaw
0.246,0.205,0.933,-41.443,-13.344,-250.137,Yaw
0.172,0.283,1.020,-29.313,-9.565,-160.221,Yaw
0.206,0.296,0.961,-22.198,-17.061,-44.374,Yaw
0.137,0.240,1.072,-17.267,-14.733,83.702,Yaw
0.107,0.099,1.058,10.473,-25.458,178.817,Yaw
0.054,-0.065,1.033,34.038,-36.061,250.130,Yaw
0.147,-0.062,0.996,29.878,-10.580,250.130,Yaw
0.085,-0.116,0.980,52.603,-17.214,250.130,Yaw
0.008,-0.156,0.959,97.672,-39.939,250.130,Yaw
-0.018,0.019,0.980,114.084,-40.580,250.130,Yaw
0.218,0.254,1.009,61.214,1.702,250.130,Yaw
0.236,0.274,1.062,-15.908,69.832,250.130,Yaw
0.186,0.073,1.155,-52.504,101.794,222.740,Yaw
0.108,-0.057,1.000,8.000,8.046,108.176,Yaw
0.185,-0.105,1.009,40.962,-4.557,-6.328,Yaw
0.179,-0.049,0.993,53.038,20.061,-132.634,Yaw
0.144,0.035,0.979,41.534,31.939,-250.137,Yaw
0.007,0.193,0.993,3.359,34.336,-250.137,Yaw
-0.091,0.114,1.020,-19.397,16.809,-250.137,Yaw
-0.195,0.021,0.964,-25.053,-40.321,-250.137,Yaw
-0.102,-0.003,1.014,-4.832,-67.405,-250.137,Yaw
0.033,-0.015,0.973,-16.000,-60.611,-250.137,Yaw
0.188,0.004,0.983,-35.565,-39.740,-250.137,Yaw
0.310,0.206,0.946,-42.206,-29.115,-206.634,Yaw
0.302,0.230,0.991,-22.107,0.046,-76.695,Yaw
0.242,0.281,0.984,-8.802,-17.794,40.565,Yaw
0.168,0.105,1.040,3.183,-26.519,131.305,Yaw
0.162,0.023,1.007,11.405,-5.580,249.939,Yaw
0.146,-0.028,1.039,-2.504,17.687,250.130,Yaw
0.010,-0.111,1.011,21.107,1.198,250.130,Yaw
-0.017,-0.114,0.958,28.672,-28.176,250.130,Yaw
0.034,-0.100,0.991,51.229,-43.405,250.130,Yaw
0.024,0.011,0.990,72.298,-46.733,250.130,Yaw
0.120,0.155,1.034,41.718,-10.015,250.130,Yaw
0.141,0.120,1.000,4.015,29.542,250.130,Yaw
0.116,0.030,0.946,15.290,34.427,204.305,Yaw
0.261,-0.102,1.024,29.069,-18.160,75.802,Yaw
0.215,-0.093,0.999,35.145,17.038,-52.924,Yaw
0.079,-0.048,0.957,34.733,6.313,-164.489,Yaw
0.071,0.075,0.996,9.954,-4.695,-250.137,Yaw
-0.011,0.133,1.055,-18.137,-1.588,-250.137,Yaw
-0.110,0.074,1.073,-28.702,8.099,-250.137,Yaw
-0.035,-0.016,1.103,-41.573,11.664,-250.137,Yaw
-0.005,-0.010,1.013,-39.870,-6.214,-250.137,Yaw
0.077,-0.036,0.974,-34.794,-7.679,-250.137,Yaw
0.121,-0.029,0.933,-16.328,11.290,-250.137,Yaw
0.242,0.099,0.898,-16.626,-2.214,-250.137,Yaw
0.227,0.312,1.054,-33.168,26.725,-123.191,Yaw
0.188,0.313,1.091,-27.855,-10.893,-9.527,Yaw
0.114,0.195,1.071,-29.573,-33.015,96.702,Yaw
0.062,-0.016,0.989,-26.076,-30.183,188.267,Yaw
0.059,-0.074,1.045,-25.588,-27.420,250.130,Yaw
0.017,-0.082,0.984,-19.351,-27.954,250.130,Yaw
0.014,-0.164,0.948,20.840,-61.939,250.130,Yaw
0.062,-0.233,0.958,77.435,-78.336,250.130,Yaw
0.028,-0.097,1.023,113.786,-72.450,250.130,Yaw
0.105,0.058,1.039,92.435,-37.008,250.130,Yaw
0.181,0.103,1.025,62.412,9.061,250.130,Yaw
0.209,0.124,1.019,27.015,33.786,250.130,Yaw
0.084,0.072,0.984,10.672,51.427,182.435,Yaw
0.160,-0.091,1.033,43.916,2.321,77.893,Yaw
0.116,-0.030,1.036,53.733,12.649,-9.588,Yaw
0.072,-0.002,1.021,41.656,12.130,-104.817,Yaw
0.068,0.021,0.985,33.237,16.489,-201.779,Yaw
0.023,0.196,1.018,7.710,27.290,-250.137,Yaw
-0.042,0.161,0.988,-23.634,34.260,-250.137,Yaw
-0.083,0.132,0.928,-51.611,16.969,-250.137,Yaw
-0.110,-0.020,0.980,-38.191,-11.275,-250.137,Yaw
-0.067,-0.060,0.972,-18.191,-31.313,-250.137,Yaw
0.022,-0.093,0.982,-24.496,-33.321,-250.137,Yaw
0.246,-0.116,0.910,-16.053,-26.954,-250.137,Yaw
0.120,0.102,1.011,16.237,-22.046,-188.275,Yaw
0.051,0.172,0.925,15.000,-50.641,-129.481,Yaw
0.331,0.222,0.962,8.771,-15.649,-9.687,Yaw
0.134,0.186,1.047,4.008,-16.855,70.153,Yaw
0.175,0.122,0.950,24.496,-28.153,150.420,Yaw
0.200,0.033,1.014,39.618,-31.221,250.130,Yaw
0.191,-0.021,1.027,40.573,-1.336,250.130,Yaw
0.172,-0.090,0.961,53.160,-5.237,250.130,Yaw
0.088,-0.082,0.942,77.168,-20.305,250.130,Yaw
0.038,0.045,0.961,63.908,-10.641,250.130,Yaw
0.114,0.199,1.001,19.458,16.771,250.130,Yaw
0.190,0.198,0.971,-10.008,44.405,250.130,Yaw
0.328,0.073,1.042,-16.977,69.992,187.931,Yaw
0.208,-0.070,1.003,20.718,44.756,31.542,Yaw
0.109,-0.064,1.059,55.359,27.679,-69.374,Yaw
0.165,-0.008,1.010,49.122,53.198,-189.679,Yaw
-0.030,0.055,1.044,19.519,71.122,-250.137,Yaw
-0.202,0.078,1.072,5.076,39.855,-250.137,Yaw
-0.203,0.038,1.090,19.137,-40.237,-250.137,Yaw
-0.169,0.041,0.951,15.702,-105.000,-250.137,Yaw
-0.029,0.014,0.938,23.359,-116.473,-250.137,Yaw
0.184,0.100,0.974,-8.534,-101.527,-250.137,Yaw
0.523,0.107,0.888,5.427,-72.000,-250.137,Yaw
0.357,0.268,0.952,32.282,-60.023,-132.153,Yaw
0.298,0.171,0.991,11.099,5.779,-24.992,Yaw
0.130,0.228,0.960,-3.351,2.244,25.496,Yaw
0.097,0.135,0.994,-5.710,-6.053,32.290,Yaw
0.145,0.041,1.054,-21.443,-5.344,52.733,Yaw
0.146,0.032,1.001,-12.313,-3.718,73.519,Yaw
0.198,0.209,1.006,-10.496,-4.603,139.649,Yaw
0.436,0.073,0.964,-3.916,11.229,250.130,Yaw
0.297,-0.161,1.025,18.412,45.756,250.130,Yaw
-0.016,-0.110,1.015,34.046,16.656,250.130,Yaw
0.031,-0.111,0.957,58.794,-36.542,250.130,Yaw
0.063,0.050,0.983,61.389,-30.168,250.130,Yaw
0.285,0.216,1.052,31.519,32.137,250.130,Yaw
0.466,0.015,1.107,-8.290,87.939,215.588,Yaw
0.189,-0.031,0.966,14.397,37.145,95.107,Yaw
0.220,-0.087,1.025,38.450,6.176,24.443,Yaw
0.349,-0.052,0.974,49.183,8.977,-100.580,Yaw
0.155,0.070,0.978,26.771,17.061,-235.366,Yaw
0.052,0.139,0.991,-14.031,6.908,-250.137,Yaw
-0.050,0.033,0.994,-34.168,-14.115,-250.137,Yaw
-0.050,-0.059,0.954,-33.878,-30.748,-250.137,Yaw
0.018,-0.034,0.976,-37.863,-41.000,-250.137,Yaw
0.095,-0.143,0.964,-31.985,-32.908,-250.137,Yaw
0.166,-0.114,0.919,-20.069,0.504,-250.137,Yaw
0.162,0.063,0.950,-36.695,22.687,-250.137,Yaw
0.198,0.149,0.967,-44.069,12.847,-194.137,Yaw
0.207,0.220,1.060,-19.458,9.450,-85.382,Yaw
0.175,0.238,1.042,-6.244,-0.160,28.771,Yaw
0.123,0.116,1.008,10.611,-18.473,111.809,Yaw
0.141,0.075,1.045,1.725,-10.489,209.687,Yaw
0.110,-0.012,1.090,-12.931,-9.916,250.130,Yaw
0.077,-0.105,1.061,-12.023,-19.244,250.130,Yaw
0.090,-0.168,1.027,3.893,-36.985,250.130,Yaw
0.032,-0.170,0.953,43.267,-93.924,250.130,Yaw
0.095,-0.155,0.959,70.359,-74.336,250.130,Yaw
0.199,0.015,0.992,85.359,-54.344,250.130,Yaw
0.312,0.072,0.987,46.122,7.229,250.130,Yaw
0.166,0.029,0.920,20.847,48.878,241.573,Yaw
0.283,-0.106,1.064,27.015,-3.466,170.237,Yaw
0.307,-0.112,0.977,35.962,12.351,68.153,Yaw
0.231,-0.177,1.012,43.634,13.313,-39.443,Yaw
0.235,-0.054,1.018,41.672,12.656,-152.595,Yaw
0.156,-0.008,1.066,21.260,40.374,-250.137,Yaw
0.050,0.074,1.046,3.672,55.450,-250.137,Yaw
-0.059,-0.001,0.985,-2.168,56.962,-250.137,Yaw
-0.133,-0.067,0.960,13.481,29.573,-250.137,Yaw
-0.157,-0.059,0.909,10.580,-2.748,-250.137,Yaw
-0.112,-0.079,0.941,12.321,-28.382,-250.137,Yaw
0.011,-0.049,0.955,12.412,-37.038,-250.137,Yaw
0.146,0.074,0.949,-18.176,-38.794,-250.137,Yaw
0.108,0.183,1.015,-15.641,-22.893,-231.328,Yaw
0.181,0.373,1.014,-18.267,-18.763,-91.786,Yaw
0.185,0.391,1.006,-16.473,-22.931,45.237,Yaw
0.057,0.177,1.009,-0.313,-29.511,143.649,Yaw
-0.001,0.056,1.024,9.786,-42.901,243.038,Yaw
0.143,-0.006,1.071,17.450,-19.939,250.130,Yaw
0.035,-0.049,1.014,18.115,-9.359,250.130,Yaw
-0.016,-0.120,1.002,29.122,-41.260,250.130,Yaw
0.033,-0.105,1.007,60.863,-65.588,250.130,Yaw
0.078,-0.027,0.990,63.649,-48.794,250.130,Yaw
0.174,0.063,1.006,40.183,-4.130,250.130,Yaw
0.208,0.024,0.988,14.237,29.573,250.130,Yaw
0.044,-0.018,0.965,7.496,51.962,250.130,Yaw
0.166,-0.005,0.991,20.977,-13.962,206.595,Yaw
0.287,-0.152,0.993,34.885,-11.351,105.305,Yaw
0.321,-0.227,1.011,47.366,9.000,-38.885,Yaw
0.203,-0.074,0.983,54.756,27.847,-165.084,Yaw
0.144,0.004,1.067,33.931,56.779,-250.137,Yaw
0.048,0.095,1.005,27.931,71.611,-250.137,Yaw
-0.091,0.050,0.929,14.038,73.573,-250.137,Yaw
-0.216,0.013,0.920,22.786,36.191,-250.137,Yaw
-0.262,0.004,0.985,30.611,-20.427,-250.137,Yaw
-0.163,-0.015,0.984,26.076,-81.061,-250.137,Yaw
-0.060,0.031,0.994,4.458,-90.214,-250.137,Yaw
0.086,0.018,0.976,-42.527,-68.183,-250.137,Yaw
0.166,0.178,0.979,-64.168,-21.847,-250.137,Yaw
0.054,0.200,1.025,-48.603,-11.275,-186.664,Yaw
0.163,0.315,1.008,-25.351,-3.885,-63.115,Yaw
0.052,0.337,1.056,-3.397,-16.191,58.260,Yaw
0.061,0.172,0.965,14.534,-27.214,160.626,Yaw
0.008,0.056,1.002,20.427,-38.664,250.130,Yaw
0.064,-0.095,1.021,-2.519,-26.679,250.130,Yaw
0.001,-0.135,1.070,-10.802,-22.863,250.130,Yaw
-0.065,-0.224,1.004,-3.244,-48.344,250.130,Yaw
0.006,-0.220,1.026,37.527,-75.427,250.130,Yaw
0.011,-0.150,0.982,88.916,-85.618,250.130,Yaw
0.166,0.006,0.972,103.450,-48.099,250.130,Yaw
0.308,0.105,0.967,62.107,22.580,250.130,Yaw
0.198,0.062,0.956,26.718,75.962,246.580,Yaw
0.174,-0.109,1.015,23.397,17.321,142.977,Yaw
0.221,-0.101,1.017,38.473,11.046,32.023,Yaw
0.152,-0.111,1.032,36.863,3.450,-104.969,Yaw
0.179,-0.036,1.007,27.328,19.901,-241.443,Yaw
0.077,0.057,1.060,9.420,47.550,-250.137,Yaw
-0.068,0.008,0.966,15.069,67.282,-250.137,Yaw
-0.221,0.015,0.890,26.855,41.298,-250.137,Yaw
-0.174,0.021,0.965,28.603,-21.458,-250.137,Yaw
-0.147,-0.023,0.981,20.298,-76.046,-250.137,Yaw
0.002,-0.002,0.996,6.099,-73.931,-250.137,Yaw
0.082,0.123,1.047,-16.221,-40.252,-250.137,Yaw
0.137,0.146,0.976,-28.305,-12.786,-250.137,Yaw
0.203,0.300,1.037,-39.863,-6.977,-138.183,Yaw
0.175,0.352,0.987,-36.771,-0.023,-15.336,Yaw
0.042,0.178,1.055,-18.748,-20.267,94.893,Yaw
0.051,0.104,1.025,-3.527,-21.687,199.565,Yaw
0.064,-0.002,1.046,3.504,-17.405,250.130,Yaw
-0.023,-0.081,1.056,17.786,-28.313,250.130,Yaw
-0.048,-0.154,1.054,47.534,-63.557,250.130,Yaw
-0.006,-0.107,1.003,72.931,-66.527,250.130,Yaw
0.018,-0.014,0.993,57.817,-46.046,250.130,Yaw
0.031,0.042,0.959,34.176,-20.328,250.130,Yaw
0.121,0.060,0.960,20.344,-1.031,250.130,Yaw
0.029,0.052,0.975,3.580,47.802,250.130,Yaw
0.244,-0.093,1.012,29.359,-31.603,250.130,Yaw
0.304,-0.098,0.991,38.267,-17.443,124.611,Yaw
0.273,-0.186,1.041,17.031,-4.366,-7.756,Yaw
0.202,-0.136,0.976,17.824,9.779,-125.229,Yaw
0.224,-0.115,0.996,0.405,42.412,-246.137,Yaw
0.118,-0.022,1.049,-9.031,58.061,-250.137,Yaw
-0.047,-0.004,1.037,-6.237,45.557,-250.137,Yaw
-0.113,0.026,0.974,2.344,34.756,-250.137,Yaw
-0.146,-0.013,0.957,17.099,6.786,-250.137,Yaw
0.029,-0.097,0.890,17.954,-24.313,-250.137,Yaw
-0.004,-0.090,0.946,-5.244,10.420,-250.137,Yaw
-0.241,-0.083,1.010,20.198,63.863,-250.137,Yaw
0.207,0.304,0.936,9.221,11.298,-199.695,Yaw
0.121,0.357,0.991,-9.626,17.924,-128.168,Yaw
0.178,0.515,1.066,-34.725,0.031,1.328,Yaw
0.031,0.340,1.100,-60.023,-22.344,139.168,Yaw
-0.066,0.131,1.037,-61.023,-40.710,250.130,Yaw
0.001,-0.170,1.081,-24.779,-52.863,250.130,Yaw
-0.206,-0.172,1.044,25.397,-84.565,250.130,Yaw
-0.175,-0.144,1.031,70.053,-130.420,250.130,Yaw
0.044,-0.009,1.019,94.580,-112.756,250.130,Yaw
0.222,0.220,0.976,58.954,-24.069,250.130,Yaw
0.226,0.179,1.033,-5.168,41.611,250.130,Yaw
0.083,0.024,0.999,16.397,26.305,226.282,Yaw
0.306,-0.071,1.071,43.985,-27.397,135.824,Yaw
0.423,-0.093,0.917,26.351,-7.290,5.160,Yaw
0.193,0.091,0.963,-10.031,12.748,-139.061,Yaw
0.044,0.112,0.961,-44.763,-28.511,-213.435,Yaw
0.177,0.008,0.815,-73.336,-51.771,-250.137,Yaw
0.241,-0.115,1.065,-84.893,-30.885,-250.137,Yaw
0.174,-0.093,0.969,-75.908,19.824,-250.137,Yaw
0.125,-0.168,0.902,-63.130,55.069,-250.137,Yaw
0.101,-0.181,0.942,-38.573,78.542,-250.137,Yaw
0.094,-0.240,0.950,-14.389,93.969,-250.137,Yaw
-0.063,-0.136,0.962,3.916,22.252,-249.237,Yaw
0.175,0.236,1.058,0.733,19.641,-197.557,Yaw
0.198,0.321,1.018,-15.779,17.733,-109.756,Yaw
0.142,0.335,1.085,-30.748,-2.527,-20.206,Yaw
0.118,0.211,1.094,-20.595,-14.863,70.145,Yaw
0.038,0.078,1.049,-9.611,-16.206,158.863,Yaw
0.103,0.056,1.073,6.725,-21.885,243.771,Yaw
0.120,0.029,1.030,-15.092,22.901,250.130,Yaw
0.017,-0.007,0.966,-37.550,36.023,250.130,Yaw
-0.029,-0.095,0.979,-38.977,-4.328,250.130,Yaw
-0.072,-0.171,0.998,4.313,-48.511,250.130,Yaw
-0.075,-0.157,0.983,66.924,-82.176,250.130,Yaw
0.103,0.018,0.983,122.130,-74.031,250.130,Yaw
0.211,0.161,0.979,98.985,-26.519,250.130,Yaw
0.221,0.184,0.997,45.893,31.924,250.130,Yaw
0.195,0.148,0.975,27.603,57.466,196.672,Yaw
0.224,-0.052,0.990,22.359,-8.481,82.092,Yaw
0.247,-0.074,1.010,24.740,5.466,-31.893,Yaw
0.160,0.139,0.946,8.160,-4.229,-172.122,Yaw
-0.017,0.209,1.000,-0.244,-9.634,-250.137,Yaw
0.041,0.072,1.011,-31.679,-19.450,-250.137,Yaw
-0.026,0.085,1.016,-69.595,2.092,-250.137,Yaw
-0.047,0.030,0.980,-87.695,0.084,-250.137,Yaw
-0.046,-0.092,0.987,-81.389,-40.847,-250.137,Yaw
0.031,-0.271,0.998,-35.725,-38.954,-250.137,Yaw
0.248,-0.362,0.965,-22.847,-5.084,-250.137,Yaw
0.338,0.193,0.977,-4.565,-1.252,-152.550,Yaw
0.143,0.099,0.975,-1.603,-7.328,-88.916,Yaw
0.295,0.188,0.970,-0.115,-4.954,3.298,Yaw
0.231,0.178,1.018,25.748,-24.366,82.748,Yaw
0.183,0.077,0.956,35.130,-12.076,187.153,Yaw
0.161,0.013,1.008,32.466,-13.137,250.130,Yaw
0.091,-0.085,1.033,33.710,-27.099,250.130,Yaw
0.117,-0.068,1.031,29.313,-18.076,250.130,Yaw
0.051,-0.084,1.065,13.679,-1.366,250.130,Yaw
0.066,-0.020,1.033,37.832,-26.214,250.130,Yaw
0.193,0.000,0.975,59.771,-59.939,250.130,Yaw
0.490,-0.008,1.136,48.183,11.733,250.130,Yaw
0.365,0.110,0.948,49.450,-13.443,250.130,Yaw
0.250,-0.054,0.999,37.412,5.832,170.290,Yaw
0.268,-0.094,1.011,48.420,21.641,93.573,Yaw
0.230,-0.098,1.005,53.679,26.076,2.336,Yaw
0.157,-0.051,0.970,34.176,8.496,-83.786,Yaw
0.126,0.006,0.959,19.824,7.511,-165.947,Yaw
0.113,0.059,0.968,3.954,19.954,-250.137,Yaw
0.078,0.079,0.955,-10.359,38.214,-250.137,Yaw
0.041,0.061,0.940,-8.565,44.092,-250.137,Yaw
-0.042,0.089,0.929,8.779,39.924,-250.137,Yaw
-0.126,0.077,0.980,5.336,7.282,-250.137,Yaw
-0.150,-0.004,1.008,-3.641,-39.153,-250.137,Yaw
-0.045,0.020,1.009,-3.550,-58.115,-250.137,Yaw
0.301,-0.163,0.956,-57.985,-34.710,-250.137,Yaw
0.202,0.227,1.044,-25.985,-2.206,-112.511,Yaw
0.148,0.190,1.007,-32.053,-9.855,-30.366,Yaw
0.141,0.205,0.975,-30.206,-52.000,51.008,Yaw
0.101,0.073,0.979,-24.481,-23.252,132.687,Yaw
0.064,-0.023,1.016,-25.191,-10.046,199.725,Yaw
0.047,-0.125,1.008,-28.641,-0.031,250.130,Yaw
0.005,-0.157,1.034,-25.145,-30.458,250.130,Yaw
0.032,-0.201,1.035,17.870,-71.878,250.130,Yaw
0.076,-0.182,1.011,66.443,-94.954,250.130,Yaw
0.188,-0.086,1.015,109.374,-111.809,250.130,Yaw
0.310,0.076,1.012,73.321,-74.023,250.130,Yaw
0.198,0.100,1.048,11.626,29.130,250.130,Yaw
0.242,0.048,0.987,15.359,-12.977,178.191,Yaw
0.270,-0.073,0.965,25.359,-5.565,97.756,Yaw
0.296,-0.128,0.984,27.634,2.618,-26.641,Yaw
0.179,-0.059,0.911,27.160,9.847,-141.779,Yaw
0.192,0.010,0.948,9.870,40.878,-250.137,Yaw
0.112,0.102,0.948,-21.382,50.023,-250.137,Yaw
0.008,0.094,0.985,-38.954,45.588,-250.137,Yaw
-0.105,0.006,1.038,-34.908,13.115,-250.137,Yaw
-0.064,-0.043,0.989,-34.802,-32.733,-250.137,Yaw
0.069,-0.137,0.958,-9.237,-40.893,-250.137,Yaw
0.358,-0.236,0.972,-18.137,-44.740,-250.137,Yaw
0.280,0.323,1.014,28.931,-33.489,-160.275,Yaw
0.286,0.319,1.025,30.374,-33.198,-67.092,Yaw
0.443,0.281,1.038,32.489,-18.137,35.733,Yaw
0.136,0.169,0.958,45.053,-28.649,120.443,Yaw
0.174,0.122,1.023,32.939,-3.565,193.466,Yaw
0.226,0.137,1.028,2.366,40.099,250.130,Yaw
0.159,0.086,1.017,-19.000,45.664,250.130,Yaw
0.118,-0.015,0.961,-26.305,16.504,250.130,Yaw
0.110,-0.090,0.979,-6.489,7.183,250.130,Yaw
0.166,-0.124,1.027,43.885,-32.649,250.130,Yaw
0.222,0.019,0.992,70.267,-43.718,250.130,Yaw
0.283,0.094,0.979,26.550,-14.366,250.130,Yaw
0.185,0.017,0.937,16.969,29.603,250.130,Yaw
0.227,0.014,0.956,25.107,-5.916,206.847,Yaw
0.167,-0.036,0.917,17.107,-9.504,121.466,Yaw
0.282,-0.143,0.987,34.076,3.740,2.802,Yaw
0.207,-0.083,1.012,50.328,24.855,-113.313,Yaw
0.163,-0.030,1.035,54.496,55.687,-235.817,Yaw
0.079,0.071,1.064,55.847,87.191,-250.137,Yaw
-0.032,0.104,1.059,28.672,98.534,-250.137,Yaw
-0.153,0.104,1.015,18.267,62.809,-250.137,Yaw
-0.217,0.037,0.941,12.298,-27.481,-250.137,Yaw
-0.172,0.123,0.977,0.511,-66.756,-250.137,Yaw
-0.005,0.004,0.945,-28.802,-83.939,-250.137,Yaw
0.303,-0.171,0.911,-30.954,-62.183,-250.137,Yaw
0.336,0.189,1.005,-40.473,-29.023,-119.015,Yaw
0.164,0.182,1.013,-23.664,-14.954,-26.779,Yaw
0.098,0.140,0.953,-2.565,-43.992,43.725,Yaw
0.100,0.064,0.992,19.679,-22.672,103.000,Yaw
0.159,0.045,1.017,29.634,-16.641,183.969,Yaw
0.128,0.011,1.069,18.489,-17.359,250.130,Yaw
0.119,-0.011,1.048,10.328,-28.382,250.130,Yaw
0.200,-0.078,1.026,15.443,-34.748,250.130,Yaw
0.183,-0.121,0.998,31.695,-38.412,250.130,Yaw
0.135,-0.094,0.979,56.855,-65.443,250.130,Yaw
0.253,0.033,0.996,65.550,-69.504,250.130,Yaw
0.547,0.035,1.093,29.290,11.641,250.130,Yaw
0.311,0.073,0.911,31.786,-9.565,240.588,Yaw
0.286,-0.072,1.029,28.412,-15.649,151.908,Yaw
0.330,-0.112,0.986,20.595,3.099,41.328,Yaw
0.177,-0.100,1.018,29.107,3.221,-60.595,Yaw
0.188,-0.064,1.009,23.153,10.252,-148.695,Yaw
0.125,-0.012,0.970,-8.725,17.183,-250.137,Yaw
0.070,0.110,0.989,-21.481,17.000,-250.137,Yaw
0.051,0.121,0.967,-4.130,17.015,-250.137,Yaw
0.000,0.123,0.905,9.771,22.763,-250.137,Yaw
-0.025,0.114,0.926,-6.954,-23.038,-250.137,Yaw
0.005,0.078,0.946,-22.947,-61.634,-250.137,Yaw
0.159,-0.373,0.949,-39.817,-67.817,-250.137,Yaw
0.365,0.444,1.033,-17.290,-20.229,-173.038,Yaw
0.238,0.382,1.079,-26.679,-27.366,-109.557,Yaw
0.226,0.400,0.920,-16.863,-40.328,-15.061,Yaw
0.216,0.285,0.950,2.992,-20.771,81.908,Yaw
0.128,0.192,0.997,18.771,-13.725,134.458,Yaw
0.195,0.133,0.956,25.237,-1.573,197.336,Yaw
0.183,0.118,1.043,9.244,39.076,250.130,Yaw
0.137,0.087,1.002,-25.275,31.550,250.130,Yaw
0.148,-0.031,0.968,-22.969,6.939,250.130,Yaw
0.162,-0.123,0.982,21.947,-22.313,250.130,Yaw
0.179,-0.070,0.972,61.023,-29.145,250.130,Yaw
0.188,0.008,0.993,82.847,-26.496,250.130,Yaw
0.263,0.136,1.007,74.794,8.702,250.130,Yaw
0.222,0.162,1.076,25.008,86.786,250.130,Yaw
0.213,0.109,0.990,27.137,22.046,190.794,Yaw
0.215,-0.046,0.992,34.565,-3.542,90.130,Yaw
0.222,-0.097,1.037,44.076,9.481,-36.008,Yaw
0.107,-0.015,1.015,42.702,13.557,-134.626,Yaw
0.124,0.035,1.034,19.702,9.313,-248.802,Yaw
0.038,0.186,1.025,-0.244,2.389,-250.137,Yaw
0.006,0.209,1.027,-13.115,-21.275,-250.137,Yaw
-0.018,0.215,0.961,-32.664,-13.702,-250.137,Yaw
0.001,0.132,0.914,-56.962,-34.626,-250.137,Yaw
0.041,-0.024,0.876,-39.336,-53.634,-250.137,Yaw
0.223,-0.137,1.041,-24.366,-47.710,-250.137,Yaw
0.536,0.045,0.993,-22.229,-35.603,-173.382,Yaw
0.271,0.280,1.072,4.321,-7.817,-83.481,Yaw
0.285,0.381,0.960,-11.366,-27.939,6.229,Yaw
0.289,0.232,0.891,-10.718,-38.000,98.321,Yaw
0.276,0.135,0.990,-1.878,-24.656,177.878,Yaw
0.227,0.060,0.991,-2.947,15.214,250.130,Yaw
0.185,-0.024,0.999,3.641,10.893,250.130,Yaw
0.135,-0.087,0.975,30.794,-3.321,250.130,Yaw
0.126,-0.125,0.941,48.481,-32.328,250.130,Yaw
0.178,-0.010,0.959,76.336,-40.282,250.130,Yaw
0.288,0.141,0.974,69.832,-24.687,250.130,Yaw
0.427,0.115,1.091,16.634,25.802,250.130,Yaw
0.258,0.087,0.939,27.725,4.802,225.099,Yaw
0.292,0.015,1.029,17.924,-20.695,97.847,Yaw
0.249,-0.081,1.039,22.824,8.710,-12.832,Yaw
0.106,-0.039,1.022,37.641,4.557,-98.076,Yaw
0.133,-0.008,0.995,35.489,1.725,-179.153,Yaw
0.110,0.035,0.999,22.435,0.977,-250.137,Yaw
0.096,0.173,1.014,-4.305,-2.382,-250.137,Yaw
0.072,0.158,1.044,-38.786,6.153,-250.137,Yaw
0.015,0.145,0.911,-35.740,-1.046,-250.137,Yaw
-0.011,0.136,0.892,-26.763,-34.504,-250.137,Yaw
0.050,0.113,0.934,-30.008,-69.863,-250.137,Yaw
0.244,-0.224,0.928,-19.748,-67.458,-250.137,Yaw
0.514,0.165,0.990,-7.321,-27.374,-163.695,Yaw
0.258,0.370,1.021,7.115,-21.573,-93.885,Yaw
0.340,0.446,0.929,-4.931,-51.679,13.267,Yaw
0.330,0.210,0.963,5.656,-17.626,112.176,Yaw
0.287,0.163,1.011,1.580,9.878,174.107,Yaw
0.207,0.115,1.012,-9.992,40.840,250.130,Yaw
0.139,0.061,1.011,-5.206,6.260,250.130,Yaw
0.223,0.009,1.003,20.550,-8.962,250.130,Yaw
0.238,-0.017,0.955,34.832,-31.565,250.130,Yaw
0.215,-0.071,0.966,50.382,-7.954,250.130,Yaw
0.231,0.049,0.969,78.260,2.893,250.130,Yaw
0.237,0.122,0.972,43.450,2.840,250.130,Yaw
0.130,0.113,0.981,25.198,28.649,250.130,Yaw
0.247,0.072,1.030,13.557,-15.924,178.191,Yaw
0.303,-0.046,0.987,6.313,-6.802,62.847,Yaw
0.217,-0.104,0.950,21.122,8.542,-50.672,Yaw
0.225,-0.042,0.950,40.649,28.977,-151.382,Yaw
0.193,0.002,1.004,31.595,40.954,-250.137,Yaw
0.099,0.101,0.997,17.641,50.649,-250.137,Yaw
0.012,0.135,1.031,-1.725,54.542,-250.137,Yaw
-0.060,0.146,0.989,-12.031,11.267,-250.137,Yaw
-0.090,0.127,0.981,-17.237,-48.244,-250.137,Yaw
0.081,0.104,0.937,-24.290,-87.092,-250.137,Yaw
0.265,-0.188,0.887,-28.321,-77.061,-250.137,Yaw
0.520,0.217,0.991,-16.198,-44.076,-175.145,Yaw
0.257,0.353,1.076,8.695,-38.580,-105.115,Yaw
0.472,0.364,1.019,-11.031,-29.290,-18.611,Yaw
0.201,0.239,0.922,1.550,-18.321,70.962,Yaw
0.189,0.174,1.001,18.733,-20.122,117.878,Yaw
0.260,0.141,1.037,11.351,6.725,197.908,Yaw
0.227,0.052,0.985,-1.527,19.237,250.130,Yaw
0.167,0.061,0.998,10.031,8.206,250.130,Yaw
0.219,-0.030,0.956,17.137,-7.557,250.130,Yaw
0.255,-0.108,0.931,61.733,-5.878,250.130,Yaw
0.230,-0.048,0.951,95.649,-15.504,250.130,Yaw
0.259,0.124,0.952,91.351,-14.962,250.130,Yaw
0.329,0.185,0.969,41.924,10.824,250.130,Yaw
0.161,0.145,1.018,4.435,66.878,250.130,Yaw
0.209,0.064,0.979,5.366,-14.511,143.893,Yaw
0.282,-0.031,1.041,7.168,-13.275,43.076,Yaw
0.208,-0.088,1.050,18.267,3.809,-65.267,Yaw
0.174,-0.024,0.982,30.595,-7.878,-143.542,Yaw
0.193,-0.008,1.041,11.573,9.634,-243.695,Yaw
0.100,0.081,1.041,-2.786,16.321,-250.137,Yaw
0.090,0.148,0.981,-26.931,21.290,-250.137,Yaw
0.088,0.180,0.946,-45.046,9.313,-250.137,Yaw
0.044,0.097,0.923,-57.153,-22.328,-250.137,Yaw
0.130,0.004,0.896,-39.084,-45.382,-250.137,Yaw
0.196,-0.006,0.936,-11.183,-28.824,-250.137,Yaw
0.280,0.055,1.000,-10.305,4.672,-250.137,Yaw
0.378,0.228,0.941,-26.092,-14.779,-173.962,Yaw
0.235,0.274,1.013,-0.130,-24.374,-95.931,Yaw
0.353,0.371,0.986,-1.649,-30.573,3.221,Yaw
0.254,0.288,0.971,3.893,-20.550,93.847,Yaw
0.292,0.210,1.007,15.389,-16.282,171.366,Yaw
0.239,0.122,0.991,6.931,4.260,250.130,Yaw
0.206,0.068,0.990,-3.366,-7.786,250.130,Yaw
0.272,-0.034,0.920,7.069,-9.405,250.130,Yaw
0.239,-0.156,0.875,49.664,-26.481,250.130,Yaw
0.250,-0.070,0.919,109.672,-26.015,250.130,Yaw
0.266,0.196,0.990,123.267,3.313,250.130,Yaw
0.290,0.257,1.045,62.901,38.588,250.130,Yaw
0.169,0.230,0.982,27.397,70.168,233.489,Yaw
0.296,0.061,1.080,13.092,9.046,106.947,Yaw
0.269,0.005,1.039,9.802,3.573,1.481,Yaw
0.207,-0.029,1.035,17.802,0.252,-103.031,Yaw
0.164,0.046,0.998,15.573,-1.786,-195.710,Yaw
0.126,0.061,1.016,-5.519,-4.412,-250.137,Yaw
0.091,0.115,1.026,-17.786,5.313,-250.137,Yaw
0.011,0.182,0.968,-29.656,13.786,-250.137,Yaw
0.014,0.140,0.917,-28.305,3.145,-250.137,Yaw
0.004,0.109,0.909,-9.969,-29.580,-250.137,Yaw
0.082,0.082,0.909,-4.153,-61.420,-250.137,Yaw
0.358,-0.093,0.938,-15.893,-58.954,-250.137,Yaw
0.410,0.286,0.986,-12.939,-39.122,-192.695,Yaw
0.279,0.415,1.091,-26.450,-10.885,-105.115,Yaw
0.203,0.474,0.965,-46.962,-21.763,-8.794,Yaw
0.192,0.297,0.974,-25.046,-30.618,84.725,Yaw
0.165,0.176,0.989,-4.672,-20.305,148.008,Yaw
0.169,0.094,0.983,5.901,2.710,200.962,Yaw
0.204,0.082,1.005,0.634,-5.794,250.130,Yaw
0.238,0.025,0.991,-15.954,4.015,250.130,Yaw
0.249,-0.060,0.953,-24.695,10.573,250.130,Yaw
0.244,-0.141,0.910,30.748,-44.992,250.130,Yaw
0.249,-0.125,0.928,111.893,-42.611,250.130,Yaw
0.275,0.137,0.947,150.893,-21.099,250.130,Yaw
0.346,0.298,1.073,100.069,30.206,250.130,Yaw
0.233,0.238,1.020,29.565,75.107,244.687,Yaw
0.138,0.137,0.932,19.382,57.855,130.832,Yaw
0.213,-0.057,1.042,17.565,-0.924,18.313,Yaw
0.168,0.005,1.058,30.305,-10.641,-87.710,Yaw
0.092,0.081,0.986,26.031,-18.031,-193.397,Yaw
0.098,0.124,1.049,14.351,-15.977,-250.137,Yaw
0.023,0.224,1.026,-29.794,-0.977,-250.137,Yaw
-0.021,0.157,0.950,-60.901,4.382,-250.137,Yaw
-0.046,0.140,0.905,-60.183,-15.244,-250.137,Yaw
-0.008,0.029,0.898,-28.901,-47.954,-250.137,Yaw
0.176,-0.023,0.905,13.969,-38.206,-250.137,Yaw
0.502,0.039,0.917,7.954,-36.015,-213.496,Yaw
0.200,0.389,1.016,28.626,-31.718,-132.931,Yaw
0.304,0.450,0.952,9.611,-44.084,-31.359,Yaw
0.398,0.331,1.013,-4.847,-11.214,70.718,Yaw
0.135,0.268,1.024,-15.076,-24.107,136.298,Yaw
0.219,0.159,1.062,-21.107,10.313,198.908,Yaw
0.223,0.094,1.085,-46.878,17.641,250.130,Yaw
0.145,-0.005,0.974,-27.969,-14.664,250.130,Yaw
0.211,-0.089,0.940,24.443,-57.260,250.130,Yaw
0.285,-0.115,0.928,90.542,-64.878,250.130,Yaw
0.285,0.023,0.967,134.359,-35.015,250.130,Yaw
0.363,0.213,0.969,122.679,4.939,250.130,Yaw
0.431,0.220,1.052,49.527,53.153,250.130,Yaw
0.194,0.180,0.881,22.992,33.611,204.802,Yaw
0.207,0.060,0.993,11.344,-8.160,120.985,Yaw
0.269,0.009,0.994,17.473,-4.618,5.489,Yaw
0.171,-0.020,1.020,20.458,-9.664,-91.771,Yaw
0.180,0.054,1.001,8.405,-15.137,-194.565,Yaw
0.182,0.139,1.056,-16.466,11.893,-250.137,Yaw
0.137,0.158,0.983,-30.015,41.672,-250.137,Yaw
0.045,0.137,0.918,-19.496,43.031,-250.137,Yaw
-0.070,0.171,0.861,7.107,18.550,-250.137,Yaw
-0.053,0.155,0.917,7.183,-38.344,-250.137,Yaw
0.207,-0.029,0.944,6.260,-67.313,-250.137,Yaw
0.461,0.204,0.998,-26.450,-66.023,-250.137,Yaw
0.249,0.439,1.110,-14.298,-53.649,-177.870,Yaw
0.446,0.493,0.983,-30.366,-26.244,-48.908,Yaw
-0.022,-0.041,1.068,16.763,26.771,-16.389,Shake
-0.041,-0.045,1.122,-2.664,25.031,-21.641,Shake
-0.055,-0.060,1.072,-14.611,13.374,-10.771,Shake
-0.006,-0.025,0.989,-4.611,-4.695,-0.748,Shake
0.007,0.023,0.870,-0.885,-7.336,-2.870,Shake
0.029,0.001,0.930,10.550,-0.168,0.771,Shake
0.024,0.019,0.952,8.061,-5.313,2.412,Shake
-0.016,-0.024,0.978,-16.191,3.641,-1.092,Shake
-0.024,-0.049,1.075,-25.115,7.046,-11.069,Shake
-0.032,-0.085,1.024,-17.962,3.802,-17.191,Shake
0.043,-0.013,0.948,-2.794,-7.099,-12.565,Shake
0.075,-0.020,0.839,-4.656,-12.336,0.237,Shake
0.167,-0.014,0.844,13.397,-5.290,16.420,Shake
0.225,0.044,0.756,23.939,-0.740,30.481,Shake
0.048,-0.127,1.062,45.824,-13.374,50.198,Shake
-0.676,-0.217,1.901,45.916,-32.710,36.267,Shake
-0.869,-0.055,2.000,-9.473,-72.321,12.504,Shake
-0.228,0.001,1.761,5.855,-127.885,15.145,Shake
0.541,0.058,0.254,-16.725,-156.588,26.977,Shake
1.309,0.241,-1.206,-38.557,-118.229,28.649,Shake
0.947,0.294,-1.026,-81.366,-5.115,18.336,Shake
-0.177,-0.184,0.953,-144.176,78.626,11.198,Shake
-0.888,-0.505,2.000,-75.664,108.550,25.756,Shake
-0.946,-0.846,2.000,62.504,-77.863,-104.611,Shake
0.719,-0.032,0.249,167.084,-141.351,-24.321,Shake
1.387,0.361,-1.202,206.237,-5.649,72.084,Shake
0.792,0.292,-0.600,123.115,98.214,56.214,Shake
-0.234,0.151,1.176,-50.168,46.458,-2.580,Shake
-1.079,0.237,2.000,-177.588,-24.496,-60.084,Shake
-0.292,-0.315,2.000,-73.237,-97.817,-39.466,Shake
0.658,-0.050,0.078,58.710,-69.275,10.901,Shake
1.183,0.393,-0.853,105.092,-4.649,38.840,Shake
0.804,0.392,-0.567,-17.901,52.527,-39.221,Shake
-0.143,-0.230,1.344,-111.588,38.557,-69.458,Shake
-0.900,-0.577,2.000,-36.954,-1.695,-38.611,Shake
-0.130,-0.343,2.000,120.885,-81.290,-3.664,Shake
0.655,0.138,0.072,156.687,-83.267,31.000,Shake
1.249,0.574,-1.214,27.458,21.298,7.237,Shake
0.701,0.192,-0.513,-106.489,71.710,-50.359,Shake
-0.173,-0.343,1.647,-105.031,59.473,-40.359,Shake
-0.659,-0.494,2.000,-26.405,-10.069,2.412,Shake
-0.071,-0.244,2.000,74.573,-87.160,-3.473,Shake
0.637,0.183,0.495,86.733,-63.863,6.038,Shake
1.052,0.469,-0.855,45.153,-6.084,6.962,Shake
0.752,0.302,-0.536,-78.802,33.435,-47.496,Shake
-0.007,-0.248,1.281,-152.290,40.313,-49.382,Shake
-0.655,-0.770,2.000,-57.634,-9.237,-8.046,Shake
-0.057,-0.433,2.000,106.939,-79.069,-10.771,Shake
0.513,0.129,0.426,139.176,-83.740,28.924,Shake
1.286,0.535,-1.247,81.099,-18.313,58.947,Shake
0.938,0.313,-1.142,-40.267,80.405,14.580,Shake
-0.086,-0.059,0.894,-122.351,85.748,-17.099,Shake
-0.875,-0.480,2.000,-100.893,28.351,-2.626,Shake
-0.208,-0.558,2.000,81.084,-87.023,-5.931,Shake
0.543,0.047,0.528,144.130,-77.046,32.122,Shake
1.199,0.446,-1.066,129.412,15.305,71.878,Shake
0.997,0.438,-1.132,-26.282,91.290,-11.191,Shake
-0.106,-0.032,1.023,-139.855,9.954,-63.817,Shake
-0.708,-0.445,2.000,-87.221,-58.511,-39.939,Shake
0.042,-0.370,2.000,49.397,-75.786,-31.252,Shake
0.692,0.157,0.131,140.412,-48.260,26.962,Shake
1.378,0.595,-1.505,60.069,72.336,38.046,Shake
0.703,0.276,-0.765,-80.092,88.985,-35.840,Shake
-0.405,-0.240,1.853,-135.069,2.382,-83.924,Shake
-0.620,-0.581,2.000,-66.397,-74.198,-45.122,Shake
0.298,-0.307,1.780,97.702,-100.550,-27.084,Shake
0.785,0.272,-0.238,175.878,-37.214,47.237,Shake
1.282,0.616,-1.362,67.809,66.985,54.328,Shake
0.504,0.195,-0.281,-88.771,79.359,-26.198,Shake
-0.347,-0.099,2.000,-172.145,48.198,-55.481,Shake
-0.398,-0.601,2.000,-48.718,-46.634,-26.641,Shake
0.366,-0.185,1.329,120.634,-80.336,-16.450,Shake
0.861,0.421,-0.598,164.359,-30.015,53.985,Shake
1.265,0.726,-1.190,32.374,79.473,29.260,Shake
0.264,-0.147,0.366,-55.695,66.924,-32.244,Shake
-0.585,-0.229,2.000,-131.779,-7.359,-25.389,Shake
-0.056,-0.292,2.000,25.267,-92.573,-12.511,Shake
0.559,0.094,0.653,100.679,-70.031,-2.847,Shake
1.009,0.424,-1.107,111.183,2.969,59.733,Shake
0.809,0.431,-0.670,-33.550,101.450,-3.160,Shake
-0.181,-0.110,1.614,-136.740,19.748,-45.427,Shake
-0.543,-0.258,2.000,-94.939,-61.962,-22.588,Shake
0.431,-0.083,1.740,49.237,-98.840,-36.435,Shake
0.778,0.467,-0.716,130.122,-36.695,26.405,Shake
1.372,0.631,-1.805,-0.840,72.626,22.916,Shake
0.281,0.053,0.047,-78.130,113.847,-28.733,Shake
-0.566,-0.430,2.000,-133.275,53.595,-32.573,Shake
-0.121,-0.467,2.000,51.573,-100.939,-32.084,Shake
0.514,0.046,0.901,149.214,-53.847,-10.374,Shake
0.923,0.467,-0.921,136.496,19.000,67.588,Shake
0.962,0.563,-1.137,-71.931,106.947,13.504,Shake
-0.028,-0.137,1.197,-180.076,5.573,-31.061,Shake
-0.448,-0.336,2.000,-109.870,-36.947,2.718,Shake
0.290,-0.355,1.859,90.672,-84.794,-12.985,Shake
0.781,0.145,-0.239,227.878,-7.053,65.969,Shake
1.141,0.413,-1.416,188.290,133.458,156.885,Shake
0.395,0.167,-0.176,-41.641,153.733,19.023,Shake
-0.803,0.334,2.000,-216.847,-99.244,-43.519,Shake
-0.004,-0.231,2.000,-128.656,-111.817,-50.160,Shake
0.618,-0.217,0.503,55.061,-11.206,-48.855,Shake
1.029,0.406,-0.993,162.328,84.786,39.893,Shake
0.714,0.392,-0.860,-22.855,94.817,43.481,Shake
-0.345,-0.275,1.879,-102.611,-44.000,11.099,Shake
-0.192,-0.100,2.000,-51.267,-85.160,-7.985,Shake
0.382,-0.031,1.515,20.427,-79.389,-32.244,Shake
0.858,0.210,-0.671,42.084,-4.817,6.382,Shake
1.153,0.499,-1.403,-36.573,112.336,67.786,Shake
0.087,-0.140,0.577,-59.649,46.298,49.107,Shake
-0.461,-0.485,2.000,-25.718,-25.084,2.702,Shake
-0.044,-0.049,2.000,-41.275,-63.267,-74.031,Shake
0.650,0.112,-0.200,5.885,-26.397,-84.191,Shake
1.251,0.643,-1.500,-20.603,92.496,-16.252,Shake
0.452,-0.081,0.050,41.550,51.534,47.710,Shake
-0.229,-0.635,2.000,228.038,-24.885,121.885,Shake
-0.169,0.327,2.000,161.962,-52.336,75.550,Shake
0.491,0.687,0.988,-15.107,-36.252,4.916,Shake
0.975,0.637,-1.044,-250.137,33.237,-115.748,Shake
0.727,-0.061,-0.370,-250.137,25.611,-177.878,Shake
-0.178,-0.653,1.838,21.267,-17.855,-75.511,Shake
0.373,-0.611,2.000,212.435,-8.023,10.924,Shake
0.365,0.080,1.111,250.130,34.137,128.435,Shake
0.762,-0.074,0.098,250.130,75.275,242.672,Shake
0.578,0.685,-0.089,92.878,103.290,137.664,Shake
0.111,1.408,0.879,-250.137,-32.313,-177.282,Shake
-0.029,0.100,1.594,-250.137,-54.702,-250.137,Shake
0.159,-1.230,1.105,-193.725,-5.466,-216.061,Shake
1.148,-0.432,0.537,250.130,-33.985,94.290,Shake
0.704,-0.321,0.312,250.130,53.718,250.130,Shake
0.155,0.905,0.578,193.802,31.015,169.099,Shake
0.278,1.405,1.153,-250.137,15.351,-122.214,Shake
0.310,-0.376,0.820,-250.137,-46.427,-250.137,Shake
0.135,-0.734,0.768,-43.405,-38.038,-39.870,Shake
1.086,-0.584,0.797,250.130,-55.832,208.656,Shake
0.445,-0.144,0.852,250.130,118.504,250.130,Shake
0.185,1.266,0.535,-3.740,94.901,71.855,Shake
0.566,1.066,0.635,-250.137,-4.992,-197.473,Shake
0.255,-0.506,0.614,-250.137,2.634,-236.573,Shake
-1.145,0.562,0.328,-143.183,70.351,41.038,Shake
-0.754,0.562,0.328,-94.328,70.351,41.038,Shake
-0.364,0.562,0.328,-45.473,70.351,41.038,Shake
0.179,1.317,0.799,-49.634,-15.351,-58.847,Shake
0.387,1.084,0.894,-250.137,-0.061,-250.137,Shake
0.373,-0.654,0.641,-250.137,-10.534,-250.137,Shake
1.261,0.562,0.328,157.771,70.351,41.038,Shake
1.652,0.562,0.328,206.626,70.351,41.038,Shake
-1.957,0.562,0.328,-244.794,70.351,41.038,Shake
0.012,1.478,1.102,-127.672,40.573,-61.962,Shake
-0.018,0.586,1.137,-250.137,-16.725,-246.679,Shake
0.530,-1.018,0.796,-250.137,-34.817,-133.122,Shake
-0.317,0.562,0.328,-39.603,70.351,41.038,Shake
0.074,0.562,0.328,9.260,70.351,41.038,Shake
0.465,0.562,0.328,58.115,70.351,41.038,Shake
0.209,1.331,0.964,-250.137,31.351,-209.298,Shake
0.134,-0.651,1.081,-250.137,12.137,-250.137,Shake
1.668,0.562,0.328,208.588,70.351,41.038,Shake
-1.942,0.562,0.328,-242.832,70.351,41.038,Shake
-1.551,0.562,0.328,-193.977,70.351,41.038,Shake
-1.160,0.562,0.328,-145.122,70.351,41.038,Shake
0.138,1.243,1.191,-105.908,4.863,-122.336,Shake
0.201,0.439,1.034,-250.137,31.145,-250.137,Shake
0.470,-0.719,0.607,-250.137,88.939,-191.611,Shake
0.449,0.562,0.328,56.168,70.351,41.038,Shake
0.840,0.562,0.328,105.023,70.351,41.038,Shake
1.230,0.562,0.328,250.130,-87.137,250.130,Shake
0.312,0.861,0.735,250.130,-41.641,175.962,Shake
0.107,1.180,0.923,-119.107,52.382,-89.824,Shake
0.323,0.848,0.822,-250.137,57.053,-242.282,Shake
0.442,-0.995,0.644,-250.137,54.168,-250.137,Shake
-0.738,0.562,0.328,-92.351,70.351,41.038,Shake
-0.348,0.562,0.328,-43.496,70.351,41.038,Shake
0.951,-0.402,0.787,250.130,-62.107,250.130,Shake
0.239,1.320,0.749,250.130,-36.771,130.870,Shake
0.449,1.540,1.016,-241.420,19.450,-129.351,Shake
0.151,0.501,0.816,-250.137,27.000,-224.267,Shake
0.402,-1.189,0.749,-250.137,26.282,-119.313,Shake
-1.926,0.562,0.328,-240.863,70.351,41.038,Shake
-1.535,0.562,0.328,-192.008,70.351,41.038,Shake
0.680,-0.086,0.356,250.130,-52.855,250.130,Shake
0.408,1.342,0.447,250.130,51.168,3.603,Shake
0.403,1.385,0.911,-250.137,-37.008,-250.137,Shake
0.156,0.197,0.875,-250.137,-32.412,-250.137,Shake
0.661,-1.104,0.716,-250.137,22.840,-167.878,Shake
0.887,0.562,0.328,-164.901,19.656,104.695,Shake
0.759,-0.485,0.785,181.130,-121.336,250.130,Shake
0.448,-0.581,0.427,250.130,-168.191,250.130,Shake
0.659,1.027,0.886,250.130,-116.893,107.153,Shake
0.290,1.523,1.050,90.107,22.183,-189.618,Shake
0.561,0.748,0.854,-250.137,-5.267,-250.137,Shake
0.576,-0.030,0.700,-250.137,33.878,-250.137,Shake
0.723,-1.090,0.722,-250.137,46.817,-55.779,Shake
0.137,0.562,0.328,-70.618,-40.504,207.641,Shake
0.802,-0.810,0.660,250.130,-195.656,250.130,Shake
0.370,0.177,0.345,250.130,-121.351,250.130,Shake
0.356,1.334,0.438,250.130,62.321,42.069,Shake
0.718,1.383,0.817,-250.137,-43.397,-250.137,Shake
0.463,0.598,0.666,-250.137,41.221,-250.137,Shake
0.657,-1.245,0.428,-250.137,115.901,-250.137,Shake
0.849,-1.254,0.706,12.618,35.076,39.924,Shake
0.983,-0.734,-0.000,122.901,-91.817,-0.008,Shake
0.983,-0.734,0.644,250.130,-61.374,250.130,Shake
0.250,1.385,0.309,250.130,45.198,96.412,Shake
0.481,1.818,1.007,-201.511,46.305,-180.489,Shake
0.498,0.539,0.742,-250.137,-11.840,-250.137,Shake
0.575,-1.344,0.546,-250.137,32.725,-163.870,Shake
1.840,0.562,0.328,230.122,70.351,41.038,Shake
-1.769,0.562,0.328,-221.298,70.351,41.038,Shake
-1.379,0.562,0.328,-172.443,70.351,41.038,Shake
0.448,1.310,0.686,250.130,-121.198,96.939,Shake
0.172,1.216,0.591,175.122,117.122,-250.137,Shake
0.322,0.835,0.962,-235.634,-6.656,-250.137,Shake
0.379,-0.139,0.976,-250.137,-77.618,-250.137,Shake
0.931,-1.144,1.127,-250.137,-48.267,-102.924,Shake
1.074,0.562,0.328,134.374,70.351,41.038,Shake
1.465,0.562,0.328,183.229,70.351,41.038,Shake
0.468,-0.221,-0.100,250.130,-172.290,250.130,Shake
0.284,1.484,0.184,250.130,-39.626,-9.672,Shake
0.136,1.446,0.965,-168.618,128.374,-229.321,Shake
0.410,0.469,1.057,-250.137,67.305,-250.137,Shake
0.720,-1.217,1.206,-250.137,6.870,-222.115,Shake
-0.097,0.562,0.328,-12.191,70.351,41.038,Shake
0.939,-0.581,0.576,250.130,-153.924,219.344,Shake
0.568,-0.440,-0.104,250.130,-138.840,246.878,Shake
0.177,1.339,-0.106,250.130,-21.290,28.374,Shake
0.041,1.558,0.677,-51.328,125.832,-228.931,Shake
0.554,0.540,1.247,-250.137,-21.802,-250.137,Shake
0.557,-0.936,1.059,-250.137,-8.321,-192.687,Shake
-1.254,0.562,0.328,-156.794,70.351,41.038,Shake
-0.863,0.562,0.328,-107.939,70.351,41.038,Shake
0.691,-0.340,0.088,250.130,-215.794,250.130,Shake
0.396,0.644,0.101,250.130,-90.405,205.832,Shake
0.249,1.554,0.608,184.427,118.763,-152.687,Shake
0.314,1.273,1.387,-250.137,16.458,-250.137,Shake
0.391,-0.175,1.006,-250.137,15.015,-250.137,Shake
1.559,0.562,0.328,-250.137,-68.557,-81.473,Shake
1.146,-0.525,0.592,118.496,-46.344,250.130,Shake
0.893,-1.043,0.084,250.130,-151.527,250.130,Shake
0.571,1.217,0.142,250.130,-64.893,250.130,Shake
0.124,2.000,0.932,16.939,32.031,-17.023,Shake
0.838,1.693,1.275,-250.137,-24.252,-250.137,Shake
0.768,-0.859,0.516,-250.137,147.069,-250.137,Shake
0.418,0.562,0.328,52.321,70.351,41.038,Shake
0.809,0.562,0.328,101.176,70.351,41.038,Shake
1.200,0.562,0.328,150.031,70.351,41.038,Shake
0.415,1.466,0.904,250.130,-29.611,250.130,Shake
-0.041,2.000,1.284,-63.031,-51.786,-69.802,Shake
0.569,1.465,0.962,-250.137,-27.740,-250.137,Shake
0.783,-1.235,0.022,-250.137,164.496,-250.137,Shake
-0.769,0.562,0.328,-96.198,70.351,41.038,Shake
-0.379,0.562,0.328,250.130,-35.000,250.130,Shake
0.750,-0.890,0.680,250.130,38.260,250.130,Shake
-0.042,1.625,1.007,250.130,-28.466,250.130,Shake
0.153,1.948,1.385,-250.137,-72.641,-161.832,Shake
0.274,0.540,0.788,-250.137,6.611,-250.137,Shake
1.653,0.562,0.328,-250.137,66.893,-250.137,Shake
1.019,-0.903,0.164,83.420,12.679,115.924,Shake
1.017,-0.652,0.626,250.130,-32.649,250.130,Shake
0.320,0.433,1.011,250.130,-2.832,250.130,Shake
0.110,1.210,1.152,232.260,-78.718,94.748,Shake
0.317,1.682,1.094,-250.137,-129.771,-170.672,Shake
0.458,0.196,0.472,-250.137,35.229,-250.137,Shake
0.512,0.562,0.328,-250.137,83.756,-250.137,Shake
1.128,-1.107,0.553,231.969,39.489,181.580,Shake
1.057,-0.726,0.225,250.130,32.863,250.130,Shake
0.492,1.369,0.686,250.130,5.649,250.130,Shake
-0.345,2.000,1.111,-12.832,14.107,-100.481,Shake
0.240,1.214,1.093,-250.137,-88.595,-250.137,Shake
0.697,-0.903,0.193,-250.137,51.214,-250.137,Shake
-0.644,0.562,0.328,-80.550,70.351,41.038,Shake
-0.253,0.562,0.328,250.130,7.260,181.489,Shake
0.979,-0.620,0.243,250.130,68.519,250.130,Shake
-0.073,1.293,0.975,250.130,-14.870,223.908,Shake
-0.228,2.000,1.250,-161.435,-80.359,-73.366,Shake
0.291,1.031,0.720,-250.137,-95.267,-250.137,Shake
0.484,-1.343,0.684,-250.137,43.160,-250.137,Shake
-1.816,0.562,0.328,-227.107,70.351,41.038,Shake
0.946,-0.610,0.323,250.130,-10.198,220.977,Shake
0.714,-0.165,0.513,250.130,108.298,250.130,Shake
-0.165,0.906,0.952,250.130,31.260,110.893,Shake
0.161,1.710,1.299,-250.137,-94.748,-63.985,Shake
0.468,0.375,0.647,-250.137,-97.725,-250.137,Shake
0.606,0.562,0.328,75.802,70.351,41.038,Shake
0.997,0.562,0.328,124.656,70.351,41.038,Shake
0.987,-0.493,0.212,250.130,34.847,250.130,Shake
0.687,0.635,0.616,250.130,91.321,239.160,Shake
-0.148,1.456,0.749,-52.298,89.947,-12.214,Shake
0.230,1.593,1.456,-250.137,-141.214,-208.275,Shake
0.509,-1.253,0.558,-250.137,-15.275,-250.137,Shake
-0.550,0.562,0.328,-68.809,70.351,41.038,Shake
0.968,-0.418,0.011,250.130,-10.046,161.481,Shake
0.247,0.562,0.328,30.863,70.351,41.038,Shake
0.438,0.838,0.951,250.130,29.718,212.840,Shake
0.034,1.813,1.480,-128.664,38.031,-35.817,Shake
0.213,1.031,1.615,-250.137,-55.466,-182.977,Shake
0.442,-1.111,0.837,-250.137,1.214,-195.305,Shake
-1.738,0.562,0.328,-217.321,70.351,41.038,Shake
0.852,-0.494,0.220,250.130,38.328,195.725,Shake
0.739,-0.459,0.413,250.130,123.267,250.130,Shake
0.493,1.501,0.728,250.130,65.053,112.885,Shake
0.070,1.562,1.070,-203.420,9.336,-217.473,Shake
0.070,0.388,1.554,-250.137,-102.702,-250.137,Shake
0.538,-1.083,0.838,-250.137,-14.038,-184.588,Shake
1.122,0.562,0.328,-153.733,-2.588,45.908,Shake
0.554,-0.336,0.599,133.076,-110.130,250.130,Shake
0.572,-0.337,0.415,250.130,-162.863,250.130,Shake
0.471,0.157,0.564,250.130,-114.794,177.115,Shake
0.188,1.364,0.629,180.183,70.664,-88.511,Shake
0.262,1.083,0.973,-250.137,46.702,-250.137,Shake
0.761,0.630,1.016,-250.137,33.840,-250.137,Shake
0.570,-1.225,0.742,-250.137,51.931,-250.137,Shake
0.372,0.562,0.328,-43.847,-49.366,62.870,Shake
0.778,0.562,0.328,97.321,70.351,41.038,Shake
0.766,-0.527,-0.064,250.130,-74.275,250.130,Shake
0.317,1.599,0.456,250.130,64.756,188.992,Shake
0.288,1.838,1.043,-147.863,81.916,-115.351,Shake
0.555,1.357,1.110,-250.137,5.832,-250.137,Shake
0.477,-1.497,0.594,-250.137,49.634,-250.137,Shake
-0.800,0.562,0.328,-100.053,70.351,41.038,Shake
-0.409,0.562,0.328,-51.198,70.351,41.038,Shake
-0.019,0.562,0.328,-2.344,70.351,41.038,Shake
0.748,-1.245,0.500,250.130,46.130,250.130,Shake
-0.043,2.000,1.112,-79.137,34.397,-16.122,Shake
0.467,1.390,1.091,-250.137,-65.107,-250.137,Shake
0.311,-1.156,0.751,-250.137,7.710,-250.137,Shake
1.997,0.562,0.328,249.756,70.351,41.038,Shake
-1.612,0.562,0.328,-201.664,70.351,41.038,Shake
0.862,-0.696,0.090,107.786,-87.084,11.298,Shake
0.330,1.196,0.607,250.130,62.908,244.565,Shake
0.134,2.000,1.119,-236.969,20.427,-22.718,Shake
0.379,1.251,0.942,-250.137,-45.634,-250.137,Shake
0.635,-1.273,0.938,-250.137,-6.405,-250.137,Shake
0.810,0.562,0.328,101.244,70.351,41.038,Shake
1.200,0.562,0.328,150.099,70.351,41.038,Shake
1.591,0.562,0.328,198.954,70.351,41.038,Shake
-1.628,0.562,0.328,-203.611,70.351,41.038,Shake
-0.425,0.562,0.328,-53.137,70.351,41.038,Shake
0.778,0.562,0.328,97.344,70.351,41.038,Shake
1.966,0.562,0.328,245.863,70.351,41.038,Shake
-0.847,0.562,0.328,-105.893,70.351,41.038,Shake
0.357,0.562,0.328,44.588,70.351,41.038,Shake
1.544,0.562,0.328,193.107,70.351,41.038,Shake
-1.268,0.562,0.328,-158.649,70.351,41.038,Shake
-0.065,0.562,0.328,-8.176,70.351,41.038,Shake
1.122,0.562,0.328,140.351,70.351,41.038,Shake
-1.690,0.562,0.328,-211.405,70.351,41.038,Shake
-0.487,0.562,0.328,-60.931,70.351,41.038,Shake
0.716,0.562,0.328,89.550,70.351,41.038,Shake
1.904,0.562,0.328,238.069,70.351,41.038,Shake
-0.909,0.562,0.328,-113.687,70.351,41.038,Shake
0.294,0.562,0.328,36.794,70.351,41.038,Shake
1.482,0.562,0.328,185.313,70.351,41.038,Shake
-1.331,0.562,0.328,-166.443,70.351,41.038,Shake
-0.128,0.562,0.328,-15.969,70.351,41.038,Shake
1.076,0.562,0.328,134.511,70.351,41.038,Shake
-1.737,0.562,0.328,-217.244,70.351,41.038,Shake
-0.534,0.562,0.328,-66.771,70.351,41.038,Shake
0.669,0.562,0.328,83.710,70.351,41.038,Shake
1.857,0.562,0.328,232.229,70.351,41.038,Shake
-0.956,0.562,0.328,-119.527,70.351,41.038,Shake
0.247,0.562,0.328,30.954,70.351,41.038,Shake
1.435,0.562,0.328,179.473,70.351,41.038,Shake
-1.378,0.562,0.328,-172.282,70.351,41.038,Shake
-0.174,0.562,0.328,-21.809,70.351,41.038,Shake
1.029,0.562,0.328,128.672,70.351,41.038,Shake
-1.784,0.562,0.328,-223.084,70.351,41.038,Shake
-0.581,0.562,0.328,-72.611,70.351,41.038,Shake
0.623,0.562,0.328,77.870,70.351,41.038,Shake
1.810,0.562,0.328,226.389,70.351,41.038,Shake
-1.002,0.562,0.328,-125.366,70.351,41.038,Shake
0.201,0.562,0.328,25.115,70.351,41.038,Shake
1.388,0.562,0.328,173.634,70.351,41.038,Shake
-1.424,0.562,0.328,-178.122,70.351,41.038,Shake
-0.221,0.562,0.328,-27.649,70.351,41.038,Shake
0.982,0.562,0.328,122.832,70.351,41.038,Shake
-1.830,0.562,0.328,-228.924,70.351,41.038,Shake
-0.627,0.562,0.328,-78.450,70.351,41.038,Shake
0.576,0.562,0.328,72.031,70.351,41.038,Shake
1.763,0.562,0.328,220.550,70.351,41.038,Shake
-1.049,0.562,0.328,-131.206,70.351,41.038,Shake
0.154,0.562,0.328,19.275,70.351,41.038,Shake
1.342,0.562,0.328,167.794,70.351,41.038,Shake
-1.471,0.562,0.328,-183.962,70.351,41.038,Shake
-0.268,0.562,0.328,-33.489,70.351,41.038,Shake
0.935,0.562,0.328,116.992,70.351,41.038,Shake
-1.877,0.562,0.328,-234.763,70.351,41.038,Shake
-0.674,0.562,0.328,-84.290,70.351,41.038,Shake
0.529,0.562,0.328,66.191,70.351,41.038,Shake
1.717,0.562,0.328,214.710,70.351,41.038,Shake
-1.096,0.562,0.328,-137.046,70.351,41.038,Shake
0.107,0.562,0.328,13.435,70.351,41.038,Shake
1.295,0.562,0.328,161.954,70.351,41.038,Shake
-1.518,0.562,0.328,-189.802,70.351,41.038,Shake
-0.314,0.562,0.328,-39.328,70.351,41.038,Shake
0.889,0.562,0.328,111.153,70.351,41.038,Shake
-1.924,0.562,0.328,-240.603,70.351,41.038,Shake
-0.721,0.562,0.328,-90.130,70.351,41.038,Shake
0.483,0.562,0.328,60.351,70.351,41.038,Shake
1.670,0.562,0.328,208.870,70.351,41.038,Shake
-1.142,0.562,0.328,-142.885,70.351,41.038,Shake
0.061,0.562,0.328,7.595,70.351,41.038,Shake
1.248,0.562,0.328,156.115,70.351,41.038,Shake
-1.564,0.562,0.328,-195.641,70.351,41.038,Shake
-0.361,0.562,0.328,-45.168,70.351,41.038,Shake
0.842,0.562,0.328,105.313,70.351,41.038,Shake
-1.970,0.562,0.328,-246.443,70.351,41.038,Shake
-0.767,0.562,0.328,-95.969,70.351,41.038,Shake
0.436,0.562,0.328,54.511,70.351,41.038,Shake
1.623,0.562,0.328,203.031,70.351,41.038,Shake
-1.189,0.562,0.328,-148.725,70.351,41.038,Shake
0.014,0.562,0.328,1.756,70.351,41.038,Shake
1.202,0.562,0.328,150.275,70.351,41.038,Shake
-1.611,0.562,0.328,-201.481,70.351,41.038,Shake
-0.408,0.562,0.328,-51.008,70.351,41.038,Shake
0.795,0.562,0.328,99.473,70.351,41.038,Shake
1.983,0.562,0.328,247.992,70.351,41.038,Shake
-0.830,0.562,0.328,-103.763,70.351,41.038,Shake
0.374,0.562,0.328,46.718,70.351,41.038,Shake
1.561,0.562,0.328,195.237,70.351,41.038,Shake
-1.251,0.562,0.328,-156.519,70.351,41.038,Shake
-0.048,0.562,0.328,-6.046,70.351,41.038,Shake
1.139,0.562,0.328,142.481,70.351,41.038,Shake
-1.673,0.562,0.328,-209.275,70.351,41.038,Shake
-0.470,0.562,0.328,-58.802,70.351,41.038,Shake
0.733,0.562,0.328,91.679,70.351,41.038,Shake
1.921,0.562,0.328,240.198,70.351,41.038,Shake
-0.892,0.562,0.328,-111.557,70.351,41.038,Shake
0.311,0.562,0.328,38.924,70.351,41.038,Shake
1.499,0.562,0.328,187.443,70.351,41.038,Shake
-1.314,0.562,0.328,-164.313,70.351,41.038,Shake
-0.111,0.562,0.328,-13.840,70.351,41.038,Shake
1.093,0.562,0.328,136.641,70.351,41.038,Shake
-1.720,0.562,0.328,-215.115,70.351,41.038,Shake
-0.517,0.562,0.328,-64.641,70.351,41.038,Shake
0.686,0.562,0.328,85.840,70.351,41.038,Shake
1.874,0.562,0.328,234.359,70.351,41.038,Shake
-0.939,0.562,0.328,-117.397,70.351,41.038,Shake
0.265,0.562,0.328,33.084,70.351,41.038,Shake
1.452,0.562,0.328,181.603,70.351,41.038,Shake
-1.360,0.562,0.328,-170.153,70.351,41.038,Shake
-0.157,0.562,0.328,-19.679,70.351,41.038,Shake
1.046,0.562,0.328,130.802,70.351,41.038,Shake
-1.767,0.562,0.328,-220.954,70.351,41.038,Shake
-0.564,0.562,0.328,-70.481,70.351,41.038,Shake
0.640,0.562,0.328,80.000,70.351,41.038,Shake
1.827,0.562,0.328,228.519,70.351,41.038,Shake
-0.985,0.562,0.328,-123.237,70.351,41.038,Shake
0.218,0.562,0.328,27.244,70.351,41.038,Shake
1.405,0.562,0.328,175.763,70.351,41.038,Shake
-1.407,0.562,0.328,-175.992,70.351,41.038,Shake
-0.204,0.562,0.328,-25.519,70.351,41.038,Shake
0.999,0.562,0.328,124.962,70.351,41.038,Shake
-1.813,0.562,0.328,-226.794,70.351,41.038,Shake
-0.610,0.562,0.328,-76.321,70.351,41.038,Shake
0.593,0.562,0.328,74.160,70.351,41.038,Shake
1.780,0.562,0.328,222.679,70.351,41.038,Shake
-1.032,0.562,0.328,-129.076,70.351,41.038,Shake
0.171,0.562,0.328,21.405,70.351,41.038,Shake
1.359,0.562,0.328,169.924,70.351,41.038,Shake
-1.454,0.562,0.328,-181.832,70.351,41.038,Shake
-0.251,0.562,0.328,-31.359,70.351,41.038,Shake
0.952,0.562,0.328,119.122,70.351,41.038,Shake
-1.860,0.562,0.328,-232.634,70.351,41.038,Shake
-0.657,0.562,0.328,-82.160,70.351,41.038,Shake
0.546,0.562,0.328,68.321,70.351,41.038,Shake
1.734,0.562,0.328,216.840,70.351,41.038,Shake
-1.079,0.562,0.328,-134.916,70.351,41.038,Shake
0.124,0.562,0.328,15.565,70.351,41.038,Shake
1.312,0.562,0.328,164.084,70.351,41.038,Shake
-1.501,0.562,0.328,-187.672,70.351,41.038,Shake
-0.297,0.562,0.328,-37.198,70.351,41.038,Shake
0.906,0.562,0.328,113.282,70.351,41.038,Shake
-1.907,0.562,0.328,-238.473,70.351,41.038,Shake
-0.704,0.562,0.328,-88.000,70.351,41.038,Shake
0.500,0.562,0.328,62.481,70.351,41.038,Shake
1.687,0.562,0.328,211.000,70.351,41.038,Shake
-1.125,0.562,0.328,-140.756,70.351,41.038,Shake
0.078,0.562,0.328,9.725,70.351,41.038,Shake
1.265,0.562,0.328,158.244,70.351,41.038,Shake
-1.547,0.562,0.328,-193.511,70.351,41.038,Shake
-0.344,0.562,0.328,-43.038,70.351,41.038,Shake
0.859,0.562,0.328,107.443,70.351,41.038,Shake
-1.953,0.562,0.328,-244.313,70.351,41.038,Shake
-0.750,0.562,0.328,-93.840,70.351,41.038,Shake
0.453,0.562,0.328,56.641,70.351,41.038,Shake
1.640,0.562,0.328,205.160,70.351,41.038,Shake
-1.172,0.562,0.328,-146.595,70.351,41.038,Shake
0.031,0.562,0.328,3.885,70.351,41.038,Shake
1.219,0.562,0.328,152.405,70.351,41.038,Shake
-1.594,0.562,0.328,-199.351,70.351,41.038,Shake
-0.391,0.562,0.328,-48.878,70.351,41.038,Shake
0.812,0.562,0.328,101.603,70.351,41.038,Shake
2.000,0.562,0.328,250.122,70.351,41.038,Shake
-0.813,0.562,0.328,-101.634,70.351,41.038,Shake
0.391,0.562,0.328,48.847,70.351,41.038,Shake
1.578,0.562,0.328,197.366,70.351,41.038,Shake
-1.234,0.562,0.328,-154.389,70.351,41.038,Shake
-0.031,0.562,0.328,-3.916,70.351,41.038,Shake
1.141,0.578,0.328,142.656,72.305,41.038,Shake
-1.672,0.578,0.328,-209.099,72.305,41.038,Shake
-0.469,0.578,0.328,-58.626,72.305,41.038,Shake
0.734,0.578,0.328,91.855,72.305,41.038,Shake
1.922,0.578,0.328,240.374,72.305,41.038,Shake
-0.891,0.578,0.328,-111.382,72.305,41.038,Shake
0.313,0.578,0.328,39.099,72.305,41.038,Shake
1.500,0.578,0.328,187.618,72.305,41.038,Shake
-1.312,0.578,0.328,-164.137,72.305,41.038,Shake
-0.109,0.578,0.328,-13.664,72.305,41.038,Shake
1.094,0.578,0.328,136.817,72.305,41.038,Shake
-1.719,0.578,0.328,-214.939,72.305,41.038,Shake
-0.515,0.578,0.328,-64.466,72.305,41.038,Shake
0.688,0.578,0.328,86.015,72.305,41.038,Shake
1.875,0.578,0.328,234.534,72.305,41.038,Shake
-0.937,0.578,0.328,-117.221,72.305,41.038,Shake
0.266,0.578,0.328,33.260,72.305,41.038,Shake
1.453,0.578,0.328,181.779,72.305,41.038,Shake
-1.359,0.578,0.328,-169.977,72.305,41.038,Shake
-0.156,0.578,0.328,-19.504,72.305,41.038,Shake
1.047,0.578,0.328,130.977,72.305,41.038,Shake
-1.765,0.578,0.328,-220.779,72.305,41.038,Shake
-0.562,0.578,0.328,-70.305,72.305,41.038,Shake
0.641,0.578,0.328,80.176,72.305,41.038,Shake
1.829,0.578,0.328,228.695,72.305,41.038,Shake
-0.984,0.578,0.328,-123.061,72.305,41.038,Shake
0.219,0.578,0.328,27.420,72.305,41.038,Shake
1.407,0.578,0.328,175.939,72.305,41.038,Shake
-1.406,0.578,0.328,-175.817,72.305,41.038,Shake
-0.203,0.578,0.328,-25.344,72.305,41.038,Shake
1.001,0.578,0.328,125.137,72.305,41.038,Shake
-1.812,0.578,0.328,-226.618,72.305,41.038,Shake
-0.609,0.578,0.328,-76.145,72.305,41.038,Shake
0.594,0.578,0.328,74.336,72.305,41.038,Shake
1.782,0.578,0.328,222.855,72.305,41.038,Shake
-1.031,0.578,0.328,-128.901,72.305,41.038,Shake
0.173,0.578,0.328,21.580,72.305,41.038,Shake
1.360,0.578,0.328,170.099,72.305,41.038,Shake
-1.452,0.578,0.328,-181.656,72.305,41.038,Shake
-0.249,0.578,0.328,-31.183,72.305,41.038,Shake
0.954,0.578,0.328,119.298,72.305,41.038,Shake
-1.859,0.578,0.328,-232.458,72.305,41.038,Shake
-0.656,0.578,0.328,-81.985,72.305,41.038,Shake
0.548,0.578,0.328,68.496,72.305,41.038,Shake
1.735,0.578,0.328,217.015,72.305,41.038,Shake
-1.077,0.578,0.328,-134.740,72.305,41.038,Shake
0.126,0.578,0.328,15.740,72.305,41.038,Shake
1.313,0.578,0.328,164.260,72.305,41.038,Shake
-1.499,0.578,0.328,-187.496,72.305,41.038,Shake
-0.296,0.578,0.328,-37.023,72.305,41.038,Shake
0.907,0.578,0.328,113.458,72.305,41.038,Shake
-1.905,0.578,0.328,-238.298,72.305,41.038,Shake
-0.702,0.578,0.328,-87.824,72.305,41.038,Shake
0.501,0.578,0.328,62.656,72.305,41.038,Shake
1.688,0.578,0.328,211.176,72.305,41.038,Shake
-1.124,0.578,0.328,-140.580,72.305,41.038,Shake
0.079,0.578,0.328,9.901,72.305,41.038,Shake
1.267,0.578,0.328,158.420,72.305,41.038,Shake
-1.546,0.578,0.328,-193.336,72.305,41.038,Shake
-0.343,0.578,0.328,-42.863,72.305,41.038,Shake
0.860,0.578,0.328,107.618,72.305,41.038,Shake
-1.952,0.578,0.328,-244.137,72.305,41.038,Shake
-0.749,0.578,0.328,-93.664,72.305,41.038,Shake
0.454,0.578,0.328,56.817,72.305,41.038,Shake
1.642,0.578,0.328,205.336,72.305,41.038,Shake
-1.171,0.578,0.328,-146.420,72.305,41.038,Shake
0.032,0.578,0.328,4.061,72.305,41.038,Shake
1.220,0.578,0.328,152.580,72.305,41.038,Shake
-1.593,0.578,0.328,-199.176,72.305,41.038,Shake
-0.389,0.578,0.328,-48.702,72.305,41.038,Shake
0.814,0.578,0.328,101.779,72.305,41.038,Shake
-1.999,0.578,0.328,-249.977,72.305,41.038,Shake
-0.796,0.578,0.328,-99.504,72.305,41.038,Shake
0.408,0.578,0.328,50.977,72.305,41.038,Shake
1.595,0.578,0.328,199.496,72.305,41.038,Shake
-1.217,0.578,0.328,-152.260,72.305,41.038,Shake
-0.014,0.578,0.328,-1.786,72.305,41.038,Shake
1.173,0.578,0.328,146.740,72.305,41.038,Shake
-1.639,0.578,0.328,-205.015,72.305,41.038,Shake
-0.436,0.578,0.328,-54.542,72.305,41.038,Shake
0.767,0.578,0.328,95.939,72.305,41.038,Shake
1.955,0.578,0.328,244.458,72.305,41.038,Shake
-0.858,0.578,0.328,-107.298,72.305,41.038,Shake
0.345,0.578,0.328,43.183,72.305,41.038,Shake
1.533,0.578,0.328,191.702,72.305,41.038,Shake
-1.280,0.578,0.328,-160.053,72.305,41.038,Shake
-0.077,0.578,0.328,-9.580,72.305,41.038,Shake
1.111,0.578,0.328,138.947,72.305,41.038,Shake
-1.702,0.578,0.328,-212.809,72.305,41.038,Shake
-0.498,0.578,0.328,-62.336,72.305,41.038,Shake
0.705,0.578,0.328,88.145,72.305,41.038,Shake
1.892,0.578,0.328,236.664,72.305,41.038,Shake
-0.920,0.578,0.328,-115.092,72.305,41.038,Shake
0.283,0.578,0.328,35.389,72.305,41.038,Shake
1.470,0.578,0.328,183.908,72.305,41.038,Shake
-1.342,0.578,0.328,-167.847,72.305,41.038,Shake
-0.139,0.578,0.328,-17.374,72.305,41.038,Shake
1.064,0.578,0.328,133.107,72.305,41.038,Shake
-1.748,0.578,0.328,-218.649,72.305,41.038,Shake
-0.545,0.578,0.328,-68.176,72.305,41.038,Shake
0.658,0.578,0.328,82.305,72.305,41.038,Shake
1.846,0.578,0.328,230.824,72.305,41.038,Shake
-0.967,0.578,0.328,-120.931,72.305,41.038,Shake
0.236,0.578,0.328,29.550,72.305,41.038,Shake
1.424,0.578,0.328,178.069,72.305,41.038,Shake
-1.389,0.578,0.328,-173.687,72.305,41.038,Shake
-0.186,0.578,0.328,-23.214,72.305,41.038,Shake
1.018,0.578,0.328,127.267,72.305,41.038,Shake
-1.795,0.578,0.328,-224.489,72.305,41.038,Shake
-0.592,0.578,0.328,-74.015,72.305,41.038,Shake
0.611,0.578,0.328,76.466,72.305,41.038,Shake
1.799,0.578,0.328,224.985,72.305,41.038,Shake
-1.014,0.578,0.328,-126.771,72.305,41.038,Shake
0.190,0.578,0.328,23.710,72.305,41.038,Shake
1.377,0.578,0.328,172.229,72.305,41.038,Shake
-1.435,0.578,0.328,-179.527,72.305,41.038,Shake
-0.232,0.578,0.328,-29.053,72.305,41.038,Shake
0.971,0.578,0.328,121.427,72.305,41.038,Shake
-1.842,0.578,0.328,-230.328,72.305,41.038,Shake
-0.638,0.578,0.328,-79.855,72.305,41.038,Shake
0.565,0.578,0.328,70.626,72.305,41.038,Shake
1.752,0.578,0.328,219.145,72.305,41.038,Shake
-1.060,0.578,0.328,-132.611,72.305,41.038,Shake
0.143,0.578,0.328,17.870,72.305,41.038,Shake
1.330,0.578,0.328,166.389,72.305,41.038,Shake
-1.482,0.578,0.328,-185.366,72.305,41.038,Shake
-0.279,0.578,0.328,-34.893,72.305,41.038,Shake
0.924,0.578,0.328,115.588,72.305,41.038,Shake
-1.888,0.578,0.328,-236.168,72.305,41.038,Shake
-0.685,0.578,0.328,-85.695,72.305,41.038,Shake
0.518,0.578,0.328,64.786,72.305,41.038,Shake
1.706,0.578,0.328,213.305,72.305,41.038,Shake
-1.107,0.578,0.328,-138.450,72.305,41.038,Shake
0.096,0.578,0.328,12.031,72.305,41.038,Shake
1.284,0.578,0.328,160.550,72.305,41.038,Shake
-1.529,0.578,0.328,-191.206,72.305,41.038,Shake
-0.326,0.578,0.328,-40.733,72.305,41.038,Shake
0.878,0.578,0.328,109.748,72.305,41.038,Shake
-1.935,0.578,0.328,-242.008,72.305,41.038,Shake
-0.732,0.578,0.328,-91.534,72.305,41.038,Shake
0.471,0.578,0.328,58.947,72.305,41.038,Shake
1.659,0.578,0.328,207.466,72.305,41.038,Shake
-1.154,0.578,0.328,-144.290,72.305,41.038,Shake
0.049,0.578,0.328,6.191,72.305,41.038,Shake
1.237,0.578,0.328,154.710,72.305,41.038,Shake
-1.576,0.578,0.328,-197.046,72.305,41.038,Shake
-0.372,0.578,0.328,-46.573,72.305,41.038,Shake
0.831,0.578,0.328,103.908,72.305,41.038,Shake
-1.982,0.578,0.328,-247.847,72.305,41.038,Shake
-0.779,0.578,0.328,-97.374,72.305,41.038,Shake
0.425,0.578,0.328,53.107,72.305,41.038,Shake
1.612,0.578,0.328,201.626,72.305,41.038,Shake
-1.200,0.578,0.328,-150.130,72.305,41.038,Shake
0.003,0.578,0.328,0.351,72.305,41.038,Shake
1.190,0.578,0.328,148.870,72.305,41.038,Shake
-1.622,0.578,0.328,-202.885,72.305,41.038,Shake
-0.419,0.578,0.328,-52.412,72.305,41.038,Shake
0.784,0.578,0.328,98.069,72.305,41.038,Shake
1.972,0.578,0.328,246.588,72.305,41.038,Shake
-0.841,0.578,0.328,-105.168,72.305,41.038,Shake
0.362,0.578,0.328,45.313,72.305,41.038,Shake
1.550,0.578,0.328,193.832,72.305,41.038,Shake
-1.263,0.578,0.328,-157.924,72.305,41.038,Shake
-0.060,0.578,0.328,-7.450,72.305,41.038,Shake
1.128,0.578,0.328,141.076,72.305,41.038,Shake
-1.685,0.578,0.328,-210.679,72.305,41.038,Shake
-0.481,0.578,0.328,-60.206,72.305,41.038,Shake
0.722,0.578,0.328,90.275,72.305,41.038,Shake
1.909,0.578,0.328,238.794,72.305,41.038,Shake
-0.903,0.578,0.328,-112.962,72.305,41.038,Shake
0.300,0.578,0.328,37.519,72.305,41.038,Shake
1.487,0.578,0.328,186.038,72.305,41.038,Shake
-1.325,0.578,0.328,-165.718,72.305,41.038,Shake
-0.122,0.578,0.328,-15.244,72.305,41.038,Shake
1.081,0.578,0.328,135.237,72.305,41.038,Shake
-1.731,0.578,0.328,-216.519,72.305,41.038,Shake
-0.528,0.578,0.328,-66.046,72.305,41.038,Shake
0.675,0.578,0.328,84.435,72.305,41.038,Shake
1.863,0.578,0.328,232.954,72.305,41.038,Shake
-0.950,0.578,0.328,-118.802,72.305,41.038,Shake
0.253,0.578,0.328,31.679,72.305,41.038,Shake
1.441,0.578,0.328,180.198,72.305,41.038,Shake
-1.372,0.578,0.328,-171.557,72.305,41.038,Shake
-0.169,0.578,0.328,-21.084,72.305,41.038,Shake
1.035,0.578,0.328,129.397,72.305,41.038,Shake
-1.778,0.578,0.328,-222.359,72.305,41.038,Shake
-0.575,0.578,0.328,-71.885,72.305,41.038,Shake
0.628,0.578,0.328,78.595,72.305,41.038,Shake
1.816,0.578,0.328,227.115,72.305,41.038,Shake
-0.997,0.578,0.328,-124.641,72.305,41.038,Shake
0.207,0.578,0.328,25.840,72.305,41.038,Shake
1.394,0.578,0.328,174.359,72.305,41.038,Shake
-1.418,0.578,0.328,-177.397,72.305,41.038,Shake
-0.215,0.578,0.328,-26.924,72.305,41.038,Shake
0.988,0.578,0.328,123.557,72.305,41.038,Shake
-1.825,0.578,0.328,-228.198,72.305,41.038,Shake
-0.621,0.578,0.328,-77.725,72.305,41.038,Shake
0.582,0.578,0.328,72.756,72.305,41.038,Shake
1.769,0.578,0.328,221.275,72.305,41.038,Shake
-1.043,0.578,0.328,-130.481,72.305,41.038,Shake
0.160,0.578,0.328,20.000,72.305,41.038,Shake
1.347,0.578,0.328,168.519,72.305,41.038,Shake
-1.465,0.578,0.328,-183.237,72.305,41.038,Shake
-0.262,0.578,0.328,-32.763,72.305,41.038,Shake
0.941,0.578,0.328,117.718,72.305,41.038,Shake
-1.871,0.578,0.328,-234.038,72.305,41.038,Shake
-0.668,0.578,0.328,-83.565,72.305,41.038,Shake
0.535,0.578,0.328,66.916,72.305,41.038,Shake
1.723,0.578,0.328,215.435,72.305,41.038,Shake
-1.090,0.578,0.328,-136.321,72.305,41.038,Shake
0.113,0.578,0.328,14.160,72.305,41.038,Shake
1.301,0.578,0.328,162.679,72.305,41.038,Shake
-1.512,0.578,0.328,-189.076,72.305,41.038,Shake
-0.309,0.578,0.328,-38.603,72.305,41.038,Shake
0.895,0.578,0.328,111.878,72.305,41.038,Shake
-1.918,0.578,0.328,-239.878,72.305,41.038,Shake
-0.715,0.578,0.328,-89.405,72.305,41.038,Shake
0.488,0.578,0.328,61.076,72.305,41.038,Shake
1.676,0.578,0.328,209.595,72.305,41.038,Shake
-1.137,0.578,0.328,-142.160,72.305,41.038,Shake
0.067,0.578,0.328,8.321,72.305,41.038,Shake
1.254,0.578,0.328,156.840,72.305,41.038,Shake
-1.558,0.578,0.328,-194.916,72.305,41.038,Shake
-0.355,0.578,0.328,-44.443,72.305,41.038,Shake
0.848,0.578,0.328,106.038,72.305,41.038,Shake
-1.965,0.578,0.328,-245.718,72.305,41.038,Shake
-0.762,0.578,0.328,-95.244,72.305,41.038,Shake
0.442,0.578,0.328,55.237,72.305,41.038,Shake
1.629,0.578,0.328,203.756,72.305,41.038,Shake
-1.183,0.578,0.328,-148.000,72.305,41.038,Shake
0.020,0.578,0.328,2.481,72.305,41.038,Shake
1.207,0.578,0.328,151.000,72.305,41.038,Shake
-1.605,0.578,0.328,-200.756,72.305,41.038,Shake
-0.402,0.578,0.328,-50.282,72.305,41.038,Shake
0.801,0.578,0.328,100.198,72.305,41.038,Shake
1.989,0.578,0.328,248.718,72.305,41.038,Shake
-0.824,0.578,0.328,-103.038,72.305,41.038,Shake
0.379,0.578,0.328,47.443,72.305,41.038,Shake
1.567,0.578,0.328,195.962,72.305,41.038,Shake
-1.246,0.578,0.328,-155.794,72.305,41.038,Shake
-0.043,0.578,0.328,-5.321,72.305,41.038,Shake
1.145,0.578,0.328,143.206,72.305,41.038,Shake
-1.667,0.578,0.328,-208.550,72.305,41.038,Shake
-0.464,0.578,0.328,-58.076,72.305,41.038,Shake
0.739,0.578,0.328,92.405,72.305,41.038,Shake
1.926,0.578,0.328,240.924,72.305,41.038,Shake
-0.886,0.578,0.328,-110.832,72.305,41.038,Shake
0.317,0.578,0.328,39.649,72.305,41.038,Shake
1.505,0.578,0.328,188.168,72.305,41.038,Shake
-1.308,0.578,0.328,-163.588,72.305,41.038,Shake
-0.105,0.578,0.328,-13.115,72.305,41.038,Shake
1.098,0.578,0.328,137.366,72.305,41.038,Shake
-1.714,0.578,0.328,-214.389,72.305,41.038,Shake
-0.511,0.578,0.328,-63.916,72.305,41.038,Shake
0.692,0.578,0.328,86.565,72.305,41.038,Shake
1.880,0.578,0.328,235.084,72.305,41.038,Shake
-0.933,0.578,0.328,-116.672,72.305,41.038,Shake
0.270,0.578,0.328,33.809,72.305,41.038,Shake
1.458,0.578,0.328,182.328,72.305,41.038,Shake
-1.355,0.578,0.328,-169.427,72.305,41.038,Shake
-0.152,0.578,0.328,-18.954,72.305,41.038,Shake
1.052,0.578,0.328,131.527,72.305,41.038,Shake
-1.761,0.578,0.328,-220.229,72.305,41.038,Shake
-0.558,0.578,0.328,-69.756,72.305,41.038,Shake
0.645,0.578,0.328,80.725,72.305,41.038,Shake
1.833,0.578,0.328,229.244,72.305,41.038,Shake
-0.980,0.578,0.328,-122.511,72.305,41.038,Shake
0.224,0.578,0.328,27.969,72.305,41.038,Shake
1.411,0.578,0.328,176.489,72.305,41.038,Shake
-1.401,0.578,0.328,-175.267,72.305,41.038,Shake
-0.198,0.578,0.328,-24.794,72.305,41.038,Shake
1.005,0.578,0.328,125.687,72.305,41.038,Shake
-1.808,0.578,0.328,-226.069,72.305,41.038,Shake
-0.604,0.578,0.328,-75.595,72.305,41.038,Shake
0.599,0.578,0.328,74.885,72.305,41.038,Shake
1.786,0.578,0.328,223.405,72.305,41.038,Shake
-1.026,0.578,0.328,-128.351,72.305,41.038,Shake
0.177,0.578,0.328,22.130,72.305,41.038,Shake
1.364,0.578,0.328,170.649,72.305,41.038,Shake
-1.448,0.578,0.328,-181.107,72.305,41.038,Shake
-0.245,0.578,0.328,-30.634,72.305,41.038,Shake
0.958,0.578,0.328,119.847,72.305,41.038,Shake
-1.854,0.578,0.328,-231.908,72.305,41.038,Shake
-0.651,0.578,0.328,-81.435,72.305,41.038,Shake
0.552,0.578,0.328,69.046,72.305,41.038,Shake
1.740,0.578,0.328,217.565,72.305,41.038,Shake
-1.073,0.578,0.328,-134.191,72.305,41.038,Shake
0.130,0.578,0.328,16.290,72.305,41.038,Shake
1.318,0.578,0.328,164.809,72.305,41.038,Shake
-1.495,0.578,0.328,-186.947,72.305,41.038,Shake
-0.292,0.578,0.328,-36.473,72.305,41.038,Shake
0.912,0.578,0.328,114.008,72.305,41.038,Shake
-1.901,0.578,0.328,-237.748,72.305,41.038,Shake
-0.698,0.578,0.328,-87.275,72.305,41.038,Shake
0.505,0.578,0.328,63.206,72.305,41.038,Shake
1.693,0.578,0.328,211.725,72.305,41.038,Shake
-1.120,0.578,0.328,-140.031,72.305,41.038,Shake
0.084,0.578,0.328,10.450,72.305,41.038,Shake
1.271,0.578,0.328,158.969,72.305,41.038,Shake
-1.541,0.578,0.328,-192.786,72.305,41.038,Shake
-0.338,0.578,0.328,-42.313,72.305,41.038,Shake
0.865,0.578,0.328,108.168,72.305,41.038,Shake
-1.948,0.578,0.328,-243.588,72.305,41.038,Shake
-0.745,0.578,0.328,-93.115,72.305,41.038,Shake
0.459,0.578,0.328,57.366,72.305,41.038,Shake
1.646,0.578,0.328,205.885,72.305,41.038,Shake
-1.166,0.578,0.328,-145.870,72.305,41.038,Shake
0.037,0.578,0.328,4.611,72.305,41.038,Shake
1.224,0.578,0.328,153.130,72.305,41.038,Shake
-1.588,0.578,0.328,-198.626,72.305,41.038,Shake
-0.385,0.578,0.328,-48.153,72.305,41.038,Shake
0.818,0.578,0.328,102.328,72.305,41.038,Shake
-1.994,0.578,0.328,-249.427,72.305,41.038,Shake
-0.791,0.578,0.328,-98.954,72.305,41.038,Shake
0.412,0.578,0.328,51.527,72.305,41.038,Shake
1.599,0.578,0.328,200.046,72.305,41.038,Shake
-1.213,0.578,0.328,-151.710,72.305,41.038,Shake
-0.010,0.578,0.328,-1.237,72.305,41.038,Shake
1.178,0.578,0.328,147.290,72.305,41.038,Shake
-1.635,0.578,0.328,-204.466,72.305,41.038,Shake
-0.432,0.578,0.328,-53.992,72.305,41.038,Shake
0.771,0.578,0.328,96.489,72.305,41.038,Shake
1.959,0.578,0.328,245.008,72.305,41.038,Shake
-0.854,0.578,0.328,-106.748,72.305,41.038,Shake
0.350,0.578,0.328,43.733,72.305,41.038,Shake
1.537,0.578,0.328,192.252,72.305,41.038,Shake
-1.275,0.578,0.328,-159.504,72.305,41.038,Shake
-0.072,0.578,0.328,-9.031,72.305,41.038,Shake
1.115,0.578,0.328,139.496,72.305,41.038,Shake
-1.697,0.578,0.328,-212.260,72.305,41.038,Shake
-0.494,0.578,0.328,-61.786,72.305,41.038,Shake
0.709,0.578,0.328,88.695,72.305,41.038,Shake
1.897,0.578,0.328,237.214,72.305,41.038,Shake
-0.916,0.578,0.328,-114.542,72.305,41.038,Shake
0.287,0.578,0.328,35.939,72.305,41.038,Shake
1.475,0.578,0.328,184.458,72.305,41.038,Shake
-1.338,0.578,0.328,-167.298,72.305,41.038,Shake
-0.135,0.578,0.328,-16.824,72.305,41.038,Shake
1.069,0.578,0.328,133.656,72.305,41.038,Shake
-1.744,0.578,0.328,-218.099,72.305,41.038,Shake
-0.541,0.578,0.328,-67.626,72.305,41.038,Shake
0.662,0.578,0.328,82.855,72.305,41.038,Shake
1.850,0.578,0.328,231.374,72.305,41.038,Shake
-0.963,0.578,0.328,-120.382,72.305,41.038,Shake
0.241,0.578,0.328,30.099,72.305,41.038,Shake
1.428,0.578,0.328,178.618,72.305,41.038,Shake
-1.384,0.578,0.328,-173.137,72.305,41.038,Shake
-0.181,0.578,0.328,-22.664,72.305,41.038,Shake
1.022,0.578,0.328,127.817,72.305,41.038,Shake
-1.791,0.578,0.328,-223.939,72.305,41.038,Shake
-0.587,0.578,0.328,-73.466,72.305,41.038,Shake
0.616,0.578,0.328,77.015,72.305,41.038,Shake
1.803,0.578,0.328,225.534,72.305,41.038,Shake
-1.009,0.578,0.328,-126.221,72.305,41.038,Shake
0.194,0.578,0.328,24.260,72.305,41.038,Shake
1.381,0.578,0.328,172.779,72.305,41.038,Shake
-1.431,0.578,0.328,-178.977,72.305,41.038,Shake
-0.228,0.578,0.328,-28.504,72.305,41.038,Shake
0.975,0.578,0.328,121.977,72.305,41.038,Shake
-1.837,0.578,0.328,-229.779,72.305,41.038,Shake
-0.634,0.578,0.328,-79.305,72.305,41.038,Shake
0.569,0.578,0.328,71.176,72.305,41.038,Shake
1.757,0.578,0.328,219.695,72.305,41.038,Shake
-1.056,0.578,0.328,-132.061,72.305,41.038,Shake
0.147,0.578,0.328,18.420,72.305,41.038,Shake
1.335,0.578,0.328,166.939,72.305,41.038,Shake
-1.478,0.578,0.328,-184.817,72.305,41.038,Shake
-0.275,0.578,0.328,-34.344,72.305,41.038,Shake
0.929,0.578,0.328,116.137,72.305,41.038,Shake
-1.884,0.578,0.328,-235.618,72.305,41.038,Shake
-0.681,0.578,0.328,-85.145,72.305,41.038,Shake
0.522,0.578,0.328,65.336,72.305,41.038,Shake
1.710,0.578,0.328,213.855,72.305,41.038,Shake
-1.103,0.578,0.328,-137.901,72.305,41.038,Shake
0.101,0.578,0.328,12.580,72.305,41.038,Shake
1.288,0.578,0.328,161.099,72.305,41.038,Shake
-1.524,0.578,0.328,-190.656,72.305,41.038,Shake
-0.321,0.578,0.328,-40.183,72.305,41.038,Shake
0.882,0.578,0.328,110.298,72.305,41.038,Shake
-1.931,0.578,0.328,-241.458,72.305,41.038,Shake
-0.727,0.578,0.328,-90.985,72.305,41.038,Shake
0.476,0.578,0.328,59.496,72.305,41.038,Shake
1.663,0.578,0.328,208.015,72.305,41.038,Shake
-1.149,0.578,0.328,-143.740,72.305,41.038,Shake
0.054,0.578,0.328,6.740,72.305,41.038,Shake
1.241,0.578,0.328,155.260,72.305,41.038,Shake
-1.571,0.578,0.328,-196.496,72.305,41.038,Shake
-0.368,0.578,0.328,-46.023,72.305,41.038,Shake
0.835,0.578,0.328,104.458,72.305,41.038,Shake
-1.977,0.578,0.328,-247.298,72.305,41.038,Shake
-0.774,0.578,0.328,-96.824,72.305,41.038,Shake
0.429,0.578,0.328,53.656,72.305,41.038,Shake
1.617,0.578,0.328,202.176,72.305,41.038,Shake
-1.196,0.578,0.328,-149.580,72.305,41.038,Shake
0.007,0.578,0.328,0.901,72.305,41.038,Shake
1.195,0.578,0.328,149.420,72.305,41.038,Shake
-1.618,0.578,0.328,-202.336,72.305,41.038,Shake
-0.415,0.578,0.328,-51.863,72.305,41.038,Shake
0.789,0.578,0.328,98.618,72.305,41.038,Shake
1.976,0.578,0.328,247.137,72.305,41.038,Shake
-0.836,0.578,0.328,-104.618,72.305,41.038,Shake
0.367,0.578,0.328,45.863,72.305,41.038,Shake
1.554,0.578,0.328,194.382,72.305,41.038,Shake
-1.258,0.578,0.328,-157.374,72.305,41.038,Shake
-0.055,0.578,0.328,-6.901,72.305,41.038,Shake
1.132,0.578,0.328,141.626,72.305,41.038,Shake
-1.680,0.578,0.328,-210.130,72.305,41.038,Shake
-0.477,0.578,0.328,-59.656,72.305,41.038,Shake
0.726,0.578,0.328,90.824,72.305,41.038,Shake
1.914,0.578,0.328,239.344,72.305,41.038,Shake
-0.899,0.578,0.328,-112.412,72.305,41.038,Shake
0.304,0.578,0.328,38.069,72.305,41.038,Shake
1.492,0.578,0.328,186.588,72.305,41.038,Shake
-1.321,0.578,0.328,-165.168,72.305,41.038,Shake
-0.117,0.578,0.328,-14.695,72.305,41.038,Shake
1.086,0.578,0.328,135.786,72.305,41.038,Shake
-1.727,0.578,0.328,-215.969,72.305,41.038,Shake
-0.524,0.578,0.328,-65.496,72.305,41.038,Shake
0.680,0.578,0.328,84.985,72.305,41.038,Shake
1.867,0.578,0.328,233.504,72.305,41.038,Shake
-0.945,0.578,0.328,-118.252,72.305,41.038,Shake
0.258,0.578,0.328,32.229,72.305,41.038,Shake
1.445,0.578,0.328,180.748,72.305,41.038,Shake
-1.367,0.578,0.328,-171.008,72.305,41.038,Shake
-0.164,0.578,0.328,-20.534,72.305,41.038,Shake
1.039,0.578,0.328,129.947,72.305,41.038,Shake
-1.773,0.578,0.328,-221.809,72.305,41.038,Shake
-0.570,0.578,0.328,-71.336,72.305,41.038,Shake
0.633,0.578,0.328,79.145,72.305,41.038,Shake
1.820,0.578,0.328,227.664,72.305,41.038,Shake
-0.992,0.578,0.328,-124.092,72.305,41.038,Shake
0.211,0.578,0.328,26.389,72.305,41.038,Shake
1.398,0.578,0.328,174.908,72.305,41.038,Shake
-1.414,0.578,0.328,-176.847,72.305,41.038,Shake
-0.211,0.578,0.328,-26.374,72.305,41.038,Shake
0.992,0.578,0.328,124.107,72.305,41.038,Shake
-1.820,0.578,0.328,-227.649,72.305,41.038,Shake
-0.617,0.578,0.328,-77.176,72.305,41.038,Shake
0.586,0.578,0.328,73.305,72.305,41.038,Shake
1.774,0.578,0.328,221.824,72.305,41.038,Shake
-1.039,0.578,0.328,-129.931,72.305,41.038,Shake
0.164,0.578,0.328,20.550,72.305,41.038,Shake
1.352,0.578,0.328,169.069,72.305,41.038,Shake
-1.461,0.578,0.328,-182.687,72.305,41.038,Shake
-0.258,0.578,0.328,-32.214,72.305,41.038,Shake
0.946,0.578,0.328,118.267,72.305,41.038,Shake
-1.867,0.578,0.328,-233.489,72.305,41.038,Shake
-0.664,0.578,0.328,-83.015,72.305,41.038,Shake
0.539,0.578,0.328,67.466,72.305,41.038,Shake
1.727,0.578,0.328,215.985,72.305,41.038,Shake
-1.086,0.578,0.328,-135.771,72.305,41.038,Shake
0.118,0.578,0.328,14.710,72.305,41.038,Shake
1.305,0.578,0.328,163.229,72.305,41.038,Shake
-1.507,0.578,0.328,-188.527,72.305,41.038,Shake
-0.304,0.578,0.328,-38.053,72.305,41.038,Shake
0.899,0.578,0.328,112.427,72.305,41.038,Shake
-1.914,0.578,0.328,-239.328,72.305,41.038,Shake
-0.710,0.578,0.328,-88.855,72.305,41.038,Shake
0.493,0.578,0.328,61.626,72.305,41.038,Shake
1.680,0.578,0.328,210.145,72.305,41.038,Shake
-1.132,0.578,0.328,-141.611,72.305,41.038,Shake
0.071,0.578,0.328,8.870,72.305,41.038,Shake
1.258,0.578,0.328,157.389,72.305,41.038,Shake
-1.554,0.578,0.328,-194.366,72.305,41.038,Shake
-0.351,0.578,0.328,-43.893,72.305,41.038,Shake
0.852,0.578,0.328,106.588,72.305,41.038,Shake
-1.960,0.578,0.328,-245.168,72.305,41.038,Shake
-0.757,0.578,0.328,-94.695,72.305,41.038,Shake
0.446,0.578,0.328,55.786,72.305,41.038,Shake
1.634,0.578,0.328,204.305,72.305,41.038,Shake
-1.179,0.578,0.328,-147.450,72.305,41.038,Shake
0.024,0.578,0.328,3.031,72.305,41.038,Shake
1.212,0.578,0.328,151.550,72.305,41.038,Shake
-1.601,0.578,0.328,-200.206,72.305,41.038,Shake
-0.398,0.578,0.328,-49.733,72.305,41.038,Shake
0.806,0.578,0.328,100.748,72.305,41.038,Shake
1.993,0.578,0.328,249.267,72.305,41.038,Shake
-0.819,0.578,0.328,-102.489,72.305,41.038,Shake
0.384,0.578,0.328,47.992,72.305,41.038,Shake
1.571,0.578,0.328,196.511,72.305,41.038,Shake
-1.241,0.578,0.328,-155.244,72.305,41.038,Shake
-0.038,0.578,0.328,-4.771,72.305,41.038,Shake
1.149,0.578,0.328,143.756,72.305,41.038,Shake
-1.663,0.578,0.328,-208.000,72.305,41.038,Shake
-0.460,0.578,0.328,-57.527,72.305,41.038,Shake
0.743,0.578,0.328,92.954,72.305,41.038,Shake
1.931,0.578,0.328,241.473,72.305,41.038,Shake
-0.882,0.578,0.328,-110.282,72.305,41.038,Shake
0.321,0.578,0.328,40.198,72.305,41.038,Shake
1.509,0.578,0.328,188.718,72.305,41.038,Shake
-1.304,0.578,0.328,-163.038,72.305,41.038,Shake
-0.100,0.578,0.328,-12.565,72.305,41.038,Shake
1.103,0.578,0.328,137.916,72.305,41.038,Shake
-1.710,0.578,0.328,-213.840,72.305,41.038,Shake
-0.507,0.578,0.328,-63.366,72.305,41.038,Shake
0.697,0.578,0.328,87.115,72.305,41.038,Shake
1.884,0.578,0.328,235.634,72.305,41.038,Shake
-0.928,0.578,0.328,-116.122,72.305,41.038,Shake
0.275,0.578,0.328,34.359,72.305,41.038,Shake
1.462,0.578,0.328,182.878,72.305,41.038,Shake
-1.350,0.578,0.328,-168.878,72.305,41.038,Shake
-0.147,0.578,0.328,-18.405,72.305,41.038,Shake
1.056,0.578,0.328,132.076,72.305,41.038,Shake
-1.756,0.578,0.328,-219.679,72.305,41.038,Shake
-0.553,0.578,0.328,-69.206,72.305,41.038,Shake
0.650,0.578,0.328,81.275,72.305,41.038,Shake
1.837,0.578,0.328,229.794,72.305,41.038,Shake
-0.975,0.578,0.328,-121.962,72.305,41.038,Shake
0.228,0.578,0.328,28.519,72.305,41.038,Shake
1.416,0.578,0.328,177.038,72.305,41.038,Shake
-1.397,0.578,0.328,-174.718,72.305,41.038,Shake
-0.194,0.578,0.328,-24.244,72.305,41.038,Shake
1.009,0.578,0.328,126.237,72.305,41.038,Shake
-1.803,0.578,0.328,-225.519,72.305,41.038,Shake
-0.600,0.578,0.328,-75.046,72.305,41.038,Shake
0.603,0.578,0.328,75.435,72.305,41.038,Shake
1.791,0.578,0.328,223.954,72.305,41.038,Shake
-1.022,0.578,0.328,-127.802,72.305,41.038,Shake
0.181,0.578,0.328,22.679,72.305,41.038,Shake
1.369,0.578,0.328,171.198,72.305,41.038,Shake
-1.444,0.578,0.328,-180.557,72.305,41.038,Shake
-0.241,0.578,0.328,-30.084,72.305,41.038,Shake
0.963,0.578,0.328,120.397,72.305,41.038,Shake
-1.850,0.578,0.328,-231.359,72.305,41.038,Shake
-0.647,0.578,0.328,-80.885,72.305,41.038,Shake
0.556,0.578,0.328,69.595,72.305,41.038,Shake
1.744,0.578,0.328,218.115,72.305,41.038,Shake
-1.069,0.578,0.328,-133.641,72.305,41.038,Shake
0.135,0.578,0.328,16.840,72.305,41.038,Shake
1.322,0.578,0.328,165.359,72.305,41.038,Shake
-1.490,0.578,0.328,-186.397,72.305,41.038,Shake
-0.287,0.578,0.328,-35.924,72.305,41.038,Shake
0.916,0.578,0.328,114.557,72.305,41.038,Shake
-1.897,0.578,0.328,-237.198,72.305,41.038,Shake
-0.693,0.578,0.328,-86.725,72.305,41.038,Shake
0.510,0.578,0.328,63.756,72.305,41.038,Shake
1.697,0.578,0.328,212.275,72.305,41.038,Shake
-1.115,0.578,0.328,-139.481,72.305,41.038,Shake
0.088,0.578,0.328,11.000,72.305,41.038,Shake
1.275,0.578,0.328,159.519,72.305,41.038,Shake
-1.537,0.578,0.328,-192.237,72.305,41.038,Shake
-0.334,0.578,0.328,-41.763,72.305,41.038,Shake
0.869,0.578,0.328,108.718,72.305,41.038,Shake
-1.943,0.578,0.328,-243.038,72.305,41.038,Shake
-0.740,0.578,0.328,-92.565,72.305,41.038,Shake
0.463,0.578,0.328,57.916,72.305,41.038,Shake
1.651,0.578,0.328,206.435,72.305,41.038,Shake
-1.162,0.578,0.328,-145.321,72.305,41.038,Shake
0.041,0.578,0.328,5.160,72.305,41.038,Shake
1.229,0.578,0.328,153.679,72.305,41.038,Shake
-1.584,0.578,0.328,-198.076,72.305,41.038,Shake
-0.381,0.578,0.328,-47.603,72.305,41.038,Shake
0.823,0.578,0.328,102.878,72.305,41.038,Shake
-1.990,0.578,0.328,-248.878,72.305,41.038,Shake
-0.787,0.578,0.328,-98.405,72.305,41.038,Shake
0.416,0.578,0.328,52.076,72.305,41.038,Shake
1.604,0.578,0.328,200.595,72.305,41.038,Shake
-1.209,0.578,0.328,-151.160,72.305,41.038,Shake
-0.005,0.578,0.328,-0.687,72.305,41.038,Shake
1.182,0.578,0.328,147.840,72.305,41.038,Shake
-1.630,0.578,0.328,-203.916,72.305,41.038,Shake
-0.427,0.578,0.328,-53.443,72.305,41.038,Shake
0.776,0.578,0.328,97.038,72.305,41.038,Shake
1.963,0.578,0.328,245.557,72.305,41.038,Shake
-0.849,0.578,0.328,-106.198,72.305,41.038,Shake
0.354,0.578,0.328,44.282,72.305,41.038,Shake
1.542,0.578,0.328,192.802,72.305,41.038,Shake
-1.271,0.578,0.328,-158.954,72.305,41.038,Shake
-0.068,0.578,0.328,-8.481,72.305,41.038,Shake
1.120,0.578,0.328,140.046,72.305,41.038,Shake
-1.693,0.578,0.328,-211.710,72.305,41.038,Shake
-0.490,0.578,0.328,-61.237,72.305,41.038,Shake
0.714,0.578,0.328,89.244,72.305,41.038,Shake
1.901,0.578,0.328,237.763,72.305,41.038,Shake
-0.911,0.578,0.328,-113.992,72.305,41.038,Shake
0.292,0.578,0.328,36.489,72.305,41.038,Shake
1.479,0.578,0.328,185.008,72.305,41.038,Shake
-1.333,0.578,0.328,-166.748,72.305,41.038,Shake
-0.130,0.578,0.328,-16.275,72.305,41.038,Shake
1.073,0.578,0.328,134.206,72.305,41.038,Shake
-1.739,0.578,0.328,-217.550,72.305,41.038,Shake
-0.536,0.578,0.328,-67.076,72.305,41.038,Shake
0.667,0.578,0.328,83.405,72.305,41.038,Shake
1.854,0.578,0.328,231.924,72.305,41.038,Shake
-0.958,0.578,0.328,-119.832,72.305,41.038,Shake
0.245,0.578,0.328,30.649,72.305,41.038,Shake
1.433,0.578,0.328,179.168,72.305,41.038,Shake
-1.380,0.578,0.328,-172.588,72.305,41.038,Shake
-0.177,0.578,0.328,-22.115,72.305,41.038,Shake
1.026,0.578,0.328,128.366,72.305,41.038,Shake
-1.786,0.578,0.328,-223.389,72.305,41.038,Shake
-0.583,0.578,0.328,-72.916,72.305,41.038,Shake
0.620,0.578,0.328,77.565,72.305,41.038,Shake
1.808,0.578,0.328,226.084,72.305,41.038,Shake
-1.005,0.578,0.328,-125.672,72.305,41.038,Shake
0.198,0.578,0.328,24.809,72.305,41.038,Shake
1.386,0.578,0.328,173.328,72.305,41.038,Shake
-1.427,0.578,0.328,-178.427,72.305,41.038,Shake
-0.224,0.578,0.328,-27.954,72.305,41.038,Shake
0.980,0.578,0.328,122.527,72.305,41.038,Shake
-1.833,0.578,0.328,-229.229,72.305,41.038,Shake
-0.630,0.578,0.328,-78.756,72.305,41.038,Shake
0.573,0.578,0.328,71.725,72.305,41.038,Shake
1.761,0.578,0.328,220.244,72.305,41.038,Shake
-1.052,0.578,0.328,-131.511,72.305,41.038,Shake
0.152,0.578,0.328,18.969,72.305,41.038,Shake
1.339,0.578,0.328,167.489,72.305,41.038,Shake
-1.473,0.578,0.328,-184.267,72.305,41.038,Shake
-0.270,0.578,0.328,-33.794,72.305,41.038,Shake
0.933,0.578,0.328,116.687,72.305,41.038,Shake
-1.880,0.578,0.328,-235.069,72.305,41.038,Shake
-0.676,0.578,0.328,-84.595,72.305,41.038,Shake
0.527,0.578,0.328,65.885,72.305,41.038,Shake
1.714,0.578,0.328,214.405,72.305,41.038,Shake
-1.098,0.578,0.328,-137.351,72.305,41.038,Shake
0.105,0.578,0.328,13.130,72.305,41.038,Shake
1.292,0.578,0.328,161.649,72.305,41.038,Shake
-1.520,0.578,0.328,-190.107,72.305,41.038,Shake
-0.317,0.578,0.328,-39.634,72.305,41.038,Shake
0.886,0.578,0.328,110.847,72.305,41.038,Shake
-1.926,0.578,0.328,-240.908,72.305,41.038,Shake
-0.723,0.578,0.328,-90.435,72.305,41.038,Shake
0.480,0.578,0.328,60.046,72.305,41.038,Shake
1.668,0.578,0.328,208.565,72.305,41.038,Shake
-1.145,0.578,0.328,-143.191,72.305,41.038,Shake
0.058,0.578,0.328,7.290,72.305,41.038,Shake
1.246,0.578,0.328,155.809,72.305,41.038,Shake
-1.567,0.578,0.328,-195.947,72.305,41.038,Shake
-0.364,0.578,0.328,-45.473,72.305,41.038,Shake
0.840,0.578,0.328,105.008,72.305,41.038,Shake
-1.973,0.578,0.328,-246.748,72.305,41.038,Shake
-0.770,0.578,0.328,-96.275,72.305,41.038,Shake
0.433,0.578,0.328,54.206,72.305,41.038,Shake
1.621,0.578,0.328,202.725,72.305,41.038,Shake
-1.192,0.578,0.328,-149.031,72.305,41.038,Shake
0.012,0.578,0.328,1.450,72.305,41.038,Shake
1.199,0.578,0.328,149.969,72.305,41.038,Shake
-1.613,0.578,0.328,-201.786,72.305,41.038,Shake
-0.410,0.578,0.328,-51.313,72.305,41.038,Shake
0.793,0.578,0.328,99.168,72.305,41.038,Shake
1.980,0.578,0.328,247.687,72.305,41.038,Shake
-0.832,0.578,0.328,-104.069,72.305,41.038,Shake
0.371,0.578,0.328,46.412,72.305,41.038,Shake
1.559,0.578,0.328,194.931,72.305,41.038,Shake
-1.254,0.578,0.328,-156.824,72.305,41.038,Shake
-0.051,0.578,0.328,-6.351,72.305,41.038,Shake
1.137,0.578,0.328,142.176,72.305,41.038,Shake
-1.676,0.578,0.328,-209.580,72.305,41.038,Shake
-0.473,0.578,0.328,-59.107,72.305,41.038,Shake
0.731,0.578,0.328,91.374,72.305,41.038,Shake
1.918,0.578,0.328,239.893,72.305,41.038,Shake
-0.894,0.578,0.328,-111.863,72.305,41.038,Shake
0.309,0.578,0.328,38.618,72.305,41.038,Shake
1.496,0.578,0.328,187.137,72.305,41.038,Shake
-1.316,0.578,0.328,-164.618,72.305,41.038,Shake
-0.113,0.578,0.328,-14.145,72.305,41.038,Shake
1.090,0.578,0.328,136.336,72.305,41.038,Shake
-1.722,0.578,0.328,-215.420,72.305,41.038,Shake
-0.519,0.578,0.328,-64.947,72.305,41.038,Shake
0.684,0.578,0.328,85.534,72.305,41.038,Shake
1.871,0.578,0.328,234.053,72.305,41.038,Shake
-0.941,0.578,0.328,-117.702,72.305,41.038,Shake
0.262,0.578,0.328,32.779,72.305,41.038,Shake
1.450,0.578,0.328,181.298,72.305,41.038,Shake
-1.363,0.578,0.328,-170.458,72.305,41.038,Shake
-0.160,0.578,0.328,-19.985,72.305,41.038,Shake
1.043,0.578,0.328,130.496,72.305,41.038,Shake
-1.769,0.578,0.328,-221.260,72.305,41.038,Shake
-0.566,0.578,0.328,-70.786,72.305,41.038,Shake
0.637,0.578,0.328,79.695,72.305,41.038,Shake
1.825,0.578,0.328,228.214,72.305,41.038,Shake
-0.988,0.578,0.328,-123.542,72.305,41.038,Shake
0.215,0.578,0.328,26.939,72.305,41.038,Shake
1.403,0.578,0.328,175.458,72.305,41.038,Shake
-1.410,0.578,0.328,-176.298,72.305,41.038,Shake
-0.206,0.578,0.328,-25.824,72.305,41.038,Shake
0.997,0.578,0.328,124.656,72.305,41.038,Shake
-1.816,0.578,0.328,-227.099,72.305,41.038,Shake
-0.613,0.578,0.328,-76.626,72.305,41.038,Shake
0.591,0.578,0.328,73.855,72.305,41.038,Shake
1.778,0.578,0.328,222.374,72.305,41.038,Shake
-1.034,0.578,0.328,-129.382,72.305,41.038,Shake
0.169,0.578,0.328,21.099,72.305,41.038,Shake
1.356,0.578,0.328,169.618,72.305,41.038,Shake
-1.456,0.578,0.328,-182.137,72.305,41.038,Shake
-0.253,0.578,0.328,-31.664,72.305,41.038,Shake
0.950,0.578,0.328,118.817,72.305,41.038,Shake
-1.862,0.578,0.328,-232.939,72.305,41.038,Shake
-0.659,0.578,0.328,-82.466,72.305,41.038,Shake
0.544,0.578,0.328,68.015,72.305,41.038,Shake
1.731,0.578,0.328,216.534,72.305,41.038,Shake
-1.081,0.578,0.328,-135.221,72.305,41.038,Shake
0.122,0.578,0.328,15.260,72.305,41.038,Shake
1.310,0.578,0.328,163.779,72.305,41.038,Shake
-1.503,0.578,0.328,-187.977,72.305,41.038,Shake
-0.300,0.578,0.328,-37.504,72.305,41.038,Shake
0.903,0.578,0.328,112.977,72.305,41.038,Shake
-1.909,0.578,0.328,-238.779,72.305,41.038,Shake
-0.706,0.578,0.328,-88.305,72.305,41.038,Shake
0.497,0.578,0.328,62.176,72.305,41.038,Shake
1.685,0.578,0.328,210.695,72.305,41.038,Shake
-1.128,0.578,0.328,-141.061,72.305,41.038,Shake
0.075,0.578,0.328,9.420,72.305,41.038,Shake
1.263,0.578,0.328,157.939,72.305,41.038,Shake
-1.550,0.578,0.328,-193.817,72.305,41.038,Shake
-0.347,0.578,0.328,-43.344,72.305,41.038,Shake
0.857,0.578,0.328,107.137,72.305,41.038,Shake
-1.956,0.578,0.328,-244.618,72.305,41.038,Shake
-0.753,0.578,0.328,-94.145,72.305,41.038,Shake
0.450,0.578,0.328,56.336,72.305,41.038,Shake
1.638,0.578,0.328,204.855,72.305,41.038,Shake
-1.175,0.578,0.328,-146.901,72.305,41.038,Shake
0.029,0.578,0.328,3.580,72.305,41.038,Shake
1.216,0.578,0.328,152.099,72.305,41.038,Shake
-1.596,0.578,0.328,-199.656,72.305,41.038,Shake
-0.393,0.578,0.328,-49.183,72.305,41.038,Shake
0.810,0.578,0.328,101.298,72.305,41.038,Shake
1.997,0.578,0.328,249.817,72.305,41.038,Shake
-0.815,0.578,0.328,-101.939,72.305,41.038,Shake
0.388,0.578,0.328,48.542,72.305,41.038,Shake
1.576,0.578,0.328,197.061,72.305,41.038,Shake
-1.237,0.578,0.328,-154.695,72.305,41.038,Shake
-0.034,0.578,0.328,-4.221,72.305,41.038,Shake
1.154,0.578,0.328,144.305,72.305,41.038,Shake
-1.659,0.578,0.328,-207.450,72.305,41.038,Shake
-0.456,0.578,0.328,-56.977,72.305,41.038,Shake
0.748,0.578,0.328,93.504,72.305,41.038,Shake
1.935,0.578,0.328,242.023,72.305,41.038,Shake
-0.877,0.578,0.328,-109.733,72.305,41.038,Shake
0.326,0.578,0.328,40.748,72.305,41.038,Shake
1.513,0.578,0.328,189.267,72.305,41.038,Shake
-1.299,0.578,0.328,-162.489,72.305,41.038,Shake
-0.096,0.578,0.328,-12.015,72.305,41.038,Shake
1.107,0.578,0.328,138.466,72.305,41.038,Shake
-1.705,0.578,0.328,-213.290,72.305,41.038,Shake
-0.502,0.578,0.328,-62.817,72.305,41.038,Shake
0.701,0.578,0.328,87.664,72.305,41.038,Shake
1.888,0.578,0.328,236.183,72.305,41.038,Shake
-0.924,0.578,0.328,-115.573,72.305,41.038,Shake
0.279,0.578,0.328,34.908,72.305,41.038,Shake
1.467,0.578,0.328,183.427,72.305,41.038,Shake
-1.346,0.578,0.328,-168.328,72.305,41.038,Shake
-0.143,0.578,0.328,-17.855,72.305,41.038,Shake
1.060,0.578,0.328,132.626,72.305,41.038,Shake
-1.752,0.578,0.328,-219.130,72.305,41.038,Shake
-0.549,0.578,0.328,-68.656,72.305,41.038,Shake
0.654,0.578,0.328,81.824,72.305,41.038,Shake
1.842,0.578,0.328,230.344,72.305,41.038,Shake
-0.971,0.578,0.328,-121.412,72.305,41.038,Shake
0.232,0.578,0.328,29.069,72.305,41.038,Shake
1.420,0.578,0.328,177.588,72.305,41.038,Shake
-1.393,0.578,0.328,-174.168,72.305,41.038,Shake
-0.189,0.578,0.328,-23.695,72.305,41.038,Shake
1.014,0.578,0.328,126.786,72.305,41.038,Shake
-1.799,0.578,0.328,-224.969,72.305,41.038,Shake
-0.596,0.578,0.328,-74.496,72.305,41.038,Shake
0.608,0.578,0.328,75.985,72.305,41.038,Shake
1.795,0.578,0.328,224.504,72.305,41.038,Shake
-1.017,0.578,0.328,-127.252,72.305,41.038,Shake
0.186,0.578,0.328,23.229,72.305,41.038,Shake
1.373,0.578,0.328,171.748,72.305,41.038,Shake
-1.439,0.578,0.328,-180.008,72.305,41.038,Shake
-0.236,0.578,0.328,-29.534,72.305,41.038,Shake
0.967,0.578,0.328,120.947,72.305,41.038,Shake
-1.845,0.578,0.328,-230.809,72.305,41.038,Shake
-0.642,0.578,0.328,-80.336,72.305,41.038,Shake
0.561,0.578,0.328,70.145,72.305,41.038,Shake
1.748,0.578,0.328,218.664,72.305,41.038,Shake
-1.064,0.578,0.328,-133.092,72.305,41.038,Shake
0.139,0.578,0.328,17.389,72.305,41.038,Shake
1.327,0.578,0.328,165.908,72.305,41.038,Shake
-1.486,0.578,0.328,-185.847,72.305,41.038,Shake
-0.283,0.578,0.328,-35.374,72.305,41.038,Shake
0.920,0.578,0.328,115.107,72.305,41.038,Shake
-1.892,0.578,0.328,-236.649,72.305,41.038,Shake
-0.689,0.578,0.328,-86.176,72.305,41.038,Shake
0.514,0.578,0.328,64.305,72.305,41.038,Shake
1.702,0.578,0.328,212.824,72.305,41.038,Shake
-1.111,0.578,0.328,-138.931,72.305,41.038,Shake
0.092,0.578,0.328,11.550,72.305,41.038,Shake
1.280,0.578,0.328,160.069,72.305,41.038,Shake
-1.533,0.578,0.328,-191.687,72.305,41.038,Shake
-0.330,0.578,0.328,-41.214,72.305,41.038,Shake
0.874,0.578,0.328,109.267,72.305,41.038,Shake
-1.939,0.578,0.328,-242.489,72.305,41.038,Shake
-0.736,0.578,0.328,-92.015,72.305,41.038,Shake
0.467,0.578,0.328,58.466,72.305,41.038,Shake
1.655,0.578,0.328,206.985,72.305,41.038,Shake
-1.158,0.578,0.328,-144.771,72.305,41.038,Shake
0.046,0.578,0.328,5.710,72.305,41.038,Shake
1.233,0.578,0.328,154.229,72.305,41.038,Shake
-1.579,0.578,0.328,-197.527,72.305,41.038,Shake
-0.376,0.578,0.328,-47.053,72.305,41.038,Shake
0.827,0.578,0.328,103.427,72.305,41.038,Shake
-1.986,0.578,0.328,-248.328,72.305,41.038,Shake
-0.782,0.578,0.328,-97.855,72.305,41.038,Shake
0.421,0.578,0.328,52.626,72.305,41.038,Shake
1.608,0.578,0.328,201.145,72.305,41.038,Shake
-1.204,0.578,0.328,-150.611,72.305,41.038,Shake
-0.001,0.578,0.328,-0.137,72.305,41.038,Shake
1.186,0.578,0.328,148.389,72.305,41.038,Shake
-1.626,0.578,0.328,-203.366,72.305,41.038,Shake
-0.423,0.578,0.328,-52.893,72.305,41.038,Shake
0.780,0.578,0.328,97.588,72.305,41.038,Shake
1.968,0.578,0.328,246.107,72.305,41.038,Shake
-0.845,0.578,0.328,-105.649,72.305,41.038,Shake
0.358,0.578,0.328,44.832,72.305,41.038,Shake
1.546,0.578,0.328,193.351,72.305,41.038,Shake
-1.267,0.578,0.328,-158.405,72.305,41.038,Shake
-0.063,0.578,0.328,-7.931,72.305,41.038,Shake
1.124,0.578,0.328,140.595,72.305,41.038,Shake
-1.688,0.578,0.328,-211.160,72.305,41.038,Shake
-0.485,0.578,0.328,-60.687,72.305,41.038,Shake
0.718,0.578,0.328,89.794,72.305,41.038,Shake
1.905,0.578,0.328,238.313,72.305,41.038,Shake
-0.907,0.578,0.328,-113.443,72.305,41.038,Shake
0.296,0.578,0.328,37.038,72.305,41.038,Shake
1.484,0.578,0.328,185.557,72.305,41.038,Shake
-1.329,0.578,0.328,-166.198,72.305,41.038,Shake
-0.126,0.578,0.328,-15.725,72.305,41.038,Shake
1.077,0.578,0.328,134.756,72.305,41.038,Shake
-1.735,0.578,0.328,-217.000,72.305,41.038,Shake
-0.532,0.578,0.328,-66.527,72.305,41.038,Shake
0.671,0.578,0.328,83.954,72.305,41.038,Shake
1.859,0.578,0.328,232.473,72.305,41.038,Shake
-0.954,0.578,0.328,-119.282,72.305,41.038,Shake
0.249,0.578,0.328,31.198,72.305,41.038,Shake
1.437,0.578,0.328,179.718,72.305,41.038,Shake
-1.376,0.578,0.328,-172.038,72.305,41.038,Shake
-0.172,0.578,0.328,-21.565,72.305,41.038,Shake
1.031,0.578,0.328,128.916,72.305,41.038,Shake
-1.782,0.578,0.328,-222.840,72.305,41.038,Shake
-0.579,0.578,0.328,-72.366,72.305,41.038,Shake
0.625,0.578,0.328,78.115,72.305,41.038,Shake
1.812,0.578,0.328,226.634,72.305,41.038,Shake
-1.000,0.578,0.328,-125.122,72.305,41.038,Shake
0.203,0.578,0.328,25.359,72.305,41.038,Shake
1.390,0.578,0.328,173.878,72.305,41.038,Shake
-1.422,0.578,0.328,-177.878,72.305,41.038,Shake
-0.219,0.578,0.328,-27.405,72.305,41.038,Shake
0.984,0.578,0.328,123.076,72.305,41.038,Shake
-1.828,0.578,0.328,-228.679,72.305,41.038,Shake
-0.625,0.578,0.328,-78.206,72.305,41.038,Shake
0.578,0.578,0.328,72.275,72.305,41.038,Shake
1.765,0.578,0.328,220.794,72.305,41.038,Shake
-1.047,0.578,0.328,-130.962,72.305,41.038,Shake
0.156,0.578,0.328,19.519,72.305,41.038,Shake
1.344,0.578,0.328,168.038,72.305,41.038,Shake
-1.469,0.578,0.328,-183.718,72.305,41.038,Shake
-0.266,0.578,0.328,-33.244,72.305,41.038,Shake
0.937,0.578,0.328,117.237,72.305,41.038,Shake
-1.875,0.578,0.328,-234.519,72.305,41.038,Shake
-0.672,0.578,0.328,-84.046,72.305,41.038,Shake
0.531,0.578,0.328,66.435,72.305,41.038,Shake
1.719,0.578,0.328,214.954,72.305,41.038,Shake
-1.094,0.578,0.328,-136.802,72.305,41.038,Shake
0.094,0.594,0.328,11.725,74.260,41.038,Shake
1.281,0.594,0.328,160.244,74.260,41.038,Shake
-1.531,0.594,0.328,-191.511,74.260,41.038,Shake
-0.328,0.594,0.328,-41.038,74.260,41.038,Shake
0.875,0.594,0.328,109.443,74.260,41.038,Shake
-1.937,0.594,0.328,-242.313,74.260,41.038,Shake
-0.734,0.594,0.328,-91.840,74.260,41.038,Shake
0.469,0.594,0.328,58.641,74.260,41.038,Shake
1.656,0.594,0.328,207.160,74.260,41.038,Shake
-1.156,0.594,0.328,-144.595,74.260,41.038,Shake
0.047,0.594,0.328,5.885,74.260,41.038,Shake
1.235,0.594,0.328,154.405,74.260,41.038,Shake
-1.578,0.594,0.328,-197.351,74.260,41.038,Shake
-0.375,0.594,0.328,-46.878,74.260,41.038,Shake
0.828,0.594,0.328,103.603,74.260,41.038,Shake
-1.984,0.594,0.328,-248.153,74.260,41.038,Shake
-0.781,0.594,0.328,-97.679,74.260,41.038,Shake
0.422,0.594,0.328,52.802,74.260,41.038,Shake
1.610,0.594,0.328,201.321,74.260,41.038,Shake
-1.203,0.594,0.328,-150.435,74.260,41.038,Shake
0.000,0.594,0.328,0.046,74.260,41.038,Shake
1.188,0.594,0.328,148.565,74.260,41.038,Shake
-1.625,0.594,0.328,-203.191,74.260,41.038,Shake
-0.422,0.594,0.328,-52.718,74.260,41.038,Shake
0.782,0.594,0.328,97.763,74.260,41.038,Shake
1.969,0.594,0.328,246.282,74.260,41.038,Shake
-0.843,0.594,0.328,-105.473,74.260,41.038,Shake
0.360,0.594,0.328,45.008,74.260,41.038,Shake
1.547,0.594,0.328,193.527,74.260,41.038,Shake
-1.265,0.594,0.328,-158.229,74.260,41.038,Shake
-0.062,0.594,0.328,-7.756,74.260,41.038,Shake
1.126,0.594,0.328,140.771,74.260,41.038,Shake
-1.687,0.594,0.328,-210.985,74.260,41.038,Shake
-0.484,0.594,0.328,-60.511,74.260,41.038,Shake
0.719,0.594,0.328,89.969,74.260,41.038,Shake
1.907,0.594,0.328,238.489,74.260,41.038,Shake
-0.906,0.594,0.328,-113.267,74.260,41.038,Shake
0.298,0.594,0.328,37.214,74.260,41.038,Shake
1.485,0.594,0.328,185.733,74.260,41.038,Shake
-1.327,0.594,0.328,-166.023,74.260,41.038,Shake
-0.124,0.594,0.328,-15.550,74.260,41.038,Shake
1.079,0.594,0.328,134.931,74.260,41.038,Shake
-1.734,0.594,0.328,-216.824,74.260,41.038,Shake
-0.531,0.594,0.328,-66.351,74.260,41.038,Shake
0.673,0.594,0.328,84.130,74.260,41.038,Shake
1.860,0.594,0.328,232.649,74.260,41.038,Shake
-0.952,0.594,0.328,-119.107,74.260,41.038,Shake
0.251,0.594,0.328,31.374,74.260,41.038,Shake
1.438,0.594,0.328,179.893,74.260,41.038,Shake
-1.374,0.594,0.328,-171.863,74.260,41.038,Shake
-0.171,0.594,0.328,-21.389,74.260,41.038,Shake
1.032,0.594,0.328,129.092,74.260,41.038,Shake
-1.780,0.594,0.328,-222.664,74.260,41.038,Shake
-0.577,0.594,0.328,-72.191,74.260,41.038,Shake
0.626,0.594,0.328,78.290,74.260,41.038,Shake
1.813,0.594,0.328,226.809,74.260,41.038,Shake
-0.999,0.594,0.328,-124.947,74.260,41.038,Shake
0.204,0.594,0.328,25.534,74.260,41.038,Shake
1.392,0.594,0.328,174.053,74.260,41.038,Shake
-1.421,0.594,0.328,-177.702,74.260,41.038,Shake
-0.218,0.594,0.328,-27.229,74.260,41.038,Shake
0.985,0.594,0.328,123.252,74.260,41.038,Shake
-1.827,0.594,0.328,-228.504,74.260,41.038,Shake
-0.624,0.594,0.328,-78.031,74.260,41.038,Shake
0.579,0.594,0.328,72.450,74.260,41.038,Shake
1.767,0.594,0.328,220.969,74.260,41.038,Shake
-1.046,0.594,0.328,-130.786,74.260,41.038,Shake
0.157,0.594,0.328,19.695,74.260,41.038,Shake
1.345,0.594,0.328,168.214,74.260,41.038,Shake
-1.468,0.594,0.328,-183.542,74.260,41.038,Shake
-0.264,0.594,0.328,-33.069,74.260,41.038,Shake
0.939,0.594,0.328,117.412,74.260,41.038,Shake
-1.874,0.594,0.328,-234.344,74.260,41.038,Shake
-0.671,0.594,0.328,-83.870,74.260,41.038,Shake
0.533,0.594,0.328,66.611,74.260,41.038,Shake
1.720,0.594,0.328,215.130,74.260,41.038,Shake
-1.092,0.594,0.328,-136.626,74.260,41.038,Shake
0.111,0.594,0.328,13.855,74.260,41.038,Shake
1.298,0.594,0.328,162.374,74.260,41.038,Shake
-1.514,0.594,0.328,-189.382,74.260,41.038,Shake
-0.311,0.594,0.328,-38.908,74.260,41.038,Shake
0.892,0.594,0.328,111.573,74.260,41.038,Shake
-1.920,0.594,0.328,-240.183,74.260,41.038,Shake
-0.717,0.594,0.328,-89.710,74.260,41.038,Shake
0.486,0.594,0.328,60.771,74.260,41.038,Shake
1.673,0.594,0.328,209.290,74.260,41.038,Shake
-1.139,0.594,0.328,-142.466,74.260,41.038,Shake
0.064,0.594,0.328,8.015,74.260,41.038,Shake
1.252,0.594,0.328,156.534,74.260,41.038,Shake
-1.561,0.594,0.328,-195.221,74.260,41.038,Shake
-0.358,0.594,0.328,-44.748,74.260,41.038,Shake
0.845,0.594,0.328,105.733,74.260,41.038,Shake
-1.967,0.594,0.328,-246.023,74.260,41.038,Shake
-0.764,0.594,0.328,-95.550,74.260,41.038,Shake
0.439,0.594,0.328,54.931,74.260,41.038,Shake
1.627,0.594,0.328,203.450,74.260,41.038,Shake
-1.186,0.594,0.328,-148.305,74.260,41.038,Shake
0.017,0.594,0.328,2.176,74.260,41.038,Shake
1.205,0.594,0.328,150.695,74.260,41.038,Shake
-1.608,0.594,0.328,-201.061,74.260,41.038,Shake
-0.404,0.594,0.328,-50.588,74.260,41.038,Shake
0.799,0.594,0.328,99.893,74.260,41.038,Shake
1.986,0.594,0.328,248.412,74.260,41.038,Shake
-0.826,0.594,0.328,-103.344,74.260,41.038,Shake
0.377,0.594,0.328,47.137,74.260,41.038,Shake
1.564,0.594,0.328,195.656,74.260,41.038,Shake
-1.248,0.594,0.328,-156.099,74.260,41.038,Shake
-0.045,0.594,0.328,-5.626,74.260,41.038,Shake
1.143,0.594,0.328,142.901,74.260,41.038,Shake
-1.670,0.594,0.328,-208.855,74.260,41.038,Shake
-0.467,0.594,0.328,-58.382,74.260,41.038,Shake
0.736,0.594,0.328,92.099,74.260,41.038,Shake
1.924,0.594,0.328,240.618,74.260,41.038,Shake
-0.889,0.594,0.328,-111.137,74.260,41.038,Shake
0.315,0.594,0.328,39.344,74.260,41.038,Shake
1.502,0.594,0.328,187.863,74.260,41.038,Shake
-1.310,0.594,0.328,-163.893,74.260,41.038,Shake
-0.107,0.594,0.328,-13.420,74.260,41.038,Shake
1.096,0.594,0.328,137.061,74.260,41.038,Shake
-1.717,0.594,0.328,-214.695,74.260,41.038,Shake
-0.513,0.594,0.328,-64.221,74.260,41.038,Shake
0.690,0.594,0.328,86.260,74.260,41.038,Shake
1.877,0.594,0.328,234.779,74.260,41.038,Shake
-0.935,0.594,0.328,-116.977,74.260,41.038,Shake
0.268,0.594,0.328,33.504,74.260,41.038,Shake
1.455,0.594,0.328,182.023,74.260,41.038,Shake
-1.357,0.594,0.328,-169.733,74.260,41.038,Shake
-0.154,0.594,0.328,-19.260,74.260,41.038,Shake
1.049,0.594,0.328,131.221,74.260,41.038,Shake
-1.763,0.594,0.328,-220.534,74.260,41.038,Shake
-0.560,0.594,0.328,-70.061,74.260,41.038,Shake
0.643,0.594,0.328,80.420,74.260,41.038,Shake
1.831,0.594,0.328,228.939,74.260,41.038,Shake
-0.982,0.594,0.328,-122.817,74.260,41.038,Shake
0.221,0.594,0.328,27.664,74.260,41.038,Shake
1.409,0.594,0.328,176.183,74.260,41.038,Shake
-1.404,0.594,0.328,-175.573,74.260,41.038,Shake
-0.201,0.594,0.328,-25.099,74.260,41.038,Shake
1.003,0.594,0.328,125.382,74.260,41.038,Shake
-1.810,0.594,0.328,-226.374,74.260,41.038,Shake
-0.607,0.594,0.328,-75.901,74.260,41.038,Shake
0.596,0.594,0.328,74.580,74.260,41.038,Shake
1.784,0.594,0.328,223.099,74.260,41.038,Shake
-1.029,0.594,0.328,-128.656,74.260,41.038,Shake
0.174,0.594,0.328,21.824,74.260,41.038,Shake
1.362,0.594,0.328,170.344,74.260,41.038,Shake
-1.451,0.594,0.328,-181.412,74.260,41.038,Shake
-0.247,0.594,0.328,-30.939,74.260,41.038,Shake
0.956,0.594,0.328,119.542,74.260,41.038,Shake
-1.857,0.594,0.328,-232.214,74.260,41.038,Shake
-0.654,0.594,0.328,-81.740,74.260,41.038,Shake
0.550,0.594,0.328,68.740,74.260,41.038,Shake
1.737,0.594,0.328,217.260,74.260,41.038,Shake
-1.075,0.594,0.328,-134.496,74.260,41.038,Shake
0.128,0.594,0.328,15.985,74.260,41.038,Shake
1.315,0.594,0.328,164.504,74.260,41.038,Shake
-1.497,0.594,0.328,-187.252,74.260,41.038,Shake
-0.294,0.594,0.328,-36.779,74.260,41.038,Shake
0.909,0.594,0.328,113.702,74.260,41.038,Shake
-1.903,0.594,0.328,-238.053,74.260,41.038,Shake
-0.700,0.594,0.328,-87.580,74.260,41.038,Shake
0.503,0.594,0.328,62.901,74.260,41.038,Shake
1.690,0.594,0.328,211.420,74.260,41.038,Shake
-1.122,0.594,0.328,-140.336,74.260,41.038,Shake
0.081,0.594,0.328,10.145,74.260,41.038,Shake
1.269,0.594,0.328,158.664,74.260,41.038,Shake
-1.544,0.594,0.328,-193.092,74.260,41.038,Shake
-0.341,0.594,0.328,-42.618,74.260,41.038,Shake
0.862,0.594,0.328,107.863,74.260,41.038,Shake
-1.950,0.594,0.328,-243.893,74.260,41.038,Shake
-0.747,0.594,0.328,-93.420,74.260,41.038,Shake
0.456,0.594,0.328,57.061,74.260,41.038,Shake
1.644,0.594,0.328,205.580,74.260,41.038,Shake
-1.169,0.594,0.328,-146.176,74.260,41.038,Shake
0.034,0.594,0.328,4.305,74.260,41.038,Shake
1.222,0.594,0.328,152.824,74.260,41.038,Shake
-1.591,0.594,0.328,-198.931,74.260,41.038,Shake
-0.387,0.594,0.328,-48.458,74.260,41.038,Shake
0.816,0.594,0.328,102.023,74.260,41.038,Shake
-1.997,0.594,0.328,-249.733,74.260,41.038,Shake
-0.794,0.594,0.328,-99.260,74.260,41.038,Shake
0.410,0.594,0.328,51.221,74.260,41.038,Shake
1.597,0.594,0.328,199.740,74.260,41.038,Shake
-1.215,0.594,0.328,-152.015,74.260,41.038,Shake
-0.012,0.594,0.328,-1.542,74.260,41.038,Shake
1.175,0.594,0.328,146.985,74.260,41.038,Shake
-1.637,0.594,0.328,-204.771,74.260,41.038,Shake
-0.434,0.594,0.328,-54.298,74.260,41.038,Shake
0.769,0.594,0.328,96.183,74.260,41.038,Shake
1.957,0.594,0.328,244.702,74.260,41.038,Shake
-0.856,0.594,0.328,-107.053,74.260,41.038,Shake
0.347,0.594,0.328,43.427,74.260,41.038,Shake
1.535,0.594,0.328,191.947,74.260,41.038,Shake
-1.278,0.594,0.328,-159.809,74.260,41.038,Shake
-0.075,0.594,0.328,-9.336,74.260,41.038,Shake
1.113,0.594,0.328,139.191,74.260,41.038,Shake
-1.700,0.594,0.328,-212.565,74.260,41.038,Shake
-0.496,0.594,0.328,-62.092,74.260,41.038,Shake
0.707,0.594,0.328,88.389,74.260,41.038,Shake
1.894,0.594,0.328,236.908,74.260,41.038,Shake
-0.918,0.594,0.328,-114.847,74.260,41.038,Shake
0.285,0.594,0.328,35.634,74.260,41.038,Shake
1.472,0.594,0.328,184.153,74.260,41.038,Shake
-1.340,0.594,0.328,-167.603,74.260,41.038,Shake
-0.137,0.594,0.328,-17.130,74.260,41.038,Shake
1.066,0.594,0.328,133.351,74.260,41.038,Shake
-1.746,0.594,0.328,-218.405,74.260,41.038,Shake
-0.543,0.594,0.328,-67.931,74.260,41.038,Shake
0.660,0.594,0.328,82.550,74.260,41.038,Shake
1.848,0.594,0.328,231.069,74.260,41.038,Shake
-0.965,0.594,0.328,-120.687,74.260,41.038,Shake
0.238,0.594,0.328,29.794,74.260,41.038,Shake
1.426,0.594,0.328,178.313,74.260,41.038,Shake
-1.387,0.594,0.328,-173.443,74.260,41.038,Shake
-0.184,0.594,0.328,-22.969,74.260,41.038,Shake
1.020,0.594,0.328,127.511,74.260,41.038,Shake
-1.793,0.594,0.328,-224.244,74.260,41.038,Shake
-0.590,0.594,0.328,-73.771,74.260,41.038,Shake
0.613,0.594,0.328,76.710,74.260,41.038,Shake
1.801,0.594,0.328,225.229,74.260,41.038,Shake
-1.012,0.594,0.328,-126.527,74.260,41.038,Shake
0.192,0.594,0.328,23.954,74.260,41.038,Shake
1.379,0.594,0.328,172.473,74.260,41.038,Shake
-1.433,0.594,0.328,-179.282,74.260,41.038,Shake
-0.230,0.594,0.328,-28.809,74.260,41.038,Shake
0.973,0.594,0.328,121.672,74.260,41.038,Shake
-1.840,0.594,0.328,-230.084,74.260,41.038,Shake
-0.637,0.594,0.328,-79.611,74.260,41.038,Shake
0.567,0.594,0.328,70.870,74.260,41.038,Shake
1.754,0.594,0.328,219.389,74.260,41.038,Shake
-1.058,0.594,0.328,-132.366,74.260,41.038,Shake
0.145,0.594,0.328,18.115,74.260,41.038,Shake
1.332,0.594,0.328,166.634,74.260,41.038,Shake
-1.480,0.594,0.328,-185.122,74.260,41.038,Shake
-0.277,0.594,0.328,-34.649,74.260,41.038,Shake
0.926,0.594,0.328,115.832,74.260,41.038,Shake
-1.886,0.594,0.328,-235.924,74.260,41.038,Shake
-0.683,0.594,0.328,-85.450,74.260,41.038,Shake
0.520,0.594,0.328,65.031,74.260,41.038,Shake
1.707,0.594,0.328,213.550,74.260,41.038,Shake
-1.105,0.594,0.328,-138.206,74.260,41.038,Shake
0.098,0.594,0.328,12.275,74.260,41.038,Shake
1.286,0.594,0.328,160.794,74.260,41.038,Shake
-1.527,0.594,0.328,-190.962,74.260,41.038,Shake
-0.324,0.594,0.328,-40.489,74.260,41.038,Shake
0.879,0.594,0.328,109.992,74.260,41.038,Shake
-1.933,0.594,0.328,-241.763,74.260,41.038,Shake
-0.730,0.594,0.328,-91.290,74.260,41.038,Shake
0.473,0.594,0.328,59.191,74.260,41.038,Shake
1.661,0.594,0.328,207.710,74.260,41.038,Shake
-1.152,0.594,0.328,-144.046,74.260,41.038,Shake
0.051,0.594,0.328,6.435,74.260,41.038,Shake
1.239,0.594,0.328,154.954,74.260,41.038,Shake
-1.574,0.594,0.328,-196.802,74.260,41.038,Shake
-0.370,0.594,0.328,-46.328,74.260,41.038,Shake
0.833,0.594,0.328,104.153,74.260,41.038,Shake
-1.980,0.594,0.328,-247.603,74.260,41.038,Shake
-0.777,0.594,0.328,-97.130,74.260,41.038,Shake
0.427,0.594,0.328,53.351,74.260,41.038,Shake
1.614,0.594,0.328,201.870,74.260,41.038,Shake
-1.198,0.594,0.328,-149.885,74.260,41.038,Shake
0.005,0.594,0.328,0.595,74.260,41.038,Shake
1.192,0.594,0.328,149.115,74.260,41.038,Shake
-1.620,0.594,0.328,-202.641,74.260,41.038,Shake
-0.417,0.594,0.328,-52.168,74.260,41.038,Shake
0.786,0.594,0.328,98.313,74.260,41.038,Shake
1.974,0.594,0.328,246.832,74.260,41.038,Shake
-0.839,0.594,0.328,-104.924,74.260,41.038,Shake
0.364,0.594,0.328,45.557,74.260,41.038,Shake
1.552,0.594,0.328,194.076,74.260,41.038,Shake
-1.261,0.594,0.328,-157.679,74.260,41.038,Shake
-0.058,0.594,0.328,-7.206,74.260,41.038,Shake
1.130,0.594,0.328,141.321,74.260,41.038,Shake
-1.683,0.594,0.328,-210.435,74.260,41.038,Shake
-0.479,0.594,0.328,-59.962,74.260,41.038,Shake
0.724,0.594,0.328,90.519,74.260,41.038,Shake
1.911,0.594,0.328,239.038,74.260,41.038,Shake
-0.901,0.594,0.328,-112.718,74.260,41.038,Shake
0.302,0.594,0.328,37.763,74.260,41.038,Shake
1.489,0.594,0.328,186.282,74.260,41.038,Shake
-1.323,0.594,0.328,-165.473,74.260,41.038,Shake
-0.120,0.594,0.328,-15.000,74.260,41.038,Shake
1.083,0.594,0.328,135.481,74.260,41.038,Shake
-1.729,0.594,0.328,-216.275,74.260,41.038,Shake
-0.526,0.594,0.328,-65.802,74.260,41.038,Shake
0.677,0.594,0.328,84.679,74.260,41.038,Shake
1.865,0.594,0.328,233.198,74.260,41.038,Shake
-0.948,0.594,0.328,-118.557,74.260,41.038,Shake
0.255,0.594,0.328,31.924,74.260,41.038,Shake
1.443,0.594,0.328,180.443,74.260,41.038,Shake
-1.370,0.594,0.328,-171.313,74.260,41.038,Shake
-0.167,0.594,0.328,-20.840,74.260,41.038,Shake
1.037,0.594,0.328,129.641,74.260,41.038,Shake
-1.776,0.594,0.328,-222.115,74.260,41.038,Shake
-0.573,0.594,0.328,-71.641,74.260,41.038,Shake
0.630,0.594,0.328,78.840,74.260,41.038,Shake
1.818,0.594,0.328,227.359,74.260,41.038,Shake
-0.995,0.594,0.328,-124.397,74.260,41.038,Shake
0.209,0.594,0.328,26.084,74.260,41.038,Shake
1.396,0.594,0.328,174.603,74.260,41.038,Shake
-1.416,0.594,0.328,-177.153,74.260,41.038,Shake
-0.213,0.594,0.328,-26.679,74.260,41.038,Shake
0.990,0.594,0.328,123.802,74.260,41.038,Shake
-1.823,0.594,0.328,-227.954,74.260,41.038,Shake
-0.620,0.594,0.328,-77.481,74.260,41.038,Shake
0.584,0.594,0.328,73.000,74.260,41.038,Shake
1.771,0.594,0.328,221.519,74.260,41.038,Shake
-1.041,0.594,0.328,-130.237,74.260,41.038,Shake
0.162,0.594,0.328,20.244,74.260,41.038,Shake
1.349,0.594,0.328,168.763,74.260,41.038,Shake
-1.463,0.594,0.328,-182.992,74.260,41.038,Shake
-0.260,0.594,0.328,-32.519,74.260,41.038,Shake
0.943,0.594,0.328,117.962,74.260,41.038,Shake
-1.869,0.594,0.328,-233.794,74.260,41.038,Shake
-0.666,0.594,0.328,-83.321,74.260,41.038,Shake
0.537,0.594,0.328,67.160,74.260,41.038,Shake
1.724,0.594,0.328,215.679,74.260,41.038,Shake
-1.088,0.594,0.328,-136.076,74.260,41.038,Shake
0.115,0.594,0.328,14.405,74.260,41.038,Shake
1.303,0.594,0.328,162.924,74.260,41.038,Shake
-1.510,0.594,0.328,-188.832,74.260,41.038,Shake
-0.307,0.594,0.328,-38.359,74.260,41.038,Shake
0.896,0.594,0.328,112.122,74.260,41.038,Shake
-1.916,0.594,0.328,-239.634,74.260,41.038,Shake
-0.713,0.594,0.328,-89.160,74.260,41.038,Shake
0.490,0.594,0.328,61.321,74.260,41.038,Shake
1.678,0.594,0.328,209.840,74.260,41.038,Shake
-1.135,0.594,0.328,-141.916,74.260,41.038,Shake
0.068,0.594,0.328,8.565,74.260,41.038,Shake
1.256,0.594,0.328,157.084,74.260,41.038,Shake
-1.557,0.594,0.328,-194.672,74.260,41.038,Shake
-0.353,0.594,0.328,-44.198,74.260,41.038,Shake
0.850,0.594,0.328,106.282,74.260,41.038,Shake
-1.963,0.594,0.328,-245.473,74.260,41.038,Shake
-0.760,0.594,0.328,-95.000,74.260,41.038,Shake
0.444,0.594,0.328,55.481,74.260,41.038,Shake
1.631,0.594,0.328,204.000,74.260,41.038,Shake
-1.181,0.594,0.328,-147.756,74.260,41.038,Shake
0.022,0.594,0.328,2.725,74.260,41.038,Shake
1.209,0.594,0.328,151.244,74.260,41.038,Shake
-1.603,0.594,0.328,-200.511,74.260,41.038,Shake
-0.400,0.594,0.328,-50.038,74.260,41.038,Shake
0.803,0.594,0.328,100.443,74.260,41.038,Shake
1.991,0.594,0.328,248.962,74.260,41.038,Shake
-0.822,0.594,0.328,-102.794,74.260,41.038,Shake
0.381,0.594,0.328,47.687,74.260,41.038,Shake
1.569,0.594,0.328,196.206,74.260,41.038,Shake
-1.244,0.594,0.328,-155.550,74.260,41.038,Shake
-0.041,0.594,0.328,-5.076,74.260,41.038,Shake
1.147,0.594,0.328,143.450,74.260,41.038,Shake
-1.666,0.594,0.328,-208.305,74.260,41.038,Shake
-0.462,0.594,0.328,-57.832,74.260,41.038,Shake
0.741,0.594,0.328,92.649,74.260,41.038,Shake
1.928,0.594,0.328,241.168,74.260,41.038,Shake
-0.884,0.594,0.328,-110.588,74.260,41.038,Shake
0.319,0.594,0.328,39.893,74.260,41.038,Shake
1.506,0.594,0.328,188.412,74.260,41.038,Shake
-1.306,0.594,0.328,-163.344,74.260,41.038,Shake
-0.103,0.594,0.328,-12.870,74.260,41.038,Shake
1.100,0.594,0.328,137.611,74.260,41.038,Shake
-1.712,0.594,0.328,-214.145,74.260,41.038,Shake
-0.509,0.594,0.328,-63.672,74.260,41.038,Shake
0.694,0.594,0.328,86.809,74.260,41.038,Shake
1.882,0.594,0.328,235.328,74.260,41.038,Shake
-0.931,0.594,0.328,-116.427,74.260,41.038,Shake
0.272,0.594,0.328,34.053,74.260,41.038,Shake
1.460,0.594,0.328,182.573,74.260,41.038,Shake
-1.353,0.594,0.328,-169.183,74.260,41.038,Shake
-0.150,0.594,0.328,-18.710,74.260,41.038,Shake
1.054,0.594,0.328,131.771,74.260,41.038,Shake
-1.759,0.594,0.328,-219.985,74.260,41.038,Shake
-0.556,0.594,0.328,-69.511,74.260,41.038,Shake
0.647,0.594,0.328,80.969,74.260,41.038,Shake
1.835,0.594,0.328,229.489,74.260,41.038,Shake
-0.978,0.594,0.328,-122.267,74.260,41.038,Shake
0.226,0.594,0.328,28.214,74.260,41.038,Shake
1.413,0.594,0.328,176.733,74.260,41.038,Shake
-1.399,0.594,0.328,-175.023,74.260,41.038,Shake
-0.196,0.594,0.328,-24.550,74.260,41.038,Shake
1.007,0.594,0.328,125.931,74.260,41.038,Shake
-1.806,0.594,0.328,-225.824,74.260,41.038,Shake
-0.602,0.594,0.328,-75.351,74.260,41.038,Shake
0.601,0.594,0.328,75.130,74.260,41.038,Shake
1.788,0.594,0.328,223.649,74.260,41.038,Shake
-1.024,0.594,0.328,-128.107,74.260,41.038,Shake
0.179,0.594,0.328,22.374,74.260,41.038,Shake
1.366,0.594,0.328,170.893,74.260,41.038,Shake
-1.446,0.594,0.328,-180.863,74.260,41.038,Shake
-0.243,0.594,0.328,-30.389,74.260,41.038,Shake
0.960,0.594,0.328,120.092,74.260,41.038,Shake
-1.852,0.594,0.328,-231.664,74.260,41.038,Shake
-0.649,0.594,0.328,-81.191,74.260,41.038,Shake
0.554,0.594,0.328,69.290,74.260,41.038,Shake
1.742,0.594,0.328,217.809,74.260,41.038,Shake
-1.071,0.594,0.328,-133.947,74.260,41.038,Shake
0.132,0.594,0.328,16.534,74.260,41.038,Shake
1.320,0.594,0.328,165.053,74.260,41.038,Shake
-1.493,0.594,0.328,-186.702,74.260,41.038,Shake
-0.290,0.594,0.328,-36.229,74.260,41.038,Shake
0.914,0.594,0.328,114.252,74.260,41.038,Shake
-1.899,0.594,0.328,-237.504,74.260,41.038,Shake
-0.696,0.594,0.328,-87.031,74.260,41.038,Shake
0.507,0.594,0.328,63.450,74.260,41.038,Shake
1.695,0.594,0.328,211.969,74.260,41.038,Shake
-1.118,0.594,0.328,-139.786,74.260,41.038,Shake
0.086,0.594,0.328,10.695,74.260,41.038,Shake
1.273,0.594,0.328,159.214,74.260,41.038,Shake
-1.539,0.594,0.328,-192.542,74.260,41.038,Shake
-0.336,0.594,0.328,-42.069,74.260,41.038,Shake
0.867,0.594,0.328,108.412,74.260,41.038,Shake
-1.946,0.594,0.328,-243.344,74.260,41.038,Shake
-0.743,0.594,0.328,-92.870,74.260,41.038,Shake
0.461,0.594,0.328,57.611,74.260,41.038,Shake
1.648,0.594,0.328,206.130,74.260,41.038,Shake
-1.164,0.594,0.328,-145.626,74.260,41.038,Shake
0.039,0.594,0.328,4.855,74.260,41.038,Shake
1.226,0.594,0.328,153.374,74.260,41.038,Shake
-1.586,0.594,0.328,-198.382,74.260,41.038,Shake
-0.383,0.594,0.328,-47.908,74.260,41.038,Shake
0.820,0.594,0.328,102.573,74.260,41.038,Shake
-1.992,0.594,0.328,-249.183,74.260,41.038,Shake
-0.789,0.594,0.328,-98.710,74.260,41.038,Shake
0.414,0.594,0.328,51.771,74.260,41.038,Shake
1.601,0.594,0.328,200.290,74.260,41.038,Shake
-1.211,0.594,0.328,-151.466,74.260,41.038,Shake
-0.008,0.594,0.328,-0.992,74.260,41.038,Shake
1.180,0.594,0.328,147.534,74.260,41.038,Shake
-1.633,0.594,0.328,-204.221,74.260,41.038,Shake
-0.430,0.594,0.328,-53.748,74.260,41.038,Shake
0.773,0.594,0.328,96.733,74.260,41.038,Shake
1.961,0.594,0.328,245.252,74.260,41.038,Shake
-0.852,0.594,0.328,-106.504,74.260,41.038,Shake
0.352,0.594,0.328,43.977,74.260,41.038,Shake
1.539,0.594,0.328,192.496,74.260,41.038,Shake
-1.273,0.594,0.328,-159.260,74.260,41.038,Shake
-0.070,0.594,0.328,-8.786,74.260,41.038,Shake
1.117,0.594,0.328,139.740,74.260,41.038,Shake
-1.695,0.594,0.328,-212.015,74.260,41.038,Shake
-0.492,0.594,0.328,-61.542,74.260,41.038,Shake
0.711,0.594,0.328,88.939,74.260,41.038,Shake
1.899,0.594,0.328,237.458,74.260,41.038,Shake
-0.914,0.594,0.328,-114.298,74.260,41.038,Shake
0.289,0.594,0.328,36.183,74.260,41.038,Shake
1.477,0.594,0.328,184.702,74.260,41.038,Shake
-1.336,0.594,0.328,-167.053,74.260,41.038,Shake
-0.133,0.594,0.328,-16.580,74.260,41.038,Shake
1.071,0.594,0.328,133.901,74.260,41.038,Shake
-1.742,0.594,0.328,-217.855,74.260,41.038,Shake
-0.539,0.594,0.328,-67.382,74.260,41.038,Shake
0.664,0.594,0.328,83.099,74.260,41.038,Shake
1.852,0.594,0.328,231.618,74.260,41.038,Shake
-0.961,0.594,0.328,-120.137,74.260,41.038,Shake
0.243,0.594,0.328,30.344,74.260,41.038,Shake
1.430,0.594,0.328,178.863,74.260,41.038,Shake
-1.382,0.594,0.328,-172.893,74.260,41.038,Shake
-0.179,0.594,0.328,-22.420,74.260,41.038,Shake
1.024,0.594,0.328,128.061,74.260,41.038,Shake
-1.789,0.594,0.328,-223.695,74.260,41.038,Shake
-0.585,0.594,0.328,-73.221,74.260,41.038,Shake
0.618,0.594,0.328,77.260,74.260,41.038,Shake
1.805,0.594,0.328,225.779,74.260,41.038,Shake
-1.007,0.594,0.328,-125.977,74.260,41.038,Shake
0.196,0.594,0.328,24.504,74.260,41.038,Shake
1.383,0.594,0.328,173.023,74.260,41.038,Shake
-1.429,0.594,0.328,-178.733,74.260,41.038,Shake
-0.226,0.594,0.328,-28.260,74.260,41.038,Shake
0.977,0.594,0.328,122.221,74.260,41.038,Shake
-1.835,0.594,0.328,-229.534,74.260,41.038,Shake
-0.632,0.594,0.328,-79.061,74.260,41.038,Shake
0.571,0.594,0.328,71.420,74.260,41.038,Shake
1.759,0.594,0.328,219.939,74.260,41.038,Shake
-1.054,0.594,0.328,-131.817,74.260,41.038,Shake
0.149,0.594,0.328,18.664,74.260,41.038,Shake
1.337,0.594,0.328,167.183,74.260,41.038,Shake
-1.476,0.594,0.328,-184.573,74.260,41.038,Shake
-0.273,0.594,0.328,-34.099,74.260,41.038,Shake
0.931,0.594,0.328,116.382,74.260,41.038,Shake
-1.882,0.594,0.328,-235.374,74.260,41.038,Shake
-0.679,0.594,0.328,-84.901,74.260,41.038,Shake
0.524,0.594,0.328,65.580,74.260,41.038,Shake
1.712,0.594,0.328,214.099,74.260,41.038,Shake
-1.101,0.594,0.328,-137.656,74.260,41.038,Shake
0.103,0.594,0.328,12.824,74.260,41.038,Shake
1.290,0.594,0.328,161.344,74.260,41.038,Shake
-1.522,0.594,0.328,-190.412,74.260,41.038,Shake
-0.319,0.594,0.328,-39.939,74.260,41.038,Shake
0.884,0.594,0.328,110.542,74.260,41.038,Shake
-1.929,0.594,0.328,-241.214,74.260,41.038,Shake
-0.726,0.594,0.328,-90.740,74.260,41.038,Shake
0.478,0.594,0.328,59.740,74.260,41.038,Shake
1.665,0.594,0.328,208.260,74.260,41.038,Shake
-1.147,0.594,0.328,-143.496,74.260,41.038,Shake
0.056,0.594,0.328,6.985,74.260,41.038,Shake
1.243,0.594,0.328,155.504,74.260,41.038,Shake
-1.569,0.594,0.328,-196.252,74.260,41.038,Shake
-0.366,0.594,0.328,-45.779,74.260,41.038,Shake
0.837,0.594,0.328,104.702,74.260,41.038,Shake
-1.975,0.594,0.328,-247.053,74.260,41.038,Shake
-0.772,0.594,0.328,-96.580,74.260,41.038,Shake
0.431,0.594,0.328,53.901,74.260,41.038,Shake
1.618,0.594,0.328,202.420,74.260,41.038,Shake
-1.194,0.594,0.328,-149.336,74.260,41.038,Shake
0.009,0.594,0.328,1.145,74.260,41.038,Shake
1.197,0.594,0.328,149.664,74.260,41.038,Shake
-1.616,0.594,0.328,-202.092,74.260,41.038,Shake
-0.413,0.594,0.328,-51.618,74.260,41.038,Shake
0.790,0.594,0.328,98.863,74.260,41.038,Shake
1.978,0.594,0.328,247.382,74.260,41.038,Shake
-0.835,0.594,0.328,-104.374,74.260,41.038,Shake
0.369,0.594,0.328,46.107,74.260,41.038,Shake
1.556,0.594,0.328,194.626,74.260,41.038,Shake
-1.256,0.594,0.328,-157.130,74.260,41.038,Shake
-0.053,0.594,0.328,-6.656,74.260,41.038,Shake
1.134,0.594,0.328,141.870,74.260,41.038,Shake
-1.678,0.594,0.328,-209.885,74.260,41.038,Shake
-0.475,0.594,0.328,-59.412,74.260,41.038,Shake
0.728,0.594,0.328,91.069,74.260,41.038,Shake
1.916,0.594,0.328,239.588,74.260,41.038,Shake
-0.897,0.594,0.328,-112.168,74.260,41.038,Shake
0.306,0.594,0.328,38.313,74.260,41.038,Shake
1.494,0.594,0.328,186.832,74.260,41.038,Shake
-1.319,0.594,0.328,-164.924,74.260,41.038,Shake
-0.116,0.594,0.328,-14.450,74.260,41.038,Shake
1.088,0.594,0.328,136.031,74.260,41.038,Shake
-1.725,0.594,0.328,-215.725,74.260,41.038,Shake
-0.522,0.594,0.328,-65.252,74.260,41.038,Shake
0.681,0.594,0.328,85.229,74.260,41.038,Shake
1.869,0.594,0.328,233.748,74.260,41.038,Shake
-0.944,0.594,0.328,-118.008,74.260,41.038,Shake
0.260,0.594,0.328,32.473,74.260,41.038,Shake
1.447,0.594,0.328,180.992,74.260,41.038,Shake
-1.365,0.594,0.328,-170.763,74.260,41.038,Shake
-0.162,0.594,0.328,-20.290,74.260,41.038,Shake
1.041,0.594,0.328,130.191,74.260,41.038,Shake
-1.772,0.594,0.328,-221.565,74.260,41.038,Shake
-0.568,0.594,0.328,-71.092,74.260,41.038,Shake
0.635,0.594,0.328,79.389,74.260,41.038,Shake
1.822,0.594,0.328,227.908,74.260,41.038,Shake
-0.990,0.594,0.328,-123.847,74.260,41.038,Shake
0.213,0.594,0.328,26.634,74.260,41.038,Shake
1.400,0.594,0.328,175.153,74.260,41.038,Shake
-1.412,0.594,0.328,-176.603,74.260,41.038,Shake
-0.209,0.594,0.328,-26.130,74.260,41.038,Shake
0.994,0.594,0.328,124.351,74.260,41.038,Shake
-1.818,0.594,0.328,-227.405,74.260,41.038,Shake
-0.615,0.594,0.328,-76.931,74.260,41.038,Shake
0.588,0.594,0.328,73.550,74.260,41.038,Shake
1.776,0.594,0.328,222.069,74.260,41.038,Shake
-1.037,0.594,0.328,-129.687,74.260,41.038,Shake
0.166,0.594,0.328,20.794,74.260,41.038,Shake
1.354,0.594,0.328,169.313,74.260,41.038,Shake
-1.459,0.594,0.328,-182.443,74.260,41.038,Shake
-0.256,0.594,0.328,-31.969,74.260,41.038,Shake
0.948,0.594,0.328,118.511,74.260,41.038,Shake
-1.865,0.594,0.328,-233.244,74.260,41.038,Shake
-0.662,0.594,0.328,-82.771,74.260,41.038,Shake
0.541,0.594,0.328,67.710,74.260,41.038,Shake
1.729,0.594,0.328,216.229,74.260,41.038,Shake
-1.084,0.594,0.328,-135.527,74.260,41.038,Shake
0.120,0.594,0.328,14.954,74.260,41.038,Shake
1.307,0.594,0.328,163.473,74.260,41.038,Shake
-1.505,0.594,0.328,-188.282,74.260,41.038,Shake
-0.302,0.594,0.328,-37.809,74.260,41.038,Shake
0.901,0.594,0.328,112.672,74.260,41.038,Shake
-1.912,0.594,0.328,-239.084,74.260,41.038,Shake
-0.708,0.594,0.328,-88.611,74.260,41.038,Shake
0.495,0.594,0.328,61.870,74.260,41.038,Shake
1.682,0.594,0.328,210.389,74.260,41.038,Shake
-1.130,0.594,0.328,-141.366,74.260,41.038,Shake
0.073,0.594,0.328,9.115,74.260,41.038,Shake
1.260,0.594,0.328,157.634,74.260,41.038,Shake
-1.552,0.594,0.328,-194.122,74.260,41.038,Shake
-0.349,0.594,0.328,-43.649,74.260,41.038,Shake
0.854,0.594,0.328,106.832,74.260,41.038,Shake
-1.958,0.594,0.328,-244.924,74.260,41.038,Shake
-0.755,0.594,0.328,-94.450,74.260,41.038,Shake
0.448,0.594,0.328,56.031,74.260,41.038,Shake
1.635,0.594,0.328,204.550,74.260,41.038,Shake
-1.177,0.594,0.328,-147.206,74.260,41.038,Shake
0.026,0.594,0.328,3.275,74.260,41.038,Shake
1.214,0.594,0.328,151.794,74.260,41.038,Shake
-1.599,0.594,0.328,-199.962,74.260,41.038,Shake
-0.396,0.594,0.328,-49.489,74.260,41.038,Shake
0.807,0.594,0.328,100.992,74.260,41.038,Shake
1.995,0.594,0.328,249.511,74.260,41.038,Shake
-0.818,0.594,0.328,-102.244,74.260,41.038,Shake
0.386,0.594,0.328,48.237,74.260,41.038,Shake
1.573,0.594,0.328,196.756,74.260,41.038,Shake
-1.239,0.594,0.328,-155.000,74.260,41.038,Shake
-0.036,0.594,0.328,-4.527,74.260,41.038,Shake
1.151,0.594,0.328,144.000,74.260,41.038,Shake
-1.661,0.594,0.328,-207.756,74.260,41.038,Shake
-0.458,0.594,0.328,-57.282,74.260,41.038,Shake
0.745,0.594,0.328,93.198,74.260,41.038,Shake
1.933,0.594,0.328,241.718,74.260,41.038,Shake
-0.880,0.594,0.328,-110.038,74.260,41.038,Shake
0.323,0.594,0.328,40.443,74.260,41.038,Shake
1.511,0.594,0.328,188.962,74.260,41.038,Shake
-1.302,0.594,0.328,-162.794,74.260,41.038,Shake
-0.099,0.594,0.328,-12.321,74.260,41.038,Shake
1.105,0.594,0.328,138.160,74.260,41.038,Shake
-1.708,0.594,0.328,-213.595,74.260,41.038,Shake
-0.505,0.594,0.328,-63.122,74.260,41.038,Shake
0.698,0.594,0.328,87.359,74.260,41.038,Shake
1.886,0.594,0.328,235.878,74.260,41.038,Shake
-0.927,0.594,0.328,-115.878,74.260,41.038,Shake
0.277,0.594,0.328,34.603,74.260,41.038,Shake
1.464,0.594,0.328,183.122,74.260,41.038,Shake
-1.348,0.594,0.328,-168.634,74.260,41.038,Shake
-0.145,0.594,0.328,-18.160,74.260,41.038,Shake
1.058,0.594,0.328,132.321,74.260,41.038,Shake
-1.755,0.594,0.328,-219.435,74.260,41.038,Shake
-0.551,0.594,0.328,-68.962,74.260,41.038,Shake
0.652,0.594,0.328,81.519,74.260,41.038,Shake
1.839,0.594,0.328,230.038,74.260,41.038,Shake
-0.973,0.594,0.328,-121.718,74.260,41.038,Shake
0.230,0.594,0.328,28.763,74.260,41.038,Shake
1.417,0.594,0.328,177.282,74.260,41.038,Shake
-1.395,0.594,0.328,-174.473,74.260,41.038,Shake
-0.192,0.594,0.328,-24.000,74.260,41.038,Shake
1.011,0.594,0.328,126.481,74.260,41.038,Shake
-1.801,0.594,0.328,-225.275,74.260,41.038,Shake
-0.598,0.594,0.328,-74.802,74.260,41.038,Shake
0.605,0.594,0.328,75.679,74.260,41.038,Shake
1.793,0.594,0.328,224.198,74.260,41.038,Shake
-1.020,0.594,0.328,-127.557,74.260,41.038,Shake
0.183,0.594,0.328,22.924,74.260,41.038,Shake
1.371,0.594,0.328,171.443,74.260,41.038,Shake
-1.442,0.594,0.328,-180.313,74.260,41.038,Shake
-0.239,0.594,0.328,-29.840,74.260,41.038,Shake
0.965,0.594,0.328,120.641,74.260,41.038,Shake
-1.848,0.594,0.328,-231.115,74.260,41.038,Shake
-0.645,0.594,0.328,-80.641,74.260,41.038,Shake
0.558,0.594,0.328,69.840,74.260,41.038,Shake
1.746,0.594,0.328,218.359,74.260,41.038,Shake
-1.067,0.594,0.328,-133.397,74.260,41.038,Shake
0.137,0.594,0.328,17.084,74.260,41.038,Shake
1.324,0.594,0.328,165.603,74.260,41.038,Shake
-1.488,0.594,0.328,-186.153,74.260,41.038,Shake
-0.285,0.594,0.328,-35.679,74.260,41.038,Shake
0.918,0.594,0.328,114.802,74.260,41.038,Shake
-1.895,0.594,0.328,-236.954,74.260,41.038,Shake
-0.691,0.594,0.328,-86.481,74.260,41.038,Shake
0.512,0.594,0.328,64.000,74.260,41.038,Shake
1.699,0.594,0.328,212.519,74.260,41.038,Shake
-1.113,0.594,0.328,-139.237,74.260,41.038,Shake
0.090,0.594,0.328,11.244,74.260,41.038,Shake
1.277,0.594,0.328,159.763,74.260,41.038,Shake
0.877,0.609,0.328,109.687,76.214,41.038,Idle
-1.935,0.609,0.328,-242.069,76.214,41.038,Idle
-0.732,0.609,0.328,-91.595,76.214,41.038,Idle
0.471,0.609,0.328,58.885,76.214,41.038,Idle
1.658,0.609,0.328,207.405,76.214,41.038,Idle
-1.154,0.609,0.328,-144.351,76.214,41.038,Idle
0.049,0.609,0.328,6.130,76.214,41.038,Idle
1.237,0.609,0.328,154.649,76.214,41.038,Idle
-1.576,0.609,0.328,-197.107,76.214,41.038,Idle
-0.373,0.609,0.328,-46.634,76.214,41.038,Idle
0.830,0.609,0.328,103.847,76.214,41.038,Idle
-1.982,0.609,0.328,-247.908,76.214,41.038,Idle
-0.779,0.609,0.328,-97.435,76.214,41.038,Idle
0.424,0.609,0.328,53.046,76.214,41.038,Idle
1.612,0.609,0.328,201.565,76.214,41.038,Idle
-1.201,0.609,0.328,-150.191,76.214,41.038,Idle
0.002,0.609,0.328,0.290,76.214,41.038,Idle
1.190,0.609,0.328,148.809,76.214,41.038,Idle
-1.623,0.609,0.328,-202.947,76.214,41.038,Idle
-0.420,0.609,0.328,-52.473,76.214,41.038,Idle
0.784,0.609,0.328,98.008,76.214,41.038,Idle
1.971,0.609,0.328,246.527,76.214,41.038,Idle
-0.841,0.609,0.328,-105.229,76.214,41.038,Idle
0.362,0.609,0.328,45.252,76.214,41.038,Idle
1.549,0.609,0.328,193.771,76.214,41.038,Idle
-1.263,0.609,0.328,-157.985,76.214,41.038,Idle
-0.060,0.609,0.328,-7.511,76.214,41.038,Idle
1.128,0.609,0.328,141.015,76.214,41.038,Idle
-1.685,0.609,0.328,-210.740,76.214,41.038,Idle
-0.482,0.609,0.328,-60.267,76.214,41.038,Idle
0.721,0.609,0.328,90.214,76.214,41.038,Idle
1.909,0.609,0.328,238.733,76.214,41.038,Idle
-0.904,0.609,0.328,-113.023,76.214,41.038,Idle
0.299,0.609,0.328,37.458,76.214,41.038,Idle
1.487,0.609,0.328,185.977,76.214,41.038,Idle
-1.326,0.609,0.328,-165.779,76.214,41.038,Idle
-0.122,0.609,0.328,-15.305,76.214,41.038,Idle
1.081,0.609,0.328,135.176,76.214,41.038,Idle
-1.732,0.609,0.328,-216.580,76.214,41.038,Idle
-0.529,0.609,0.328,-66.107,76.214,41.038,Idle
0.675,0.609,0.328,84.374,76.214,41.038,Idle
1.862,0.609,0.328,232.893,76.214,41.038,Idle
-0.950,0.609,0.328,-118.863,76.214,41.038,Idle
0.253,0.609,0.328,31.618,76.214,41.038,Idle
1.440,0.609,0.328,180.137,76.214,41.038,Idle
-1.372,0.609,0.328,-171.618,76.214,41.038,Idle
-0.169,0.609,0.328,-21.145,76.214,41.038,Idle
1.034,0.609,0.328,129.336,76.214,41.038,Idle
-1.778,0.609,0.328,-222.420,76.214,41.038,Idle
-0.575,0.609,0.328,-71.947,76.214,41.038,Idle
0.628,0.609,0.328,78.534,76.214,41.038,Idle
1.815,0.609,0.328,227.053,76.214,41.038,Idle
-0.997,0.609,0.328,-124.702,76.214,41.038,Idle
0.206,0.609,0.328,25.779,76.214,41.038,Idle
1.394,0.609,0.328,174.298,76.214,41.038,Idle
-1.419,0.609,0.328,-177.458,76.214,41.038,Idle
-0.216,0.609,0.328,-26.985,76.214,41.038,Idle
0.987,0.609,0.328,123.496,76.214,41.038,Idle
-1.825,0.609,0.328,-228.260,76.214,41.038,Idle
-0.622,0.609,0.328,-77.786,76.214,41.038,Idle
0.581,0.609,0.328,72.695,76.214,41.038,Idle
1.769,0.609,0.328,221.214,76.214,41.038,Idle
-1.044,0.609,0.328,-130.542,76.214,41.038,Idle
0.159,0.609,0.328,19.939,76.214,41.038,Idle
1.347,0.609,0.328,168.458,76.214,41.038,Idle
-1.466,0.609,0.328,-183.298,76.214,41.038,Idle
-0.262,0.609,0.328,-32.824,76.214,41.038,Idle
0.941,0.609,0.328,117.656,76.214,41.038,Idle
-1.872,0.609,0.328,-234.099,76.214,41.038,Idle
-0.669,0.609,0.328,-83.626,76.214,41.038,Idle
0.535,0.609,0.328,66.855,76.214,41.038,Idle
1.722,0.609,0.328,215.374,76.214,41.038,Idle
-1.090,0.609,0.328,-136.382,76.214,41.038,Idle
0.113,0.609,0.328,14.099,76.214,41.038,Idle
1.300,0.609,0.328,162.618,76.214,41.038,Idle
-1.512,0.609,0.328,-189.137,76.214,41.038,Idle
-0.309,0.609,0.328,-38.664,76.214,41.038,Idle
0.894,0.609,0.328,111.817,76.214,41.038,Idle
-1.918,0.609,0.328,-239.939,76.214,41.038,Idle
-0.715,0.609,0.328,-89.466,76.214,41.038,Idle
0.488,0.609,0.328,61.015,76.214,41.038,Idle
1.675,0.609,0.328,209.534,76.214,41.038,Idle
-1.137,0.609,0.328,-142.221,76.214,41.038,Idle
0.066,0.609,0.328,8.260,76.214,41.038,Idle
1.254,0.609,0.328,156.779,76.214,41.038,Idle
-1.559,0.609,0.328,-194.977,76.214,41.038,Idle
-0.356,0.609,0.328,-44.504,76.214,41.038,Idle
0.847,0.609,0.328,105.977,76.214,41.038,Idle
-1.965,0.609,0.328,-245.779,76.214,41.038,Idle
-0.762,0.609,0.328,-95.305,76.214,41.038,Idle
0.441,0.609,0.328,55.176,76.214,41.038,Idle
1.629,0.609,0.328,203.695,76.214,41.038,Idle
-1.184,0.609,0.328,-148.061,76.214,41.038,Idle
0.019,0.609,0.328,2.420,76.214,41.038,Idle
1.207,0.609,0.328,150.939,76.214,41.038,Idle
-1.606,0.609,0.328,-200.817,76.214,41.038,Idle
-0.403,0.609,0.328,-50.344,76.214,41.038,Idle
0.801,0.609,0.328,100.137,76.214,41.038,Idle
1.988,0.609,0.328,248.656,76.214,41.038,Idle
-0.824,0.609,0.328,-103.099,76.214,41.038,Idle
0.379,0.609,0.328,47.382,76.214,41.038,Idle
1.566,0.609,0.328,195.901,76.214,41.038,Idle
-1.246,0.609,0.328,-155.855,76.214,41.038,Idle
-0.043,0.609,0.328,-5.382,76.214,41.038,Idle
1.145,0.609,0.328,143.145,76.214,41.038,Idle
-1.668,0.609,0.328,-208.611,76.214,41.038,Idle
-0.465,0.609,0.328,-58.137,76.214,41.038,Idle
0.738,0.609,0.328,92.344,76.214,41.038,Idle
1.926,0.609,0.328,240.863,76.214,41.038,Idle
-0.887,0.609,0.328,-110.893,76.214,41.038,Idle
0.317,0.609,0.328,39.588,76.214,41.038,Idle
1.504,0.609,0.328,188.107,76.214,41.038,Idle
-1.308,0.609,0.328,-163.649,76.214,41.038,Idle
-0.105,0.609,0.328,-13.176,76.214,41.038,Idle
1.098,0.609,0.328,137.305,76.214,41.038,Idle
-1.715,0.609,0.328,-214.450,76.214,41.038,Idle
-0.512,0.609,0.328,-63.977,76.214,41.038,Idle
0.692,0.609,0.328,86.504,76.214,41.038,Idle
1.879,0.609,0.328,235.023,76.214,41.038,Idle
-0.933,0.609,0.328,-116.733,76.214,41.038,Idle
0.270,0.609,0.328,33.748,76.214,41.038,Idle
1.457,0.609,0.328,182.267,76.214,41.038,Idle
-1.355,0.609,0.328,-169.489,76.214,41.038,Idle
-0.152,0.609,0.328,-19.015,76.214,41.038,Idle
1.051,0.609,0.328,131.466,76.214,41.038,Idle
-1.761,0.609,0.328,-220.290,76.214,41.038,Idle
-0.558,0.609,0.328,-69.817,76.214,41.038,Idle
0.645,0.609,0.328,80.664,76.214,41.038,Idle
1.832,0.609,0.328,229.183,76.214,41.038,Idle
-0.980,0.609,0.328,-122.573,76.214,41.038,Idle
0.223,0.609,0.328,27.908,76.214,41.038,Idle
1.411,0.609,0.328,176.427,76.214,41.038,Idle
-1.402,0.609,0.328,-175.328,76.214,41.038,Idle
-0.199,0.609,0.328,-24.855,76.214,41.038,Idle
1.004,0.609,0.328,125.626,76.214,41.038,Idle
-1.808,0.609,0.328,-226.130,76.214,41.038,Idle
-0.605,0.609,0.328,-75.656,76.214,41.038,Idle
0.598,0.609,0.328,74.824,76.214,41.038,Idle
1.786,0.609,0.328,223.344,76.214,41.038,Idle
-1.027,0.609,0.328,-128.412,76.214,41.038,Idle
0.176,0.609,0.328,22.069,76.214,41.038,Idle
1.364,0.609,0.328,170.588,76.214,41.038,Idle
-1.449,0.609,0.328,-181.168,76.214,41.038,Idle
-0.245,0.609,0.328,-30.695,76.214,41.038,Idle
0.958,0.609,0.328,119.786,76.214,41.038,Idle
-1.855,0.609,0.328,-231.969,76.214,41.038,Idle
-0.652,0.609,0.328,-81.496,76.214,41.038,Idle
0.552,0.609,0.328,68.985,76.214,41.038,Idle
1.739,0.609,0.328,217.504,76.214,41.038,Idle
-1.073,0.609,0.328,-134.252,76.214,41.038,Idle
0.130,0.609,0.328,16.229,76.214,41.038,Idle
1.317,0.609,0.328,164.748,76.214,41.038,Idle
-1.495,0.609,0.328,-187.008,76.214,41.038,Idle
-0.292,0.609,0.328,-36.534,76.214,41.038,Idle
0.911,0.609,0.328,113.947,76.214,41.038,Idle
-1.901,0.609,0.328,-237.809,76.214,41.038,Idle
-0.698,0.609,0.328,-87.336,76.214,41.038,Idle
0.505,0.609,0.328,63.145,76.214,41.038,Idle
1.692,0.609,0.328,211.664,76.214,41.038,Idle
-1.120,0.609,0.328,-140.092,76.214,41.038,Idle
0.083,0.609,0.328,10.389,76.214,41.038,Idle
1.271,0.609,0.328,158.908,76.214,41.038,Idle
-1.542,0.609,0.328,-192.847,76.214,41.038,Idle
-0.339,0.609,0.328,-42.374,76.214,41.038,Idle
0.864,0.609,0.328,108.107,76.214,41.038,Idle
-1.948,0.609,0.328,-243.649,76.214,41.038,Idle
-0.745,0.609,0.328,-93.176,76.214,41.038,Idle
0.458,0.609,0.328,57.305,76.214,41.038,Idle
1.646,0.609,0.328,205.824,76.214,41.038,Idle
-1.167,0.609,0.328,-145.931,76.214,41.038,Idle
0.036,0.609,0.328,4.550,76.214,41.038,Idle
1.224,0.609,0.328,153.069,76.214,41.038,Idle
-1.589,0.609,0.328,-198.687,76.214,41.038,Idle
-0.385,0.609,0.328,-48.214,76.214,41.038,Idle
0.818,0.609,0.328,102.267,76.214,41.038,Idle
-1.995,0.609,0.328,-249.489,76.214,41.038,Idle
-0.792,0.609,0.328,-99.015,76.214,41.038,Idle
0.411,0.609,0.328,51.466,76.214,41.038,Idle
1.599,0.609,0.328,199.985,76.214,41.038,Idle
-1.214,0.609,0.328,-151.771,76.214,41.038,Idle
-0.010,0.609,0.328,-1.298,76.214,41.038,Idle
1.177,0.609,0.328,147.229,76.214,41.038,Idle
-1.635,0.609,0.328,-204.527,76.214,41.038,Idle
-0.432,0.609,0.328,-54.053,76.214,41.038,Idle
0.771,0.609,0.328,96.427,76.214,41.038,Idle
1.958,0.609,0.328,244.947,76.214,41.038,Idle
-0.854,0.609,0.328,-106.809,76.214,41.038,Idle
0.349,0.609,0.328,43.672,76.214,41.038,Idle
1.537,0.609,0.328,192.191,76.214,41.038,Idle
-1.276,0.609,0.328,-159.565,76.214,41.038,Idle
-0.073,0.609,0.328,-9.092,76.214,41.038,Idle
1.115,0.609,0.328,139.435,76.214,41.038,Idle
-1.698,0.609,0.328,-212.321,76.214,41.038,Idle
-0.495,0.609,0.328,-61.847,76.214,41.038,Idle
0.709,0.609,0.328,88.634,76.214,41.038,Idle
1.896,0.609,0.328,237.153,76.214,41.038,Idle
-0.916,0.609,0.328,-114.603,76.214,41.038,Idle
0.287,0.609,0.328,35.878,76.214,41.038,Idle
1.474,0.609,0.328,184.397,76.214,41.038,Idle
-1.338,0.609,0.328,-167.359,76.214,41.038,Idle
-0.135,0.609,0.328,-16.885,76.214,41.038,Idle
1.068,0.609,0.328,133.595,76.214,41.038,Idle
-1.744,0.609,0.328,-218.160,76.214,41.038,Idle
-0.541,0.609,0.328,-67.687,76.214,41.038,Idle
0.662,0.609,0.328,82.794,76.214,41.038,Idle
1.849,0.609,0.328,231.313,76.214,41.038,Idle
-0.963,0.609,0.328,-120.443,76.214,41.038,Idle
0.240,0.609,0.328,30.038,76.214,41.038,Idle
1.428,0.609,0.328,178.557,76.214,41.038,Idle
-1.385,0.609,0.328,-173.198,76.214,41.038,Idle
-0.182,0.609,0.328,-22.725,76.214,41.038,Idle
1.021,0.609,0.328,127.756,76.214,41.038,Idle
-1.791,0.609,0.328,-224.000,76.214,41.038,Idle
-0.588,0.609,0.328,-73.527,76.214,41.038,Idle
0.615,0.609,0.328,76.954,76.214,41.038,Idle
1.803,0.609,0.328,225.473,76.214,41.038,Idle
-1.010,0.609,0.328,-126.282,76.214,41.038,Idle
0.193,0.609,0.328,24.198,76.214,41.038,Idle
1.381,0.609,0.328,172.718,76.214,41.038,Idle
-1.432,0.609,0.328,-179.038,76.214,41.038,Idle
-0.228,0.609,0.328,-28.565,76.214,41.038,Idle
0.975,0.609,0.328,121.916,76.214,41.038,Idle
-1.838,0.609,0.328,-229.840,76.214,41.038,Idle
-0.635,0.609,0.328,-79.366,76.214,41.038,Idle
0.569,0.609,0.328,71.115,76.214,41.038,Idle
1.756,0.609,0.328,219.634,76.214,41.038,Idle
-1.056,0.609,0.328,-132.122,76.214,41.038,Idle
0.147,0.609,0.328,18.359,76.214,41.038,Idle
1.334,0.609,0.328,166.878,76.214,41.038,Idle
-1.478,0.609,0.328,-184.878,76.214,41.038,Idle
-0.275,0.609,0.328,-34.405,76.214,41.038,Idle
0.928,0.609,0.328,116.076,76.214,41.038,Idle
-1.884,0.609,0.328,-235.679,76.214,41.038,Idle
-0.681,0.609,0.328,-85.206,76.214,41.038,Idle
0.522,0.609,0.328,65.275,76.214,41.038,Idle
1.709,0.609,0.328,213.794,76.214,41.038,Idle
-1.103,0.609,0.328,-137.962,76.214,41.038,Idle
0.100,0.609,0.328,12.519,76.214,41.038,Idle
1.288,0.609,0.328,161.038,76.214,41.038,Idle
-1.525,0.609,0.328,-190.718,76.214,41.038,Idle
-0.322,0.609,0.328,-40.244,76.214,41.038,Idle
0.881,0.609,0.328,110.237,76.214,41.038,Idle
-1.931,0.609,0.328,-241.519,76.214,41.038,Idle
-0.728,0.609,0.328,-91.046,76.214,41.038,Idle
0.475,0.609,0.328,59.435,76.214,41.038,Idle
1.663,0.609,0.328,207.954,76.214,41.038,Idle
-1.150,0.609,0.328,-143.802,76.214,41.038,Idle
0.053,0.609,0.328,6.679,76.214,41.038,Idle
1.241,0.609,0.328,155.198,76.214,41.038,Idle
-1.572,0.609,0.328,-196.557,76.214,41.038,Idle
-0.368,0.609,0.328,-46.084,76.214,41.038,Idle
0.835,0.609,0.328,104.397,76.214,41.038,Idle
-1.978,0.609,0.328,-247.359,76.214,41.038,Idle
-0.775,0.609,0.328,-96.885,76.214,41.038,Idle
0.429,0.609,0.328,53.595,76.214,41.038,Idle
1.616,0.609,0.328,202.115,76.214,41.038,Idle
-1.196,0.609,0.328,-149.641,76.214,41.038,Idle
0.007,0.609,0.328,0.840,76.214,41.038,Idle
1.194,0.609,0.328,149.359,76.214,41.038,Idle
-1.618,0.609,0.328,-202.397,76.214,41.038,Idle
-0.415,0.609,0.328,-51.924,76.214,41.038,Idle
0.788,0.609,0.328,98.557,76.214,41.038,Idle
1.976,0.609,0.328,247.076,76.214,41.038,Idle
-0.837,0.609,0.328,-104.679,76.214,41.038,Idle
0.366,0.609,0.328,45.802,76.214,41.038,Idle
1.554,0.609,0.328,194.321,76.214,41.038,Idle
-1.259,0.609,0.328,-157.435,76.214,41.038,Idle
-0.056,0.609,0.328,-6.962,76.214,41.038,Idle
1.132,0.609,0.328,141.565,76.214,41.038,Idle
-1.681,0.609,0.328,-210.191,76.214,41.038,Idle
-0.477,0.609,0.328,-59.718,76.214,41.038,Idle
0.726,0.609,0.328,90.763,76.214,41.038,Idle
1.913,0.609,0.328,239.282,76.214,41.038,Idle
-0.899,0.609,0.328,-112.473,76.214,41.038,Idle
0.304,0.609,0.328,38.008,76.214,41.038,Idle
1.491,0.609,0.328,186.527,76.214,41.038,Idle
-1.321,0.609,0.328,-165.229,76.214,41.038,Idle
-0.118,0.609,0.328,-14.756,76.214,41.038,Idle
1.085,0.609,0.328,135.725,76.214,41.038,Idle
-1.727,0.609,0.328,-216.031,76.214,41.038,Idle
-0.524,0.609,0.328,-65.557,76.214,41.038,Idle
0.679,0.609,0.328,84.924,76.214,41.038,Idle
1.867,0.609,0.328,233.443,76.214,41.038,Idle
-0.946,0.609,0.328,-118.313,76.214,41.038,Idle
0.257,0.609,0.328,32.168,76.214,41.038,Idle
1.445,0.609,0.328,180.687,76.214,41.038,Idle
-1.368,0.609,0.328,-171.069,76.214,41.038,Idle
-0.165,0.609,0.328,-20.595,76.214,41.038,Idle
1.039,0.609,0.328,129.885,76.214,41.038,Idle
-1.774,0.609,0.328,-221.870,76.214,41.038,Idle
-0.571,0.609,0.328,-71.397,76.214,41.038,Idle
0.632,0.609,0.328,79.084,76.214,41.038,Idle
1.820,0.609,0.328,227.603,76.214,41.038,Idle
-0.993,0.609,0.328,-124.153,76.214,41.038,Idle
0.211,0.609,0.328,26.328,76.214,41.038,Idle
1.398,0.609,0.328,174.847,76.214,41.038,Idle
-1.414,0.609,0.328,-176.908,76.214,41.038,Idle
-0.211,0.609,0.328,-26.435,76.214,41.038,Idle
0.992,0.609,0.328,124.046,76.214,41.038,Idle
-1.821,0.609,0.328,-227.710,76.214,41.038,Idle
-0.618,0.609,0.328,-77.237,76.214,41.038,Idle
0.586,0.609,0.328,73.244,76.214,41.038,Idle
1.773,0.609,0.328,221.763,76.214,41.038,Idle
-1.039,0.609,0.328,-129.992,76.214,41.038,Idle
0.164,0.609,0.328,20.489,76.214,41.038,Idle
1.351,0.609,0.328,169.008,76.214,41.038,Idle
-1.461,0.609,0.328,-182.748,76.214,41.038,Idle
-0.258,0.609,0.328,-32.275,76.214,41.038,Idle
0.945,0.609,0.328,118.206,76.214,41.038,Idle
-1.867,0.609,0.328,-233.550,76.214,41.038,Idle
-0.664,0.609,0.328,-83.076,76.214,41.038,Idle
0.539,0.609,0.328,67.405,76.214,41.038,Idle
1.726,0.609,0.328,215.924,76.214,41.038,Idle
-1.086,0.609,0.328,-135.832,76.214,41.038,Idle
0.117,0.609,0.328,14.649,76.214,41.038,Idle
1.305,0.609,0.328,163.168,76.214,41.038,Idle
-1.508,0.609,0.328,-188.588,76.214,41.038,Idle
-0.305,0.609,0.328,-38.115,76.214,41.038,Idle
0.898,0.609,0.328,112.366,76.214,41.038,Idle
-1.914,0.609,0.328,-239.389,76.214,41.038,Idle
-0.711,0.609,0.328,-88.916,76.214,41.038,Idle
0.492,0.609,0.328,61.565,76.214,41.038,Idle
1.680,0.609,0.328,210.084,76.214,41.038,Idle
-1.133,0.609,0.328,-141.672,76.214,41.038,Idle
0.070,0.609,0.328,8.809,76.214,41.038,Idle
1.258,0.609,0.328,157.328,76.214,41.038,Idle
-1.555,0.609,0.328,-194.427,76.214,41.038,Idle
-0.351,0.609,0.328,-43.954,76.214,41.038,Idle
0.852,0.609,0.328,106.527,76.214,41.038,Idle
-1.961,0.609,0.328,-245.229,76.214,41.038,Idle
-0.758,0.609,0.328,-94.756,76.214,41.038,Idle
0.446,0.609,0.328,55.725,76.214,41.038,Idle
1.633,0.609,0.328,204.244,76.214,41.038,Idle
-1.179,0.609,0.328,-147.511,76.214,41.038,Idle
0.024,0.609,0.328,2.969,76.214,41.038,Idle
1.211,0.609,0.328,151.489,76.214,41.038,Idle
-1.601,0.609,0.328,-200.267,76.214,41.038,Idle
-0.398,0.609,0.328,-49.794,76.214,41.038,Idle
0.805,0.609,0.328,100.687,76.214,41.038,Idle
1.993,0.609,0.328,249.206,76.214,41.038,Idle
-0.820,0.609,0.328,-102.550,76.214,41.038,Idle
0.383,0.609,0.328,47.931,76.214,41.038,Idle
1.571,0.609,0.328,196.450,76.214,41.038,Idle
-1.242,0.609,0.328,-155.305,76.214,41.038,Idle
-0.039,0.609,0.328,-4.832,76.214,41.038,Idle
1.149,0.609,0.328,143.695,76.214,41.038,Idle
-1.664,0.609,0.328,-208.061,76.214,41.038,Idle
-0.460,0.609,0.328,-57.588,76.214,41.038,Idle
0.743,0.609,0.328,92.893,76.214,41.038,Idle
1.930,0.609,0.328,241.412,76.214,41.038,Idle
-0.882,0.609,0.328,-110.344,76.214,41.038,Idle
0.321,0.609,0.328,40.137,76.214,41.038,Idle
1.508,0.609,0.328,188.656,76.214,41.038,Idle
-1.304,0.609,0.328,-163.099,76.214,41.038,Idle
-0.101,0.609,0.328,-12.626,76.214,41.038,Idle
1.102,0.609,0.328,137.855,76.214,41.038,Idle
-1.710,0.609,0.328,-213.901,76.214,41.038,Idle
-0.507,0.609,0.328,-63.427,76.214,41.038,Idle
0.696,0.609,0.328,87.053,76.214,41.038,Idle
1.884,0.609,0.328,235.573,76.214,41.038,Idle
-0.929,0.609,0.328,-116.183,76.214,41.038,Idle
0.274,0.609,0.328,34.298,76.214,41.038,Idle
1.462,0.609,0.328,182.817,76.214,41.038,Idle
-1.351,0.609,0.328,-168.939,76.214,41.038,Idle
-0.148,0.609,0.328,-18.466,76.214,41.038,Idle
1.056,0.609,0.328,132.015,76.214,41.038,Idle
-1.757,0.609,0.328,-219.740,76.214,41.038,Idle
-0.554,0.609,0.328,-69.267,76.214,41.038,Idle
0.649,0.609,0.328,81.214,76.214,41.038,Idle
1.837,0.609,0.328,229.733,76.214,41.038,Idle
-0.976,0.609,0.328,-122.023,76.214,41.038,Idle
0.228,0.609,0.328,28.458,76.214,41.038,Idle
1.415,0.609,0.328,176.977,76.214,41.038,Idle
-1.397,0.609,0.328,-174.779,76.214,41.038,Idle
-0.194,0.609,0.328,-24.305,76.214,41.038,Idle
1.009,0.609,0.328,126.176,76.214,41.038,Idle
-1.804,0.609,0.328,-225.580,76.214,41.038,Idle
-0.601,0.609,0.328,-75.107,76.214,41.038,Idle
0.603,0.609,0.328,75.374,76.214,41.038,Idle
1.790,0.609,0.328,223.893,76.214,41.038,Idle
-1.022,0.609,0.328,-127.863,76.214,41.038,Idle
0.181,0.609,0.328,22.618,76.214,41.038,Idle
1.368,0.609,0.328,171.137,76.214,41.038,Idle
-1.444,0.609,0.328,-180.618,76.214,41.038,Idle
-0.241,0.609,0.328,-30.145,76.214,41.038,Idle
0.962,0.609,0.328,120.336,76.214,41.038,Idle
-1.850,0.609,0.328,-231.420,76.214,41.038,Idle
-0.647,0.609,0.328,-80.947,76.214,41.038,Idle
0.556,0.609,0.328,69.534,76.214,41.038,Idle
1.743,0.609,0.328,218.053,76.214,41.038,Idle
-1.069,0.609,0.328,-133.702,76.214,41.038,Idle
0.134,0.609,0.328,16.779,76.214,41.038,Idle
1.322,0.609,0.328,165.298,76.214,41.038,Idle
-1.491,0.609,0.328,-186.458,76.214,41.038,Idle
-0.288,0.609,0.328,-35.985,76.214,41.038,Idle
0.915,0.609,0.328,114.496,76.214,41.038,Idle
-1.897,0.609,0.328,-237.260,76.214,41.038,Idle
-0.694,0.609,0.328,-86.786,76.214,41.038,Idle
0.509,0.609,0.328,63.695,76.214,41.038,Idle
1.697,0.609,0.328,212.214,76.214,41.038,Idle
-1.116,0.609,0.328,-139.542,76.214,41.038,Idle
0.087,0.609,0.328,10.939,76.214,41.038,Idle
1.275,0.609,0.328,159.458,76.214,41.038,Idle
-1.538,0.609,0.328,-192.298,76.214,41.038,Idle
-0.334,0.609,0.328,-41.824,76.214,41.038,Idle
0.869,0.609,0.328,108.656,76.214,41.038,Idle
-1.944,0.609,0.328,-243.099,76.214,41.038,Idle
-0.741,0.609,0.328,-92.626,76.214,41.038,Idle
0.463,0.609,0.328,57.855,76.214,41.038,Idle
1.650,0.609,0.328,206.374,76.214,41.038,Idle
-1.162,0.609,0.328,-145.382,76.214,41.038,Idle
0.041,0.609,0.328,5.099,76.214,41.038,Idle
1.228,0.609,0.328,153.618,76.214,41.038,Idle
-1.584,0.609,0.328,-198.137,76.214,41.038,Idle
-0.381,0.609,0.328,-47.664,76.214,41.038,Idle
0.822,0.609,0.328,102.817,76.214,41.038,Idle
-1.990,0.609,0.328,-248.939,76.214,41.038,Idle
-0.787,0.609,0.328,-98.466,76.214,41.038,Idle
0.416,0.609,0.328,52.015,76.214,41.038,Idle
1.603,0.609,0.328,200.534,76.214,41.038,Idle
-1.209,0.609,0.328,-151.221,76.214,41.038,Idle
-0.006,0.609,0.328,-0.748,76.214,41.038,Idle
1.182,0.609,0.328,147.779,76.214,41.038,Idle
-1.631,0.609,0.328,-203.977,76.214,41.038,Idle
-0.428,0.609,0.328,-53.504,76.214,41.038,Idle
0.775,0.609,0.328,96.977,76.214,41.038,Idle
1.963,0.609,0.328,245.496,76.214,41.038,Idle
-0.850,0.609,0.328,-106.260,76.214,41.038,Idle
0.354,0.609,0.328,44.221,76.214,41.038,Idle
1.541,0.609,0.328,192.740,76.214,41.038,Idle
-1.271,0.609,0.328,-159.015,76.214,41.038,Idle
-0.068,0.609,0.328,-8.542,76.214,41.038,Idle
1.119,0.609,0.328,139.985,76.214,41.038,Idle
-1.693,0.609,0.328,-211.771,76.214,41.038,Idle
-0.490,0.609,0.328,-61.298,76.214,41.038,Idle
0.713,0.609,0.328,89.183,76.214,41.038,Idle
1.901,0.609,0.328,237.702,76.214,41.038,Idle
-0.912,0.609,0.328,-114.053,76.214,41.038,Idle
0.291,0.609,0.328,36.427,76.214,41.038,Idle
1.479,0.609,0.328,184.947,76.214,41.038,Idle
-1.334,0.609,0.328,-166.809,76.214,41.038,Idle
-0.131,0.609,0.328,-16.336,76.214,41.038,Idle
1.073,0.609,0.328,134.145,76.214,41.038,Idle
-1.740,0.609,0.328,-217.611,76.214,41.038,Idle
-0.537,0.609,0.328,-67.137,76.214,41.038,Idle
0.666,0.609,0.328,83.344,76.214,41.038,Idle
1.854,0.609,0.328,231.863,76.214,41.038,Idle
-0.959,0.609,0.328,-119.893,76.214,41.038,Idle
0.245,0.609,0.328,30.588,76.214,41.038,Idle
1.432,0.609,0.328,179.107,76.214,41.038,Idle
-1.380,0.609,0.328,-172.649,76.214,41.038,Idle
-0.177,0.609,0.328,-22.176,76.214,41.038,Idle
1.026,0.609,0.328,128.305,76.214,41.038,Idle
-1.787,0.609,0.328,-223.450,76.214,41.038,Idle
-0.583,0.609,0.328,-72.977,76.214,41.038,Idle
0.620,0.609,0.328,77.504,76.214,41.038,Idle
1.807,0.609,0.328,226.023,76.214,41.038,Idle
-1.005,0.609,0.328,-125.733,76.214,41.038,Idle
0.198,0.609,0.328,24.748,76.214,41.038,Idle
1.385,0.609,0.328,173.267,76.214,41.038,Idle
-1.427,0.609,0.328,-178.489,76.214,41.038,Idle
-0.224,0.609,0.328,-28.015,76.214,41.038,Idle
0.979,0.609,0.328,122.466,76.214,41.038,Idle
-1.833,0.609,0.328,-229.290,76.214,41.038,Idle
-0.630,0.609,0.328,-78.817,76.214,41.038,Idle
0.573,0.609,0.328,71.664,76.214,41.038,Idle
1.760,0.609,0.328,220.183,76.214,41.038,Idle
-1.052,0.609,0.328,-131.573,76.214,41.038,Idle
0.151,0.609,0.328,18.908,76.214,41.038,Idle
1.339,0.609,0.328,167.427,76.214,41.038,Idle
-1.474,0.609,0.328,-184.328,76.214,41.038,Idle
-0.271,0.609,0.328,-33.855,76.214,41.038,Idle
0.932,0.609,0.328,116.626,76.214,41.038,Idle
-1.880,0.609,0.328,-235.130,76.214,41.038,Idle
-0.677,0.609,0.328,-84.656,76.214,41.038,Idle
0.526,0.609,0.328,65.824,76.214,41.038,Idle
1.714,0.609,0.328,214.344,76.214,41.038,Idle
-1.099,0.609,0.328,-137.412,76.214,41.038,Idle
0.104,0.609,0.328,13.069,76.214,41.038,Idle
1.292,0.609,0.328,161.588,76.214,41.038,Idle
-1.521,0.609,0.328,-190.168,76.214,41.038,Idle
-0.317,0.609,0.328,-39.695,76.214,41.038,Idle
0.886,0.609,0.328,110.786,76.214,41.038,Idle
-1.927,0.609,0.328,-240.969,76.214,41.038,Idle
-0.724,0.609,0.328,-90.496,76.214,41.038,Idle
0.480,0.609,0.328,59.985,76.214,41.038,Idle
1.667,0.609,0.328,208.504,76.214,41.038,Idle
-1.145,0.609,0.328,-143.252,76.214,41.038,Idle
0.058,0.609,0.328,7.229,76.214,41.038,Idle
1.245,0.609,0.328,155.748,76.214,41.038,Idle
-1.567,0.609,0.328,-196.008,76.214,41.038,Idle
-0.364,0.609,0.328,-45.534,76.214,41.038,Idle
0.839,0.609,0.328,104.947,76.214,41.038,Idle
-1.973,0.609,0.328,-246.809,76.214,41.038,Idle
-0.770,0.609,0.328,-96.336,76.214,41.038,Idle
0.433,0.609,0.328,54.145,76.214,41.038,Idle
1.620,0.609,0.328,202.664,76.214,41.038,Idle
-1.192,0.609,0.328,-149.092,76.214,41.038,Idle
0.011,0.609,0.328,1.389,76.214,41.038,Idle
1.199,0.609,0.328,149.908,76.214,41.038,Idle
-1.614,0.609,0.328,-201.847,76.214,41.038,Idle
-0.411,0.609,0.328,-51.374,76.214,41.038,Idle
0.792,0.609,0.328,99.107,76.214,41.038,Idle
1.980,0.609,0.328,247.626,76.214,41.038,Idle
-0.833,0.609,0.328,-104.130,76.214,41.038,Idle
0.371,0.609,0.328,46.351,76.214,41.038,Idle
1.558,0.609,0.328,194.870,76.214,41.038,Idle
-1.254,0.609,0.328,-156.885,76.214,41.038,Idle
-0.051,0.609,0.328,-6.412,76.214,41.038,Idle
1.136,0.609,0.328,142.115,76.214,41.038,Idle
-1.676,0.609,0.328,-209.641,76.214,41.038,Idle
-0.473,0.609,0.328,-59.168,76.214,41.038,Idle
0.730,0.609,0.328,91.313,76.214,41.038,Idle
1.918,0.609,0.328,239.832,76.214,41.038,Idle
-0.895,0.609,0.328,-111.924,76.214,41.038,Idle
0.308,0.609,0.328,38.557,76.214,41.038,Idle
1.496,0.609,0.328,187.076,76.214,41.038,Idle
-1.317,0.609,0.328,-164.679,76.214,41.038,Idle
-0.114,0.609,0.328,-14.206,76.214,41.038,Idle
1.090,0.609,0.328,136.275,76.214,41.038,Idle
-1.723,0.609,0.328,-215.481,76.214,41.038,Idle
-0.520,0.609,0.328,-65.008,76.214,41.038,Idle
0.683,0.609,0.328,85.473,76.214,41.038,Idle
1.871,0.609,0.328,233.992,76.214,41.038,Idle
-0.942,0.609,0.328,-117.763,76.214,41.038,Idle
0.262,0.609,0.328,32.718,76.214,41.038,Idle
1.449,0.609,0.328,181.237,76.214,41.038,Idle
-1.363,0.609,0.328,-170.519,76.214,41.038,Idle
-0.160,0.609,0.328,-20.046,76.214,41.038,Idle
1.043,0.609,0.328,130.435,76.214,41.038,Idle
-1.770,0.609,0.328,-221.321,76.214,41.038,Idle
-0.566,0.609,0.328,-70.847,76.214,41.038,Idle
0.637,0.609,0.328,79.634,76.214,41.038,Idle
1.824,0.609,0.328,228.153,76.214,41.038,Idle
-0.988,0.609,0.328,-123.603,76.214,41.038,Idle
0.215,0.609,0.328,26.878,76.214,41.038,Idle
1.402,0.609,0.328,175.397,76.214,41.038,Idle
-1.410,0.609,0.328,-176.359,76.214,41.038,Idle
-0.207,0.609,0.328,-25.885,76.214,41.038,Idle
0.996,0.609,0.328,124.595,76.214,41.038,Idle
-1.816,0.609,0.328,-227.160,76.214,41.038,Idle
-0.613,0.609,0.328,-76.687,76.214,41.038,Idle
0.590,0.609,0.328,73.794,76.214,41.038,Idle
1.778,0.609,0.328,222.313,76.214,41.038,Idle
-1.035,0.609,0.328,-129.443,76.214,41.038,Idle
0.168,0.609,0.328,21.038,76.214,41.038,Idle
1.356,0.609,0.328,169.557,76.214,41.038,Idle
-1.457,0.609,0.328,-182.198,76.214,41.038,Idle
-0.254,0.609,0.328,-31.725,76.214,41.038,Idle
0.950,0.609,0.328,118.756,76.214,41.038,Idle
-1.863,0.609,0.328,-233.000,76.214,41.038,Idle
-0.660,0.609,0.328,-82.527,76.214,41.038,Idle
0.543,0.609,0.328,67.954,76.214,41.038,Idle
1.731,0.609,0.328,216.473,76.214,41.038,Idle
-1.082,0.609,0.328,-135.282,76.214,41.038,Idle
0.122,0.609,0.328,15.198,76.214,41.038,Idle
1.309,0.609,0.328,163.718,76.214,41.038,Idle
-1.503,0.609,0.328,-188.038,76.214,41.038,Idle
-0.300,0.609,0.328,-37.565,76.214,41.038,Idle
0.903,0.609,0.328,112.916,76.214,41.038,Idle
-1.910,0.609,0.328,-238.840,76.214,41.038,Idle
-0.707,0.609,0.328,-88.366,76.214,41.038,Idle
0.497,0.609,0.328,62.115,76.214,41.038,Idle
1.684,0.609,0.328,210.634,76.214,41.038,Idle
-1.128,0.609,0.328,-141.122,76.214,41.038,Idle
0.075,0.609,0.328,9.359,76.214,41.038,Idle
1.262,0.609,0.328,157.878,76.214,41.038,Idle
-1.550,0.609,0.328,-193.878,76.214,41.038,Idle
-0.347,0.609,0.328,-43.405,76.214,41.038,Idle
0.856,0.609,0.328,107.076,76.214,41.038,Idle
-1.956,0.609,0.328,-244.679,76.214,41.038,Idle
-0.753,0.609,0.328,-94.206,76.214,41.038,Idle
0.450,0.609,0.328,56.275,76.214,41.038,Idle
1.637,0.609,0.328,204.794,76.214,41.038,Idle
-1.175,0.609,0.328,-146.962,76.214,41.038,Idle
0.028,0.609,0.328,3.519,76.214,41.038,Idle
1.216,0.609,0.328,152.038,76.214,41.038,Idle
-1.597,0.609,0.328,-199.718,76.214,41.038,Idle
-0.394,0.609,0.328,-49.244,76.214,41.038,Idle
0.809,0.609,0.328,101.237,76.214,41.038,Idle
1.997,0.609,0.328,249.756,76.214,41.038,Idle
-0.816,0.609,0.328,-102.000,76.214,41.038,Idle
0.388,0.609,0.328,48.481,76.214,41.038,Idle
1.575,0.609,0.328,197.000,76.214,41.038,Idle
-1.237,0.609,0.328,-154.756,76.214,41.038,Idle
-0.034,0.609,0.328,-4.282,76.214,41.038,Idle
1.153,0.609,0.328,144.244,76.214,41.038,Idle
-1.659,0.609,0.328,-207.511,76.214,41.038,Idle
-0.456,0.609,0.328,-57.038,76.214,41.038,Idle
0.747,0.609,0.328,93.443,76.214,41.038,Idle
1.935,0.609,0.328,241.962,76.214,41.038,Idle
-0.878,0.609,0.328,-109.794,76.214,41.038,Idle
0.325,0.609,0.328,40.687,76.214,41.038,Idle
1.513,0.609,0.328,189.206,76.214,41.038,Idle
-1.300,0.609,0.328,-162.550,76.214,41.038,Idle
-0.097,0.609,0.328,-12.076,76.214,41.038,Idle
1.107,0.609,0.328,138.405,76.214,41.038,Idle
-1.706,0.609,0.328,-213.351,76.214,41.038,Idle
-0.503,0.609,0.328,-62.878,76.214,41.038,Idle
0.700,0.609,0.328,87.603,76.214,41.038,Idle
1.888,0.609,0.328,236.122,76.214,41.038,Idle
-0.925,0.609,0.328,-115.634,76.214,41.038,Idle
0.279,0.609,0.328,34.847,76.214,41.038,Idle
1.466,0.609,0.328,183.366,76.214,41.038,Idle
-1.346,0.609,0.328,-168.389,76.214,41.038,Idle
-0.143,0.609,0.328,-17.916,76.214,41.038,Idle
1.060,0.609,0.328,132.565,76.214,41.038,Idle
-1.753,0.609,0.328,-219.191,76.214,41.038,Idle
-0.549,0.609,0.328,-68.718,76.214,41.038,Idle
0.654,0.609,0.328,81.763,76.214,41.038,Idle
1.841,0.609,0.328,230.282,76.214,41.038,Idle
-0.971,0.609,0.328,-121.473,76.214,41.038,Idle
0.232,0.609,0.328,29.008,76.214,41.038,Idle
1.419,0.609,0.328,177.527,76.214,41.038,Idle
-1.393,0.609,0.328,-174.229,76.214,41.038,Idle
-0.190,0.609,0.328,-23.756,76.214,41.038,Idle
1.013,0.609,0.328,126.725,76.214,41.038,Idle
-1.799,0.609,0.328,-225.031,76.214,41.038,Idle
-0.596,0.609,0.328,-74.557,76.214,41.038,Idle
0.607,0.609,0.328,75.924,76.214,41.038,Idle
1.795,0.609,0.328,224.443,76.214,41.038,Idle
-1.018,0.609,0.328,-127.313,76.214,41.038,Idle
0.185,0.609,0.328,23.168,76.214,41.038,Idle
1.373,0.609,0.328,171.687,76.214,41.038,Idle
-1.440,0.609,0.328,-180.069,76.214,41.038,Idle
-0.237,0.609,0.328,-29.595,76.214,41.038,Idle
0.967,0.609,0.328,120.885,76.214,41.038,Idle
-1.846,0.609,0.328,-230.870,76.214,41.038,Idle
-0.643,0.609,0.328,-80.397,76.214,41.038,Idle
0.560,0.609,0.328,70.084,76.214,41.038,Idle
1.748,0.609,0.328,218.603,76.214,41.038,Idle
-1.065,0.609,0.328,-133.153,76.214,41.038,Idle
0.139,0.609,0.328,17.328,76.214,41.038,Idle
1.326,0.609,0.328,165.847,76.214,41.038,Idle
-1.486,0.609,0.328,-185.908,76.214,41.038,Idle
-0.283,0.609,0.328,-35.435,76.214,41.038,Idle
0.920,0.609,0.328,115.046,76.214,41.038,Idle
-1.893,0.609,0.328,-236.710,76.214,41.038,Idle
-0.690,0.609,0.328,-86.237,76.214,41.038,Idle
0.514,0.609,0.328,64.244,76.214,41.038,Idle
1.701,0.609,0.328,212.763,76.214,41.038,Idle
-1.111,0.609,0.328,-138.992,76.214,41.038,Idle
0.092,0.609,0.328,11.489,76.214,41.038,Idle
1.279,0.609,0.328,160.008,76.214,41.038,Idle
-1.533,0.609,0.328,-191.748,76.214,41.038,Idle
-0.330,0.609,0.328,-41.275,76.214,41.038,Idle
0.873,0.609,0.328,109.206,76.214,41.038,Idle
-1.939,0.609,0.328,-242.550,76.214,41.038,Idle
-0.736,0.609,0.328,-92.076,76.214,41.038,Idle
0.467,0.609,0.328,58.405,76.214,41.038,Idle
1.654,0.609,0.328,206.924,76.214,41.038,Idle
-1.158,0.609,0.328,-144.832,76.214,41.038,Idle
0.045,0.609,0.328,5.649,76.214,41.038,Idle
1.233,0.609,0.328,154.168,76.214,41.038,Idle
-1.580,0.609,0.328,-197.588,76.214,41.038,Idle
-0.377,0.609,0.328,-47.115,76.214,41.038,Idle
0.826,0.609,0.328,103.366,76.214,41.038,Idle
-1.986,0.609,0.328,-248.389,76.214,41.038,Idle
-0.783,0.609,0.328,-97.916,76.214,41.038,Idle
0.420,0.609,0.328,52.565,76.214,41.038,Idle
1.608,0.609,0.328,201.084,76.214,41.038,Idle
-1.205,0.609,0.328,-150.672,76.214,41.038,Idle
-0.002,0.609,0.328,-0.198,76.214,41.038,Idle
1.186,0.609,0.328,148.328,76.214,41.038,Idle
-1.627,0.609,0.328,-203.427,76.214,41.038,Idle
-0.423,0.609,0.328,-52.954,76.214,41.038,Idle
0.780,0.609,0.328,97.527,76.214,41.038,Idle
1.967,0.609,0.328,246.046,76.214,41.038,Idle
-0.845,0.609,0.328,-105.710,76.214,41.038,Idle
0.358,0.609,0.328,44.771,76.214,41.038,Idle
1.545,0.609,0.328,193.290,76.214,41.038,Idle
-1.267,0.609,0.328,-158.466,76.214,41.038,Idle
-0.064,0.609,0.328,-7.992,76.214,41.038,Idle
1.124,0.609,0.328,140.534,76.214,41.038,Idle
-1.689,0.609,0.328,-211.221,76.214,41.038,Idle
-0.486,0.609,0.328,-60.748,76.214,41.038,Idle
0.717,0.609,0.328,89.733,76.214,41.038,Idle
1.905,0.609,0.328,238.252,76.214,41.038,Idle
-0.908,0.609,0.328,-113.504,76.214,41.038,Idle
0.296,0.609,0.328,36.977,76.214,41.038,Idle
1.483,0.609,0.328,185.496,76.214,41.038,Idle
-1.329,0.609,0.328,-166.260,76.214,41.038,Idle
-0.126,0.609,0.328,-15.786,76.214,41.038,Idle
1.077,0.609,0.328,134.695,76.214,41.038,Idle
-1.736,0.609,0.328,-217.061,76.214,41.038,Idle
-0.532,0.609,0.328,-66.588,76.214,41.038,Idle
0.671,0.609,0.328,83.893,76.214,41.038,Idle
1.858,0.609,0.328,232.412,76.214,41.038,Idle
-0.954,0.609,0.328,-119.344,76.214,41.038,Idle
0.249,0.609,0.328,31.137,76.214,41.038,Idle
1.436,0.609,0.328,179.656,76.214,41.038,Idle
-1.376,0.609,0.328,-172.099,76.214,41.038,Idle
-0.173,0.609,0.328,-21.626,76.214,41.038,Idle
1.030,0.609,0.328,128.855,76.214,41.038,Idle
-1.782,0.609,0.328,-222.901,76.214,41.038,Idle
-0.579,0.609,0.328,-72.427,76.214,41.038,Idle
0.624,0.609,0.328,78.053,76.214,41.038,Idle
1.812,0.609,0.328,226.573,76.214,41.038,Idle
-1.001,0.609,0.328,-125.183,76.214,41.038,Idle
0.202,0.609,0.328,25.298,76.214,41.038,Idle
1.390,0.609,0.328,173.817,76.214,41.038,Idle
-1.423,0.609,0.328,-177.939,76.214,41.038,Idle
-0.220,0.609,0.328,-27.466,76.214,41.038,Idle
0.984,0.609,0.328,123.015,76.214,41.038,Idle
-1.829,0.609,0.328,-228.740,76.214,41.038,Idle
-0.626,0.609,0.328,-78.267,76.214,41.038,Idle
0.577,0.609,0.328,72.214,76.214,41.038,Idle
1.765,0.609,0.328,220.733,76.214,41.038,Idle
-1.048,0.609,0.328,-131.023,76.214,41.038,Idle
0.156,0.609,0.328,19.458,76.214,41.038,Idle
1.343,0.609,0.328,167.977,76.214,41.038,Idle
-1.469,0.609,0.328,-183.779,76.214,41.038,Idle
-0.266,0.609,0.328,-33.305,76.214,41.038,Idle
0.937,0.609,0.328,117.176,76.214,41.038,Idle
-1.876,0.609,0.328,-234.580,76.214,41.038,Idle
-0.672,0.609,0.328,-84.107,76.214,41.038,Idle
0.531,0.609,0.328,66.374,76.214,41.038,Idle
1.718,0.609,0.328,214.893,76.214,41.038,Idle
-1.094,0.609,0.328,-136.863,76.214,41.038,Idle
0.109,0.609,0.328,13.618,76.214,41.038,Idle
1.296,0.609,0.328,162.137,76.214,41.038,Idle
-1.516,0.609,0.328,-189.618,76.214,41.038,Idle
-0.313,0.609,0.328,-39.145,76.214,41.038,Idle
0.890,0.609,0.328,111.336,76.214,41.038,Idle
-1.922,0.609,0.328,-240.420,76.214,41.038,Idle
-0.719,0.609,0.328,-89.947,76.214,41.038,Idle
0.484,0.609,0.328,60.534,76.214,41.038,Idle
1.672,0.609,0.328,209.053,76.214,41.038,Idle
-1.141,0.609,0.328,-142.702,76.214,41.038,Idle
0.062,0.609,0.328,7.779,76.214,41.038,Idle
1.250,0.609,0.328,156.298,76.214,41.038,Idle
-1.563,0.609,0.328,-195.458,76.214,41.038,Idle
-0.360,0.609,0.328,-44.985,76.214,41.038,Idle
0.844,0.609,0.328,105.496,76.214,41.038,Idle
-1.969,0.609,0.328,-246.260,76.214,41.038,Idle
-0.766,0.609,0.328,-95.786,76.214,41.038,Idle
0.437,0.609,0.328,54.695,76.214,41.038,Idle
1.625,0.609,0.328,203.214,76.214,41.038,Idle
-1.188,0.609,0.328,-148.542,76.214,41.038,Idle
0.016,0.609,0.328,1.939,76.214,41.038,Idle
1.203,0.609,0.328,150.458,76.214,41.038,Idle
-1.609,0.609,0.328,-201.298,76.214,41.038,Idle
-0.406,0.609,0.328,-50.824,76.214,41.038,Idle
0.797,0.609,0.328,99.656,76.214,41.038,Idle
1.984,0.609,0.328,248.176,76.214,41.038,Idle
-0.828,0.609,0.328,-103.580,76.214,41.038,Idle
0.359,0.625,0.328,44.947,78.168,41.038,Idle
1.547,0.625,0.328,193.466,78.168,41.038,Idle
-1.266,0.625,0.328,-158.290,78.168,41.038,Idle
-0.062,0.625,0.328,-7.817,78.168,41.038,Idle
1.125,0.625,0.328,140.710,78.168,41.038,Idle
-1.687,0.625,0.328,-211.046,78.168,41.038,Idle
-0.484,0.625,0.328,-60.573,78.168,41.038,Idle
0.719,0.625,0.328,89.908,78.168,41.038,Idle
1.906,0.625,0.328,238.427,78.168,41.038,Idle
-0.906,0.625,0.328,-113.328,78.168,41.038,Idle
0.297,0.625,0.328,37.153,78.168,41.038,Idle
1.485,0.625,0.328,185.672,78.168,41.038,Idle
-1.328,0.625,0.328,-166.084,78.168,41.038,Idle
-0.125,0.625,0.328,-15.611,78.168,41.038,Idle
1.078,0.625,0.328,134.870,78.168,41.038,Idle
-1.734,0.625,0.328,-216.885,78.168,41.038,Idle
-0.531,0.625,0.328,-66.412,78.168,41.038,Idle
0.672,0.625,0.328,84.069,78.168,41.038,Idle
1.860,0.625,0.328,232.588,78.168,41.038,Idle
-0.953,0.625,0.328,-119.168,78.168,41.038,Idle
0.250,0.625,0.328,31.313,78.168,41.038,Idle
1.438,0.625,0.328,179.832,78.168,41.038,Idle
-1.375,0.625,0.328,-171.924,78.168,41.038,Idle
-0.172,0.625,0.328,-21.450,78.168,41.038,Idle
1.032,0.625,0.328,129.031,78.168,41.038,Idle
-1.781,0.625,0.328,-222.725,78.168,41.038,Idle
-0.578,0.625,0.328,-72.252,78.168,41.038,Idle
0.625,0.625,0.328,78.229,78.168,41.038,Idle
1.813,0.625,0.328,226.748,78.168,41.038,Idle
-1.000,0.625,0.328,-125.008,78.168,41.038,Idle
0.204,0.625,0.328,25.473,78.168,41.038,Idle
1.391,0.625,0.328,173.992,78.168,41.038,Idle
-1.421,0.625,0.328,-177.763,78.168,41.038,Idle
-0.218,0.625,0.328,-27.290,78.168,41.038,Idle
0.985,0.625,0.328,123.191,78.168,41.038,Idle
-1.828,0.625,0.328,-228.565,78.168,41.038,Idle
-0.624,0.625,0.328,-78.092,78.168,41.038,Idle
0.579,0.625,0.328,72.389,78.168,41.038,Idle
1.766,0.625,0.328,220.908,78.168,41.038,Idle
-1.046,0.625,0.328,-130.847,78.168,41.038,Idle
0.157,0.625,0.328,19.634,78.168,41.038,Idle
1.344,0.625,0.328,168.153,78.168,41.038,Idle
-1.468,0.625,0.328,-183.603,78.168,41.038,Idle
-0.265,0.625,0.328,-33.130,78.168,41.038,Idle
0.938,0.625,0.328,117.351,78.168,41.038,Idle
-1.874,0.625,0.328,-234.405,78.168,41.038,Idle
-0.671,0.625,0.328,-83.931,78.168,41.038,Idle
0.532,0.625,0.328,66.550,78.168,41.038,Idle
1.720,0.625,0.328,215.069,78.168,41.038,Idle
-1.093,0.625,0.328,-136.687,78.168,41.038,Idle
0.110,0.625,0.328,13.794,78.168,41.038,Idle
1.298,0.625,0.328,162.313,78.168,41.038,Idle
-1.515,0.625,0.328,-189.443,78.168,41.038,Idle
-0.312,0.625,0.328,-38.969,78.168,41.038,Idle
0.892,0.625,0.328,111.511,78.168,41.038,Idle
-1.921,0.625,0.328,-240.244,78.168,41.038,Idle
-0.718,0.625,0.328,-89.771,78.168,41.038,Idle
0.485,0.625,0.328,60.710,78.168,41.038,Idle
1.673,0.625,0.328,209.229,78.168,41.038,Idle
-1.140,0.625,0.328,-142.527,78.168,41.038,Idle
0.064,0.625,0.328,7.954,78.168,41.038,Idle
1.251,0.625,0.328,156.473,78.168,41.038,Idle
-1.561,0.625,0.328,-195.282,78.168,41.038,Idle
-0.358,0.625,0.328,-44.809,78.168,41.038,Idle
0.845,0.625,0.328,105.672,78.168,41.038,Idle
-1.968,0.625,0.328,-246.084,78.168,41.038,Idle
-0.764,0.625,0.328,-95.611,78.168,41.038,Idle
0.439,0.625,0.328,54.870,78.168,41.038,Idle
1.626,0.625,0.328,203.389,78.168,41.038,Idle
-1.186,0.625,0.328,-148.366,78.168,41.038,Idle
0.017,0.625,0.328,2.115,78.168,41.038,Idle
1.204,0.625,0.328,150.634,78.168,41.038,Idle
-1.608,0.625,0.328,-201.122,78.168,41.038,Idle
-0.405,0.625,0.328,-50.649,78.168,41.038,Idle
0.798,0.625,0.328,99.832,78.168,41.038,Idle
1.986,0.625,0.328,248.351,78.168,41.038,Idle
-0.827,0.625,0.328,-103.405,78.168,41.038,Idle
0.376,0.625,0.328,47.076,78.168,41.038,Idle
1.564,0.625,0.328,195.595,78.168,41.038,Idle
-1.249,0.625,0.328,-156.160,78.168,41.038,Idle
-0.045,0.625,0.328,-5.687,78.168,41.038,Idle
1.142,0.625,0.328,142.840,78.168,41.038,Idle
-1.670,0.625,0.328,-208.916,78.168,41.038,Idle
-0.467,0.625,0.328,-58.443,78.168,41.038,Idle
0.736,0.625,0.328,92.038,78.168,41.038,Idle
1.923,0.625,0.328,240.557,78.168,41.038,Idle
-0.889,0.625,0.328,-111.198,78.168,41.038,Idle
0.314,0.625,0.328,39.282,78.168,41.038,Idle
1.502,0.625,0.328,187.802,78.168,41.038,Idle
-1.311,0.625,0.328,-163.954,78.168,41.038,Idle
-0.108,0.625,0.328,-13.481,78.168,41.038,Idle
1.095,0.625,0.328,137.000,78.168,41.038,Idle
-1.717,0.625,0.328,-214.756,78.168,41.038,Idle
-0.514,0.625,0.328,-64.282,78.168,41.038,Idle
0.689,0.625,0.328,86.198,78.168,41.038,Idle
1.877,0.625,0.328,234.718,78.168,41.038,Idle
-0.936,0.625,0.328,-117.038,78.168,41.038,Idle
0.267,0.625,0.328,33.443,78.168,41.038,Idle
1.455,0.625,0.328,181.962,78.168,41.038,Idle
-1.358,0.625,0.328,-169.794,78.168,41.038,Idle
-0.154,0.625,0.328,-19.321,78.168,41.038,Idle
1.049,0.625,0.328,131.160,78.168,41.038,Idle
-1.764,0.625,0.328,-220.595,78.168,41.038,Idle
-0.561,0.625,0.328,-70.122,78.168,41.038,Idle
0.643,0.625,0.328,80.359,78.168,41.038,Idle
1.830,0.625,0.328,228.878,78.168,41.038,Idle
-0.982,0.625,0.328,-122.878,78.168,41.038,Idle
0.221,0.625,0.328,27.603,78.168,41.038,Idle
1.408,0.625,0.328,176.122,78.168,41.038,Idle
-1.404,0.625,0.328,-175.634,78.168,41.038,Idle
-0.201,0.625,0.328,-25.160,78.168,41.038,Idle
1.002,0.625,0.328,125.321,78.168,41.038,Idle
-1.810,0.625,0.328,-226.435,78.168,41.038,Idle
-0.607,0.625,0.328,-75.962,78.168,41.038,Idle
0.596,0.625,0.328,74.519,78.168,41.038,Idle
1.783,0.625,0.328,223.038,78.168,41.038,Idle
-1.029,0.625,0.328,-128.718,78.168,41.038,Idle
0.174,0.625,0.328,21.763,78.168,41.038,Idle
1.362,0.625,0.328,170.282,78.168,41.038,Idle
-1.451,0.625,0.328,-181.473,78.168,41.038,Idle
-0.248,0.625,0.328,-31.000,78.168,41.038,Idle
0.955,0.625,0.328,119.481,78.168,41.038,Idle
-1.857,0.625,0.328,-232.275,78.168,41.038,Idle
-0.654,0.625,0.328,-81.802,78.168,41.038,Idle
0.549,0.625,0.328,68.679,78.168,41.038,Idle
1.737,0.625,0.328,217.198,78.168,41.038,Idle
-1.076,0.625,0.328,-134.557,78.168,41.038,Idle
0.127,0.625,0.328,15.924,78.168,41.038,Idle
1.315,0.625,0.328,164.443,78.168,41.038,Idle
-1.498,0.625,0.328,-187.313,78.168,41.038,Idle
-0.295,0.625,0.328,-36.840,78.168,41.038,Idle
0.909,0.625,0.328,113.641,78.168,41.038,Idle
-1.904,0.625,0.328,-238.115,78.168,41.038,Idle
-0.701,0.625,0.328,-87.641,78.168,41.038,Idle
0.502,0.625,0.328,62.840,78.168,41.038,Idle
1.690,0.625,0.328,211.359,78.168,41.038,Idle
-1.123,0.625,0.328,-140.397,78.168,41.038,Idle
0.081,0.625,0.328,10.084,78.168,41.038,Idle
1.268,0.625,0.328,158.603,78.168,41.038,Idle
-1.544,0.625,0.328,-193.153,78.168,41.038,Idle
-0.341,0.625,0.328,-42.679,78.168,41.038,Idle
0.862,0.625,0.328,107.802,78.168,41.038,Idle
-1.951,0.625,0.328,-243.954,78.168,41.038,Idle
-0.747,0.625,0.328,-93.481,78.168,41.038,Idle
0.456,0.625,0.328,57.000,78.168,41.038,Idle
1.643,0.625,0.328,205.519,78.168,41.038,Idle
-1.169,0.625,0.328,-146.237,78.168,41.038,Idle
0.034,0.625,0.328,4.244,78.168,41.038,Idle
1.221,0.625,0.328,152.763,78.168,41.038,Idle
-1.591,0.625,0.328,-198.992,78.168,41.038,Idle
-0.388,0.625,0.328,-48.519,78.168,41.038,Idle
0.815,0.625,0.328,101.962,78.168,41.038,Idle
-1.997,0.625,0.328,-249.794,78.168,41.038,Idle
-0.794,0.625,0.328,-99.321,78.168,41.038,Idle
0.409,0.625,0.328,51.160,78.168,41.038,Idle
1.597,0.625,0.328,199.679,78.168,41.038,Idle
-1.216,0.625,0.328,-152.076,78.168,41.038,Idle
-0.013,0.625,0.328,-1.603,78.168,41.038,Idle
1.175,0.625,0.328,146.924,78.168,41.038,Idle
-1.638,0.625,0.328,-204.832,78.168,41.038,Idle
-0.435,0.625,0.328,-54.359,78.168,41.038,Idle
0.769,0.625,0.328,96.122,78.168,41.038,Idle
1.956,0.625,0.328,244.641,78.168,41.038,Idle
-0.856,0.625,0.328,-107.115,78.168,41.038,Idle
0.347,0.625,0.328,43.366,78.168,41.038,Idle
1.534,0.625,0.328,191.885,78.168,41.038,Idle
-1.278,0.625,0.328,-159.870,78.168,41.038,Idle
-0.075,0.625,0.328,-9.397,78.168,41.038,Idle
1.112,0.625,0.328,139.130,78.168,41.038,Idle
-1.700,0.625,0.328,-212.626,78.168,41.038,Idle
-0.497,0.625,0.328,-62.153,78.168,41.038,Idle
0.706,0.625,0.328,88.328,78.168,41.038,Idle
1.894,0.625,0.328,236.847,78.168,41.038,Idle
-0.919,0.625,0.328,-114.908,78.168,41.038,Idle
0.284,0.625,0.328,35.573,78.168,41.038,Idle
1.472,0.625,0.328,184.092,78.168,41.038,Idle
-1.341,0.625,0.328,-167.664,78.168,41.038,Idle
-0.137,0.625,0.328,-17.191,78.168,41.038,Idle
1.066,0.625,0.328,133.290,78.168,41.038,Idle
-1.747,0.625,0.328,-218.466,78.168,41.038,Idle
-0.544,0.625,0.328,-67.992,78.168,41.038,Idle
0.660,0.625,0.328,82.489,78.168,41.038,Idle
1.847,0.625,0.328,231.008,78.168,41.038,Idle
-0.965,0.625,0.328,-120.748,78.168,41.038,Idle
0.238,0.625,0.328,29.733,78.168,41.038,Idle
1.425,0.625,0.328,178.252,78.168,41.038,Idle
-1.387,0.625,0.328,-173.504,78.168,41.038,Idle
-0.184,0.625,0.328,-23.031,78.168,41.038,Idle
1.019,0.625,0.328,127.450,78.168,41.038,Idle
-1.793,0.625,0.328,-224.305,78.168,41.038,Idle
-0.590,0.625,0.328,-73.832,78.168,41.038,Idle
0.613,0.625,0.328,76.649,78.168,41.038,Idle
1.800,0.625,0.328,225.168,78.168,41.038,Idle
-1.012,0.625,0.328,-126.588,78.168,41.038,Idle
0.191,0.625,0.328,23.893,78.168,41.038,Idle
1.379,0.625,0.328,172.412,78.168,41.038,Idle
-1.434,0.625,0.328,-179.344,78.168,41.038,Idle
-0.231,0.625,0.328,-28.870,78.168,41.038,Idle
0.972,0.625,0.328,121.611,78.168,41.038,Idle
-1.840,0.625,0.328,-230.145,78.168,41.038,Idle
-0.637,0.625,0.328,-79.672,78.168,41.038,Idle
0.566,0.625,0.328,70.809,78.168,41.038,Idle
1.754,0.625,0.328,219.328,78.168,41.038,Idle
-1.059,0.625,0.328,-132.427,78.168,41.038,Idle
0.144,0.625,0.328,18.053,78.168,41.038,Idle
1.332,0.625,0.328,166.573,78.168,41.038,Idle
-1.481,0.625,0.328,-185.183,78.168,41.038,Idle
-0.278,0.625,0.328,-34.710,78.168,41.038,Idle
0.926,0.625,0.328,115.771,78.168,41.038,Idle
-1.887,0.625,0.328,-235.985,78.168,41.038,Idle
-0.684,0.625,0.328,-85.511,78.168,41.038,Idle
0.519,0.625,0.328,64.969,78.168,41.038,Idle
1.707,0.625,0.328,213.489,78.168,41.038,Idle
-1.106,0.625,0.328,-138.267,78.168,41.038,Idle
0.098,0.625,0.328,12.214,78.168,41.038,Idle
1.285,0.625,0.328,160.733,78.168,41.038,Idle
-1.527,0.625,0.328,-191.023,78.168,41.038,Idle
-0.324,0.625,0.328,-40.550,78.168,41.038,Idle
0.879,0.625,0.328,109.931,78.168,41.038,Idle
-1.934,0.625,0.328,-241.824,78.168,41.038,Idle
-0.730,0.625,0.328,-91.351,78.168,41.038,Idle
0.473,0.625,0.328,59.130,78.168,41.038,Idle
1.660,0.625,0.328,207.649,78.168,41.038,Idle
-1.152,0.625,0.328,-144.107,78.168,41.038,Idle
0.051,0.625,0.328,6.374,78.168,41.038,Idle
1.238,0.625,0.328,154.893,78.168,41.038,Idle
-1.574,0.625,0.328,-196.863,78.168,41.038,Idle
-0.371,0.625,0.328,-46.389,78.168,41.038,Idle
0.832,0.625,0.328,104.092,78.168,41.038,Idle
-1.980,0.625,0.328,-247.664,78.168,41.038,Idle
-0.777,0.625,0.328,-97.191,78.168,41.038,Idle
0.426,0.625,0.328,53.290,78.168,41.038,Idle
1.614,0.625,0.328,201.809,78.168,41.038,Idle
-1.199,0.625,0.328,-149.947,78.168,41.038,Idle
0.004,0.625,0.328,0.534,78.168,41.038,Idle
1.192,0.625,0.328,149.053,78.168,41.038,Idle
-1.621,0.625,0.328,-202.702,78.168,41.038,Idle
-0.418,0.625,0.328,-52.229,78.168,41.038,Idle
0.786,0.625,0.328,98.252,78.168,41.038,Idle
1.973,0.625,0.328,246.771,78.168,41.038,Idle
-0.839,0.625,0.328,-104.985,78.168,41.038,Idle
0.364,0.625,0.328,45.496,78.168,41.038,Idle
1.551,0.625,0.328,194.015,78.168,41.038,Idle
-1.261,0.625,0.328,-157.740,78.168,41.038,Idle
-0.058,0.625,0.328,-7.267,78.168,41.038,Idle
1.129,0.625,0.328,141.260,78.168,41.038,Idle
-1.683,0.625,0.328,-210.496,78.168,41.038,Idle
-0.480,0.625,0.328,-60.023,78.168,41.038,Idle
0.723,0.625,0.328,90.458,78.168,41.038,Idle
1.911,0.625,0.328,238.977,78.168,41.038,Idle
-0.902,0.625,0.328,-112.779,78.168,41.038,Idle
0.301,0.625,0.328,37.702,78.168,41.038,Idle
1.489,0.625,0.328,186.221,78.168,41.038,Idle
-1.324,0.625,0.328,-165.534,78.168,41.038,Idle
-0.120,0.625,0.328,-15.061,78.168,41.038,Idle
1.083,0.625,0.328,135.420,78.168,41.038,Idle
-1.730,0.625,0.328,-216.336,78.168,41.038,Idle
-0.527,0.625,0.328,-65.863,78.168,41.038,Idle
0.677,0.625,0.328,84.618,78.168,41.038,Idle
1.864,0.625,0.328,233.137,78.168,41.038,Idle
-0.948,0.625,0.328,-118.618,78.168,41.038,Idle
0.255,0.625,0.328,31.863,78.168,41.038,Idle
1.442,0.625,0.328,180.382,78.168,41.038,Idle
-1.370,0.625,0.328,-171.374,78.168,41.038,Idle
-0.167,0.625,0.328,-20.901,78.168,41.038,Idle
1.036,0.625,0.328,129.580,78.168,41.038,Idle
-1.776,0.625,0.328,-222.176,78.168,41.038,Idle
-0.573,0.625,0.328,-71.702,78.168,41.038,Idle
0.630,0.625,0.328,78.779,78.168,41.038,Idle
1.817,0.625,0.328,227.298,78.168,41.038,Idle
-0.995,0.625,0.328,-124.458,78.168,41.038,Idle
0.208,0.625,0.328,26.023,78.168,41.038,Idle
1.396,0.625,0.328,174.542,78.168,41.038,Idle
-1.417,0.625,0.328,-177.214,78.168,41.038,Idle
-0.214,0.625,0.328,-26.740,78.168,41.038,Idle
0.989,0.625,0.328,123.740,78.168,41.038,Idle
-1.823,0.625,0.328,-228.015,78.168,41.038,Idle
-0.620,0.625,0.328,-77.542,78.168,41.038,Idle
0.583,0.625,0.328,72.939,78.168,41.038,Idle
1.771,0.625,0.328,221.458,78.168,41.038,Idle
-1.042,0.625,0.328,-130.298,78.168,41.038,Idle
0.161,0.625,0.328,20.183,78.168,41.038,Idle
1.349,0.625,0.328,168.702,78.168,41.038,Idle
-1.464,0.625,0.328,-183.053,78.168,41.038,Idle
-0.260,0.625,0.328,-32.580,78.168,41.038,Idle
0.943,0.625,0.328,117.901,78.168,41.038,Idle
-1.870,0.625,0.328,-233.855,78.168,41.038,Idle
-0.667,0.625,0.328,-83.382,78.168,41.038,Idle
0.536,0.625,0.328,67.099,78.168,41.038,Idle
1.724,0.625,0.328,215.618,78.168,41.038,Idle
-1.089,0.625,0.328,-136.137,78.168,41.038,Idle
0.115,0.625,0.328,14.344,78.168,41.038,Idle
1.302,0.625,0.328,162.863,78.168,41.038,Idle
-1.510,0.625,0.328,-188.893,78.168,41.038,Idle
-0.307,0.625,0.328,-38.420,78.168,41.038,Idle
0.896,0.625,0.328,112.061,78.168,41.038,Idle
-1.917,0.625,0.328,-239.695,78.168,41.038,Idle
-0.713,0.625,0.328,-89.221,78.168,41.038,Idle
0.490,0.625,0.328,61.260,78.168,41.038,Idle
1.677,0.625,0.328,209.779,78.168,41.038,Idle
-1.135,0.625,0.328,-141.977,78.168,41.038,Idle
0.068,0.625,0.328,8.504,78.168,41.038,Idle
1.255,0.625,0.328,157.023,78.168,41.038,Idle
-1.557,0.625,0.328,-194.733,78.168,41.038,Idle
-0.354,0.625,0.328,-44.260,78.168,41.038,Idle
0.849,0.625,0.328,106.221,78.168,41.038,Idle
-1.963,0.625,0.328,-245.534,78.168,41.038,Idle
-0.760,0.625,0.328,-95.061,78.168,41.038,Idle
0.443,0.625,0.328,55.420,78.168,41.038,Idle
1.631,0.625,0.328,203.939,78.168,41.038,Idle
-1.182,0.625,0.328,-147.817,78.168,41.038,Idle
0.021,0.625,0.328,2.664,78.168,41.038,Idle
1.209,0.625,0.328,151.183,78.168,41.038,Idle
-1.604,0.625,0.328,-200.573,78.168,41.038,Idle
-0.401,0.625,0.328,-50.099,78.168,41.038,Idle
0.803,0.625,0.328,100.382,78.168,41.038,Idle
1.990,0.625,0.328,248.901,78.168,41.038,Idle
-0.822,0.625,0.328,-102.855,78.168,41.038,Idle
0.381,0.625,0.328,47.626,78.168,41.038,Idle
1.568,0.625,0.328,196.145,78.168,41.038,Idle
-1.244,0.625,0.328,-155.611,78.168,41.038,Idle
-0.041,0.625,0.328,-5.137,78.168,41.038,Idle
1.146,0.625,0.328,143.389,78.168,41.038,Idle
-1.666,0.625,0.328,-208.366,78.168,41.038,Idle
-0.463,0.625,0.328,-57.893,78.168,41.038,Idle
0.740,0.625,0.328,92.588,78.168,41.038,Idle
1.928,0.625,0.328,241.107,78.168,41.038,Idle
-0.885,0.625,0.328,-110.649,78.168,41.038,Idle
0.318,0.625,0.328,39.832,78.168,41.038,Idle
1.506,0.625,0.328,188.351,78.168,41.038,Idle
-1.307,0.625,0.328,-163.405,78.168,41.038,Idle
-0.103,0.625,0.328,-12.931,78.168,41.038,Idle
1.100,0.625,0.328,137.550,78.168,41.038,Idle
-1.713,0.625,0.328,-214.206,78.168,41.038,Idle
-0.510,0.625,0.328,-63.733,78.168,41.038,Idle
0.694,0.625,0.328,86.748,78.168,41.038,Idle
1.881,0.625,0.328,235.267,78.168,41.038,Idle
-0.931,0.625,0.328,-116.489,78.168,41.038,Idle
0.272,0.625,0.328,33.992,78.168,41.038,Idle
1.459,0.625,0.328,182.511,78.168,41.038,Idle
-1.353,0.625,0.328,-169.244,78.168,41.038,Idle
-0.150,0.625,0.328,-18.771,78.168,41.038,Idle
1.053,0.625,0.328,131.710,78.168,41.038,Idle
-1.759,0.625,0.328,-220.046,78.168,41.038,Idle
-0.556,0.625,0.328,-69.573,78.168,41.038,Idle
0.647,0.625,0.328,80.908,78.168,41.038,Idle
1.834,0.625,0.328,229.427,78.168,41.038,Idle
-0.978,0.625,0.328,-122.328,78.168,41.038,Idle
0.225,0.625,0.328,28.153,78.168,41.038,Idle
1.413,0.625,0.328,176.672,78.168,41.038,Idle
-1.400,0.625,0.328,-175.084,78.168,41.038,Idle
-0.197,0.625,0.328,-24.611,78.168,41.038,Idle
1.006,0.625,0.328,125.870,78.168,41.038,Idle
-1.806,0.625,0.328,-225.885,78.168,41.038,Idle
-0.603,0.625,0.328,-75.412,78.168,41.038,Idle
0.600,0.625,0.328,75.069,78.168,41.038,Idle
1.788,0.625,0.328,223.588,78.168,41.038,Idle
-1.025,0.625,0.328,-128.168,78.168,41.038,Idle
0.178,0.625,0.328,22.313,78.168,41.038,Idle
1.366,0.625,0.328,170.832,78.168,41.038,Idle
-1.447,0.625,0.328,-180.924,78.168,41.038,Idle
-0.243,0.625,0.328,-30.450,78.168,41.038,Idle
0.960,0.625,0.328,120.031,78.168,41.038,Idle
-1.853,0.625,0.328,-231.725,78.168,41.038,Idle
-0.650,0.625,0.328,-81.252,78.168,41.038,Idle
0.554,0.625,0.328,69.229,78.168,41.038,Idle
1.741,0.625,0.328,217.748,78.168,41.038,Idle
-1.071,0.625,0.328,-134.008,78.168,41.038,Idle
0.132,0.625,0.328,16.473,78.168,41.038,Idle
1.319,0.625,0.328,164.992,78.168,41.038,Idle
-1.493,0.625,0.328,-186.763,78.168,41.038,Idle
-0.290,0.625,0.328,-36.290,78.168,41.038,Idle
0.913,0.625,0.328,114.191,78.168,41.038,Idle
-1.899,0.625,0.328,-237.565,78.168,41.038,Idle
-0.696,0.625,0.328,-87.092,78.168,41.038,Idle
0.507,0.625,0.328,63.389,78.168,41.038,Idle
1.694,0.625,0.328,211.908,78.168,41.038,Idle
-1.118,0.625,0.328,-139.847,78.168,41.038,Idle
0.085,0.625,0.328,10.634,78.168,41.038,Idle
1.273,0.625,0.328,159.153,78.168,41.038,Idle
-1.540,0.625,0.328,-192.603,78.168,41.038,Idle
-0.337,0.625,0.328,-42.130,78.168,41.038,Idle
0.866,0.625,0.328,108.351,78.168,41.038,Idle
-1.946,0.625,0.328,-243.405,78.168,41.038,Idle
-0.743,0.625,0.328,-92.931,78.168,41.038,Idle
0.460,0.625,0.328,57.550,78.168,41.038,Idle
1.648,0.625,0.328,206.069,78.168,41.038,Idle
-1.165,0.625,0.328,-145.687,78.168,41.038,Idle
0.038,0.625,0.328,4.794,78.168,41.038,Idle
1.226,0.625,0.328,153.313,78.168,41.038,Idle
-1.587,0.625,0.328,-198.443,78.168,41.038,Idle
-0.384,0.625,0.328,-47.969,78.168,41.038,Idle
0.820,0.625,0.328,102.511,78.168,41.038,Idle
-1.993,0.625,0.328,-249.244,78.168,41.038,Idle
-0.790,0.625,0.328,-98.771,78.168,41.038,Idle
0.413,0.625,0.328,51.710,78.168,41.038,Idle
1.601,0.625,0.328,200.229,78.168,41.038,Idle
-1.212,0.625,0.328,-151.527,78.168,41.038,Idle
-0.008,0.625,0.328,-1.053,78.168,41.038,Idle
1.179,0.625,0.328,147.473,78.168,41.038,Idle
-1.633,0.625,0.328,-204.282,78.168,41.038,Idle
-0.430,0.625,0.328,-53.809,78.168,41.038,Idle
0.773,0.625,0.328,96.672,78.168,41.038,Idle
1.960,0.625,0.328,245.191,78.168,41.038,Idle
-0.852,0.625,0.328,-106.565,78.168,41.038,Idle
0.351,0.625,0.328,43.916,78.168,41.038,Idle
1.539,0.625,0.328,192.435,78.168,41.038,Idle
-1.274,0.625,0.328,-159.321,78.168,41.038,Idle
-0.071,0.625,0.328,-8.847,78.168,41.038,Idle
1.117,0.625,0.328,139.679,78.168,41.038,Idle
-1.696,0.625,0.328,-212.076,78.168,41.038,Idle
-0.493,0.625,0.328,-61.603,78.168,41.038,Idle
0.711,0.625,0.328,88.878,78.168,41.038,Idle
1.898,0.625,0.328,237.397,78.168,41.038,Idle
-0.914,0.625,0.328,-114.359,78.168,41.038,Idle
0.289,0.625,0.328,36.122,78.168,41.038,Idle
1.476,0.625,0.328,184.641,78.168,41.038,Idle
-1.336,0.625,0.328,-167.115,78.168,41.038,Idle
-0.133,0.625,0.328,-16.641,78.168,41.038,Idle
1.070,0.625,0.328,133.840,78.168,41.038,Idle
-1.742,0.625,0.328,-217.916,78.168,41.038,Idle
-0.539,0.625,0.328,-67.443,78.168,41.038,Idle
0.664,0.625,0.328,83.038,78.168,41.038,Idle
1.851,0.625,0.328,231.557,78.168,41.038,Idle
-0.961,0.625,0.328,-120.198,78.168,41.038,Idle
0.242,0.625,0.328,30.282,78.168,41.038,Idle
1.430,0.625,0.328,178.802,78.168,41.038,Idle
-1.383,0.625,0.328,-172.954,78.168,41.038,Idle
-0.180,0.625,0.328,-22.481,78.168,41.038,Idle
1.023,0.625,0.328,128.000,78.168,41.038,Idle
-1.789,0.625,0.328,-223.756,78.168,41.038,Idle
-0.586,0.625,0.328,-73.282,78.168,41.038,Idle
0.617,0.625,0.328,77.198,78.168,41.038,Idle
1.805,0.625,0.328,225.718,78.168,41.038,Idle
-1.008,0.625,0.328,-126.038,78.168,41.038,Idle
0.195,0.625,0.328,24.443,78.168,41.038,Idle
1.383,0.625,0.328,172.962,78.168,41.038,Idle
-1.430,0.625,0.328,-178.794,78.168,41.038,Idle
-0.226,0.625,0.328,-28.321,78.168,41.038,Idle
0.977,0.625,0.328,122.160,78.168,41.038,Idle
-1.836,0.625,0.328,-229.595,78.168,41.038,Idle
-0.633,0.625,0.328,-79.122,78.168,41.038,Idle
0.571,0.625,0.328,71.359,78.168,41.038,Idle
1.758,0.625,0.328,219.878,78.168,41.038,Idle
-1.054,0.625,0.328,-131.878,78.168,41.038,Idle
0.149,0.625,0.328,18.603,78.168,41.038,Idle
1.336,0.625,0.328,167.122,78.168,41.038,Idle
-1.476,0.625,0.328,-184.634,78.168,41.038,Idle
-0.273,0.625,0.328,-34.160,78.168,41.038,Idle
0.930,0.625,0.328,116.321,78.168,41.038,Idle
-1.882,0.625,0.328,-235.435,78.168,41.038,Idle
-0.679,0.625,0.328,-84.962,78.168,41.038,Idle
0.524,0.625,0.328,65.519,78.168,41.038,Idle
1.711,0.625,0.328,214.038,78.168,41.038,Idle
-1.101,0.625,0.328,-137.718,78.168,41.038,Idle
0.102,0.625,0.328,12.763,78.168,41.038,Idle
1.290,0.625,0.328,161.282,78.168,41.038,Idle
-1.523,0.625,0.328,-190.473,78.168,41.038,Idle
-0.320,0.625,0.328,-40.000,78.168,41.038,Idle
0.883,0.625,0.328,110.481,78.168,41.038,Idle
-1.929,0.625,0.328,-241.275,78.168,41.038,Idle
-0.726,0.625,0.328,-90.802,78.168,41.038,Idle
0.477,0.625,0.328,59.679,78.168,41.038,Idle
1.665,0.625,0.328,208.198,78.168,41.038,Idle
-1.148,0.625,0.328,-143.557,78.168,41.038,Idle
0.055,0.625,0.328,6.924,78.168,41.038,Idle
1.243,0.625,0.328,155.443,78.168,41.038,Idle
-1.570,0.625,0.328,-196.313,78.168,41.038,Idle
-0.367,0.625,0.328,-45.840,78.168,41.038,Idle
0.837,0.625,0.328,104.641,78.168,41.038,Idle
-1.976,0.625,0.328,-247.115,78.168,41.038,Idle
-0.773,0.625,0.328,-96.641,78.168,41.038,Idle
0.430,0.625,0.328,53.840,78.168,41.038,Idle
1.618,0.625,0.328,202.359,78.168,41.038,Idle
-1.195,0.625,0.328,-149.397,78.168,41.038,Idle
0.009,0.625,0.328,1.084,78.168,41.038,Idle
1.196,0.625,0.328,149.603,78.168,41.038,Idle
-1.616,0.625,0.328,-202.153,78.168,41.038,Idle
-0.413,0.625,0.328,-51.679,78.168,41.038,Idle
0.790,0.625,0.328,98.802,78.168,41.038,Idle
1.977,0.625,0.328,247.321,78.168,41.038,Idle
-0.835,0.625,0.328,-104.435,78.168,41.038,Idle
0.368,0.625,0.328,46.046,78.168,41.038,Idle
1.556,0.625,0.328,194.565,78.168,41.038,Idle
-1.257,0.625,0.328,-157.191,78.168,41.038,Idle
-0.054,0.625,0.328,-6.718,78.168,41.038,Idle
1.134,0.625,0.328,141.809,78.168,41.038,Idle
-1.679,0.625,0.328,-209.947,78.168,41.038,Idle
-0.476,0.625,0.328,-59.473,78.168,41.038,Idle
0.728,0.625,0.328,91.008,78.168,41.038,Idle
1.915,0.625,0.328,239.527,78.168,41.038,Idle
-0.897,0.625,0.328,-112.229,78.168,41.038,Idle
0.306,0.625,0.328,38.252,78.168,41.038,Idle
1.493,0.625,0.328,186.771,78.168,41.038,Idle
-1.319,0.625,0.328,-164.985,78.168,41.038,Idle
-0.116,0.625,0.328,-14.511,78.168,41.038,Idle
1.087,0.625,0.328,135.969,78.168,41.038,Idle
-1.725,0.625,0.328,-215.786,78.168,41.038,Idle
-0.522,0.625,0.328,-65.313,78.168,41.038,Idle
0.681,0.625,0.328,85.168,78.168,41.038,Idle
1.868,0.625,0.328,233.687,78.168,41.038,Idle
-0.944,0.625,0.328,-118.069,78.168,41.038,Idle
0.259,0.625,0.328,32.412,78.168,41.038,Idle
1.447,0.625,0.328,180.931,78.168,41.038,Idle
-1.366,0.625,0.328,-170.824,78.168,41.038,Idle
-0.163,0.625,0.328,-20.351,78.168,41.038,Idle
1.040,0.625,0.328,130.130,78.168,41.038,Idle
-1.772,0.625,0.328,-221.626,78.168,41.038,Idle
-0.569,0.625,0.328,-71.153,78.168,41.038,Idle
0.634,0.625,0.328,79.328,78.168,41.038,Idle
1.822,0.625,0.328,227.847,78.168,41.038,Idle
-0.991,0.625,0.328,-123.908,78.168,41.038,Idle
0.212,0.625,0.328,26.573,78.168,41.038,Idle
1.400,0.625,0.328,175.092,78.168,41.038,Idle
-1.413,0.625,0.328,-176.664,78.168,41.038,Idle
-0.209,0.625,0.328,-26.191,78.168,41.038,Idle
0.994,0.625,0.328,124.290,78.168,41.038,Idle
-1.819,0.625,0.328,-227.466,78.168,41.038,Idle
-0.616,0.625,0.328,-76.992,78.168,41.038,Idle
0.588,0.625,0.328,73.489,78.168,41.038,Idle
1.775,0.625,0.328,222.008,78.168,41.038,Idle
-1.037,0.625,0.328,-129.748,78.168,41.038,Idle
0.166,0.625,0.328,20.733,78.168,41.038,Idle
1.353,0.625,0.328,169.252,78.168,41.038,Idle
-1.459,0.625,0.328,-182.504,78.168,41.038,Idle
-0.256,0.625,0.328,-32.031,78.168,41.038,Idle
0.947,0.625,0.328,118.450,78.168,41.038,Idle
-1.865,0.625,0.328,-233.305,78.168,41.038,Idle
-0.662,0.625,0.328,-82.832,78.168,41.038,Idle
0.541,0.625,0.328,67.649,78.168,41.038,Idle
1.728,0.625,0.328,216.168,78.168,41.038,Idle
-1.084,0.625,0.328,-135.588,78.168,41.038,Idle
0.119,0.625,0.328,14.893,78.168,41.038,Idle
1.307,0.625,0.328,163.412,78.168,41.038,Idle
-1.506,0.625,0.328,-188.344,78.168,41.038,Idle
-0.303,0.625,0.328,-37.870,78.168,41.038,Idle
0.900,0.625,0.328,112.611,78.168,41.038,Idle
-1.912,0.625,0.328,-239.145,78.168,41.038,Idle
-0.709,0.625,0.328,-88.672,78.168,41.038,Idle
0.494,0.625,0.328,61.809,78.168,41.038,Idle
1.682,0.625,0.328,210.328,78.168,41.038,Idle
-1.131,0.625,0.328,-141.427,78.168,41.038,Idle
0.072,0.625,0.328,9.053,78.168,41.038,Idle
1.260,0.625,0.328,157.573,78.168,41.038,Idle
-1.553,0.625,0.328,-194.183,78.168,41.038,Idle
-0.349,0.625,0.328,-43.710,78.168,41.038,Idle
0.854,0.625,0.328,106.771,78.168,41.038,Idle
-1.959,0.625,0.328,-244.985,78.168,41.038,Idle
-0.756,0.625,0.328,-94.511,78.168,41.038,Idle
0.448,0.625,0.328,55.969,78.168,41.038,Idle
1.635,0.625,0.328,204.489,78.168,41.038,Idle
-1.177,0.625,0.328,-147.267,78.168,41.038,Idle
0.026,0.625,0.328,3.214,78.168,41.038,Idle
1.213,0.625,0.328,151.733,78.168,41.038,Idle
-1.599,0.625,0.328,-200.023,78.168,41.038,Idle
-0.396,0.625,0.328,-49.550,78.168,41.038,Idle
0.807,0.625,0.328,100.931,78.168,41.038,Idle
1.995,0.625,0.328,249.450,78.168,41.038,Idle
-0.818,0.625,0.328,-102.305,78.168,41.038,Idle
0.385,0.625,0.328,48.176,78.168,41.038,Idle
1.573,0.625,0.328,196.695,78.168,41.038,Idle
-1.240,0.625,0.328,-155.061,78.168,41.038,Idle
-0.037,0.625,0.328,-4.588,78.168,41.038,Idle
1.151,0.625,0.328,143.939,78.168,41.038,Idle
-1.662,0.625,0.328,-207.817,78.168,41.038,Idle
-0.458,0.625,0.328,-57.344,78.168,41.038,Idle
0.745,0.625,0.328,93.137,78.168,41.038,Idle
1.932,0.625,0.328,241.656,78.168,41.038,Idle
-0.880,0.625,0.328,-110.099,78.168,41.038,Idle
0.323,0.625,0.328,40.382,78.168,41.038,Idle
1.510,0.625,0.328,188.901,78.168,41.038,Idle
-1.302,0.625,0.328,-162.855,78.168,41.038,Idle
-0.099,0.625,0.328,-12.382,78.168,41.038,Idle
1.104,0.625,0.328,138.099,78.168,41.038,Idle
-1.708,0.625,0.328,-213.656,78.168,41.038,Idle
-0.505,0.625,0.328,-63.183,78.168,41.038,Idle
0.698,0.625,0.328,87.298,78.168,41.038,Idle
1.885,0.625,0.328,235.817,78.168,41.038,Idle
-0.927,0.625,0.328,-115.939,78.168,41.038,Idle
0.276,0.625,0.328,34.542,78.168,41.038,Idle
1.464,0.625,0.328,183.061,78.168,41.038,Idle
-1.349,0.625,0.328,-168.695,78.168,41.038,Idle
-0.146,0.625,0.328,-18.221,78.168,41.038,Idle
1.057,0.625,0.328,132.260,78.168,41.038,Idle
-1.755,0.625,0.328,-219.496,78.168,41.038,Idle
-0.552,0.625,0.328,-69.023,78.168,41.038,Idle
0.651,0.625,0.328,81.458,78.168,41.038,Idle
1.839,0.625,0.328,229.977,78.168,41.038,Idle
-0.974,0.625,0.328,-121.779,78.168,41.038,Idle
0.229,0.625,0.328,28.702,78.168,41.038,Idle
1.417,0.625,0.328,177.221,78.168,41.038,Idle
-1.396,0.625,0.328,-174.534,78.168,41.038,Idle
-0.192,0.625,0.328,-24.061,78.168,41.038,Idle
1.011,0.625,0.328,126.420,78.168,41.038,Idle
-1.802,0.625,0.328,-225.336,78.168,41.038,Idle
-0.599,0.625,0.328,-74.863,78.168,41.038,Idle
0.605,0.625,0.328,75.618,78.168,41.038,Idle
1.792,0.625,0.328,224.137,78.168,41.038,Idle
-1.020,0.625,0.328,-127.618,78.168,41.038,Idle
0.183,0.625,0.328,22.863,78.168,41.038,Idle
1.370,0.625,0.328,171.382,78.168,41.038,Idle
-1.442,0.625,0.328,-180.374,78.168,41.038,Idle
-0.239,0.625,0.328,-29.901,78.168,41.038,Idle
0.964,0.625,0.328,120.580,78.168,41.038,Idle
-1.848,0.625,0.328,-231.176,78.168,41.038,Idle
-0.645,0.625,0.328,-80.702,78.168,41.038,Idle
0.558,0.625,0.328,69.779,78.168,41.038,Idle
1.745,0.625,0.328,218.298,78.168,41.038,Idle
-1.067,0.625,0.328,-133.458,78.168,41.038,Idle
0.136,0.625,0.328,17.023,78.168,41.038,Idle
1.324,0.625,0.328,165.542,78.168,41.038,Idle
-1.489,0.625,0.328,-186.214,78.168,41.038,Idle
-0.286,0.625,0.328,-35.740,78.168,41.038,Idle
0.917,0.625,0.328,114.740,78.168,41.038,Idle
-1.895,0.625,0.328,-237.015,78.168,41.038,Idle
-0.692,0.625,0.328,-86.542,78.168,41.038,Idle
0.511,0.625,0.328,63.939,78.168,41.038,Idle
1.699,0.625,0.328,212.458,78.168,41.038,Idle
-1.114,0.625,0.328,-139.298,78.168,41.038,Idle
0.089,0.625,0.328,11.183,78.168,41.038,Idle
1.277,0.625,0.328,159.702,78.168,41.038,Idle
-1.536,0.625,0.328,-192.053,78.168,41.038,Idle
-0.332,0.625,0.328,-41.580,78.168,41.038,Idle
0.871,0.625,0.328,108.901,78.168,41.038,Idle
-1.942,0.625,0.328,-242.855,78.168,41.038,Idle
-0.739,0.625,0.328,-92.382,78.168,41.038,Idle
0.465,0.625,0.328,58.099,78.168,41.038,Idle
1.652,0.625,0.328,206.618,78.168,41.038,Idle
-1.160,0.625,0.328,-145.137,78.168,41.038,Idle
0.043,0.625,0.328,5.344,78.168,41.038,Idle
1.230,0.625,0.328,153.863,78.168,41.038,Idle
-1.582,0.625,0.328,-197.893,78.168,41.038,Idle
-0.379,0.625,0.328,-47.420,78.168,41.038,Idle
0.824,0.625,0.328,103.061,78.168,41.038,Idle
-1.988,0.625,0.328,-248.695,78.168,41.038,Idle
-0.785,0.625,0.328,-98.221,78.168,41.038,Idle
0.418,0.625,0.328,52.260,78.168,41.038,Idle
1.605,0.625,0.328,200.779,78.168,41.038,Idle
-1.207,0.625,0.328,-150.977,78.168,41.038,Idle
-0.004,0.625,0.328,-0.504,78.168,41.038,Idle
1.184,0.625,0.328,148.023,78.168,41.038,Idle
-1.629,0.625,0.328,-203.733,78.168,41.038,Idle
-0.426,0.625,0.328,-53.260,78.168,41.038,Idle
0.777,0.625,0.328,97.221,78.168,41.038,Idle
1.965,0.625,0.328,245.740,78.168,41.038,Idle
-0.848,0.625,0.328,-106.015,78.168,41.038,Idle
0.356,0.625,0.328,44.466,78.168,41.038,Idle
1.543,0.625,0.328,192.985,78.168,41.038,Idle
-1.269,0.625,0.328,-158.771,78.168,41.038,Idle
-0.066,0.625,0.328,-8.298,78.168,41.038,Idle
1.121,0.625,0.328,140.229,78.168,41.038,Idle
-1.691,0.625,0.328,-211.527,78.168,41.038,Idle
-0.488,0.625,0.328,-61.053,78.168,41.038,Idle
0.715,0.625,0.328,89.427,78.168,41.038,Idle
1.903,0.625,0.328,237.947,78.168,41.038,Idle
-0.910,0.625,0.328,-113.809,78.168,41.038,Idle
0.293,0.625,0.328,36.672,78.168,41.038,Idle
1.481,0.625,0.328,185.191,78.168,41.038,Idle
-1.332,0.625,0.328,-166.565,78.168,41.038,Idle
-0.129,0.625,0.328,-16.092,78.168,41.038,Idle
1.075,0.625,0.328,134.389,78.168,41.038,Idle
-1.738,0.625,0.328,-217.366,78.168,41.038,Idle
-0.535,0.625,0.328,-66.893,78.168,41.038,Idle
0.668,0.625,0.328,83.588,78.168,41.038,Idle
1.856,0.625,0.328,232.107,78.168,41.038,Idle
-0.957,0.625,0.328,-119.649,78.168,41.038,Idle
0.247,0.625,0.328,30.832,78.168,41.038,Idle
1.434,0.625,0.328,179.351,78.168,41.038,Idle
-1.378,0.625,0.328,-172.405,78.168,41.038,Idle
-0.175,0.625,0.328,-21.931,78.168,41.038,Idle
1.028,0.625,0.328,128.550,78.168,41.038,Idle
-1.785,0.625,0.328,-223.206,78.168,41.038,Idle
-0.582,0.625,0.328,-72.733,78.168,41.038,Idle
0.622,0.625,0.328,77.748,78.168,41.038,Idle
1.809,0.625,0.328,226.267,78.168,41.038,Idle
-1.003,0.625,0.328,-125.489,78.168,41.038,Idle
0.200,0.625,0.328,24.992,78.168,41.038,Idle
1.387,0.625,0.328,173.511,78.168,41.038,Idle
-1.425,0.625,0.328,-178.244,78.168,41.038,Idle
-0.222,0.625,0.328,-27.771,78.168,41.038,Idle
0.981,0.625,0.328,122.710,78.168,41.038,Idle
-1.831,0.625,0.328,-229.046,78.168,41.038,Idle
-0.628,0.625,0.328,-78.573,78.168,41.038,Idle
0.575,0.625,0.328,71.908,78.168,41.038,Idle
1.762,0.625,0.328,220.427,78.168,41.038,Idle
-1.050,0.625,0.328,-131.328,78.168,41.038,Idle
0.153,0.625,0.328,19.153,78.168,41.038,Idle
1.341,0.625,0.328,167.672,78.168,41.038,Idle
-1.472,0.625,0.328,-184.084,78.168,41.038,Idle
-0.269,0.625,0.328,-33.611,78.168,41.038,Idle
0.934,0.625,0.328,116.870,78.168,41.038,Idle
-1.878,0.625,0.328,-234.885,78.168,41.038,Idle
-0.675,0.625,0.328,-84.412,78.168,41.038,Idle
0.528,0.625,0.328,66.069,78.168,41.038,Idle
1.716,0.625,0.328,214.588,78.168,41.038,Idle
-1.097,0.625,0.328,-137.168,78.168,41.038,Idle
0.106,0.625,0.328,13.313,78.168,41.038,Idle
1.294,0.625,0.328,161.832,78.168,41.038,Idle
-1.519,0.625,0.328,-189.924,78.168,41.038,Idle
-0.315,0.625,0.328,-39.450,78.168,41.038,Idle
0.888,0.625,0.328,111.031,78.168,41.038,Idle
-1.925,0.625,0.328,-240.725,78.168,41.038,Idle
-0.722,0.625,0.328,-90.252,78.168,41.038,Idle
0.482,0.625,0.328,60.229,78.168,41.038,Idle
1.669,0.625,0.328,208.748,78.168,41.038,Idle
-1.143,0.625,0.328,-143.008,78.168,41.038,Idle
0.060,0.625,0.328,7.473,78.168,41.038,Idle
1.247,0.625,0.328,155.992,78.168,41.038,Idle
-1.565,0.625,0.328,-195.763,78.168,41.038,Idle
-0.362,0.625,0.328,-45.290,78.168,41.038,Idle
0.841,0.625,0.328,105.191,78.168,41.038,Idle
-1.971,0.625,0.328,-246.565,78.168,41.038,Idle
-0.768,0.625,0.328,-96.092,78.168,41.038,Idle
0.435,0.625,0.328,54.389,78.168,41.038,Idle
1.622,0.625,0.328,202.908,78.168,41.038,Idle
-1.190,0.625,0.328,-148.847,78.168,41.038,Idle
0.013,0.625,0.328,1.634,78.168,41.038,Idle
1.201,0.625,0.328,150.153,78.168,41.038,Idle
-1.612,0.625,0.328,-201.603,78.168,41.038,Idle
-0.409,0.625,0.328,-51.130,78.168,41.038,Idle
0.794,0.625,0.328,99.351,78.168,41.038,Idle
1.982,0.625,0.328,247.870,78.168,41.038,Idle
-0.831,0.625,0.328,-103.885,78.168,41.038,Idle
0.373,0.625,0.328,46.595,78.168,41.038,Idle
1.560,0.625,0.328,195.115,78.168,41.038,Idle
-1.252,0.625,0.328,-156.641,78.168,41.038,Idle
-0.049,0.625,0.328,-6.168,78.168,41.038,Idle
1.138,0.625,0.328,142.359,78.168,41.038,Idle
-1.674,0.625,0.328,-209.397,78.168,41.038,Idle
-0.471,0.625,0.328,-58.924,78.168,41.038,Idle
0.732,0.625,0.328,91.557,78.168,41.038,Idle
1.920,0.625,0.328,240.076,78.168,41.038,Idle
-0.893,0.625,0.328,-111.679,78.168,41.038,Idle
0.310,0.625,0.328,38.802,78.168,41.038,Idle
1.498,0.625,0.328,187.321,78.168,41.038,Idle
-1.315,0.625,0.328,-164.435,78.168,41.038,Idle
-0.112,0.625,0.328,-13.962,78.168,41.038,Idle
1.092,0.625,0.328,136.519,78.168,41.038,Idle
-1.721,0.625,0.328,-215.237,78.168,41.038,Idle
-0.518,0.625,0.328,-64.763,78.168,41.038,Idle
0.685,0.625,0.328,85.718,78.168,41.038,Idle
1.873,0.625,0.328,234.237,78.168,41.038,Idle
-0.940,0.625,0.328,-117.519,78.168,41.038,Idle
0.264,0.625,0.328,32.962,78.168,41.038,Idle
1.451,0.625,0.328,181.481,78.168,41.038,Idle
-1.361,0.625,0.328,-170.275,78.168,41.038,Idle
-0.158,0.625,0.328,-19.802,78.168,41.038,Idle
1.045,0.625,0.328,130.679,78.168,41.038,Idle
-1.768,0.625,0.328,-221.076,78.168,41.038,Idle
-0.565,0.625,0.328,-70.603,78.168,41.038,Idle
0.639,0.625,0.328,79.878,78.168,41.038,Idle
1.826,0.625,0.328,228.397,78.168,41.038,Idle
-0.986,0.625,0.328,-123.359,78.168,41.038,Idle
0.217,0.625,0.328,27.122,78.168,41.038,Idle
1.404,0.625,0.328,175.641,78.168,41.038,Idle
-1.408,0.625,0.328,-176.115,78.168,41.038,Idle
-0.205,0.625,0.328,-25.641,78.168,41.038,Idle
0.998,0.625,0.328,124.840,78.168,41.038,Idle
-1.814,0.625,0.328,-226.916,78.168,41.038,Idle
-0.611,0.625,0.328,-76.443,78.168,41.038,Idle
0.592,0.625,0.328,74.038,78.168,41.038,Idle
1.779,0.625,0.328,222.557,78.168,41.038,Idle
-1.033,0.625,0.328,-129.198,78.168,41.038,Idle
0.170,0.625,0.328,21.282,78.168,41.038,Idle
1.358,0.625,0.328,169.802,78.168,41.038,Idle
-1.455,0.625,0.328,-181.954,78.168,41.038,Idle
-0.252,0.625,0.328,-31.481,78.168,41.038,Idle
0.951,0.625,0.328,119.000,78.168,41.038,Idle
-1.861,0.625,0.328,-232.756,78.168,41.038,Idle
-0.658,0.625,0.328,-82.282,78.168,41.038,Idle
0.545,0.625,0.328,68.198,78.168,41.038,Idle
1.733,0.625,0.328,216.718,78.168,41.038,Idle
-1.080,0.625,0.328,-135.038,78.168,41.038,Idle
0.123,0.625,0.328,15.443,78.168,41.038,Idle
1.311,0.625,0.328,163.962,78.168,41.038,Idle
-1.502,0.625,0.328,-187.794,78.168,41.038,Idle
-0.298,0.625,0.328,-37.321,78.168,41.038,Idle
0.905,0.625,0.328,113.160,78.168,41.038,Idle
-1.908,0.625,0.328,-238.595,78.168,41.038,Idle
-0.705,0.625,0.328,-88.122,78.168,41.038,Idle
0.499,0.625,0.328,62.359,78.168,41.038,Idle
1.686,0.625,0.328,210.878,78.168,41.038,Idle
-1.126,0.625,0.328,-140.878,78.168,41.038,Idle
0.077,0.625,0.328,9.603,78.168,41.038,Idle
1.264,0.625,0.328,158.122,78.168,41.038,Idle
-1.548,0.625,0.328,-193.634,78.168,41.038,Idle
-0.345,0.625,0.328,-43.160,78.168,41.038,Idle
0.858,0.625,0.328,107.321,78.168,41.038,Idle
-1.954,0.625,0.328,-244.435,78.168,41.038,Idle
-0.751,0.625,0.328,-93.962,78.168,41.038,Idle
0.452,0.625,0.328,56.519,78.168,41.038,Idle
1.639,0.625,0.328,205.038,78.168,41.038,Idle
-1.173,0.625,0.328,-146.718,78.168,41.038,Idle
0.030,0.625,0.328,3.763,78.168,41.038,Idle
1.218,0.625,0.328,152.282,78.168,41.038,Idle
-1.595,0.625,0.328,-199.473,78.168,41.038,Idle
-0.392,0.625,0.328,-49.000,78.168,41.038,Idle
0.811,0.625,0.328,101.481,78.168,41.038,Idle
1.999,0.625,0.328,250.000,78.168,41.038,Idle
-0.814,0.625,0.328,-101.756,78.168,41.038,Idle
0.390,0.625,0.328,48.725,78.168,41.038,Idle
1.577,0.625,0.328,197.244,78.168,41.038,Idle
-1.235,0.625,0.328,-154.511,78.168,41.038,Idle
-0.032,0.625,0.328,-4.038,78.168,41.038,Idle
1.155,0.625,0.328,144.489,78.168,41.038,Idle
-1.657,0.625,0.328,-207.267,78.168,41.038,Idle
-0.454,0.625,0.328,-56.794,78.168,41.038,Idle
0.749,0.625,0.328,93.687,78.168,41.038,Idle
1.937,0.625,0.328,242.206,78.168,41.038,Idle
-0.876,0.625,0.328,-109.550,78.168,41.038,Idle
0.327,0.625,0.328,40.931,78.168,41.038,Idle
1.515,0.625,0.328,189.450,78.168,41.038,Idle
-1.298,0.625,0.328,-162.305,78.168,41.038,Idle
-0.095,0.625,0.328,-11.832,78.168,41.038,Idle
1.109,0.625,0.328,138.649,78.168,41.038,Idle
-1.704,0.625,0.328,-213.107,78.168,41.038,Idle
-0.501,0.625,0.328,-62.634,78.168,41.038,Idle
0.702,0.625,0.328,87.847,78.168,41.038,Idle
1.890,0.625,0.328,236.366,78.168,41.038,Idle
-0.923,0.625,0.328,-115.389,78.168,41.038,Idle
0.281,0.625,0.328,35.092,78.168,41.038,Idle
1.468,0.625,0.328,183.611,78.168,41.038,Idle
-1.344,0.625,0.328,-168.145,78.168,41.038,Idle
-0.141,0.625,0.328,-17.672,78.168,41.038,Idle
1.062,0.625,0.328,132.809,78.168,41.038,Idle
-1.751,0.625,0.328,-218.947,78.168,41.038,Idle
-0.547,0.625,0.328,-68.473,78.168,41.038,Idle
0.656,0.625,0.328,82.008,78.168,41.038,Idle
1.843,0.625,0.328,230.527,78.168,41.038,Idle
-0.969,0.625,0.328,-121.229,78.168,41.038,Idle
0.234,0.625,0.328,29.252,78.168,41.038,Idle
1.421,0.625,0.328,177.771,78.168,41.038,Idle
-1.391,0.625,0.328,-173.985,78.168,41.038,Idle
-0.188,0.625,0.328,-23.511,78.168,41.038,Idle
1.015,0.625,0.328,126.969,78.168,41.038,Idle
-1.797,0.625,0.328,-224.786,78.168,41.038,Idle
-0.594,0.625,0.328,-74.313,78.168,41.038,Idle
0.609,0.625,0.328,76.168,78.168,41.038,Idle
1.797,0.625,0.328,224.687,78.168,41.038,Idle
-1.016,0.625,0.328,-127.069,78.168,41.038,Idle
0.187,0.625,0.328,23.412,78.168,41.038,Idle
1.375,0.625,0.328,171.931,78.168,41.038,Idle
-1.438,0.625,0.328,-179.824,78.168,41.038,Idle
-0.235,0.625,0.328,-29.351,78.168,41.038,Idle
0.969,0.625,0.328,121.130,78.168,41.038,Idle
-1.844,0.625,0.328,-230.626,78.168,41.038,Idle
-0.641,0.625,0.328,-80.153,78.168,41.038,Idle
0.562,0.625,0.328,70.328,78.168,41.038,Idle
1.750,0.625,0.328,218.847,78.168,41.038,Idle
-1.063,0.625,0.328,-132.908,78.168,41.038,Idle
0.141,0.625,0.328,17.573,78.168,41.038,Idle
1.328,0.625,0.328,166.092,78.168,41.038,Idle
-1.484,0.625,0.328,-185.664,78.168,41.038,Idle
-0.281,0.625,0.328,-35.191,78.168,41.038,Idle
0.922,0.625,0.328,115.290,78.168,41.038,Idle
-1.891,0.625,0.328,-236.466,78.168,41.038,Idle
-0.688,0.625,0.328,-85.992,78.168,41.038,Idle
0.500,0.641,0.328,62.534,80.122,41.038,Idle
1.688,0.641,0.328,211.053,80.122,41.038,Idle
-1.125,0.641,0.328,-140.702,80.122,41.038,Idle
0.078,0.641,0.328,9.779,80.122,41.038,Idle
1.266,0.641,0.328,158.298,80.122,41.038,Idle
-1.547,0.641,0.328,-193.458,80.122,41.038,Idle
-0.344,0.641,0.328,-42.985,80.122,41.038,Idle
0.859,0.641,0.328,107.496,80.122,41.038,Idle
-1.953,0.641,0.328,-244.260,80.122,41.038,Idle
-0.750,0.641,0.328,-93.786,80.122,41.038,Idle
0.453,0.641,0.328,56.695,80.122,41.038,Idle
1.641,0.641,0.328,205.214,80.122,41.038,Idle
-1.172,0.641,0.328,-146.542,80.122,41.038,Idle
0.031,0.641,0.328,3.939,80.122,41.038,Idle
1.219,0.641,0.328,152.458,80.122,41.038,Idle
-1.594,0.641,0.328,-199.298,80.122,41.038,Idle
-0.390,0.641,0.328,-48.824,80.122,41.038,Idle
0.813,0.641,0.328,101.656,80.122,41.038,Idle
-2.000,0.641,0.328,-250.099,80.122,41.038,Idle
-0.797,0.641,0.328,-99.626,80.122,41.038,Idle
0.407,0.641,0.328,50.855,80.122,41.038,Idle
1.594,0.641,0.328,199.374,80.122,41.038,Idle
-1.218,0.641,0.328,-152.382,80.122,41.038,Idle
-0.015,0.641,0.328,-1.908,80.122,41.038,Idle
1.172,0.641,0.328,146.618,80.122,41.038,Idle
-1.640,0.641,0.328,-205.137,80.122,41.038,Idle
-0.437,0.641,0.328,-54.664,80.122,41.038,Idle
0.766,0.641,0.328,95.817,80.122,41.038,Idle
1.954,0.641,0.328,244.336,80.122,41.038,Idle
-0.859,0.641,0.328,-107.420,80.122,41.038,Idle
0.344,0.641,0.328,43.061,80.122,41.038,Idle
1.532,0.641,0.328,191.580,80.122,41.038,Idle
-1.281,0.641,0.328,-160.176,80.122,41.038,Idle
-0.078,0.641,0.328,-9.702,80.122,41.038,Idle
1.110,0.641,0.328,138.824,80.122,41.038,Idle
-1.703,0.641,0.328,-212.931,80.122,41.038,Idle
-0.499,0.641,0.328,-62.458,80.122,41.038,Idle
0.704,0.641,0.328,88.023,80.122,41.038,Idle
1.891,0.641,0.328,236.542,80.122,41.038,Idle
-0.921,0.641,0.328,-115.214,80.122,41.038,Idle
0.282,0.641,0.328,35.267,80.122,41.038,Idle
1.469,0.641,0.328,183.786,80.122,41.038,Idle
-1.343,0.641,0.328,-167.969,80.122,41.038,Idle
-0.140,0.641,0.328,-17.496,80.122,41.038,Idle
1.063,0.641,0.328,132.985,80.122,41.038,Idle
-1.749,0.641,0.328,-218.771,80.122,41.038,Idle
-0.546,0.641,0.328,-68.298,80.122,41.038,Idle
0.657,0.641,0.328,82.183,80.122,41.038,Idle
1.845,0.641,0.328,230.702,80.122,41.038,Idle
-0.968,0.641,0.328,-121.053,80.122,41.038,Idle
0.235,0.641,0.328,29.427,80.122,41.038,Idle
1.423,0.641,0.328,177.947,80.122,41.038,Idle
-1.390,0.641,0.328,-173.809,80.122,41.038,Idle
-0.187,0.641,0.328,-23.336,80.122,41.038,Idle
1.017,0.641,0.328,127.145,80.122,41.038,Idle
-1.796,0.641,0.328,-224.611,80.122,41.038,Idle
-0.593,0.641,0.328,-74.137,80.122,41.038,Idle
0.610,0.641,0.328,76.344,80.122,41.038,Idle
1.798,0.641,0.328,224.863,80.122,41.038,Idle
-1.015,0.641,0.328,-126.893,80.122,41.038,Idle
0.189,0.641,0.328,23.588,80.122,41.038,Idle
1.376,0.641,0.328,172.107,80.122,41.038,Idle
-1.436,0.641,0.328,-179.649,80.122,41.038,Idle
-0.233,0.641,0.328,-29.176,80.122,41.038,Idle
0.970,0.641,0.328,121.305,80.122,41.038,Idle
-1.843,0.641,0.328,-230.450,80.122,41.038,Idle
-0.639,0.641,0.328,-79.977,80.122,41.038,Idle
0.564,0.641,0.328,70.504,80.122,41.038,Idle
1.751,0.641,0.328,219.023,80.122,41.038,Idle
-1.061,0.641,0.328,-132.733,80.122,41.038,Idle
0.142,0.641,0.328,17.748,80.122,41.038,Idle
1.329,0.641,0.328,166.267,80.122,41.038,Idle
-1.483,0.641,0.328,-185.489,80.122,41.038,Idle
-0.280,0.641,0.328,-35.015,80.122,41.038,Idle
0.923,0.641,0.328,115.466,80.122,41.038,Idle
-1.889,0.641,0.328,-236.290,80.122,41.038,Idle
-0.686,0.641,0.328,-85.817,80.122,41.038,Idle
0.517,0.641,0.328,64.664,80.122,41.038,Idle
1.705,0.641,0.328,213.183,80.122,41.038,Idle
-1.108,0.641,0.328,-138.573,80.122,41.038,Idle
0.095,0.641,0.328,11.908,80.122,41.038,Idle
1.283,0.641,0.328,160.427,80.122,41.038,Idle
-1.530,0.641,0.328,-191.328,80.122,41.038,Idle
-0.327,0.641,0.328,-40.855,80.122,41.038,Idle
0.877,0.641,0.328,109.626,80.122,41.038,Idle
-1.936,0.641,0.328,-242.130,80.122,41.038,Idle
-0.733,0.641,0.328,-91.656,80.122,41.038,Idle
0.470,0.641,0.328,58.824,80.122,41.038,Idle
1.658,0.641,0.328,207.344,80.122,41.038,Idle
-1.155,0.641,0.328,-144.412,80.122,41.038,Idle
0.049,0.641,0.328,6.069,80.122,41.038,Idle
1.236,0.641,0.328,154.588,80.122,41.038,Idle
-1.576,0.641,0.328,-197.168,80.122,41.038,Idle
-0.373,0.641,0.328,-46.695,80.122,41.038,Idle
0.830,0.641,0.328,103.786,80.122,41.038,Idle
-1.983,0.641,0.328,-247.969,80.122,41.038,Idle
-0.780,0.641,0.328,-97.496,80.122,41.038,Idle
0.424,0.641,0.328,52.985,80.122,41.038,Idle
1.611,0.641,0.328,201.504,80.122,41.038,Idle
-1.201,0.641,0.328,-150.252,80.122,41.038,Idle
0.002,0.641,0.328,0.229,80.122,41.038,Idle
1.189,0.641,0.328,148.748,80.122,41.038,Idle
-1.623,0.641,0.328,-203.008,80.122,41.038,Idle
-0.420,0.641,0.328,-52.534,80.122,41.038,Idle
0.783,0.641,0.328,97.947,80.122,41.038,Idle
1.971,0.641,0.328,246.466,80.122,41.038,Idle
-0.842,0.641,0.328,-105.290,80.122,41.038,Idle
0.361,0.641,0.328,45.191,80.122,41.038,Idle
1.549,0.641,0.328,193.710,80.122,41.038,Idle
-1.264,0.641,0.328,-158.046,80.122,41.038,Idle
-0.061,0.641,0.328,-7.573,80.122,41.038,Idle
1.127,0.641,0.328,140.954,80.122,41.038,Idle
-1.685,0.641,0.328,-210.802,80.122,41.038,Idle
-0.482,0.641,0.328,-60.328,80.122,41.038,Idle
0.721,0.641,0.328,90.153,80.122,41.038,Idle
1.908,0.641,0.328,238.672,80.122,41.038,Idle
-0.904,0.641,0.328,-113.084,80.122,41.038,Idle
0.299,0.641,0.328,37.397,80.122,41.038,Idle
1.487,0.641,0.328,185.916,80.122,41.038,Idle
-1.326,0.641,0.328,-165.840,80.122,41.038,Idle
-0.123,0.641,0.328,-15.366,80.122,41.038,Idle
1.080,0.641,0.328,135.115,80.122,41.038,Idle
-1.732,0.641,0.328,-216.641,80.122,41.038,Idle
-0.529,0.641,0.328,-66.168,80.122,41.038,Idle
0.674,0.641,0.328,84.313,80.122,41.038,Idle
1.862,0.641,0.328,232.832,80.122,41.038,Idle
-0.951,0.641,0.328,-118.924,80.122,41.038,Idle
0.252,0.641,0.328,31.557,80.122,41.038,Idle
1.440,0.641,0.328,180.076,80.122,41.038,Idle
-1.373,0.641,0.328,-171.679,80.122,41.038,Idle
-0.170,0.641,0.328,-21.206,80.122,41.038,Idle
1.034,0.641,0.328,129.275,80.122,41.038,Idle
-1.779,0.641,0.328,-222.481,80.122,41.038,Idle
-0.576,0.641,0.328,-72.008,80.122,41.038,Idle
0.627,0.641,0.328,78.473,80.122,41.038,Idle
1.815,0.641,0.328,226.992,80.122,41.038,Idle
-0.998,0.641,0.328,-124.763,80.122,41.038,Idle
0.206,0.641,0.328,25.718,80.122,41.038,Idle
1.393,0.641,0.328,174.237,80.122,41.038,Idle
-1.419,0.641,0.328,-177.519,80.122,41.038,Idle
-0.216,0.641,0.328,-27.046,80.122,41.038,Idle
0.987,0.641,0.328,123.435,80.122,41.038,Idle
-1.826,0.641,0.328,-228.321,80.122,41.038,Idle
-0.622,0.641,0.328,-77.847,80.122,41.038,Idle
0.581,0.641,0.328,72.634,80.122,41.038,Idle
1.768,0.641,0.328,221.153,80.122,41.038,Idle
-1.044,0.641,0.328,-130.603,80.122,41.038,Idle
0.159,0.641,0.328,19.878,80.122,41.038,Idle
1.346,0.641,0.328,168.397,80.122,41.038,Idle
-1.466,0.641,0.328,-183.359,80.122,41.038,Idle
-0.263,0.641,0.328,-32.885,80.122,41.038,Idle
0.940,0.641,0.328,117.595,80.122,41.038,Idle
-1.872,0.641,0.328,-234.160,80.122,41.038,Idle
-0.669,0.641,0.328,-83.687,80.122,41.038,Idle
0.534,0.641,0.328,66.794,80.122,41.038,Idle
1.722,0.641,0.328,215.313,80.122,41.038,Idle
-1.091,0.641,0.328,-136.443,80.122,41.038,Idle
0.112,0.641,0.328,14.038,80.122,41.038,Idle
1.300,0.641,0.328,162.557,80.122,41.038,Idle
-1.513,0.641,0.328,-189.198,80.122,41.038,Idle
-0.310,0.641,0.328,-38.725,80.122,41.038,Idle
0.894,0.641,0.328,111.756,80.122,41.038,Idle
-1.919,0.641,0.328,-240.000,80.122,41.038,Idle
-0.716,0.641,0.328,-89.527,80.122,41.038,Idle
0.487,0.641,0.328,60.954,80.122,41.038,Idle
1.675,0.641,0.328,209.473,80.122,41.038,Idle
-1.138,0.641,0.328,-142.282,80.122,41.038,Idle
0.066,0.641,0.328,8.198,80.122,41.038,Idle
1.253,0.641,0.328,156.718,80.122,41.038,Idle
-1.559,0.641,0.328,-195.038,80.122,41.038,Idle
-0.356,0.641,0.328,-44.565,80.122,41.038,Idle
0.847,0.641,0.328,105.916,80.122,41.038,Idle
-1.966,0.641,0.328,-245.840,80.122,41.038,Idle
-0.763,0.641,0.328,-95.366,80.122,41.038,Idle
0.441,0.641,0.328,55.115,80.122,41.038,Idle
1.628,0.641,0.328,203.634,80.122,41.038,Idle
-1.184,0.641,0.328,-148.122,80.122,41.038,Idle
0.019,0.641,0.328,2.359,80.122,41.038,Idle
1.206,0.641,0.328,150.878,80.122,41.038,Idle
-1.606,0.641,0.328,-200.878,80.122,41.038,Idle
-0.403,0.641,0.328,-50.405,80.122,41.038,Idle
0.800,0.641,0.328,100.076,80.122,41.038,Idle
1.988,0.641,0.328,248.595,80.122,41.038,Idle
-0.825,0.641,0.328,-103.160,80.122,41.038,Idle
0.378,0.641,0.328,47.321,80.122,41.038,Idle
1.566,0.641,0.328,195.840,80.122,41.038,Idle
-1.247,0.641,0.328,-155.916,80.122,41.038,Idle
-0.044,0.641,0.328,-5.443,80.122,41.038,Idle
1.144,0.641,0.328,143.084,80.122,41.038,Idle
-1.668,0.641,0.328,-208.672,80.122,41.038,Idle
-0.465,0.641,0.328,-58.198,80.122,41.038,Idle
0.738,0.641,0.328,92.282,80.122,41.038,Idle
1.925,0.641,0.328,240.802,80.122,41.038,Idle
-0.887,0.641,0.328,-110.954,80.122,41.038,Idle
0.316,0.641,0.328,39.527,80.122,41.038,Idle
1.504,0.641,0.328,188.046,80.122,41.038,Idle
-1.309,0.641,0.328,-163.710,80.122,41.038,Idle
-0.106,0.641,0.328,-13.237,80.122,41.038,Idle
1.097,0.641,0.328,137.244,80.122,41.038,Idle
-1.715,0.641,0.328,-214.511,80.122,41.038,Idle
-0.512,0.641,0.328,-64.038,80.122,41.038,Idle
0.691,0.641,0.328,86.443,80.122,41.038,Idle
1.879,0.641,0.328,234.962,80.122,41.038,Idle
-0.934,0.641,0.328,-116.794,80.122,41.038,Idle
0.269,0.641,0.328,33.687,80.122,41.038,Idle
1.457,0.641,0.328,182.206,80.122,41.038,Idle
-1.356,0.641,0.328,-169.550,80.122,41.038,Idle
-0.153,0.641,0.328,-19.076,80.122,41.038,Idle
1.051,0.641,0.328,131.405,80.122,41.038,Idle
-1.762,0.641,0.328,-220.351,80.122,41.038,Idle
-0.559,0.641,0.328,-69.878,80.122,41.038,Idle
0.644,0.641,0.328,80.603,80.122,41.038,Idle
1.832,0.641,0.328,229.122,80.122,41.038,Idle
-0.981,0.641,0.328,-122.634,80.122,41.038,Idle
0.223,0.641,0.328,27.847,80.122,41.038,Idle
1.410,0.641,0.328,176.366,80.122,41.038,Idle
-1.402,0.641,0.328,-175.389,80.122,41.038,Idle
-0.199,0.641,0.328,-24.916,80.122,41.038,Idle
1.004,0.641,0.328,125.565,80.122,41.038,Idle
-1.809,0.641,0.328,-226.191,80.122,41.038,Idle
-0.605,0.641,0.328,-75.718,80.122,41.038,Idle
0.598,0.641,0.328,74.763,80.122,41.038,Idle
1.785,0.641,0.328,223.282,80.122,41.038,Idle
-1.027,0.641,0.328,-128.473,80.122,41.038,Idle
0.176,0.641,0.328,22.008,80.122,41.038,Idle
1.363,0.641,0.328,170.527,80.122,41.038,Idle
-1.449,0.641,0.328,-181.229,80.122,41.038,Idle
-0.246,0.641,0.328,-30.756,80.122,41.038,Idle
0.957,0.641,0.328,119.725,80.122,41.038,Idle
-1.855,0.641,0.328,-232.031,80.122,41.038,Idle
-0.652,0.641,0.328,-81.557,80.122,41.038,Idle
0.551,0.641,0.328,68.924,80.122,41.038,Idle
1.739,0.641,0.328,217.443,80.122,41.038,Idle
-1.074,0.641,0.328,-134.313,80.122,41.038,Idle
0.129,0.641,0.328,16.168,80.122,41.038,Idle
1.317,0.641,0.328,164.687,80.122,41.038,Idle
-1.496,0.641,0.328,-187.069,80.122,41.038,Idle
-0.293,0.641,0.328,-36.595,80.122,41.038,Idle
0.911,0.641,0.328,113.885,80.122,41.038,Idle
-1.902,0.641,0.328,-237.870,80.122,41.038,Idle
-0.699,0.641,0.328,-87.397,80.122,41.038,Idle
0.504,0.641,0.328,63.084,80.122,41.038,Idle
1.692,0.641,0.328,211.603,80.122,41.038,Idle
-1.121,0.641,0.328,-140.153,80.122,41.038,Idle
0.083,0.641,0.328,10.328,80.122,41.038,Idle
1.270,0.641,0.328,158.847,80.122,41.038,Idle
-1.542,0.641,0.328,-192.908,80.122,41.038,Idle
-0.339,0.641,0.328,-42.435,80.122,41.038,Idle
0.864,0.641,0.328,108.046,80.122,41.038,Idle
-1.949,0.641,0.328,-243.710,80.122,41.038,Idle
-0.745,0.641,0.328,-93.237,80.122,41.038,Idle
0.458,0.641,0.328,57.244,80.122,41.038,Idle
1.645,0.641,0.328,205.763,80.122,41.038,Idle
-1.167,0.641,0.328,-145.992,80.122,41.038,Idle
0.036,0.641,0.328,4.489,80.122,41.038,Idle
1.223,0.641,0.328,153.008,80.122,41.038,Idle
-1.589,0.641,0.328,-198.748,80.122,41.038,Idle
-0.386,0.641,0.328,-48.275,80.122,41.038,Idle
0.817,0.641,0.328,102.206,80.122,41.038,Idle
-1.995,0.641,0.328,-249.550,80.122,41.038,Idle
-0.792,0.641,0.328,-99.076,80.122,41.038,Idle
0.411,0.641,0.328,51.405,80.122,41.038,Idle
1.599,0.641,0.328,199.924,80.122,41.038,Idle
-1.214,0.641,0.328,-151.832,80.122,41.038,Idle
-0.011,0.641,0.328,-1.359,80.122,41.038,Idle
1.177,0.641,0.328,147.168,80.122,41.038,Idle
-1.636,0.641,0.328,-204.588,80.122,41.038,Idle
-0.433,0.641,0.328,-54.115,80.122,41.038,Idle
0.771,0.641,0.328,96.366,80.122,41.038,Idle
1.958,0.641,0.328,244.885,80.122,41.038,Idle
-0.854,0.641,0.328,-106.870,80.122,41.038,Idle
0.349,0.641,0.328,43.611,80.122,41.038,Idle
1.536,0.641,0.328,192.130,80.122,41.038,Idle
-1.276,0.641,0.328,-159.626,80.122,41.038,Idle
-0.073,0.641,0.328,-9.153,80.122,41.038,Idle
1.114,0.641,0.328,139.374,80.122,41.038,Idle
-1.698,0.641,0.328,-212.382,80.122,41.038,Idle
-0.495,0.641,0.328,-61.908,80.122,41.038,Idle
0.708,0.641,0.328,88.573,80.122,41.038,Idle
1.896,0.641,0.328,237.092,80.122,41.038,Idle
-0.917,0.641,0.328,-114.664,80.122,41.038,Idle
0.286,0.641,0.328,35.817,80.122,41.038,Idle
1.474,0.641,0.328,184.336,80.122,41.038,Idle
-1.339,0.641,0.328,-167.420,80.122,41.038,Idle
-0.135,0.641,0.328,-16.947,80.122,41.038,Idle
1.068,0.641,0.328,133.534,80.122,41.038,Idle
-1.745,0.641,0.328,-218.221,80.122,41.038,Idle
-0.542,0.641,0.328,-67.748,80.122,41.038,Idle
0.661,0.641,0.328,82.733,80.122,41.038,Idle
1.849,0.641,0.328,231.252,80.122,41.038,Idle
-0.964,0.641,0.328,-120.504,80.122,41.038,Idle
0.240,0.641,0.328,29.977,80.122,41.038,Idle
1.427,0.641,0.328,178.496,80.122,41.038,Idle
-1.385,0.641,0.328,-173.260,80.122,41.038,Idle
-0.182,0.641,0.328,-22.786,80.122,41.038,Idle
1.021,0.641,0.328,127.695,80.122,41.038,Idle
-1.792,0.641,0.328,-224.061,80.122,41.038,Idle
-0.588,0.641,0.328,-73.588,80.122,41.038,Idle
0.615,0.641,0.328,76.893,80.122,41.038,Idle
1.802,0.641,0.328,225.412,80.122,41.038,Idle
-1.010,0.641,0.328,-126.344,80.122,41.038,Idle
0.193,0.641,0.328,24.137,80.122,41.038,Idle
1.380,0.641,0.328,172.656,80.122,41.038,Idle
-1.432,0.641,0.328,-179.099,80.122,41.038,Idle
-0.229,0.641,0.328,-28.626,80.122,41.038,Idle
0.974,0.641,0.328,121.855,80.122,41.038,Idle
-1.838,0.641,0.328,-229.901,80.122,41.038,Idle
-0.635,0.641,0.328,-79.427,80.122,41.038,Idle
0.568,0.641,0.328,71.053,80.122,41.038,Idle
1.756,0.641,0.328,219.573,80.122,41.038,Idle
-1.057,0.641,0.328,-132.183,80.122,41.038,Idle
0.146,0.641,0.328,18.298,80.122,41.038,Idle
1.334,0.641,0.328,166.817,80.122,41.038,Idle
-1.479,0.641,0.328,-184.939,80.122,41.038,Idle
-0.276,0.641,0.328,-34.466,80.122,41.038,Idle
0.928,0.641,0.328,116.015,80.122,41.038,Idle
-1.885,0.641,0.328,-235.740,80.122,41.038,Idle
-0.682,0.641,0.328,-85.267,80.122,41.038,Idle
0.521,0.641,0.328,65.214,80.122,41.038,Idle
1.709,0.641,0.328,213.733,80.122,41.038,Idle
-1.104,0.641,0.328,-138.023,80.122,41.038,Idle
0.100,0.641,0.328,12.458,80.122,41.038,Idle
1.287,0.641,0.328,160.977,80.122,41.038,Idle
-1.525,0.641,0.328,-190.779,80.122,41.038,Idle
-0.322,0.641,0.328,-40.305,80.122,41.038,Idle
0.881,0.641,0.328,110.176,80.122,41.038,Idle
-1.932,0.641,0.328,-241.580,80.122,41.038,Idle
-0.728,0.641,0.328,-91.107,80.122,41.038,Idle
0.475,0.641,0.328,59.374,80.122,41.038,Idle
1.662,0.641,0.328,207.893,80.122,41.038,Idle
-1.150,0.641,0.328,-143.863,80.122,41.038,Idle
0.053,0.641,0.328,6.618,80.122,41.038,Idle
1.240,0.641,0.328,155.137,80.122,41.038,Idle
-1.572,0.641,0.328,-196.618,80.122,41.038,Idle
-0.369,0.641,0.328,-46.145,80.122,41.038,Idle
0.834,0.641,0.328,104.336,80.122,41.038,Idle
-1.978,0.641,0.328,-247.420,80.122,41.038,Idle
-0.775,0.641,0.328,-96.947,80.122,41.038,Idle
0.428,0.641,0.328,53.534,80.122,41.038,Idle
1.616,0.641,0.328,202.053,80.122,41.038,Idle
-1.197,0.641,0.328,-149.702,80.122,41.038,Idle
0.006,0.641,0.328,0.779,80.122,41.038,Idle
1.194,0.641,0.328,149.298,80.122,41.038,Idle
-1.619,0.641,0.328,-202.458,80.122,41.038,Idle
-0.416,0.641,0.328,-51.985,80.122,41.038,Idle
0.788,0.641,0.328,98.496,80.122,41.038,Idle
1.975,0.641,0.328,247.015,80.122,41.038,Idle
-0.837,0.641,0.328,-104.740,80.122,41.038,Idle
0.366,0.641,0.328,45.740,80.122,41.038,Idle
1.553,0.641,0.328,194.260,80.122,41.038,Idle
-1.259,0.641,0.328,-157.496,80.122,41.038,Idle
-0.056,0.641,0.328,-7.023,80.122,41.038,Idle
1.131,0.641,0.328,141.504,80.122,41.038,Idle
-1.681,0.641,0.328,-210.252,80.122,41.038,Idle
-0.478,0.641,0.328,-59.779,80.122,41.038,Idle
0.725,0.641,0.328,90.702,80.122,41.038,Idle
1.913,0.641,0.328,239.221,80.122,41.038,Idle
-0.900,0.641,0.328,-112.534,80.122,41.038,Idle
0.303,0.641,0.328,37.947,80.122,41.038,Idle
1.491,0.641,0.328,186.466,80.122,41.038,Idle
-1.322,0.641,0.328,-165.290,80.122,41.038,Idle
-0.118,0.641,0.328,-14.817,80.122,41.038,Idle
1.085,0.641,0.328,135.664,80.122,41.038,Idle
-1.728,0.641,0.328,-216.092,80.122,41.038,Idle
-0.525,0.641,0.328,-65.618,80.122,41.038,Idle
0.679,0.641,0.328,84.863,80.122,41.038,Idle
1.866,0.641,0.328,233.382,80.122,41.038,Idle
-0.946,0.641,0.328,-118.374,80.122,41.038,Idle
0.257,0.641,0.328,32.107,80.122,41.038,Idle
1.444,0.641,0.328,180.626,80.122,41.038,Idle
-1.368,0.641,0.328,-171.130,80.122,41.038,Idle
-0.165,0.641,0.328,-20.656,80.122,41.038,Idle
1.038,0.641,0.328,129.824,80.122,41.038,Idle
-1.774,0.641,0.328,-221.931,80.122,41.038,Idle
-0.571,0.641,0.328,-71.458,80.122,41.038,Idle
0.632,0.641,0.328,79.023,80.122,41.038,Idle
1.819,0.641,0.328,227.542,80.122,41.038,Idle
-0.993,0.641,0.328,-124.214,80.122,41.038,Idle
0.210,0.641,0.328,26.267,80.122,41.038,Idle
1.398,0.641,0.328,174.786,80.122,41.038,Idle
-1.415,0.641,0.328,-176.969,80.122,41.038,Idle
-0.212,0.641,0.328,-26.496,80.122,41.038,Idle
0.991,0.641,0.328,123.985,80.122,41.038,Idle
-1.821,0.641,0.328,-227.771,80.122,41.038,Idle
-0.618,0.641,0.328,-77.298,80.122,41.038,Idle
0.585,0.641,0.328,73.183,80.122,41.038,Idle
1.773,0.641,0.328,221.702,80.122,41.038,Idle
-1.040,0.641,0.328,-130.053,80.122,41.038,Idle
0.163,0.641,0.328,20.427,80.122,41.038,Idle
1.351,0.641,0.328,168.947,80.122,41.038,Idle
-1.462,0.641,0.328,-182.809,80.122,41.038,Idle
-0.259,0.641,0.328,-32.336,80.122,41.038,Idle
0.945,0.641,0.328,118.145,80.122,41.038,Idle
-1.868,0.641,0.328,-233.611,80.122,41.038,Idle
-0.665,0.641,0.328,-83.137,80.122,41.038,Idle
0.538,0.641,0.328,67.344,80.122,41.038,Idle
1.726,0.641,0.328,215.863,80.122,41.038,Idle
